support,itemsets,support_count,itemset_str
0.6337522011523856,frozenset({'mode_1'}),52905,mode_1
0.5000539057727093,frozenset({'instrumentalness_low'}),41744,instrumentalness_low
0.3662477988476144,frozenset({'mode_0'}),30574,mode_0
0.3347788066459828,"frozenset({'instrumentalness_low', 'mode_1'})",27947,instrumentalness_low|mode_1
0.31480971262233615,frozenset({'key_very_low'}),26280,key_very_low
0.25168006324944,frozenset({'liveness_low'}),21010,liveness_low
0.2516321470070317,frozenset({'danceability_very_low'}),21006,danceability_very_low
0.2513805867343883,frozenset({'energy_high'}),20985,energy_high
0.2507217384012746,frozenset({'valence_very_low'}),20930,valence_very_low
0.25050611531043737,frozenset({'energy_very_low'}),20912,energy_very_low
0.2504581990680291,frozenset({'acousticness_very_low'}),20908,acousticness_very_low
0.2504342409468249,frozenset({'speechiness_very_low'}),20906,speechiness_very_low
0.2504222618862229,frozenset({'danceability_high'}),20905,danceability_high
0.25039830376501876,frozenset({'liveness_very_low'}),20903,liveness_very_low
0.250266534098396,frozenset({'acousticness_low'}),20892,acousticness_low
0.2501467434923753,frozenset({'instrumentalness_medium'}),20882,instrumentalness_medium
0.2501227853711712,frozenset({'valence_low'}),20880,valence_low
0.2501227853711712,frozenset({'loudness_low'}),20880,loudness_low
0.2500149738257526,frozenset({'tempo_very_low'}),20871,tempo_very_low
0.25000299476515053,frozenset({'duration_ms_very_high'}),20870,duration_ms_very_high
0.25000299476515053,frozenset({'duration_ms_very_low'}),20870,duration_ms_very_low
0.25000299476515053,frozenset({'tempo_high'}),20870,tempo_high
0.25000299476515053,frozenset({'loudness_very_low'}),20870,loudness_very_low
0.25000299476515053,frozenset({'duration_ms_low'}),20870,duration_ms_low
0.24999101570454846,frozenset({'duration_ms_high'}),20869,duration_ms_high
0.24999101570454846,frozenset({'tempo_low'}),20869,tempo_low
0.24999101570454846,frozenset({'tempo_very_high'}),20869,tempo_very_high
0.2499670575833443,frozenset({'speechiness_high'}),20867,speechiness_high
0.2499430994621402,frozenset({'loudness_very_high'}),20865,loudness_very_high
0.24993112040153811,frozenset({'loudness_high'}),20864,loudness_high
0.24991914134093604,frozenset({'speechiness_very_high'}),20863,speechiness_very_high
0.24983528791672158,frozenset({'valence_very_high'}),20856,valence_very_high
0.24979935073491535,frozenset({'instrumentalness_high'}),20853,instrumentalness_high
0.24975143449250709,frozenset({'acousticness_very_high'}),20849,acousticness_very_high
0.2496795601288947,frozenset({'speechiness_low'}),20843,speechiness_low
0.2496795601288947,frozenset({'liveness_very_high'}),20843,liveness_very_high
0.2495238323410678,frozenset({'acousticness_high'}),20830,acousticness_high
0.24951185328046574,frozenset({'energy_low'}),20829,energy_low
0.249380083613843,frozenset({'danceability_very_high'}),20818,danceability_very_high
0.24932018831083266,frozenset({'valence_high'}),20813,valence_high
0.2486014446747086,frozenset({'energy_very_high'}),20753,energy_very_high
0.2485655074929024,frozenset({'danceability_low'}),20750,danceability_low
0.2482420728566466,frozenset({'liveness_high'}),20723,liveness_high
0.2474514548569101,frozenset({'key_high'}),20657,key_high
0.2456426167059979,frozenset({'key_very_high'}),20506,key_very_high
0.23384324201296133,"frozenset({'mode_1', 'key_very_low'})",19521,key_very_low|mode_1
0.1920962158147558,frozenset({'key_low'}),16036,key_low
0.17972184621282,"frozenset({'speechiness_very_low', 'mode_1'})",15003,mode_1|speechiness_very_low
0.17769738497107057,"frozenset({'loudness_very_low', 'energy_very_low'})",14834,energy_very_low|loudness_very_low
0.17666718575929274,"frozenset({'energy_very_low', 'acousticness_very_high'})",14748,acousticness_very_high|energy_very_low
0.17489428479018676,"frozenset({'acousticness_very_high', 'mode_1'})",14600,acousticness_very_high|mode_1
0.17381616933600066,"frozenset({'energy_very_low', 'mode_1'})",14510,energy_very_low|mode_1
0.16980318403430802,"frozenset({'mode_1', 'key_high'})",14175,key_high|mode_1
0.1667485235807808,"frozenset({'danceability_very_low', 'mode_1'})",13920,danceability_very_low|mode_1
0.16632925645970842,"frozenset({'duration_ms_very_low', 'mode_1'})",13885,duration_ms_very_low|mode_1
0.1658620730962278,"frozenset({'instrumentalness_low', 'acousticness_high'})",13846,acousticness_high|instrumentalness_low
0.16527509912672647,"frozenset({'instrumentalness_low', 'mode_0'})",13797,instrumentalness_low|mode_0
0.16527509912672647,"frozenset({'loudness_very_low', 'mode_1'})",13797,loudness_very_low|mode_1
0.16430479521795902,"frozenset({'danceability_low', 'mode_1'})",13716,danceability_low|mode_1
0.16291522418811916,"frozenset({'valence_very_high', 'mode_1'})",13600,mode_1|valence_very_high
0.16204075276416824,"frozenset({'liveness_low', 'mode_1'})",13527,liveness_low|mode_1
0.1610944069766049,"frozenset({'tempo_very_low', 'mode_1'})",13448,mode_1|tempo_very_low
0.16077097234034907,"frozenset({'tempo_very_high', 'mode_1'})",13421,mode_1|tempo_very_high
0.16014806118904157,"frozenset({'liveness_very_high', 'mode_1'})",13369,liveness_very_high|mode_1
0.15966889876495885,"frozenset({'valence_low', 'mode_1'})",13329,mode_1|valence_low
0.1595011919165299,"frozenset({'instrumentalness_low', 'key_very_low'})",13315,instrumentalness_low|key_very_low
0.15924963164388647,"frozenset({'loudness_low', 'mode_1'})",13294,loudness_low|mode_1
0.15872255297739551,"frozenset({'mode_1', 'acousticness_high'})",13250,acousticness_high|mode_1
0.15855484612896656,"frozenset({'mode_1', 'duration_ms_high'})",13236,duration_ms_high|mode_1
0.15833922303812936,"frozenset({'danceability_high', 'mode_1'})",13218,danceability_high|mode_1
0.15781214437163837,"frozenset({'speechiness_low', 'mode_1'})",13174,mode_1|speechiness_low
0.1577282909474239,"frozenset({'duration_ms_low', 'mode_1'})",13167,duration_ms_low|mode_1
0.15746475161417842,"frozenset({'liveness_high', 'mode_1'})",13145,liveness_high|mode_1
0.15718923322033085,"frozenset({'energy_low', 'mode_1'})",13122,energy_low|mode_1
0.15659028019022747,"frozenset({'instrumentalness_low', 'valence_very_high'})",13072,instrumentalness_low|valence_very_high
0.15649444770541093,"frozenset({'mode_1', 'tempo_low'})",13064,mode_1|tempo_low
0.15605122246313444,"frozenset({'mode_1', 'valence_high'})",13027,mode_1|valence_high
0.15545226943303106,"frozenset({'mode_1', 'loudness_high'})",12977,loudness_high|mode_1
0.15539237413002072,"frozenset({'mode_1', 'tempo_high'})",12972,mode_1|tempo_high
0.15511685573617318,"frozenset({'valence_very_low', 'mode_1'})",12949,mode_1|valence_very_low
0.15409863558499742,"frozenset({'liveness_very_low', 'mode_1'})",12864,liveness_very_low|mode_1
0.15377520094874159,"frozenset({'loudness_very_high', 'mode_1'})",12837,loudness_very_high|mode_1
0.1528887504641886,"frozenset({'instrumentalness_medium', 'mode_1'})",12763,instrumentalness_medium|mode_1
0.15165490722217564,"frozenset({'mode_1', 'energy_very_high'})",12660,energy_very_high|mode_1
0.15158303285856323,"frozenset({'loudness_very_high', 'energy_very_high'})",12654,energy_very_high|loudness_very_high
0.15113980761628673,"frozenset({'duration_ms_very_high', 'mode_1'})",12617,duration_ms_very_high|mode_1
0.15109189137387846,"frozenset({'energy_high', 'mode_1'})",12613,energy_high|mode_1
0.15069658237401024,"frozenset({'loudness_very_low', 'acousticness_very_high'})",12580,acousticness_very_high|loudness_very_low
0.15031325243474405,"frozenset({'acousticness_very_low', 'mode_1'})",12548,acousticness_very_low|mode_1
0.1498221109500593,"frozenset({'acousticness_low', 'mode_1'})",12507,acousticness_low|mode_1
0.14971429940464068,"frozenset({'mode_1', 'speechiness_high'})",12498,mode_1|speechiness_high
0.14954659255621175,"frozenset({'instrumentalness_low', 'loudness_very_high'})",12484,instrumentalness_low|loudness_very_high
0.1493070113441704,"frozenset({'instrumentalness_low', 'duration_ms_low'})",12464,duration_ms_low|instrumentalness_low
0.14820493776878016,"frozenset({'instrumentalness_low', 'valence_high'})",12372,instrumentalness_low|valence_high
0.1479413984355347,"frozenset({'instrumentalness_low', 'energy_low'})",12350,energy_low|instrumentalness_low
0.1469471364055631,"frozenset({'acousticness_very_low', 'energy_very_high'})",12267,acousticness_very_low|energy_very_high
0.14650391116328657,"frozenset({'speechiness_very_high', 'mode_1'})",12230,mode_1|speechiness_very_high
0.14616849746642868,"frozenset({'instrumentalness_low', 'loudness_high'})",12202,instrumentalness_low|loudness_high
0.14614453934522456,"frozenset({'instrumentalness_low', 'energy_high'})",12200,energy_high|instrumentalness_low
0.14608464404221422,"frozenset({'instrumentalness_high', 'mode_1'})",12195,instrumentalness_high|mode_1
0.14573725128475426,"frozenset({'instrumentalness_low', 'speechiness_very_high'})",12166,instrumentalness_low|speechiness_very_high
0.14435965931551648,"frozenset({'danceability_very_high', 'mode_1'})",12051,danceability_very_high|mode_1
0.14415601528528132,"frozenset({'instrumentalness_low', 'acousticness_low'})",12034,acousticness_low|instrumentalness_low
0.14176020316486782,"frozenset({'instrumentalness_low', 'danceability_high'})",11834,danceability_high|instrumentalness_low
0.1400711556199763,"frozenset({'instrumentalness_low', 'liveness_very_high'})",11693,instrumentalness_low|liveness_very_high
0.1370644114088573,"frozenset({'instrumentalness_low', 'duration_ms_high'})",11442,duration_ms_high|instrumentalness_low
0.13675295583320357,"frozenset({'instrumentalness_low', 'danceability_low'})",11416,danceability_low|instrumentalness_low
0.13502797110650583,"frozenset({'instrumentalness_low', 'speechiness_very_low'})",11272,instrumentalness_low|speechiness_very_low
0.13460870398543345,"frozenset({'loudness_very_low', 'energy_very_low', 'acousticness_very_high'})",11237,acousticness_very_high|energy_very_low|loudness_very_low
0.1317457085015393,"frozenset({'instrumentalness_low', 'tempo_very_low'})",10998,instrumentalness_low|tempo_very_low
0.13148216916829383,"frozenset({'instrumentalness_low', 'liveness_high'})",10976,instrumentalness_low|liveness_high
0.13100300674421111,"frozenset({'instrumentalness_low', 'danceability_very_high'})",10936,danceability_very_high|instrumentalness_low
0.13058373962313877,"frozenset({'instrumentalness_low', 'tempo_very_high'})",10901,instrumentalness_low|tempo_very_high
0.12958947759316713,"frozenset({'danceability_very_low', 'valence_very_low'})",10818,danceability_very_low|valence_very_low
0.12760095353322393,"frozenset({'instrumentalness_low', 'loudness_low'})",10652,instrumentalness_low|loudness_low
0.12703793768492674,"frozenset({'valence_low', 'instrumentalness_low'})",10605,instrumentalness_low|valence_low
0.12592388504893445,"frozenset({'mode_1', 'key_very_high'})",10512,key_very_high|mode_1
0.12518118329160627,"frozenset({'energy_very_low', 'mode_1', 'acousticness_very_high'})",10450,acousticness_very_high|energy_very_low|mode_1
0.12371973789815403,"frozenset({'duration_ms_very_low', 'instrumentalness_low'})",10328,duration_ms_very_low|instrumentalness_low
0.12260568526216174,"frozenset({'valence_very_low', 'instrumentalness_high'})",10235,instrumentalness_high|valence_very_low
0.12221037626229352,"frozenset({'instrumentalness_low', 'tempo_low'})",10202,instrumentalness_low|tempo_low
0.12179110914122114,"frozenset({'instrumentalness_low', 'key_high'})",10167,instrumentalness_low|key_high
0.1215515279291798,"frozenset({'loudness_very_low', 'energy_very_low', 'mode_1'})",10147,energy_very_low|loudness_very_low|mode_1
0.12137184202014878,"frozenset({'instrumentalness_low', 'key_very_high'})",10132,instrumentalness_low|key_very_high
0.1202937265659627,"frozenset({'instrumentalness_low', 'mode_1', 'key_very_low'})",10042,instrumentalness_low|key_very_low|mode_1
0.11971873165706345,"frozenset({'mode_0', 'key_very_high'})",9994,key_very_high|mode_0
0.11614897159764731,"frozenset({'instrumentalness_low', 'liveness_very_low'})",9696,instrumentalness_low|liveness_very_low
0.1159692856886163,"frozenset({'instrumentalness_high', 'loudness_very_low'})",9681,instrumentalness_high|loudness_very_low
0.11551408138573772,"frozenset({'instrumentalness_low', 'tempo_high'})",9643,instrumentalness_low|tempo_high
0.11550210232513566,"frozenset({'instrumentalness_low', 'acousticness_very_high'})",9642,acousticness_very_high|instrumentalness_low
0.11235160938679188,"frozenset({'instrumentalness_low', 'liveness_low'})",9379,instrumentalness_low|liveness_low
0.1116089076294637,"frozenset({'instrumentalness_low', 'speechiness_high'})",9317,instrumentalness_low|speechiness_high
0.1097641322967453,"frozenset({'instrumentalness_low', 'mode_1', 'acousticness_high'})",9163,acousticness_high|instrumentalness_low|mode_1
0.10965632075132668,"frozenset({'danceability_very_high', 'valence_very_high'})",9154,danceability_very_high|valence_very_high
0.10923705363025432,"frozenset({'loudness_very_high', 'acousticness_very_low'})",9119,acousticness_very_low|loudness_very_high
0.10767977575198553,"frozenset({'instrumentalness_low', 'speechiness_low'})",8989,instrumentalness_low|speechiness_low
0.10603864444950227,"frozenset({'instrumentalness_low', 'valence_very_high', 'mode_1'})",8852,instrumentalness_low|mode_1|valence_very_high
0.10561937732842991,"frozenset({'energy_low', 'loudness_low'})",8817,energy_low|loudness_low
0.10502042429832653,"frozenset({'valence_very_low', 'energy_very_low'})",8767,energy_very_low|valence_very_low
0.10502042429832653,"frozenset({'mode_0', 'danceability_very_high'})",8767,danceability_very_high|mode_0
0.10486469651049965,"frozenset({'instrumentalness_low', 'speechiness_very_low', 'mode_1'})",8754,instrumentalness_low|mode_1|speechiness_very_low
0.10444542938942727,"frozenset({'loudness_very_low', 'acousticness_very_high', 'mode_1'})",8719,acousticness_very_high|loudness_very_low|mode_1
0.1041818900561818,"frozenset({'key_low', 'mode_1'})",8697,key_low|mode_1
0.10372668575330322,"frozenset({'instrumentalness_low', 'energy_very_low'})",8659,energy_very_low|instrumentalness_low
0.10371470669270116,"frozenset({'mode_0', 'instrumentalness_high'})",8658,instrumentalness_high|mode_0
0.10355897890487428,"frozenset({'valence_very_low', 'loudness_very_low'})",8645,loudness_very_low|valence_very_low
0.10341523017764948,"frozenset({'mode_0', 'speechiness_very_high'})",8633,mode_0|speechiness_very_high
0.10224128223864684,"frozenset({'instrumentalness_low', 'energy_very_high'})",8535,energy_very_high|instrumentalness_low
0.10044442314833671,"frozenset({'mode_0', 'acousticness_low'})",8385,acousticness_low|mode_0
0.10028869536050983,"frozenset({'mode_0', 'energy_high'})",8372,energy_high|mode_0
0.10025275817870363,"frozenset({'mode_0', 'speechiness_high'})",8369,mode_0|speechiness_high
0.10014494663328502,"frozenset({'mode_0', 'acousticness_very_low'})",8360,acousticness_very_low|mode_0
0.09971370045161058,"frozenset({'speechiness_very_high', 'energy_very_high'})",8324,energy_very_high|speechiness_very_high
0.09966578420920232,"frozenset({'energy_low', 'acousticness_high'})",8320,acousticness_high|energy_low
0.09933037051234442,"frozenset({'danceability_very_low', 'energy_very_low'})",8292,danceability_very_low|energy_very_low
0.09886318714886379,"frozenset({'mode_0', 'duration_ms_very_high'})",8253,duration_ms_very_high|mode_0
0.09868350123983277,"frozenset({'instrumentalness_low', 'energy_low', 'mode_1'})",8238,energy_low|instrumentalness_low|mode_1
0.09773715545226944,"frozenset({'liveness_low', 'energy_very_low'})",8159,energy_very_low|liveness_low
0.09768923920986117,"frozenset({'energy_high', 'loudness_high'})",8155,energy_high|loudness_high
0.09760538578564669,"frozenset({'instrumentalness_low', 'duration_ms_low', 'mode_1'})",8148,duration_ms_low|instrumentalness_low|mode_1
0.09738976269480948,"frozenset({'key_low', 'instrumentalness_low'})",8130,instrumentalness_low|key_low
0.09725799302818673,"frozenset({'mode_0', 'instrumentalness_medium'})",8119,instrumentalness_medium|mode_0
0.09694653745253297,"frozenset({'mode_0', 'energy_very_high'})",8093,energy_very_high|mode_0
0.096419458786042,"frozenset({'liveness_very_high', 'energy_very_high'})",8049,energy_very_high|liveness_very_high
0.09629966818002132,"frozenset({'liveness_very_low', 'mode_0'})",8039,liveness_very_low|mode_0
0.09625175193761305,"frozenset({'instrumentalness_low', 'mode_1', 'valence_high'})",8035,instrumentalness_low|mode_1|valence_high
0.09620383569520478,"frozenset({'instrumentalness_low', 'mode_1', 'loudness_high'})",8031,instrumentalness_low|loudness_high|mode_1
0.09616789851339858,"frozenset({'loudness_very_high', 'mode_0'})",8028,loudness_very_high|mode_0
0.09570071514991794,"frozenset({'danceability_very_low', 'loudness_very_low'})",7989,danceability_very_low|loudness_very_low
0.09567675702871381,"frozenset({'danceability_low', 'instrumentalness_low', 'mode_1'})",7987,danceability_low|instrumentalness_low|mode_1
0.0956048826651014,"frozenset({'valence_very_low', 'mode_0'})",7981,mode_0|valence_very_low
0.09536530145306005,"frozenset({'speechiness_very_low', 'energy_very_low'})",7961,energy_very_low|speechiness_very_low
0.09532936427125385,"frozenset({'instrumentalness_low', 'danceability_high', 'mode_1'})",7958,danceability_high|instrumentalness_low|mode_1
0.09522155272583524,"frozenset({'tempo_very_low', 'energy_very_low'})",7949,energy_very_low|tempo_very_low
0.0950897830592125,"frozenset({'danceability_very_low', 'instrumentalness_high'})",7938,danceability_very_low|instrumentalness_high
0.0950897830592125,"frozenset({'tempo_very_low', 'acousticness_very_high'})",7938,acousticness_very_high|tempo_very_low
0.09493405527138561,"frozenset({'instrumentalness_high', 'duration_ms_very_high'})",7925,duration_ms_very_high|instrumentalness_high
0.09462259969573186,"frozenset({'instrumentalness_low', 'liveness_very_high', 'mode_1'})",7899,instrumentalness_low|liveness_very_high|mode_1
0.09461062063512979,"frozenset({'mode_0', 'tempo_high'})",7898,mode_0|tempo_high
0.09450280908971119,"frozenset({'instrumentalness_low', 'loudness_very_high', 'mode_1'})",7889,instrumentalness_low|loudness_very_high|mode_1
0.09447885096850706,"frozenset({'mode_0', 'loudness_high'})",7887,loudness_high|mode_0
0.09441895566549671,"frozenset({'acousticness_very_low', 'instrumentalness_high'})",7882,acousticness_very_low|instrumentalness_high
0.09417937445345537,"frozenset({'loudness_very_low', 'energy_very_low', 'mode_1', 'acousticness_very_high'})",7862,acousticness_very_high|energy_very_low|loudness_very_low|mode_1
0.09410750008984295,"frozenset({'danceability_very_low', 'acousticness_very_high'})",7856,acousticness_very_high|danceability_very_low
0.09349656799913751,"frozenset({'mode_0', 'tempo_low'})",7805,mode_0|tempo_low
0.09326896584769823,"frozenset({'mode_0', 'valence_high'})",7786,mode_0|valence_high
0.09324500772649409,"frozenset({'loudness_very_high', 'mode_1', 'energy_very_high'})",7784,energy_very_high|loudness_very_high|mode_1
0.09307730087806514,"frozenset({'duration_ms_very_low', 'acousticness_very_high'})",7770,acousticness_very_high|duration_ms_very_low
0.09292157309023827,"frozenset({'energy_high', 'acousticness_low'})",7757,acousticness_low|energy_high
0.09232262006013488,"frozenset({'mode_0', 'energy_low'})",7707,energy_low|mode_0
0.09227470381772661,"frozenset({'mode_0', 'duration_ms_low'})",7703,duration_ms_low|mode_0
0.09208303884809353,"frozenset({'mode_0', 'danceability_high'})",7687,danceability_high|mode_0
0.0920590807268894,"frozenset({'energy_high', 'valence_very_high'})",7685,energy_high|valence_very_high
0.09186741575725632,"frozenset({'speechiness_low', 'mode_0'})",7669,mode_0|speechiness_low
0.09183147857545011,"frozenset({'duration_ms_very_low', 'energy_very_low'})",7666,duration_ms_very_low|energy_very_low
0.09177158327243977,"frozenset({'instrumentalness_low', 'energy_high', 'mode_1'})",7661,energy_high|instrumentalness_low|mode_1
0.09169970890882737,"frozenset({'loudness_very_high', 'speechiness_very_high'})",7655,loudness_very_high|speechiness_very_high
0.09143616957558189,"frozenset({'mode_0', 'duration_ms_high'})",7633,duration_ms_high|mode_0
0.09104086057571366,"frozenset({'instrumentalness_low', 'acousticness_low', 'mode_1'})",7600,acousticness_low|instrumentalness_low|mode_1
0.0909450280908971,"frozenset({'instrumentalness_high', 'energy_very_low'})",7592,energy_very_low|instrumentalness_high
0.09092106996969297,"frozenset({'instrumentalness_low', 'mode_1', 'duration_ms_high'})",7590,duration_ms_high|instrumentalness_low|mode_1
0.0908731537272847,"frozenset({'mode_0', 'loudness_low'})",7586,loudness_low|mode_0
0.0908012793636723,"frozenset({'mode_0', 'acousticness_high'})",7580,acousticness_high|mode_0
0.09077732124246816,"frozenset({'liveness_high', 'mode_0'})",7578,liveness_high|mode_0
0.09054971909102888,"frozenset({'valence_very_low', 'duration_ms_very_high'})",7559,duration_ms_very_high|valence_very_low
0.09053774003042682,"frozenset({'instrumentalness_low', 'danceability_very_low'})",7558,danceability_very_low|instrumentalness_low
0.09045388660621234,"frozenset({'valence_low', 'mode_0'})",7551,mode_0|valence_low
0.08996274512152758,"frozenset({'instrumentalness_low', 'duration_ms_very_high'})",7510,duration_ms_very_high|instrumentalness_low
0.08963931048527174,"frozenset({'mode_0', 'liveness_low'})",7483,liveness_low|mode_0
0.08962733142466968,"frozenset({'tempo_very_high', 'energy_very_high'})",7482,energy_very_high|tempo_very_high
0.0896153523640676,"frozenset({'danceability_very_high', 'acousticness_low'})",7481,acousticness_low|danceability_very_high
0.08953149893985314,"frozenset({'mode_0', 'liveness_very_high'})",7474,liveness_very_high|mode_0
0.08922004336419938,"frozenset({'mode_0', 'tempo_very_high'})",7448,mode_0|tempo_very_high
0.0891002527581787,"frozenset({'acousticness_very_low', 'mode_1', 'energy_very_high'})",7438,acousticness_very_low|energy_very_high|mode_1
0.08892056684914769,"frozenset({'mode_0', 'tempo_very_low'})",7423,mode_0|tempo_very_low
0.08868098563710634,"frozenset({'loudness_very_high', 'acousticness_very_low', 'energy_very_high'})",7403,acousticness_very_low|energy_very_high|loudness_very_high
0.08842942536446292,"frozenset({'loudness_very_low', 'liveness_low'})",7382,liveness_low|loudness_very_low
0.08826171851603397,"frozenset({'instrumentalness_low', 'loudness_low', 'mode_1'})",7368,instrumentalness_low|loudness_low|mode_1
0.08808203260700295,"frozenset({'liveness_low', 'acousticness_very_high'})",7353,acousticness_very_high|liveness_low
0.08793828387977815,"frozenset({'tempo_very_low', 'loudness_very_low'})",7341,loudness_very_low|tempo_very_low
0.08791432575857401,"frozenset({'key_low', 'mode_0'})",7339,key_low|mode_0
0.08779453515255334,"frozenset({'danceability_very_low', 'tempo_very_high'})",7329,danceability_very_low|tempo_very_high
0.08774661891014507,"frozenset({'valence_very_low', 'acousticness_very_high'})",7325,acousticness_very_high|valence_very_low
0.08772266078894093,"frozenset({'instrumentalness_low', 'tempo_very_high', 'mode_1'})",7323,instrumentalness_low|mode_1|tempo_very_high
0.08767474454653267,"frozenset({'speechiness_high', 'energy_very_high'})",7319,energy_very_high|speechiness_high
0.08757891206171613,"frozenset({'instrumentalness_low', 'liveness_high', 'mode_1'})",7311,instrumentalness_low|liveness_high|mode_1
0.08753099581930784,"frozenset({'duration_ms_very_low', 'loudness_very_low'})",7307,duration_ms_very_low|loudness_very_low
0.08696797997101068,"frozenset({'loudness_very_high', 'tempo_very_high'})",7260,loudness_very_high|tempo_very_high
0.0869200637286024,"frozenset({'mode_0', 'valence_very_high'})",7256,mode_0|valence_very_high
0.08687214748619414,"frozenset({'danceability_very_high', 'speechiness_very_high'})",7252,danceability_very_high|speechiness_very_high
0.08678829406197966,"frozenset({'instrumentalness_low', 'tempo_very_low', 'mode_1'})",7245,instrumentalness_low|mode_1|tempo_very_low
0.08670444063776518,"frozenset({'liveness_very_low', 'danceability_very_high'})",7238,danceability_very_high|liveness_very_low
0.0860336132440494,"frozenset({'speechiness_very_low', 'energy_low'})",7182,energy_low|speechiness_very_low
0.08600965512284527,"frozenset({'instrumentalness_low', 'acousticness_very_high', 'mode_1'})",7180,acousticness_very_high|instrumentalness_low|mode_1
0.0859976760622432,"frozenset({'danceability_very_high', 'tempo_low'})",7179,danceability_very_high|tempo_low
0.08597371794103906,"frozenset({'instrumentalness_low', 'mode_1', 'key_high'})",7177,instrumentalness_low|key_high|mode_1
0.08580601109261012,"frozenset({'valence_low', 'instrumentalness_low', 'mode_1'})",7163,instrumentalness_low|mode_1|valence_low
0.08560236706237496,"frozenset({'instrumentalness_low', 'speechiness_very_high', 'mode_1'})",7146,instrumentalness_low|mode_1|speechiness_very_high
0.08513518369889433,"frozenset({'duration_ms_very_low', 'instrumentalness_low', 'mode_1'})",7107,duration_ms_very_low|instrumentalness_low|mode_1
0.08494351872926126,"frozenset({'valence_very_high', 'acousticness_high'})",7091,acousticness_high|valence_very_high
0.08488362342625091,"frozenset({'danceability_very_low', 'mode_0'})",7086,danceability_very_low|mode_0
0.08472789563842403,"frozenset({'mode_0', 'loudness_very_low'})",7073,loudness_very_low|mode_0
0.08447633536578061,"frozenset({'liveness_very_high', 'speechiness_very_high'})",7052,liveness_very_high|speechiness_very_high
0.0842607122749434,"frozenset({'mode_0', 'danceability_low'})",7034,danceability_low|mode_0
0.08420081697193306,"frozenset({'valence_very_low', 'loudness_very_low', 'energy_very_low'})",7029,energy_very_low|loudness_very_low|valence_very_low
0.08416487979012686,"frozenset({'danceability_very_low', 'acousticness_very_low'})",7026,acousticness_very_low|danceability_very_low
0.08398519388109585,"frozenset({'danceability_very_high', 'energy_low'})",7011,danceability_very_high|energy_low
0.08390134045688137,"frozenset({'acousticness_very_low', 'speechiness_high'})",7004,acousticness_very_low|speechiness_high
0.08373363360845243,"frozenset({'speechiness_very_low', 'acousticness_very_high'})",6990,acousticness_very_high|speechiness_very_low
0.08367373830544209,"frozenset({'duration_ms_very_low', 'mode_0'})",6985,duration_ms_very_low|mode_0
0.0834101989721966,"frozenset({'loudness_very_high', 'acousticness_low'})",6963,acousticness_low|loudness_very_high
0.0834101989721966,"frozenset({'danceability_very_low', 'valence_very_low', 'mode_1'})",6963,danceability_very_low|mode_1|valence_very_low
0.08320655494196146,"frozenset({'danceability_very_high', 'energy_high'})",6946,danceability_very_high|energy_high
0.08288312030570563,"frozenset({'danceability_very_high', 'tempo_high'})",6919,danceability_very_high|tempo_high
0.08278728782088908,"frozenset({'danceability_very_low', 'tempo_very_low'})",6911,danceability_very_low|tempo_very_low
0.08247583224523533,"frozenset({'valence_very_low', 'key_very_low'})",6885,key_very_low|valence_very_low
0.08243989506342912,"frozenset({'instrumentalness_high', 'loudness_very_low', 'energy_very_low'})",6882,energy_very_low|instrumentalness_high|loudness_very_low
0.0822602091543981,"frozenset({'valence_very_low', 'liveness_low'})",6867,liveness_low|valence_very_low
0.08222427197259191,"frozenset({'danceability_very_low', 'key_very_low'})",6864,danceability_very_low|key_very_low
0.08221229291198984,"frozenset({'speechiness_very_low', 'loudness_low'})",6863,loudness_low|speechiness_very_low
0.08169719330610094,"frozenset({'energy_very_low', 'key_very_low'})",6820,energy_very_low|key_very_low
0.0816372980030906,"frozenset({'loudness_very_high', 'liveness_very_high'})",6815,liveness_very_high|loudness_very_high
0.08150552833646785,"frozenset({'acousticness_very_low', 'instrumentalness_medium'})",6804,acousticness_very_low|instrumentalness_medium
0.08150552833646785,"frozenset({'acousticness_very_low', 'duration_ms_very_high'})",6804,acousticness_very_low|duration_ms_very_high
0.08130188430623271,"frozenset({'instrumentalness_low', 'mode_1', 'tempo_low'})",6787,instrumentalness_low|mode_1|tempo_low
0.0812300099426203,"frozenset({'loudness_very_low', 'key_very_low'})",6781,key_very_low|loudness_very_low
0.08105032403358929,"frozenset({'speechiness_low', 'loudness_very_low'})",6766,loudness_very_low|speechiness_low
0.08096647060937481,"frozenset({'mode_0', 'key_very_low'})",6759,key_very_low|mode_0
0.08087063812455828,"frozenset({'tempo_very_high', 'speechiness_very_high'})",6751,speechiness_very_high|tempo_very_high
0.08082272188215,"frozenset({'danceability_very_high', 'acousticness_high'})",6747,acousticness_high|danceability_very_high
0.0807867847003438,"frozenset({'speechiness_very_low', 'key_very_low'})",6744,key_very_low|speechiness_very_low
0.08072688939733347,"frozenset({'speechiness_low', 'instrumentalness_high'})",6739,instrumentalness_high|speechiness_low
0.08070293127612932,"frozenset({'duration_ms_very_low', 'speechiness_very_high'})",6737,duration_ms_very_low|speechiness_very_high
0.08064303597311899,"frozenset({'loudness_low', 'acousticness_high'})",6732,acousticness_high|loudness_low
0.08061907785191486,"frozenset({'danceability_very_low', 'energy_very_low', 'acousticness_very_high'})",6730,acousticness_very_high|danceability_very_low|energy_very_low
0.08055918254890451,"frozenset({'duration_ms_very_low', 'key_very_low'})",6725,duration_ms_very_low|key_very_low
0.08042741288228177,"frozenset({'instrumentalness_high', 'acousticness_very_high'})",6714,acousticness_very_high|instrumentalness_high
0.08008002012482181,"frozenset({'danceability_high', 'valence_very_high'})",6685,danceability_high|valence_very_high
0.08005606200361767,"frozenset({'acousticness_very_high', 'key_very_low'})",6683,acousticness_very_high|key_very_low
0.07996022951880113,"frozenset({'liveness_very_low', 'key_very_low'})",6675,key_very_low|liveness_very_low
0.07992429233699493,"frozenset({'key_very_low', 'tempo_low'})",6672,key_very_low|tempo_low
0.0798643970339846,"frozenset({'acousticness_very_low', 'key_very_low'})",6667,acousticness_very_low|key_very_low
0.07985241797338252,"frozenset({'acousticness_very_low', 'tempo_high'})",6666,acousticness_very_low|tempo_high
0.07985241797338252,"frozenset({'danceability_very_low', 'loudness_very_low', 'energy_very_low'})",6666,danceability_very_low|energy_very_low|loudness_very_low
0.07967273206435152,"frozenset({'speechiness_low', 'key_very_low'})",6651,key_very_low|speechiness_low
0.07962481582194324,"frozenset({'liveness_very_high', 'key_very_low'})",6647,key_very_low|liveness_very_high
0.07958887864013704,"frozenset({'instrumentalness_high', 'key_very_low'})",6644,instrumentalness_high|key_very_low
0.07955294145833083,"frozenset({'instrumentalness_low', 'danceability_very_high', 'mode_1'})",6641,danceability_very_high|instrumentalness_low|mode_1
0.07938523460990189,"frozenset({'duration_ms_low', 'key_very_low'})",6627,duration_ms_low|key_very_low
0.07937325554929982,"frozenset({'acousticness_very_low', 'tempo_very_high'})",6626,acousticness_very_low|tempo_very_high
0.07927742306448328,"frozenset({'speechiness_low', 'acousticness_very_high'})",6618,acousticness_very_high|speechiness_low
0.0790857580948502,"frozenset({'tempo_very_high', 'key_very_low'})",6602,key_very_low|tempo_very_high
0.07902586279183986,"frozenset({'instrumentalness_high', 'liveness_low'})",6597,instrumentalness_high|liveness_low
0.07898992561003366,"frozenset({'valence_very_high', 'acousticness_low'})",6594,acousticness_low|valence_very_high
0.07896596748882953,"frozenset({'instrumentalness_low', 'mode_1', 'tempo_high'})",6592,instrumentalness_low|mode_1|tempo_high
0.07869044909498198,"frozenset({'instrumentalness_low', 'energy_very_low', 'mode_1'})",6569,energy_very_low|instrumentalness_low|mode_1
0.07854670036775716,"frozenset({'valence_low', 'key_very_low'})",6557,key_very_low|valence_low
0.07851076318595096,"frozenset({'tempo_very_low', 'key_very_low'})",6554,key_very_low|tempo_very_low
0.07848680506474683,"frozenset({'danceability_very_low', 'energy_very_high'})",6552,danceability_very_low|energy_very_high
0.07846284694354269,"frozenset({'loudness_low', 'key_very_low'})",6550,key_very_low|loudness_low
0.0782352447921034,"frozenset({'speechiness_very_low', 'acousticness_high'})",6531,acousticness_high|speechiness_very_low
0.07817534948909306,"frozenset({'energy_high', 'key_very_low'})",6526,energy_high|key_very_low
0.07813941230728687,"frozenset({'liveness_low', 'key_very_low'})",6523,key_very_low|liveness_low
0.07803160076186826,"frozenset({'speechiness_low', 'energy_very_low'})",6514,energy_very_low|speechiness_low
0.07800764264066412,"frozenset({'valence_very_low', 'energy_very_low', 'acousticness_very_high'})",6512,acousticness_very_high|energy_very_low|valence_very_low
0.07794774733765378,"frozenset({'valence_low', 'danceability_low'})",6507,danceability_low|valence_low
0.07786389391343931,"frozenset({'duration_ms_very_low', 'valence_very_high'})",6500,duration_ms_very_low|valence_very_high
0.07783993579223518,"frozenset({'danceability_low', 'key_very_low'})",6498,danceability_low|key_very_low
0.07781597767103104,"frozenset({'loudness_very_high', 'energy_high'})",6496,energy_high|loudness_very_high
0.07770816612561243,"frozenset({'speechiness_very_low', 'liveness_low'})",6487,liveness_low|speechiness_very_low
0.07766024988320416,"frozenset({'loudness_very_high', 'key_very_low'})",6483,key_very_low|loudness_very_high
0.07764827082260209,"frozenset({'mode_0', 'key_high'})",6482,key_high|mode_0
0.0776123336407959,"frozenset({'valence_very_high', 'key_very_low'})",6479,key_very_low|valence_very_high
0.07758837551959176,"frozenset({'key_very_low', 'duration_ms_high'})",6477,duration_ms_high|key_very_low
0.07756441739838763,"frozenset({'key_very_low', 'acousticness_high'})",6475,acousticness_high|key_very_low
0.07756441739838763,"frozenset({'danceability_high', 'key_very_low'})",6475,danceability_high|key_very_low
0.07748056397417315,"frozenset({'energy_low', 'key_very_low'})",6468,energy_low|key_very_low
0.07745660585296901,"frozenset({'key_very_low', 'energy_very_high'})",6466,energy_very_high|key_very_low
0.07745660585296901,"frozenset({'key_very_low', 'loudness_high'})",6466,key_very_low|loudness_high
0.07732483618634627,"frozenset({'acousticness_low', 'key_very_low'})",6455,acousticness_low|key_very_low
0.07732483618634627,"frozenset({'speechiness_very_low', 'danceability_low'})",6455,danceability_low|speechiness_very_low
0.07728889900454007,"frozenset({'key_very_low', 'tempo_high'})",6452,key_very_low|tempo_high
0.077276919943938,"frozenset({'duration_ms_very_high', 'key_very_low'})",6451,duration_ms_very_high|key_very_low
0.07719306651972352,"frozenset({'danceability_very_low', 'duration_ms_very_high'})",6444,danceability_very_low|duration_ms_very_high
0.07719306651972352,"frozenset({'speechiness_high', 'key_very_low'})",6444,key_very_low|speechiness_high
0.07718108745912146,"frozenset({'danceability_very_high', 'key_very_low'})",6443,danceability_very_high|key_very_low
0.07715712933791732,"frozenset({'speechiness_very_high', 'key_very_low'})",6441,key_very_low|speechiness_very_high
0.07712119215611112,"frozenset({'acousticness_low', 'loudness_high'})",6438,acousticness_low|loudness_high
0.07710921309550905,"frozenset({'tempo_very_high', 'danceability_low'})",6437,danceability_low|tempo_very_high
0.07709723403490698,"frozenset({'loudness_very_high', 'duration_ms_low'})",6436,duration_ms_low|loudness_very_high
0.07708525497430492,"frozenset({'liveness_high', 'key_very_low'})",6435,key_very_low|liveness_high
0.07700140155009044,"frozenset({'speechiness_very_low', 'danceability_high'})",6428,danceability_high|speechiness_very_low
0.07692952718647804,"frozenset({'speechiness_very_low', 'duration_ms_high'})",6422,duration_ms_high|speechiness_very_low
0.07673786221684495,"frozenset({'instrumentalness_low', 'loudness_very_low'})",6406,instrumentalness_low|loudness_very_low
0.07668994597443668,"frozenset({'mode_0', 'energy_very_low'})",6402,energy_very_low|mode_0
0.07655817630781395,"frozenset({'instrumentalness_low', 'liveness_low', 'mode_1'})",6391,instrumentalness_low|liveness_low|mode_1
0.07640244851998707,"frozenset({'valence_very_low', 'acousticness_very_low'})",6378,acousticness_very_low|valence_very_low
0.07617484636854778,"frozenset({'key_very_low', 'valence_high'})",6359,key_very_low|valence_high
0.0760909929443333,"frozenset({'instrumentalness_high', 'speechiness_high'})",6352,instrumentalness_high|speechiness_high
0.07604307670192503,"frozenset({'instrumentalness_medium', 'energy_very_high'})",6348,energy_very_high|instrumentalness_medium
0.0760191185807209,"frozenset({'instrumentalness_low', 'liveness_very_low', 'mode_1'})",6346,instrumentalness_low|liveness_very_low|mode_1
0.07571964206566921,"frozenset({'instrumentalness_medium', 'key_very_low'})",6321,instrumentalness_medium|key_very_low
0.07552797709603613,"frozenset({'energy_high', 'danceability_high'})",6305,danceability_high|energy_high
0.07551599803543406,"frozenset({'acousticness_very_low', 'liveness_very_high'})",6304,acousticness_very_low|liveness_very_high
0.07527641682339271,"frozenset({'instrumentalness_low', 'loudness_very_high', 'energy_very_high'})",6284,energy_very_high|instrumentalness_low|loudness_very_high
0.0750967309143617,"frozenset({'acousticness_very_low', 'loudness_high'})",6269,acousticness_very_low|loudness_high
0.07508475185375962,"frozenset({'liveness_very_low', 'valence_very_high'})",6268,liveness_very_low|valence_very_high
0.07503683561135135,"frozenset({'energy_low', 'loudness_high'})",6264,energy_low|loudness_high
0.0750248565507493,"frozenset({'acousticness_very_low', 'speechiness_very_high'})",6263,acousticness_very_low|speechiness_very_high
0.07485714970232034,"frozenset({'mode_0', 'acousticness_very_high'})",6249,acousticness_very_high|mode_0
0.07458163130847278,"frozenset({'loudness_very_high', 'speechiness_high'})",6226,loudness_very_high|speechiness_high
0.07453371506606452,"frozenset({'instrumentalness_low', 'acousticness_very_low'})",6222,acousticness_very_low|instrumentalness_low
0.07430611291462523,"frozenset({'danceability_low', 'energy_very_high'})",6203,danceability_low|energy_very_high
0.07427017573281904,"frozenset({'duration_ms_very_high', 'tempo_high'})",6200,duration_ms_very_high|tempo_high
0.07427017573281904,"frozenset({'duration_ms_very_low', 'danceability_very_high'})",6200,danceability_very_high|duration_ms_very_low
0.07397069921776735,"frozenset({'speechiness_low', 'valence_very_low'})",6175,speechiness_low|valence_very_low
0.07379101330873633,"frozenset({'loudness_very_high', 'valence_very_high'})",6160,loudness_very_high|valence_very_high
0.0737670551875322,"frozenset({'valence_very_low', 'tempo_very_low'})",6158,tempo_very_low|valence_very_low
0.07368320176331772,"frozenset({'danceability_high', 'acousticness_high'})",6151,acousticness_high|danceability_high
0.07365924364211358,"frozenset({'acousticness_low', 'speechiness_very_high'})",6149,acousticness_low|speechiness_very_high
0.07364726458151152,"frozenset({'instrumentalness_high', 'tempo_high'})",6148,instrumentalness_high|tempo_high
0.07361132739970531,"frozenset({'instrumentalness_low', 'mode_1', 'speechiness_low'})",6145,instrumentalness_low|mode_1|speechiness_low
0.07358736927850118,"frozenset({'loudness_very_high', 'duration_ms_high'})",6143,duration_ms_high|loudness_very_high
0.07353945303609291,"frozenset({'danceability_very_low', 'liveness_very_high'})",6139,danceability_very_low|liveness_very_high
0.07333580900585776,"frozenset({'danceability_high', 'valence_high'})",6122,danceability_high|valence_high
0.07316810215742882,"frozenset({'danceability_very_high', 'loudness_low'})",6108,danceability_very_high|loudness_low
0.07309622779381642,"frozenset({'danceability_very_low', 'speechiness_low'})",6102,danceability_very_low|speechiness_low
0.0729524790665916,"frozenset({'danceability_very_high', 'speechiness_high'})",6090,danceability_very_high|speechiness_high
0.07290456282418332,"frozenset({'speechiness_very_high', 'valence_high'})",6086,speechiness_very_high|valence_high
0.07286862564237713,"frozenset({'duration_ms_very_low', 'instrumentalness_high'})",6083,duration_ms_very_low|instrumentalness_high
0.07285664658177506,"frozenset({'speechiness_very_low', 'tempo_low'})",6082,speechiness_very_low|tempo_low
0.07267696067274404,"frozenset({'liveness_low', 'energy_very_low', 'acousticness_very_high'})",6067,acousticness_very_high|energy_very_low|liveness_low
0.07267696067274404,"frozenset({'valence_very_low', 'instrumentalness_high', 'mode_1'})",6067,instrumentalness_high|mode_1|valence_very_low
0.0726530025515399,"frozenset({'liveness_very_low', 'duration_ms_very_high'})",6065,duration_ms_very_high|liveness_very_low
0.07249727476371302,"frozenset({'danceability_very_low', 'loudness_very_low', 'acousticness_very_high'})",6052,acousticness_very_high|danceability_very_low|loudness_very_low
0.07247331664250889,"frozenset({'valence_low', 'speechiness_very_low'})",6050,speechiness_very_low|valence_low
0.07231758885468202,"frozenset({'danceability_high', 'acousticness_low'})",6037,acousticness_low|danceability_high
0.07223373543046754,"frozenset({'duration_ms_very_high', 'loudness_low'})",6030,duration_ms_very_high|loudness_low
0.07214988200625307,"frozenset({'speechiness_very_low', 'energy_very_low', 'mode_1'})",6023,energy_very_low|mode_1|speechiness_very_low
0.07207800764264066,"frozenset({'danceability_low', 'duration_ms_high'})",6017,danceability_low|duration_ms_high
0.07194623797601792,"frozenset({'duration_ms_very_low', 'tempo_very_low'})",6006,duration_ms_very_low|tempo_very_low
0.07191030079421172,"frozenset({'energy_high', 'acousticness_high'})",6003,acousticness_high|energy_high
0.07185040549120138,"frozenset({'valence_low', 'energy_very_low'})",5998,energy_very_low|valence_low
0.07185040549120138,"frozenset({'valence_very_high', 'loudness_high'})",5998,loudness_high|valence_very_high
0.0717306148851807,"frozenset({'acousticness_very_low', 'danceability_low'})",5988,acousticness_very_low|danceability_low
0.07170665676397657,"frozenset({'tempo_very_low', 'liveness_low'})",5986,liveness_low|tempo_very_low
0.07168269864277244,"frozenset({'acousticness_low', 'duration_ms_low'})",5984,acousticness_low|duration_ms_low
0.07164676146096623,"frozenset({'valence_very_low', 'loudness_very_low', 'acousticness_very_high'})",5981,acousticness_very_high|loudness_very_low|valence_very_low
0.07156290803675176,"frozenset({'energy_high', 'valence_high'})",5974,energy_high|valence_high
0.0715149917943435,"frozenset({'loudness_very_high', 'valence_high'})",5970,loudness_very_high|valence_high
0.07150301273374142,"frozenset({'instrumentalness_high', 'loudness_very_low', 'acousticness_very_high'})",5969,acousticness_very_high|instrumentalness_high|loudness_very_low
0.07146707555193521,"frozenset({'valence_low', 'liveness_low'})",5966,liveness_low|valence_low
0.07145509649133315,"frozenset({'energy_low', 'acousticness_low'})",5965,acousticness_low|energy_low
0.07145509649133315,"frozenset({'loudness_very_low', 'liveness_low', 'energy_very_low'})",5965,energy_very_low|liveness_low|loudness_very_low
0.07129936870350627,"frozenset({'acousticness_high', 'loudness_high'})",5952,acousticness_high|loudness_high
0.07126343152170007,"frozenset({'loudness_very_high', 'danceability_low'})",5949,danceability_low|loudness_very_high
0.07126343152170007,"frozenset({'danceability_very_high', 'valence_high'})",5949,danceability_very_high|valence_high
0.071251452461098,"frozenset({'liveness_very_high', 'danceability_low'})",5948,danceability_low|liveness_very_high
0.07123947340049594,"frozenset({'speechiness_very_low', 'loudness_very_low'})",5947,loudness_very_low|speechiness_very_low
0.07121551527929179,"frozenset({'duration_ms_low', 'valence_high'})",5945,duration_ms_low|valence_high
0.07111968279447525,"frozenset({'instrumentalness_high', 'loudness_very_low', 'mode_1'})",5937,instrumentalness_high|loudness_very_low|mode_1
0.07105978749146492,"frozenset({'tempo_very_low', 'loudness_very_low', 'energy_very_low'})",5932,energy_very_low|loudness_very_low|tempo_very_low
0.07104780843086285,"frozenset({'tempo_very_low', 'energy_very_low', 'acousticness_very_high'})",5931,acousticness_very_high|energy_very_low|tempo_very_low
0.07085614346122977,"frozenset({'tempo_high', 'energy_very_high'})",5915,energy_very_high|tempo_high
0.07082020627942356,"frozenset({'instrumentalness_low', 'mode_1', 'key_very_high'})",5912,instrumentalness_low|key_very_high|mode_1
0.07071239473400497,"frozenset({'speechiness_very_low', 'mode_0'})",5903,mode_0|speechiness_very_low
0.07070041567340289,"frozenset({'instrumentalness_low', 'mode_1', 'speechiness_high'})",5902,instrumentalness_low|mode_1|speechiness_high
0.07056864600678014,"frozenset({'valence_low', 'acousticness_very_low'})",5891,acousticness_very_low|valence_low
0.07037698103714707,"frozenset({'danceability_high', 'duration_ms_low'})",5875,danceability_high|duration_ms_low
0.07034104385534086,"frozenset({'energy_very_high', 'duration_ms_high'})",5872,duration_ms_high|energy_very_high
0.07031708573413673,"frozenset({'instrumentalness_high', 'energy_very_high'})",5870,energy_very_high|instrumentalness_high
0.07030510667353466,"frozenset({'instrumentalness_medium', 'duration_ms_high'})",5869,duration_ms_high|instrumentalness_medium
0.07024521137052432,"frozenset({'acousticness_low', 'tempo_high'})",5864,acousticness_low|tempo_high
0.07012542076450365,"frozenset({'instrumentalness_high', 'energy_very_low', 'acousticness_very_high'})",5854,acousticness_very_high|energy_very_low|instrumentalness_high
0.07004156734028917,"frozenset({'danceability_very_high', 'loudness_high'})",5847,danceability_very_high|loudness_high
0.07002958827968711,"frozenset({'liveness_very_low', 'instrumentalness_high'})",5846,instrumentalness_high|liveness_very_low
0.07001760921908504,"frozenset({'danceability_high', 'tempo_low'})",5845,danceability_high|tempo_low
0.0699936510978809,"frozenset({'valence_very_low', 'energy_very_low', 'mode_1'})",5843,energy_very_low|mode_1|valence_very_low
0.06982594424945196,"frozenset({'speechiness_very_low', 'tempo_very_low'})",5829,speechiness_very_low|tempo_very_low
0.06979000706764575,"frozenset({'speechiness_low', 'liveness_low'})",5826,liveness_low|speechiness_low
0.06976604894644162,"frozenset({'danceability_high', 'tempo_high'})",5824,danceability_high|tempo_high
0.06975406988583956,"frozenset({'duration_ms_very_low', 'energy_very_low', 'acousticness_very_high'})",5823,acousticness_very_high|duration_ms_very_low|energy_very_low
0.06967021646162508,"frozenset({'duration_ms_very_low', 'loudness_very_low', 'energy_very_low'})",5816,duration_ms_very_low|energy_very_low|loudness_very_low
0.06962230021921681,"frozenset({'speechiness_very_low', 'instrumentalness_medium'})",5812,instrumentalness_medium|speechiness_very_low
0.06959834209801267,"frozenset({'valence_very_high', 'duration_ms_low'})",5810,duration_ms_low|valence_very_high
0.06959834209801267,"frozenset({'speechiness_low', 'energy_high'})",5810,energy_high|speechiness_low
0.06956240491620647,"frozenset({'danceability_high', 'loudness_low'})",5807,danceability_high|loudness_low
0.06932282370416512,"frozenset({'tempo_very_high', 'speechiness_high'})",5787,speechiness_high|tempo_very_high
0.06928688652235891,"frozenset({'acousticness_very_low', 'energy_high'})",5784,acousticness_very_low|energy_high
0.06925094934055272,"frozenset({'energy_high', 'duration_ms_low'})",5781,duration_ms_low|energy_high
0.06922699121934858,"frozenset({'energy_low', 'danceability_high'})",5779,danceability_high|energy_low
0.06921501215874651,"frozenset({'tempo_very_low', 'acousticness_high'})",5778,acousticness_high|tempo_very_low
0.06921501215874651,"frozenset({'energy_high', 'tempo_high'})",5778,energy_high|tempo_high
0.06915511685573618,"frozenset({'acousticness_low', 'valence_high'})",5773,acousticness_low|valence_high
0.06915511685573618,"frozenset({'speechiness_low', 'duration_ms_very_high'})",5773,duration_ms_very_high|speechiness_low
0.06911917967392997,"frozenset({'liveness_low', 'energy_very_low', 'mode_1'})",5770,energy_very_low|liveness_low|mode_1
0.06909522155272584,"frozenset({'energy_low', 'liveness_low'})",5768,energy_low|liveness_low
0.06885564034068449,"frozenset({'acousticness_very_low', 'duration_ms_high'})",5748,acousticness_very_low|duration_ms_high
0.06883168221948034,"frozenset({'valence_very_high', 'tempo_low'})",5746,tempo_low|valence_very_high
0.0687358497346638,"frozenset({'instrumentalness_high', 'valence_very_low', 'loudness_very_low'})",5738,instrumentalness_high|loudness_very_low|valence_very_low
0.06872387067406174,"frozenset({'danceability_very_low', 'valence_very_low', 'instrumentalness_high'})",5737,danceability_very_low|instrumentalness_high|valence_very_low
0.06869991255285761,"frozenset({'valence_low', 'duration_ms_high'})",5735,duration_ms_high|valence_low
0.06869991255285761,"frozenset({'valence_very_low', 'speechiness_very_low'})",5735,speechiness_very_low|valence_very_low
0.06864001724984727,"frozenset({'valence_low', 'danceability_very_low'})",5730,danceability_very_low|valence_low
0.06860408006804107,"frozenset({'energy_low', 'valence_high'})",5727,energy_low|valence_high
0.06849626852262246,"frozenset({'danceability_very_low', 'energy_very_low', 'mode_1'})",5718,danceability_very_low|energy_very_low|mode_1
0.06840043603780592,"frozenset({'liveness_very_high', 'valence_high'})",5710,liveness_very_high|valence_high
0.06837647791660179,"frozenset({'liveness_very_high', 'tempo_very_high'})",5708,liveness_very_high|tempo_very_high
0.06835251979539765,"frozenset({'instrumentalness_low', 'danceability_very_high', 'valence_very_high'})",5706,danceability_very_high|instrumentalness_low|valence_very_high
0.06829262449238731,"frozenset({'liveness_low', 'loudness_low'})",5701,liveness_low|loudness_low
0.0682207501287749,"frozenset({'instrumentalness_low', 'valence_very_low'})",5695,instrumentalness_low|valence_very_low
0.06820877106817283,"frozenset({'energy_high', 'liveness_very_high'})",5694,energy_high|liveness_very_high
0.0681488757651625,"frozenset({'danceability_high', 'loudness_high'})",5689,danceability_high|loudness_high
0.06813689670456043,"frozenset({'acousticness_low', 'energy_very_high'})",5688,acousticness_low|energy_very_high
0.0680770014015501,"frozenset({'valence_very_high', 'speechiness_high'})",5683,speechiness_high|valence_very_high
0.0680770014015501,"frozenset({'loudness_low', 'tempo_low'})",5683,loudness_low|tempo_low
0.06806502234094802,"frozenset({'duration_ms_low', 'loudness_high'})",5682,duration_ms_low|loudness_high
0.06806502234094802,"frozenset({'valence_high', 'loudness_high'})",5682,loudness_high|valence_high
0.06806502234094802,"frozenset({'instrumentalness_medium', 'tempo_low'})",5682,instrumentalness_medium|tempo_low
0.06802908515914181,"frozenset({'instrumentalness_low', 'energy_low', 'acousticness_high'})",5679,acousticness_high|energy_low|instrumentalness_low
0.06801710609853975,"frozenset({'duration_ms_high', 'loudness_high'})",5678,duration_ms_high|loudness_high
0.06796918985613148,"frozenset({'danceability_very_low', 'loudness_very_low', 'energy_very_low', 'acousticness_very_high'})",5674,acousticness_very_high|danceability_very_low|energy_very_low|loudness_very_low
0.06795721079552941,"frozenset({'liveness_very_high', 'loudness_high'})",5673,liveness_very_high|loudness_high
0.06792127361372322,"frozenset({'instrumentalness_low', 'energy_very_low', 'acousticness_very_high'})",5670,acousticness_very_high|energy_very_low|instrumentalness_low
0.067885336431917,"frozenset({'liveness_very_low', 'speechiness_high'})",5667,liveness_very_low|speechiness_high
0.06784939925011081,"frozenset({'duration_ms_low', 'speechiness_very_high'})",5664,duration_ms_low|speechiness_very_high
0.0677775248864984,"frozenset({'acousticness_low', 'duration_ms_high'})",5658,acousticness_low|duration_ms_high
0.06775356676529426,"frozenset({'loudness_very_low', 'duration_ms_very_high'})",5656,duration_ms_very_high|loudness_very_low
0.0677415877046922,"frozenset({'liveness_high', 'speechiness_very_low'})",5655,liveness_high|speechiness_very_low
0.06771762958348806,"frozenset({'liveness_high', 'loudness_very_high'})",5653,liveness_high|loudness_very_high
0.06764575521987566,"frozenset({'danceability_very_low', 'valence_very_low', 'energy_very_low'})",5647,danceability_very_low|energy_very_low|valence_very_low
0.06754992273505912,"frozenset({'tempo_low', 'acousticness_high'})",5639,acousticness_high|tempo_low
0.06750200649265084,"frozenset({'speechiness_low', 'tempo_high'})",5635,speechiness_low|tempo_high
0.0673342996442219,"frozenset({'energy_high', 'tempo_low'})",5621,energy_high|tempo_low
0.06731034152301776,"frozenset({'liveness_very_low', 'tempo_high'})",5619,liveness_very_low|tempo_high
0.0672983624624157,"frozenset({'speechiness_high', 'tempo_high'})",5618,speechiness_high|tempo_high
0.0672983624624157,"frozenset({'energy_high', 'duration_ms_high'})",5618,duration_ms_high|energy_high
0.0672983624624157,"frozenset({'valence_high', 'acousticness_high'})",5618,acousticness_high|valence_high
0.06728638340181363,"frozenset({'liveness_very_low', 'acousticness_very_low'})",5617,acousticness_very_low|liveness_very_low
0.0672624252806095,"frozenset({'valence_very_low', 'loudness_very_low', 'energy_very_low', 'acousticness_very_high'})",5615,acousticness_very_high|energy_very_low|loudness_very_low|valence_very_low
0.06722648809880329,"frozenset({'speechiness_very_low', 'duration_ms_very_high'})",5612,duration_ms_very_high|speechiness_very_low
0.06710669749278261,"frozenset({'tempo_very_high', 'loudness_high'})",5602,loudness_high|tempo_very_high
0.06709471843218055,"frozenset({'loudness_very_high', 'speechiness_very_high', 'energy_very_high'})",5601,energy_very_high|loudness_very_high|speechiness_very_high
0.06709471843218055,"frozenset({'danceability_very_high', 'valence_very_high', 'mode_1'})",5601,danceability_very_high|mode_1|valence_very_high
0.06705878125037434,"frozenset({'duration_ms_very_low', 'liveness_low'})",5598,duration_ms_very_low|liveness_low
0.06704680218977228,"frozenset({'valence_low', 'energy_low'})",5597,energy_low|valence_low
0.0669270115837516,"frozenset({'energy_low', 'tempo_very_low'})",5587,energy_low|tempo_very_low
0.06690305346254746,"frozenset({'energy_low', 'tempo_low'})",5585,energy_low|tempo_low
0.06684315815953713,"frozenset({'acousticness_very_high', 'danceability_low'})",5580,acousticness_very_high|danceability_low
0.066819200038333,"frozenset({'energy_high', 'duration_ms_very_high'})",5578,duration_ms_very_high|energy_high
0.06672336755351645,"frozenset({'valence_low', 'acousticness_very_high'})",5570,acousticness_very_high|valence_low
0.06671138849291439,"frozenset({'danceability_very_high', 'duration_ms_low'})",5569,danceability_very_high|duration_ms_low
0.06663951412930198,"frozenset({'speechiness_high', 'valence_high'})",5563,speechiness_high|valence_high
0.06663951412930198,"frozenset({'energy_low', 'duration_ms_very_high'})",5563,duration_ms_very_high|energy_low
0.06662753506869991,"frozenset({'liveness_high', 'valence_high'})",5562,liveness_high|valence_high
0.0665556607050875,"frozenset({'liveness_very_low', 'acousticness_low'})",5556,acousticness_low|liveness_very_low
0.06651972352328131,"frozenset({'energy_high', 'speechiness_high'})",5553,energy_high|speechiness_high
0.06650774446267924,"frozenset({'loudness_very_high', 'mode_1', 'acousticness_very_low'})",5552,acousticness_very_low|loudness_very_high|mode_1
0.06650774446267924,"frozenset({'danceability_low', 'valence_high'})",5552,danceability_low|valence_high
0.06649576540207718,"frozenset({'liveness_very_low', 'energy_high'})",5551,energy_high|liveness_very_low
0.06647180728087303,"frozenset({'danceability_very_low', 'valence_very_low', 'loudness_very_low'})",5549,danceability_very_low|loudness_very_low|valence_very_low
0.06642389103846476,"frozenset({'danceability_high', 'duration_ms_high'})",5545,danceability_high|duration_ms_high
0.06638795385665856,"frozenset({'instrumentalness_medium', 'tempo_very_high'})",5542,instrumentalness_medium|tempo_very_high
0.06631607949304616,"frozenset({'energy_very_high', 'loudness_high'})",5536,energy_very_high|loudness_high
0.06626816325063789,"frozenset({'speechiness_very_high', 'key_high'})",5532,key_high|speechiness_very_high
0.06622024700822962,"frozenset({'duration_ms_very_low', 'liveness_high'})",5528,duration_ms_very_low|liveness_high
0.06622024700822962,"frozenset({'acousticness_very_low', 'key_high'})",5528,acousticness_very_low|key_high
0.06611243546281101,"frozenset({'instrumentalness_high', 'loudness_very_low', 'energy_very_low', 'acousticness_very_high'})",5519,acousticness_very_high|energy_very_low|instrumentalness_high|loudness_very_low
0.06608847734160687,"frozenset({'liveness_high', 'danceability_high'})",5517,danceability_high|liveness_high
0.06606451922040274,"frozenset({'acousticness_low', 'speechiness_high'})",5515,acousticness_low|speechiness_high
0.06605254015980067,"frozenset({'liveness_high', 'loudness_high'})",5514,liveness_high|loudness_high
0.0660046239173924,"frozenset({'danceability_very_low', 'instrumentalness_medium'})",5510,danceability_very_low|instrumentalness_medium
0.0659686867355862,"frozenset({'loudness_low', 'tempo_high'})",5507,loudness_low|tempo_high
0.06595670767498413,"frozenset({'liveness_high', 'energy_high'})",5506,energy_high|liveness_high
0.06593274955377999,"frozenset({'valence_low', 'loudness_low'})",5504,loudness_low|valence_low
0.06590879143257586,"frozenset({'tempo_very_low', 'energy_very_low', 'mode_1'})",5502,energy_very_low|mode_1|tempo_very_low
0.06590879143257586,"frozenset({'energy_low', 'loudness_low', 'mode_1'})",5502,energy_low|loudness_low|mode_1
0.06590879143257586,"frozenset({'valence_very_low', 'loudness_very_low', 'mode_1'})",5502,loudness_very_low|mode_1|valence_very_low
0.06588483331137172,"frozenset({'liveness_high', 'valence_very_high'})",5500,liveness_high|valence_very_high
0.06587285425076965,"frozenset({'tempo_very_low', 'acousticness_very_high', 'mode_1'})",5499,acousticness_very_high|mode_1|tempo_very_low
0.06581295894775932,"frozenset({'liveness_very_high', 'valence_very_high'})",5494,liveness_very_high|valence_very_high
0.06580097988715725,"frozenset({'tempo_very_high', 'duration_ms_high'})",5493,duration_ms_high|tempo_very_high
0.06576504270535105,"frozenset({'tempo_high', 'loudness_high'})",5490,loudness_high|tempo_high
0.06574108458414692,"frozenset({'valence_low', 'instrumentalness_medium'})",5488,instrumentalness_medium|valence_low
0.06564525209933036,"frozenset({'energy_low', 'valence_very_high'})",5480,energy_low|valence_very_high
0.0656332730387283,"frozenset({'instrumentalness_low', 'mode_1', 'energy_very_high'})",5479,energy_very_high|instrumentalness_low|mode_1
0.06562129397812623,"frozenset({'liveness_very_high', 'speechiness_high'})",5478,liveness_very_high|speechiness_high
0.06553744055391177,"frozenset({'duration_ms_very_high', 'speechiness_high'})",5471,duration_ms_very_high|speechiness_high
0.06550150337210556,"frozenset({'duration_ms_very_low', 'acousticness_very_high', 'mode_1'})",5468,acousticness_very_high|duration_ms_very_low|mode_1
0.06546556619029936,"frozenset({'speechiness_low', 'liveness_very_low'})",5465,liveness_very_low|speechiness_low
0.06544160806909523,"frozenset({'tempo_very_low', 'speechiness_very_high'})",5463,speechiness_very_high|tempo_very_low
0.06542962900849315,"frozenset({'valence_very_high', 'tempo_very_high'})",5462,tempo_very_high|valence_very_high
0.06539369182668694,"frozenset({'duration_ms_very_low', 'tempo_low'})",5459,duration_ms_very_low|tempo_low
0.06536973370548281,"frozenset({'liveness_high', 'duration_ms_low'})",5457,duration_ms_low|liveness_high
0.06533379652367662,"frozenset({'danceability_very_low', 'liveness_low'})",5454,danceability_very_low|liveness_low
0.06533379652367662,"frozenset({'valence_very_high', 'energy_very_high'})",5454,energy_very_high|valence_very_high
0.06532181746307454,"frozenset({'instrumentalness_medium', 'danceability_low'})",5453,danceability_low|instrumentalness_medium
0.06530983840247248,"frozenset({'tempo_very_high', 'acousticness_low'})",5452,acousticness_low|tempo_very_high
0.06528588028126835,"frozenset({'liveness_high', 'tempo_very_high'})",5450,liveness_high|tempo_very_high
0.06527390122066627,"frozenset({'liveness_very_low', 'energy_low'})",5449,energy_low|liveness_very_low
0.06526192216006421,"frozenset({'loudness_very_high', 'instrumentalness_medium'})",5448,instrumentalness_medium|loudness_very_high
0.06526192216006421,"frozenset({'liveness_high', 'danceability_low'})",5448,danceability_low|liveness_high
0.06523796403886008,"frozenset({'speechiness_very_high', 'loudness_high'})",5446,loudness_high|speechiness_very_high
0.06517806873584973,"frozenset({'key_high', 'energy_very_high'})",5441,energy_very_high|key_high
0.06516608967524767,"frozenset({'liveness_very_low', 'tempo_low'})",5440,liveness_very_low|tempo_low
0.06510619437223733,"frozenset({'instrumentalness_medium', 'duration_ms_very_high'})",5435,duration_ms_very_high|instrumentalness_medium
0.06505827812982906,"frozenset({'valence_low', 'tempo_very_high'})",5431,tempo_very_high|valence_low
0.06495046658441045,"frozenset({'valence_low', 'duration_ms_very_high'})",5422,duration_ms_very_high|valence_low
0.06493848752380839,"frozenset({'loudness_very_low', 'tempo_low'})",5421,loudness_very_low|tempo_low
0.06490255034200218,"frozenset({'danceability_very_low', 'acousticness_very_high', 'mode_1'})",5418,acousticness_very_high|danceability_very_low|mode_1
0.06489057128140012,"frozenset({'liveness_high', 'energy_low'})",5417,energy_low|liveness_high
0.06486661316019597,"frozenset({'duration_ms_low', 'acousticness_high'})",5415,acousticness_high|duration_ms_low
0.06479473879658357,"frozenset({'loudness_very_high', 'key_high'})",5409,key_high|loudness_very_high
0.06477078067537943,"frozenset({'liveness_very_low', 'loudness_low'})",5407,liveness_very_low|loudness_low
0.0647468225541753,"frozenset({'danceability_very_high', 'key_very_high'})",5405,danceability_very_high|key_very_high
0.06472286443297116,"frozenset({'speechiness_very_low', 'tempo_high'})",5403,speechiness_very_low|tempo_high
0.06469890631176703,"frozenset({'liveness_high', 'acousticness_low'})",5401,acousticness_low|liveness_high
0.06466296912996083,"frozenset({'tempo_very_high', 'duration_ms_low'})",5398,duration_ms_low|tempo_very_high
0.06461505288755255,"frozenset({'valence_very_high', 'tempo_high'})",5394,tempo_high|valence_very_high
0.06459109476634842,"frozenset({'liveness_high', 'instrumentalness_medium'})",5392,instrumentalness_medium|liveness_high
0.06455515758454222,"frozenset({'valence_high', 'tempo_low'})",5389,tempo_low|valence_high
0.06454317852394015,"frozenset({'speechiness_very_high', 'key_very_high'})",5388,key_very_high|speechiness_very_high
0.06453119946333809,"frozenset({'liveness_high', 'acousticness_high'})",5387,acousticness_high|liveness_high
0.06451922040273601,"frozenset({'acousticness_low', 'key_very_high'})",5386,acousticness_low|key_very_high
0.06439942979671534,"frozenset({'valence_low', 'tempo_very_low'})",5376,tempo_very_low|valence_low
0.06429161825129673,"frozenset({'energy_high', 'key_high'})",5367,energy_high|key_high
0.06429161825129673,"frozenset({'speechiness_very_low', 'energy_very_low', 'acousticness_very_high'})",5367,acousticness_very_high|energy_very_low|speechiness_very_low
0.06427963919069467,"frozenset({'danceability_very_high', 'key_high'})",5366,danceability_very_high|key_high
0.06425568106949053,"frozenset({'duration_ms_very_low', 'energy_very_low', 'mode_1'})",5364,duration_ms_very_low|energy_very_low|mode_1
0.0642317229482864,"frozenset({'liveness_very_high', 'duration_ms_low'})",5362,duration_ms_low|liveness_very_high
0.06421974388768432,"frozenset({'liveness_very_low', 'instrumentalness_medium'})",5361,instrumentalness_medium|liveness_very_low
0.06421974388768432,"frozenset({'instrumentalness_low', 'mode_1', 'danceability_very_low'})",5361,danceability_very_low|instrumentalness_low|mode_1
0.06418380670587813,"frozenset({'danceability_very_high', 'liveness_low'})",5358,danceability_very_high|liveness_low
0.06418380670587813,"frozenset({'duration_ms_very_low', 'danceability_very_low'})",5358,danceability_very_low|duration_ms_very_low
0.06417182764527606,"frozenset({'instrumentalness_medium', 'loudness_low'})",5357,instrumentalness_medium|loudness_low
0.06414786952407192,"frozenset({'valence_very_high', 'loudness_low'})",5355,loudness_low|valence_very_high
0.06414786952407192,"frozenset({'loudness_low', 'valence_high'})",5355,loudness_low|valence_high
0.06409995328166365,"frozenset({'liveness_low', 'acousticness_high'})",5351,acousticness_high|liveness_low
0.06407599516045952,"frozenset({'liveness_very_low', 'loudness_very_low'})",5349,liveness_very_low|loudness_very_low
0.06402807891805125,"frozenset({'tempo_high', 'key_very_high'})",5345,key_very_high|tempo_high
0.06399214173624504,"frozenset({'duration_ms_low', 'energy_very_high'})",5342,duration_ms_low|energy_very_high
0.0639681836150409,"frozenset({'energy_high', 'key_very_high'})",5340,energy_high|key_very_high
0.06395620455443884,"frozenset({'key_high', 'loudness_high'})",5339,key_high|loudness_high
0.06395620455443884,"frozenset({'danceability_very_low', 'loudness_very_low', 'mode_1'})",5339,danceability_very_low|loudness_very_low|mode_1
0.0638963092514285,"frozenset({'key_very_high', 'valence_high'})",5334,key_very_high|valence_high
0.0638603720696223,"frozenset({'valence_very_high', 'speechiness_very_high'})",5331,speechiness_very_high|valence_very_high
0.06384839300902023,"frozenset({'duration_ms_very_low', 'valence_high'})",5330,duration_ms_very_low|valence_high
0.0638244348878161,"frozenset({'valence_low', 'loudness_high'})",5328,loudness_high|valence_low
0.06371662334239749,"frozenset({'acousticness_high', 'duration_ms_high'})",5319,acousticness_high|duration_ms_high
0.06371662334239749,"frozenset({'loudness_very_high', 'tempo_high'})",5319,loudness_very_high|tempo_high
0.06370464428179543,"frozenset({'liveness_very_low', 'key_very_high'})",5318,key_very_high|liveness_very_low
0.06369266522119335,"frozenset({'valence_high', 'duration_ms_high'})",5317,duration_ms_high|valence_high
0.06368068616059129,"frozenset({'acousticness_low', 'tempo_low'})",5316,acousticness_low|tempo_low
0.06368068616059129,"frozenset({'valence_very_high', 'key_very_high'})",5316,key_very_high|valence_very_high
0.06366870709998922,"frozenset({'acousticness_very_low', 'key_very_high'})",5315,acousticness_very_low|key_very_high
0.06365672803938716,"frozenset({'duration_ms_very_low', 'speechiness_high'})",5314,duration_ms_very_low|speechiness_high
0.06363276991818302,"frozenset({'speechiness_very_low', 'acousticness_very_high', 'mode_1'})",5312,acousticness_very_high|mode_1|speechiness_very_low
0.06362079085758095,"frozenset({'acousticness_low', 'key_high'})",5311,acousticness_low|key_high
0.06358485367577475,"frozenset({'liveness_high', 'acousticness_very_low'})",5308,acousticness_very_low|liveness_high
0.06358485367577475,"frozenset({'speechiness_low', 'tempo_low'})",5308,speechiness_low|tempo_low
0.06358485367577475,"frozenset({'liveness_very_high', 'acousticness_low'})",5308,acousticness_low|liveness_very_high
0.06352495837276441,"frozenset({'duration_ms_very_high', 'danceability_low'})",5303,danceability_low|duration_ms_very_high
0.06350100025156027,"frozenset({'key_high', 'valence_high'})",5301,key_high|valence_high
0.06347704213035614,"frozenset({'key_very_high', 'energy_very_high'})",5299,energy_very_high|key_very_high
0.06346506306975407,"frozenset({'speechiness_low', 'valence_very_high'})",5298,speechiness_low|valence_very_high
0.06342912588794787,"frozenset({'liveness_very_low', 'duration_ms_high'})",5295,duration_ms_high|liveness_very_low
0.0634171468273458,"frozenset({'instrumentalness_medium', 'loudness_high'})",5294,instrumentalness_medium|loudness_high
0.0634171468273458,"frozenset({'tempo_very_low', 'instrumentalness_high'})",5294,instrumentalness_high|tempo_very_low
0.06335725152433547,"frozenset({'loudness_low', 'acousticness_very_high'})",5289,acousticness_very_high|loudness_low
0.06323746091831478,"frozenset({'tempo_very_high', 'key_high'})",5279,key_high|tempo_very_high
0.06323746091831478,"frozenset({'tempo_very_low', 'loudness_very_low', 'acousticness_very_high'})",5279,acousticness_very_high|loudness_very_low|tempo_very_low
0.06322548185771272,"frozenset({'speechiness_high', 'key_high'})",5278,key_high|speechiness_high
0.06316558655470238,"frozenset({'energy_very_low', 'tempo_low'})",5273,energy_very_low|tempo_low
0.06314162843349824,"frozenset({'tempo_very_high', 'valence_high'})",5271,tempo_very_high|valence_high
0.06312964937289618,"frozenset({'duration_ms_low', 'tempo_low'})",5270,duration_ms_low|tempo_low
0.06312964937289618,"frozenset({'duration_ms_very_high', 'energy_very_high'})",5270,duration_ms_very_high|energy_very_high
0.06312964937289618,"frozenset({'energy_low', 'mode_1', 'acousticness_high'})",5270,acousticness_high|energy_low|mode_1
0.06311767031229411,"frozenset({'instrumentalness_medium', 'key_high'})",5269,instrumentalness_medium|key_high
0.06309371219108997,"frozenset({'liveness_very_low', 'energy_very_low'})",5267,energy_very_low|liveness_very_low
0.06305777500928378,"frozenset({'liveness_high', 'duration_ms_high'})",5264,duration_ms_high|liveness_high
0.06298590064567136,"frozenset({'speechiness_high', 'loudness_high'})",5258,loudness_high|speechiness_high
0.06298590064567136,"frozenset({'speechiness_high', 'key_very_high'})",5258,key_very_high|speechiness_high
0.06294996346386517,"frozenset({'liveness_very_high', 'danceability_high'})",5255,danceability_high|liveness_very_high
0.06294996346386517,"frozenset({'duration_ms_very_high', 'key_high'})",5255,duration_ms_very_high|key_high
0.06294996346386517,"frozenset({'liveness_low', 'acousticness_very_high', 'mode_1'})",5255,acousticness_very_high|liveness_low|mode_1
0.06291402628205896,"frozenset({'speechiness_very_low', 'loudness_high'})",5252,loudness_high|speechiness_very_low
0.06279423567603828,"frozenset({'instrumentalness_medium', 'key_very_high'})",5242,instrumentalness_medium|key_very_high
0.06279423567603828,"frozenset({'key_very_high', 'loudness_high'})",5242,key_very_high|loudness_high
0.06278225661543622,"frozenset({'liveness_low', 'key_high'})",5241,key_high|liveness_low
0.06275829849423208,"frozenset({'instrumentalness_medium', 'acousticness_low'})",5239,acousticness_low|instrumentalness_medium
0.06274631943363002,"frozenset({'instrumentalness_medium', 'valence_very_high'})",5238,instrumentalness_medium|valence_very_high
0.06273434037302794,"frozenset({'tempo_very_low', 'loudness_low'})",5237,loudness_low|tempo_very_low
0.0627103822518238,"frozenset({'duration_ms_low', 'danceability_low'})",5235,danceability_low|duration_ms_low
0.06268642413061967,"frozenset({'duration_ms_very_high', 'key_very_high'})",5233,duration_ms_very_high|key_very_high
0.06266246600941554,"frozenset({'loudness_low', 'key_very_high'})",5231,key_very_high|loudness_low
0.0626385078882114,"frozenset({'danceability_low', 'loudness_high'})",5229,danceability_low|loudness_high
0.06261454976700727,"frozenset({'liveness_low', 'tempo_low'})",5227,liveness_low|tempo_low
0.06261454976700727,"frozenset({'duration_ms_very_low', 'liveness_very_high'})",5227,duration_ms_very_low|liveness_very_high
0.06261454976700727,"frozenset({'key_high', 'duration_ms_high'})",5227,duration_ms_high|key_high
0.06260257070640521,"frozenset({'speechiness_low', 'loudness_very_low', 'energy_very_low'})",5226,energy_very_low|loudness_very_low|speechiness_low
0.06259059164580313,"frozenset({'duration_ms_very_low', 'loudness_very_low', 'acousticness_very_high'})",5225,acousticness_very_high|duration_ms_very_low|loudness_very_low
0.06257861258520107,"frozenset({'valence_low', 'duration_ms_low'})",5224,duration_ms_low|valence_low
0.062566633524599,"frozenset({'tempo_low', 'loudness_high'})",5223,loudness_high|tempo_low
0.06255465446399694,"frozenset({'loudness_very_high', 'danceability_high'})",5222,danceability_high|loudness_very_high
0.06254267540339487,"frozenset({'instrumentalness_high', 'key_high'})",5221,instrumentalness_high|key_high
0.06251871728219073,"frozenset({'liveness_high', 'energy_very_high'})",5219,energy_very_high|liveness_high
0.062494759160986596,"frozenset({'energy_high', 'tempo_very_high'})",5217,energy_high|tempo_very_high
0.062494759160986596,"frozenset({'duration_ms_low', 'speechiness_high'})",5217,duration_ms_low|speechiness_high
0.06247080103978246,"frozenset({'liveness_high', 'loudness_low'})",5215,liveness_high|loudness_low
0.06244684291857833,"frozenset({'liveness_high', 'tempo_low'})",5213,liveness_high|tempo_low
0.06242288479737419,"frozenset({'valence_very_low', 'tempo_high'})",5211,tempo_high|valence_very_low
0.062410905736772125,"frozenset({'liveness_low', 'duration_ms_very_high'})",5210,duration_ms_very_high|liveness_low
0.06235101043376178,"frozenset({'danceability_high', 'key_very_high'})",5205,danceability_high|key_very_high
0.062339031373159715,"frozenset({'speechiness_low', 'energy_very_low', 'acousticness_very_high'})",5204,acousticness_very_high|energy_very_low|speechiness_low
0.062339031373159715,"frozenset({'loudness_low', 'duration_ms_high'})",5204,duration_ms_high|loudness_low
0.06231507325195558,"frozenset({'valence_high', 'energy_very_high'})",5202,energy_very_high|valence_high
0.06226715700954731,"frozenset({'instrumentalness_medium', 'speechiness_high'})",5198,instrumentalness_medium|speechiness_high
0.062255177948945244,"frozenset({'speechiness_very_high', 'acousticness_high'})",5197,acousticness_high|speechiness_very_high
0.06223121982774111,"frozenset({'valence_low', 'tempo_high'})",5195,tempo_high|valence_low
0.062207261706536975,"frozenset({'acousticness_very_high', 'tempo_low'})",5193,acousticness_very_high|tempo_low
0.06217132452473077,"frozenset({'liveness_very_low', 'acousticness_high'})",5190,acousticness_high|liveness_very_low
0.06214736640352664,"frozenset({'liveness_very_low', 'key_high'})",5188,key_high|liveness_very_low
0.06213538734292457,"frozenset({'speechiness_very_low', 'mode_1', 'key_very_low'})",5187,key_very_low|mode_1|speechiness_very_low
0.06207549203991423,"frozenset({'danceability_very_low', 'speechiness_very_low'})",5182,danceability_very_low|speechiness_very_low
0.06205153391871009,"frozenset({'danceability_high', 'key_high'})",5180,danceability_high|key_high
0.06205153391871009,"frozenset({'duration_ms_very_low', 'acousticness_high'})",5180,acousticness_high|duration_ms_very_low
0.06201559673690389,"frozenset({'liveness_low', 'duration_ms_high'})",5177,duration_ms_high|liveness_low
0.062003617676301824,"frozenset({'energy_low', 'duration_ms_high'})",5176,duration_ms_high|energy_low
0.06196768049449562,"frozenset({'duration_ms_low', 'key_high'})",5173,duration_ms_low|key_high
0.061907785191485286,"frozenset({'energy_low', 'key_very_high'})",5168,energy_low|key_very_high
0.06189580613088322,"frozenset({'liveness_low', 'danceability_high'})",5167,danceability_high|liveness_low
0.06184788988847494,"frozenset({'energy_low', 'duration_ms_low'})",5163,duration_ms_low|energy_low
0.061835910827872875,"frozenset({'instrumentalness_low', 'valence_very_high', 'acousticness_high'})",5162,acousticness_high|instrumentalness_low|valence_very_high
0.06182393176727081,"frozenset({'speechiness_low', 'tempo_very_low'})",5161,speechiness_low|tempo_very_low
0.06182393176727081,"frozenset({'danceability_very_low', 'acousticness_very_low', 'energy_very_high'})",5161,acousticness_very_low|danceability_very_low|energy_very_high
0.06181195270666874,"frozenset({'danceability_low', 'key_high'})",5160,danceability_low|key_high
0.06176403646426047,"frozenset({'instrumentalness_medium', 'valence_high'})",5156,instrumentalness_medium|valence_high
0.061752057403658404,"frozenset({'key_high', 'tempo_high'})",5155,key_high|tempo_high
0.061680183040046,"frozenset({'duration_ms_very_high', 'loudness_high'})",5149,duration_ms_very_high|loudness_high
0.061680183040046,"frozenset({'loudness_very_high', 'key_very_high'})",5149,key_very_high|loudness_very_high
0.061680183040046,"frozenset({'speechiness_very_low', 'energy_low', 'mode_1'})",5149,energy_low|mode_1|speechiness_very_low
0.0616442458582398,"frozenset({'valence_very_high', 'key_high'})",5146,key_high|valence_very_high
0.06159632961583153,"frozenset({'valence_very_low', 'energy_very_high'})",5142,energy_very_high|valence_very_low
0.061584350555229456,"frozenset({'duration_ms_low', 'key_very_high'})",5141,duration_ms_low|key_very_high
0.061548413373423254,"frozenset({'valence_low', 'key_high'})",5138,key_high|valence_low
0.06153643431282119,"frozenset({'valence_low', 'liveness_high'})",5137,liveness_high|valence_low
0.06151247619161705,"frozenset({'acousticness_very_low', 'valence_high'})",5135,acousticness_very_low|valence_high
0.06151247619161705,"frozenset({'key_very_high', 'acousticness_high'})",5135,acousticness_high|key_very_high
0.06151247619161705,"frozenset({'tempo_low', 'duration_ms_high'})",5135,duration_ms_high|tempo_low
0.061500497131014985,"frozenset({'speechiness_low', 'duration_ms_high'})",5134,duration_ms_high|speechiness_low
0.06148851807041292,"frozenset({'liveness_very_high', 'duration_ms_high'})",5133,duration_ms_high|liveness_very_high
0.06147653900981085,"frozenset({'instrumentalness_high', 'key_very_high'})",5132,instrumentalness_high|key_very_high
0.061452580888606716,"frozenset({'valence_low', 'speechiness_very_high'})",5130,speechiness_very_high|valence_low
0.06140466464619845,"frozenset({'speechiness_low', 'danceability_high'})",5126,danceability_high|speechiness_low
0.06138070652499431,"frozenset({'tempo_high', 'duration_ms_high'})",5124,duration_ms_high|tempo_high
0.06138070652499431,"frozenset({'liveness_very_low', 'loudness_high'})",5124,liveness_very_low|loudness_high
0.061368727464392245,"frozenset({'energy_high', 'speechiness_very_high'})",5123,energy_high|speechiness_very_high
0.06135674840379018,"frozenset({'tempo_very_high', 'key_very_high'})",5122,key_very_high|tempo_very_high
0.06134476934318811,"frozenset({'tempo_very_low', 'key_high'})",5121,key_high|tempo_very_low
0.06134476934318811,"frozenset({'liveness_very_high', 'duration_ms_very_high'})",5121,duration_ms_very_high|liveness_very_high
0.06132081122198397,"frozenset({'instrumentalness_medium', 'duration_ms_low'})",5119,duration_ms_low|instrumentalness_medium
0.061296853100779834,"frozenset({'tempo_very_low', 'duration_ms_high'})",5117,duration_ms_high|tempo_very_low
0.061296853100779834,"frozenset({'duration_ms_very_low', 'danceability_high'})",5117,danceability_high|duration_ms_very_low
0.0612728949795757,"frozenset({'speechiness_low', 'instrumentalness_medium'})",5115,instrumentalness_medium|speechiness_low
0.0612728949795757,"frozenset({'liveness_high', 'key_high'})",5115,key_high|liveness_high
0.0612728949795757,"frozenset({'liveness_very_high', 'key_very_high'})",5115,key_very_high|liveness_very_high
0.061248936858371565,"frozenset({'liveness_very_high', 'key_high'})",5113,key_high|liveness_very_high
0.061248936858371565,"frozenset({'instrumentalness_medium', 'energy_high'})",5113,energy_high|instrumentalness_medium
0.061248936858371565,"frozenset({'duration_ms_low', 'tempo_high'})",5113,duration_ms_low|tempo_high
0.0612369577977695,"frozenset({'key_high', 'acousticness_high'})",5112,acousticness_high|key_high
0.0612369577977695,"frozenset({'duration_ms_very_low', 'mode_1', 'key_very_low'})",5112,duration_ms_very_low|key_very_low|mode_1
0.06117706249475916,"frozenset({'tempo_very_low', 'danceability_low'})",5107,danceability_low|tempo_very_low
0.06112914625235089,"frozenset({'liveness_low', 'tempo_high'})",5103,liveness_low|tempo_high
0.06112914625235089,"frozenset({'key_very_high', 'duration_ms_high'})",5103,duration_ms_high|key_very_high
0.061117167191748825,"frozenset({'key_high', 'tempo_low'})",5102,key_high|tempo_low
0.061117167191748825,"frozenset({'instrumentalness_low', 'duration_ms_very_high', 'mode_1'})",5102,duration_ms_very_high|instrumentalness_low|mode_1
0.06110518813114676,"frozenset({'instrumentalness_low', 'energy_high', 'valence_very_high'})",5101,energy_high|instrumentalness_low|valence_very_high
0.06109320907054469,"frozenset({'speechiness_very_high', 'mode_1', 'energy_very_high'})",5100,energy_very_high|mode_1|speechiness_very_high
0.06103331376753435,"frozenset({'instrumentalness_medium', 'liveness_very_high'})",5095,instrumentalness_medium|liveness_very_high
0.06100935564633021,"frozenset({'acousticness_very_low', 'mode_1', 'key_very_low'})",5093,acousticness_very_low|key_very_low|mode_1
0.060997376585728146,"frozenset({'duration_ms_very_low', 'loudness_very_low', 'mode_1'})",5092,duration_ms_very_low|loudness_very_low|mode_1
0.06097341846452401,"frozenset({'liveness_very_high', 'tempo_high'})",5090,liveness_very_high|tempo_high
0.060961439403921944,"frozenset({'tempo_very_low', 'duration_ms_low'})",5089,duration_ms_low|tempo_very_low
0.060913523161513675,"frozenset({'danceability_very_low', 'speechiness_high'})",5085,danceability_very_low|speechiness_high
0.06088956504030954,"frozenset({'tempo_very_low', 'valence_high'})",5083,tempo_very_low|valence_high
0.06087758597970747,"frozenset({'energy_very_low', 'mode_1', 'key_very_low'})",5082,energy_very_low|key_very_low|mode_1
0.060865606919105406,"frozenset({'danceability_very_low', 'mode_1', 'key_very_low'})",5081,danceability_very_low|key_very_low|mode_1
0.06084164879790127,"frozenset({'instrumentalness_medium', 'tempo_high'})",5079,instrumentalness_medium|tempo_high
0.060829669737299204,"frozenset({'energy_very_low', 'loudness_low'})",5078,energy_very_low|loudness_low
0.06080571161609507,"frozenset({'tempo_very_high', 'acousticness_high'})",5076,acousticness_high|tempo_very_high
0.06080571161609507,"frozenset({'valence_low', 'loudness_very_low'})",5076,loudness_very_low|valence_low
0.06076977443428886,"frozenset({'valence_low', 'key_very_high'})",5073,key_very_high|valence_low
0.06075779537368679,"frozenset({'valence_very_low', 'key_high'})",5072,key_high|valence_very_low
0.06073383725248266,"frozenset({'tempo_high', 'valence_high'})",5070,tempo_high|valence_high
0.06072185819188059,"frozenset({'key_very_high', 'tempo_low'})",5069,key_very_high|tempo_low
0.060661962888870255,"frozenset({'speechiness_low', 'duration_ms_low'})",5064,duration_ms_low|speechiness_low
0.06059008852525785,"frozenset({'liveness_high', 'tempo_high'})",5058,liveness_high|tempo_high
0.060578109464655784,"frozenset({'loudness_very_high', 'tempo_very_high', 'energy_very_high'})",5057,energy_very_high|loudness_very_high|tempo_very_high
0.06056613040405372,"frozenset({'liveness_very_high', 'tempo_very_low'})",5056,liveness_very_high|tempo_very_low
0.06051821416164544,"frozenset({'energy_low', 'key_high'})",5052,energy_low|key_high
0.060458318858635104,"frozenset({'liveness_high', 'key_very_high'})",5047,key_very_high|liveness_high
0.06044633979803304,"frozenset({'loudness_very_low', 'mode_1', 'key_very_low'})",5046,key_very_low|loudness_very_low|mode_1
0.06043436073743097,"frozenset({'valence_low', 'liveness_very_high'})",5045,liveness_very_high|valence_low
0.0604223816768289,"frozenset({'speechiness_high', 'tempo_low'})",5044,speechiness_high|tempo_low
0.0603505073132165,"frozenset({'liveness_very_high', 'mode_1', 'key_very_low'})",5038,key_very_low|liveness_very_high|mode_1
0.06033852825261443,"frozenset({'danceability_very_low', 'liveness_high'})",5037,danceability_very_low|liveness_high
0.0603145701314103,"frozenset({'loudness_very_low', 'liveness_low', 'acousticness_very_high'})",5035,acousticness_very_high|liveness_low|loudness_very_low
0.06030259107080823,"frozenset({'instrumentalness_medium', 'liveness_low'})",5034,instrumentalness_medium|liveness_low
0.06026665388900202,"frozenset({'liveness_low', 'danceability_low'})",5031,danceability_low|liveness_low
0.06026665388900202,"frozenset({'loudness_low', 'key_high'})",5031,key_high|loudness_low
0.06024269576779789,"frozenset({'duration_ms_very_low', 'key_very_high'})",5029,duration_ms_very_low|key_very_high
0.06024269576779789,"frozenset({'speechiness_low', 'loudness_low'})",5029,loudness_low|speechiness_low
0.060206758585991685,"frozenset({'liveness_very_low', 'duration_ms_low'})",5026,duration_ms_low|liveness_very_low
0.060206758585991685,"frozenset({'liveness_low', 'key_very_high'})",5026,key_very_high|liveness_low
0.060206758585991685,"frozenset({'speechiness_low', 'liveness_high'})",5026,liveness_high|speechiness_low
0.06019477952538962,"frozenset({'liveness_low', 'duration_ms_low'})",5025,duration_ms_low|liveness_low
0.06019477952538962,"frozenset({'acousticness_low', 'loudness_low'})",5025,acousticness_low|loudness_low
0.06017082140418548,"frozenset({'instrumentalness_low', 'energy_high', 'loudness_high'})",5023,energy_high|instrumentalness_low|loudness_high
0.06017082140418548,"frozenset({'liveness_very_low', 'loudness_very_high'})",5023,liveness_very_low|loudness_very_high
0.060158842343583416,"frozenset({'liveness_high', 'speechiness_high'})",5022,liveness_high|speechiness_high
0.06013488422237928,"frozenset({'liveness_high', 'speechiness_very_high'})",5020,liveness_high|speechiness_very_high
0.06013488422237928,"frozenset({'instrumentalness_low', 'mode_0', 'speechiness_very_high'})",5020,instrumentalness_low|mode_0|speechiness_very_high
0.060122905161777214,"frozenset({'speechiness_low', 'key_very_high'})",5019,key_very_high|speechiness_low
0.06009894704057308,"frozenset({'liveness_very_low', 'tempo_very_high'})",5017,liveness_very_low|tempo_very_high
0.06006300985876688,"frozenset({'speechiness_low', 'key_high'})",5014,key_high|speechiness_low
0.06005103079816481,"frozenset({'danceability_very_low', 'duration_ms_high'})",5013,danceability_very_low|duration_ms_high
0.05996717737395033,"frozenset({'tempo_very_high', 'duration_ms_very_high'})",5006,duration_ms_very_high|tempo_very_high
0.05996717737395033,"frozenset({'energy_high', 'loudness_low'})",5006,energy_high|loudness_low
0.059955198313348265,"frozenset({'duration_ms_very_high', 'tempo_low'})",5005,duration_ms_very_high|tempo_low
0.05991926113154206,"frozenset({'liveness_high', 'tempo_very_low'})",5002,liveness_high|tempo_very_low
0.05991926113154206,"frozenset({'duration_ms_very_low', 'key_high'})",5002,duration_ms_very_low|key_high
0.05989530301033793,"frozenset({'danceability_very_low', 'instrumentalness_high', 'mode_1'})",5000,danceability_very_low|instrumentalness_high|mode_1
0.05989530301033793,"frozenset({'valence_very_low', 'instrumentalness_medium'})",5000,instrumentalness_medium|valence_very_low
0.059871344889133794,"frozenset({'valence_low', 'danceability_high'})",4998,danceability_high|valence_low
0.05983540770732759,"frozenset({'liveness_very_high', 'mode_1', 'energy_very_high'})",4995,energy_very_high|liveness_very_high|mode_1
0.059775512404317256,"frozenset({'acousticness_low', 'duration_ms_very_high'})",4990,acousticness_low|duration_ms_very_high
0.05976353334371519,"frozenset({'acousticness_very_high', 'mode_1', 'key_very_low'})",4989,acousticness_very_high|key_very_low|mode_1
0.05976353334371519,"frozenset({'valence_very_high', 'mode_1', 'key_very_low'})",4989,key_very_low|mode_1|valence_very_high
0.05976353334371519,"frozenset({'liveness_very_high', 'tempo_low'})",4989,liveness_very_high|tempo_low
0.05975155428311312,"frozenset({'speechiness_very_low', 'loudness_low', 'mode_1'})",4988,loudness_low|mode_1|speechiness_very_low
0.05971561710130691,"frozenset({'instrumentalness_high', 'tempo_low'})",4985,instrumentalness_high|tempo_low
0.05967967991950071,"frozenset({'energy_low', 'tempo_high'})",4982,energy_low|tempo_high
0.059667700858898644,"frozenset({'loudness_low', 'danceability_low'})",4981,danceability_low|loudness_low
0.059655721798296577,"frozenset({'speechiness_low', 'danceability_low'})",4980,danceability_low|speechiness_low
0.059655721798296577,"frozenset({'tempo_very_low', 'loudness_very_low', 'mode_1'})",4980,loudness_very_low|mode_1|tempo_very_low
0.05964374273769451,"frozenset({'loudness_very_low', 'liveness_low', 'mode_1'})",4979,liveness_low|loudness_very_low|mode_1
0.059619784616490375,"frozenset({'liveness_very_low', 'speechiness_very_low'})",4977,liveness_very_low|speechiness_very_low
0.05955988931348004,"frozenset({'valence_low', 'loudness_very_high'})",4972,loudness_very_high|valence_low
0.05955988931348004,"frozenset({'duration_ms_very_low', 'tempo_very_high'})",4972,duration_ms_very_low|tempo_very_high
0.059535931192275904,"frozenset({'tempo_very_low', 'key_very_high'})",4970,key_very_high|tempo_very_low
0.059535931192275904,"frozenset({'tempo_very_high', 'mode_1', 'key_very_low'})",4970,key_very_low|mode_1|tempo_very_high
0.059488014949867635,"frozenset({'liveness_very_low', 'danceability_high'})",4966,danceability_high|liveness_very_low
0.05944009870745936,"frozenset({'instrumentalness_medium', 'danceability_high'})",4962,danceability_high|instrumentalness_medium
0.05940416152565316,"frozenset({'danceability_very_low', 'valence_very_low', 'acousticness_very_high'})",4959,acousticness_very_high|danceability_very_low|valence_very_low
0.05939218246505109,"frozenset({'liveness_very_low', 'valence_high'})",4958,liveness_very_low|valence_high
0.05938020340444902,"frozenset({'instrumentalness_low', 'loudness_very_high', 'acousticness_low'})",4957,acousticness_low|instrumentalness_low|loudness_very_high
0.05938020340444902,"frozenset({'duration_ms_very_low', 'loudness_low'})",4957,duration_ms_very_low|loudness_low
0.05938020340444902,"frozenset({'danceability_very_high', 'instrumentalness_medium'})",4957,danceability_very_high|instrumentalness_medium
0.05935624528324489,"frozenset({'valence_low', 'energy_very_high'})",4955,energy_very_high|valence_low
0.059320308101438686,"frozenset({'danceability_very_low', 'key_very_high'})",4952,danceability_very_low|key_very_high
0.05930832904083662,"frozenset({'danceability_very_low', 'key_high'})",4951,danceability_very_low|key_high
0.059236454677224215,"frozenset({'liveness_very_low', 'valence_very_low'})",4945,liveness_very_low|valence_very_low
0.05922447561662215,"frozenset({'danceability_low', 'key_very_high'})",4944,danceability_low|key_very_high
0.059200517495418006,"frozenset({'valence_very_low', 'danceability_low'})",4942,danceability_low|valence_very_low
0.059164580313611805,"frozenset({'valence_very_low', 'duration_ms_high'})",4939,duration_ms_high|valence_very_low
0.05915260125300974,"frozenset({'loudness_very_high', 'liveness_very_high', 'energy_very_high'})",4938,energy_very_high|liveness_very_high|loudness_very_high
0.0591286431318056,"frozenset({'energy_very_low', 'danceability_low'})",4936,danceability_low|energy_very_low
0.05910468501060147,"frozenset({'danceability_very_low', 'loudness_very_high'})",4934,danceability_very_low|loudness_very_high
0.059080726889397334,"frozenset({'mode_1', 'key_very_low', 'tempo_low'})",4932,key_very_low|mode_1|tempo_low
0.05904478970759113,"frozenset({'instrumentalness_low', 'energy_low', 'loudness_low'})",4929,energy_low|instrumentalness_low|loudness_low
0.059020831586387,"frozenset({'duration_ms_very_low', 'energy_low'})",4927,duration_ms_very_low|energy_low
0.05900885252578493,"frozenset({'valence_very_low', 'acousticness_very_high', 'mode_1'})",4926,acousticness_very_high|mode_1|valence_very_low
0.05900885252578493,"frozenset({'energy_high', 'mode_1', 'loudness_high'})",4926,energy_high|loudness_high|mode_1
0.05899687346518286,"frozenset({'danceability_very_high', 'instrumentalness_high'})",4925,danceability_very_high|instrumentalness_high
0.05899687346518286,"frozenset({'speechiness_very_low', 'duration_ms_low'})",4925,duration_ms_low|speechiness_very_low
0.058984894404580795,"frozenset({'liveness_very_low', 'mode_1', 'key_very_low'})",4924,key_very_low|liveness_very_low|mode_1
0.05892499910157045,"frozenset({'danceability_low', 'speechiness_high'})",4919,danceability_low|speechiness_high
0.05890104098036632,"frozenset({'valence_very_low', 'mode_1', 'key_very_low'})",4917,key_very_low|mode_1|valence_very_low
0.05890104098036632,"frozenset({'valence_low', 'speechiness_high'})",4917,speechiness_high|valence_low
0.05888906191976425,"frozenset({'loudness_low', 'mode_1', 'key_very_low'})",4916,key_very_low|loudness_low|mode_1
0.05888906191976425,"frozenset({'duration_ms_very_high', 'acousticness_high'})",4916,acousticness_high|duration_ms_very_high
0.05884114567735598,"frozenset({'duration_ms_low', 'mode_1', 'key_very_low'})",4912,duration_ms_low|key_very_low|mode_1
0.05879322943494771,"frozenset({'speechiness_low', 'loudness_high'})",4908,loudness_high|speechiness_low
0.058733334131937376,"frozenset({'mode_1', 'key_very_low', 'energy_very_high'})",4903,energy_very_high|key_very_low|mode_1
0.05872135507133531,"frozenset({'liveness_very_high', 'acousticness_high'})",4902,acousticness_high|liveness_very_high
0.058697396950131174,"frozenset({'danceability_very_low', 'tempo_very_high', 'mode_1'})",4900,danceability_very_low|mode_1|tempo_very_high
0.058613543525916696,"frozenset({'acousticness_very_low', 'speechiness_very_high', 'energy_very_high'})",4893,acousticness_very_low|energy_very_high|speechiness_very_high
0.05850573198049809,"frozenset({'loudness_very_low', 'key_very_high'})",4884,key_very_high|loudness_very_low
0.05843385761688569,"frozenset({'valence_very_high', 'duration_ms_high'})",4878,duration_ms_high|valence_very_high
0.05843385761688569,"frozenset({'valence_low', 'tempo_low'})",4878,tempo_low|valence_low
0.05843385761688569,"frozenset({'loudness_very_low', 'key_high'})",4878,key_high|loudness_very_low
0.05842187855628361,"frozenset({'energy_high', 'danceability_low'})",4877,danceability_low|energy_high
0.058409899495681546,"frozenset({'valence_low', 'mode_1', 'key_very_low'})",4876,key_very_low|mode_1|valence_low
0.058373962313875344,"frozenset({'loudness_very_low', 'energy_very_low', 'key_very_low'})",4873,energy_very_low|key_very_low|loudness_very_low
0.05836198325327328,"frozenset({'duration_ms_very_low', 'speechiness_low'})",4872,duration_ms_very_low|speechiness_low
0.05835000419267121,"frozenset({'instrumentalness_high', 'loudness_low'})",4871,instrumentalness_high|loudness_low
0.05833802513206914,"frozenset({'loudness_very_high', 'mode_0', 'energy_very_high'})",4870,energy_very_high|loudness_very_high|mode_0
0.058278129829058806,"frozenset({'speechiness_high', 'duration_ms_high'})",4865,duration_ms_high|speechiness_high
0.0581703182836402,"frozenset({'valence_very_low', 'tempo_low'})",4856,tempo_low|valence_very_low
0.05800261143521125,"frozenset({'danceability_low', 'mode_1', 'key_very_low'})",4842,danceability_low|key_very_low|mode_1
0.057990632374609184,"frozenset({'speechiness_very_low', 'key_very_high'})",4841,key_very_high|speechiness_very_low
0.05790677895039471,"frozenset({'key_very_low', 'speechiness_very_high', 'mode_1'})",4834,key_very_low|mode_1|speechiness_very_high
0.05789479988979264,"frozenset({'instrumentalness_low', 'energy_high', 'acousticness_low'})",4833,acousticness_low|energy_high|instrumentalness_low
0.05789479988979264,"frozenset({'speechiness_very_low', 'key_high'})",4833,key_high|speechiness_very_low
0.05788282082919057,"frozenset({'energy_low', 'speechiness_very_high'})",4832,energy_low|speechiness_very_high
0.05784688364738437,"frozenset({'mode_0', 'acousticness_very_low', 'energy_very_high'})",4829,acousticness_very_low|energy_very_high|mode_0
0.057822925526180236,"frozenset({'liveness_very_low', 'tempo_very_low'})",4827,liveness_very_low|tempo_very_low
0.057822925526180236,"frozenset({'instrumentalness_high', 'mode_1', 'key_very_low'})",4827,instrumentalness_high|key_very_low|mode_1
0.05781094646557817,"frozenset({'key_very_low', 'mode_1', 'tempo_high'})",4826,key_very_low|mode_1|tempo_high
0.0577630302231699,"frozenset({'speechiness_very_low', 'loudness_very_low', 'energy_very_low'})",4822,energy_very_low|loudness_very_low|speechiness_very_low
0.05775105116256783,"frozenset({'liveness_low', 'mode_1', 'key_very_low'})",4821,key_very_low|liveness_low|mode_1
0.05771511398076163,"frozenset({'danceability_very_low', 'valence_very_low', 'loudness_very_low', 'energy_very_low'})",4818,danceability_very_low|energy_very_low|loudness_very_low|valence_very_low
0.057691155859557496,"frozenset({'key_low', 'instrumentalness_low', 'mode_1'})",4816,instrumentalness_low|key_low|mode_1
0.057655218677751294,"frozenset({'instrumentalness_high', 'loudness_very_low', 'danceability_very_low'})",4813,danceability_very_low|instrumentalness_high|loudness_very_low
0.057655218677751294,"frozenset({'danceability_low', 'tempo_high'})",4813,danceability_low|tempo_high
0.05760730243534302,"frozenset({'danceability_high', 'mode_1', 'key_very_low'})",4809,danceability_high|key_very_low|mode_1
0.05746355370811821,"frozenset({'instrumentalness_low', 'loudness_very_high', 'energy_high'})",4797,energy_high|instrumentalness_low|loudness_very_high
0.05746355370811821,"frozenset({'energy_very_low', 'key_high'})",4797,energy_very_low|key_high
0.057439595586914076,"frozenset({'speechiness_very_low', 'mode_1', 'acousticness_high'})",4795,acousticness_high|mode_1|speechiness_very_low
0.05742761652631201,"frozenset({'liveness_very_low', 'speechiness_very_high'})",4794,liveness_very_low|speechiness_very_high
0.05741563746570994,"frozenset({'tempo_very_low', 'mode_1', 'key_very_low'})",4793,key_very_low|mode_1|tempo_very_low
0.05737970028390374,"frozenset({'key_low', 'acousticness_very_high'})",4790,acousticness_very_high|key_low
0.057367721223301665,"frozenset({'danceability_very_high', 'mode_1', 'key_very_low'})",4789,danceability_very_high|key_very_low|mode_1
0.05734376310209753,"frozenset({'valence_low', 'instrumentalness_high'})",4787,instrumentalness_high|valence_low
0.057331784041495464,"frozenset({'energy_high', 'valence_very_high', 'mode_1'})",4786,energy_high|mode_1|valence_very_high
0.05730782592029133,"frozenset({'speechiness_low', 'acousticness_very_low'})",4784,acousticness_very_low|speechiness_low
0.05729584685968926,"frozenset({'instrumentalness_medium', 'loudness_very_low'})",4783,instrumentalness_medium|loudness_very_low
0.05729584685968926,"frozenset({'valence_very_low', 'key_very_high'})",4783,key_very_high|valence_very_low
0.05729584685968926,"frozenset({'mode_1', 'key_very_low', 'loudness_high'})",4783,key_very_low|loudness_high|mode_1
0.05729584685968926,"frozenset({'valence_low', 'speechiness_low'})",4783,speechiness_low|valence_low
0.057235951556678925,"frozenset({'energy_high', 'mode_1', 'key_very_low'})",4778,energy_high|key_very_low|mode_1
0.057235951556678925,"frozenset({'instrumentalness_high', 'energy_very_low', 'mode_1'})",4778,energy_very_low|instrumentalness_high|mode_1
0.05722397249607686,"frozenset({'energy_very_low', 'key_very_low', 'acousticness_very_high'})",4777,acousticness_very_high|energy_very_low|key_very_low
0.05721199343547479,"frozenset({'loudness_very_high', 'mode_1', 'key_very_low'})",4776,key_very_low|loudness_very_high|mode_1
0.057200014374872724,"frozenset({'duration_ms_low', 'acousticness_very_high'})",4775,acousticness_very_high|duration_ms_low
0.05717605625366859,"frozenset({'danceability_high', 'speechiness_high'})",4773,danceability_high|speechiness_high
0.05710418189005618,"frozenset({'speechiness_low', 'mode_1', 'key_very_low'})",4767,key_very_low|mode_1|speechiness_low
0.05709220282945411,"frozenset({'valence_low', 'acousticness_low'})",4766,acousticness_low|valence_low
0.05705626564764791,"frozenset({'danceability_low', 'acousticness_high'})",4763,acousticness_high|danceability_low
0.05702032846584171,"frozenset({'energy_low', 'instrumentalness_medium'})",4760,energy_low|instrumentalness_medium
0.05702032846584171,"frozenset({'loudness_very_high', 'danceability_very_high'})",4760,danceability_very_high|loudness_very_high
0.05699637034463757,"frozenset({'energy_low', 'mode_1', 'key_very_low'})",4758,energy_low|key_very_low|mode_1
0.05699637034463757,"frozenset({'valence_very_low', 'instrumentalness_high', 'energy_very_low'})",4758,energy_very_low|instrumentalness_high|valence_very_low
0.05699637034463757,"frozenset({'loudness_very_low', 'liveness_low', 'energy_very_low', 'acousticness_very_high'})",4758,acousticness_very_high|energy_very_low|liveness_low|loudness_very_low
0.056984391284035506,"frozenset({'instrumentalness_medium', 'speechiness_very_high'})",4757,instrumentalness_medium|speechiness_very_high
0.05696043316283137,"frozenset({'mode_1', 'key_very_low', 'duration_ms_high'})",4755,duration_ms_high|key_very_low|mode_1
0.05696043316283137,"frozenset({'danceability_very_high', 'duration_ms_very_high'})",4755,danceability_very_high|duration_ms_very_high
0.056852621617412766,"frozenset({'loudness_very_low', 'speechiness_high'})",4746,loudness_very_low|speechiness_high
0.05680470537500449,"frozenset({'duration_ms_very_high', 'mode_1', 'key_very_low'})",4742,duration_ms_very_high|key_very_low|mode_1
0.05679272631440242,"frozenset({'speechiness_low', 'acousticness_high'})",4741,acousticness_high|speechiness_low
0.056780747253800355,"frozenset({'danceability_low', 'speechiness_very_low', 'mode_1'})",4740,danceability_low|mode_1|speechiness_very_low
0.05676876819319829,"frozenset({'mode_1', 'key_very_low', 'valence_high'})",4739,key_very_low|mode_1|valence_high
0.05676876819319829,"frozenset({'speechiness_low', 'tempo_very_high'})",4739,speechiness_low|tempo_very_high
0.05676876819319829,"frozenset({'acousticness_low', 'mode_1', 'key_very_low'})",4739,acousticness_low|key_very_low|mode_1
0.05675678913259622,"frozenset({'tempo_very_low', 'loudness_very_low', 'energy_very_low', 'acousticness_very_high'})",4738,acousticness_very_high|energy_very_low|loudness_very_low|tempo_very_low
0.05675678913259622,"frozenset({'liveness_high', 'mode_1', 'key_very_low'})",4738,key_very_low|liveness_high|mode_1
0.05674481007199415,"frozenset({'speechiness_very_low', 'liveness_low', 'mode_1'})",4737,liveness_low|mode_1|speechiness_very_low
0.05670887289018795,"frozenset({'energy_low', 'danceability_low'})",4734,danceability_low|energy_low
0.056696893829585884,"frozenset({'mode_1', 'key_very_low', 'speechiness_high'})",4733,key_very_low|mode_1|speechiness_high
0.05668491476898382,"frozenset({'valence_low', 'liveness_very_low'})",4732,liveness_very_low|valence_low
0.056601061344769346,"frozenset({'danceability_high', 'energy_very_high'})",4725,danceability_high|energy_very_high
0.05655314510236107,"frozenset({'liveness_high', 'danceability_very_high'})",4721,danceability_very_high|liveness_high
0.05655314510236107,"frozenset({'acousticness_very_low', 'tempo_low'})",4721,acousticness_very_low|tempo_low
0.056493249799350734,"frozenset({'instrumentalness_low', 'danceability_very_high', 'speechiness_very_high'})",4716,danceability_very_high|instrumentalness_low|speechiness_very_high
0.05637345919333006,"frozenset({'acousticness_very_high', 'key_high'})",4706,acousticness_very_high|key_high
0.056361480132727994,"frozenset({'valence_very_low', 'tempo_very_high'})",4705,tempo_very_high|valence_very_low
0.056349501072125927,"frozenset({'instrumentalness_low', 'energy_low', 'loudness_high'})",4704,energy_low|instrumentalness_low|loudness_high
0.056349501072125927,"frozenset({'valence_very_low', 'speechiness_high'})",4704,speechiness_high|valence_very_low
0.05630158482971765,"frozenset({'liveness_low', 'speechiness_high'})",4700,liveness_low|speechiness_high
0.05630158482971765,"frozenset({'speechiness_low', 'acousticness_low'})",4700,acousticness_low|speechiness_low
0.05630158482971765,"frozenset({'mode_1', 'key_very_low', 'acousticness_high'})",4700,acousticness_high|key_very_low|mode_1
0.05628960576911558,"frozenset({'energy_very_low', 'key_very_high'})",4699,energy_very_low|key_very_high
0.05625366858730938,"frozenset({'acousticness_very_low', 'duration_ms_low'})",4696,acousticness_very_low|duration_ms_low
0.05622971046610525,"frozenset({'liveness_low', 'tempo_very_high'})",4694,liveness_low|tempo_very_high
0.05618179422369698,"frozenset({'duration_ms_very_low', 'loudness_very_low', 'energy_very_low', 'acousticness_very_high'})",4690,acousticness_very_high|duration_ms_very_low|energy_very_low|loudness_very_low
0.05616981516309491,"frozenset({'loudness_low', 'duration_ms_low'})",4689,duration_ms_low|loudness_low
0.056145857041890776,"frozenset({'mode_0', 'loudness_very_low', 'energy_very_low'})",4687,energy_very_low|loudness_very_low|mode_0
0.05609794079948251,"frozenset({'instrumentalness_low', 'mode_0', 'acousticness_high'})",4683,acousticness_high|instrumentalness_low|mode_0
0.056026066435870096,"frozenset({'tempo_very_low', 'danceability_high'})",4677,danceability_high|tempo_very_low
0.05601408737526803,"frozenset({'duration_ms_very_low', 'valence_very_high', 'mode_1'})",4676,duration_ms_very_low|mode_1|valence_very_high
0.05600210831466596,"frozenset({'energy_low', 'tempo_very_high'})",4675,energy_low|tempo_very_high
0.05597815019346183,"frozenset({'speechiness_low', 'energy_low'})",4673,energy_low|speechiness_low
0.055942213011655625,"frozenset({'acousticness_very_high', 'key_very_high'})",4670,acousticness_very_high|key_very_high
0.055894296769247356,"frozenset({'valence_very_low', 'loudness_low'})",4666,loudness_low|valence_very_low
0.055858359587441155,"frozenset({'danceability_very_low', 'energy_very_low', 'mode_1', 'acousticness_very_high'})",4663,acousticness_very_high|danceability_very_low|energy_very_low|mode_1
0.05583440146623702,"frozenset({'instrumentalness_medium', 'energy_very_low'})",4661,energy_very_low|instrumentalness_medium
0.055810443345032885,"frozenset({'tempo_very_low', 'duration_ms_very_high'})",4659,duration_ms_very_high|tempo_very_low
0.055810443345032885,"frozenset({'instrumentalness_low', 'loudness_very_low', 'mode_1'})",4659,instrumentalness_low|loudness_very_low|mode_1
0.055738568981420475,"frozenset({'valence_low', 'acousticness_high'})",4653,acousticness_high|valence_low
0.05572658992081841,"frozenset({'instrumentalness_medium', 'mode_1', 'key_very_low'})",4652,instrumentalness_medium|key_very_low|mode_1
0.0555469040117874,"frozenset({'loudness_low', 'speechiness_high'})",4637,loudness_low|speechiness_high
0.0555469040117874,"frozenset({'danceability_very_low', 'speechiness_very_high'})",4637,danceability_very_low|speechiness_very_high
0.05553492495118533,"frozenset({'liveness_very_low', 'energy_very_high'})",4636,energy_very_high|liveness_very_low
0.05552294589058326,"frozenset({'speechiness_low', 'danceability_very_high'})",4635,danceability_very_high|speechiness_low
0.055439092466368786,"frozenset({'valence_very_low', 'duration_ms_very_high', 'mode_1'})",4628,duration_ms_very_high|mode_1|valence_very_low
0.05542711340576672,"frozenset({'liveness_low', 'acousticness_low'})",4627,acousticness_low|liveness_low
0.05542711340576672,"frozenset({'liveness_high', 'acousticness_very_high'})",4627,acousticness_very_high|liveness_high
0.055403155284562584,"frozenset({'speechiness_low', 'loudness_very_low', 'acousticness_very_high'})",4625,acousticness_very_high|loudness_very_low|speechiness_low
0.05537919716335845,"frozenset({'tempo_very_high', 'mode_1', 'energy_very_high'})",4623,energy_very_high|mode_1|tempo_very_high
0.05536721810275638,"frozenset({'acousticness_very_low', 'tempo_very_high', 'energy_very_high'})",4622,acousticness_very_low|energy_very_high|tempo_very_high
0.05529534373914398,"frozenset({'instrumentalness_low', 'acousticness_high', 'loudness_high'})",4616,acousticness_high|instrumentalness_low|loudness_high
0.05525940655733777,"frozenset({'valence_very_high', 'mode_1', 'acousticness_high'})",4613,acousticness_high|mode_1|valence_very_high
0.0552474274967357,"frozenset({'danceability_high', 'acousticness_very_high'})",4612,acousticness_very_high|danceability_high
0.05507972064830676,"frozenset({'speechiness_very_low', 'mode_1', 'duration_ms_high'})",4598,duration_ms_high|mode_1|speechiness_very_low
0.05505576252710263,"frozenset({'danceability_very_low', 'tempo_very_low', 'mode_1'})",4596,danceability_very_low|mode_1|tempo_very_low
0.05505576252710263,"frozenset({'key_low', 'energy_very_low'})",4596,energy_very_low|key_low
0.05504378346650056,"frozenset({'instrumentalness_low', 'loudness_very_high', 'mode_0'})",4595,instrumentalness_low|loudness_very_high|mode_0
0.05503180440589849,"frozenset({'valence_very_low', 'liveness_very_high'})",4594,liveness_very_high|valence_very_low
0.05499586722409228,"frozenset({'loudness_very_low', 'danceability_low'})",4591,danceability_low|loudness_very_low
0.054947950981684014,"frozenset({'speechiness_low', 'valence_high'})",4587,speechiness_low|valence_high
0.05492399286047988,"frozenset({'speechiness_very_low', 'danceability_high', 'mode_1'})",4585,danceability_high|mode_1|speechiness_very_low
0.05491201379987781,"frozenset({'energy_very_low', 'duration_ms_low'})",4584,duration_ms_low|energy_very_low
0.054900034739275745,"frozenset({'valence_very_low', 'loudness_very_low', 'energy_very_low', 'mode_1'})",4583,energy_very_low|loudness_very_low|mode_1|valence_very_low
0.054900034739275745,"frozenset({'liveness_low', 'valence_high'})",4583,liveness_low|valence_high
0.054900034739275745,"frozenset({'danceability_very_low', 'valence_very_low', 'energy_very_low', 'acousticness_very_high'})",4583,acousticness_very_high|danceability_very_low|energy_very_low|valence_very_low
0.05487607661807161,"frozenset({'liveness_high', 'energy_very_low'})",4581,energy_very_low|liveness_high
0.05486409755746954,"frozenset({'instrumentalness_low', 'loudness_very_low', 'energy_very_low'})",4580,energy_very_low|instrumentalness_low|loudness_very_low
0.054852118496867476,"frozenset({'instrumentalness_medium', 'tempo_very_low'})",4579,instrumentalness_medium|tempo_very_low
0.05484013943626541,"frozenset({'danceability_high', 'speechiness_very_high'})",4578,danceability_high|speechiness_very_high
0.05484013943626541,"frozenset({'acousticness_very_low', 'speechiness_high', 'energy_very_high'})",4578,acousticness_very_low|energy_very_high|speechiness_high
0.05482816037566334,"frozenset({'speechiness_very_low', 'valence_high'})",4577,speechiness_very_low|valence_high
0.05466045352723439,"frozenset({'speechiness_low', 'acousticness_very_high', 'mode_1'})",4563,acousticness_very_high|mode_1|speechiness_low
0.054612537284826124,"frozenset({'danceability_high', 'tempo_very_high'})",4559,danceability_high|tempo_very_high
0.05458857916362199,"frozenset({'liveness_very_high', 'loudness_low'})",4557,liveness_very_high|loudness_low
0.05458857916362199,"frozenset({'acousticness_very_low', 'instrumentalness_high', 'mode_1'})",4557,acousticness_very_low|instrumentalness_high|mode_1
0.05458857916362199,"frozenset({'energy_high', 'acousticness_low', 'mode_1'})",4557,acousticness_low|energy_high|mode_1
0.05455264198181579,"frozenset({'loudness_very_low', 'tempo_high'})",4554,loudness_very_low|tempo_high
0.05454066292121372,"frozenset({'liveness_low', 'loudness_high'})",4553,liveness_low|loudness_high
0.05449274667880545,"frozenset({'tempo_very_low', 'loudness_high'})",4549,loudness_high|tempo_very_low
0.054480767618203384,"frozenset({'loudness_very_high', 'acousticness_very_low', 'mode_1', 'energy_very_high'})",4548,acousticness_very_low|energy_very_high|loudness_very_high|mode_1
0.05443285137579511,"frozenset({'speechiness_very_low', 'valence_very_high'})",4544,speechiness_very_low|valence_very_high
0.05442087231519304,"frozenset({'loudness_very_high', 'speechiness_very_high', 'mode_1'})",4543,loudness_very_high|mode_1|speechiness_very_high
0.05440889325459097,"frozenset({'loudness_very_high', 'tempo_low'})",4542,loudness_very_high|tempo_low
0.054396914193988906,"frozenset({'duration_ms_very_low', 'valence_very_low'})",4541,duration_ms_very_low|valence_very_low
0.05438493513338684,"frozenset({'liveness_very_low', 'acousticness_very_high'})",4540,acousticness_very_high|liveness_very_low
0.05437295607278477,"frozenset({'instrumentalness_low', 'mode_0', 'energy_high'})",4539,energy_high|instrumentalness_low|mode_0
0.05424118640616203,"frozenset({'speechiness_very_low', 'acousticness_low'})",4528,acousticness_low|speechiness_very_low
0.0542172282849579,"frozenset({'speechiness_low', 'liveness_very_high'})",4526,liveness_very_high|speechiness_low
0.054193270163753755,"frozenset({'valence_very_low', 'liveness_high'})",4524,liveness_high|valence_very_low
0.054145353921345486,"frozenset({'danceability_very_low', 'loudness_very_low', 'energy_very_low', 'mode_1'})",4520,danceability_very_low|energy_very_low|loudness_very_low|mode_1
0.054109416739539284,"frozenset({'duration_ms_very_low', 'liveness_very_low'})",4517,duration_ms_very_low|liveness_very_low
0.05407347955773308,"frozenset({'loudness_very_high', 'tempo_very_high', 'mode_1'})",4514,loudness_very_high|mode_1|tempo_very_high
0.05389379364870207,"frozenset({'duration_ms_very_low', 'valence_low'})",4499,duration_ms_very_low|valence_low
0.05389379364870207,"frozenset({'speechiness_very_low', 'energy_high'})",4499,energy_high|speechiness_very_low
0.053857856466895865,"frozenset({'instrumentalness_low', 'loudness_very_high', 'valence_very_high'})",4496,instrumentalness_low|loudness_very_high|valence_very_high
0.05382191928508966,"frozenset({'instrumentalness_medium', 'acousticness_very_high'})",4493,acousticness_very_high|instrumentalness_medium
0.05379796116388553,"frozenset({'instrumentalness_high', 'valence_very_low', 'loudness_very_low', 'energy_very_low'})",4491,energy_very_low|instrumentalness_high|loudness_very_low|valence_very_low
0.05376202398207933,"frozenset({'key_low', 'speechiness_very_low'})",4488,key_low|speechiness_very_low
0.05373806586087519,"frozenset({'acousticness_very_low', 'instrumentalness_high', 'energy_very_high'})",4486,acousticness_very_low|energy_very_high|instrumentalness_high
0.05359431713365038,"frozenset({'liveness_high', 'duration_ms_very_high'})",4474,duration_ms_very_high|liveness_high
0.05351046370943591,"frozenset({'acousticness_very_low', 'liveness_very_high', 'energy_very_high'})",4467,acousticness_very_low|energy_very_high|liveness_very_high
0.05341463122461936,"frozenset({'energy_very_low', 'duration_ms_very_high'})",4459,duration_ms_very_high|energy_very_low
0.05341463122461936,"frozenset({'duration_ms_very_low', 'instrumentalness_medium'})",4459,duration_ms_very_low|instrumentalness_medium
0.05334275686100696,"frozenset({'tempo_very_high', 'loudness_low'})",4453,loudness_low|tempo_very_high
0.053318798739802824,"frozenset({'instrumentalness_low', 'danceability_very_high', 'acousticness_high'})",4451,acousticness_high|danceability_very_high|instrumentalness_low
0.05328286155799662,"frozenset({'speechiness_very_high', 'duration_ms_high'})",4448,duration_ms_high|speechiness_very_high
0.053270882497394555,"frozenset({'danceability_high', 'mode_1', 'valence_very_high'})",4447,danceability_high|mode_1|valence_very_high
0.05312713377016974,"frozenset({'speechiness_very_high', 'tempo_low'})",4435,speechiness_very_high|tempo_low
0.05311515470956767,"frozenset({'instrumentalness_low', 'mode_0', 'acousticness_low'})",4434,acousticness_low|instrumentalness_low|mode_0
0.053103175648965606,"frozenset({'duration_ms_very_low', 'tempo_high'})",4433,duration_ms_very_low|tempo_high
0.053103175648965606,"frozenset({'speechiness_low', 'loudness_very_low', 'mode_1'})",4433,loudness_very_low|mode_1|speechiness_low
0.05304328034595527,"frozenset({'mode_1', 'speechiness_high', 'energy_very_high'})",4428,energy_very_high|mode_1|speechiness_high
0.053019322224751135,"frozenset({'instrumentalness_high', 'tempo_very_high'})",4426,instrumentalness_high|tempo_very_high
0.05298338504294493,"frozenset({'valence_low', 'speechiness_very_low', 'mode_1'})",4423,mode_1|speechiness_very_low|valence_low
0.052935468800536664,"frozenset({'acousticness_low', 'danceability_low'})",4419,acousticness_low|danceability_low
0.0529234897399346,"frozenset({'tempo_very_low', 'speechiness_high'})",4418,speechiness_high|tempo_very_low
0.05280369913391392,"frozenset({'valence_very_low', 'energy_very_low', 'mode_1', 'acousticness_very_high'})",4408,acousticness_very_high|energy_very_low|mode_1|valence_very_low
0.05280369913391392,"frozenset({'instrumentalness_low', 'loudness_very_high', 'duration_ms_low'})",4408,duration_ms_low|instrumentalness_low|loudness_very_high
0.052719845709699446,"frozenset({'speechiness_low', 'energy_very_low', 'mode_1'})",4401,energy_very_low|mode_1|speechiness_low
0.05265995040668911,"frozenset({'instrumentalness_high', 'loudness_very_low', 'energy_very_low', 'mode_1'})",4396,energy_very_low|instrumentalness_high|loudness_very_low|mode_1
0.05265995040668911,"frozenset({'danceability_low', 'speechiness_very_high'})",4396,danceability_low|speechiness_very_high
0.052635992285484975,"frozenset({'liveness_low', 'energy_very_low', 'mode_1', 'acousticness_very_high'})",4394,acousticness_very_high|energy_very_low|liveness_low|mode_1
0.0526240132248829,"frozenset({'danceability_low', 'tempo_low'})",4393,danceability_low|tempo_low
0.0525880760430767,"frozenset({'tempo_low', 'energy_very_high'})",4390,energy_very_high|tempo_low
0.05250422261886223,"frozenset({'instrumentalness_low', 'energy_high', 'acousticness_high'})",4383,acousticness_high|energy_high|instrumentalness_low
0.05244432731585189,"frozenset({'danceability_very_low', 'acousticness_very_low', 'mode_1'})",4378,acousticness_very_low|danceability_very_low|mode_1
0.05242036919464776,"frozenset({'danceability_very_low', 'liveness_very_low'})",4376,danceability_very_low|liveness_very_low
0.05239641107344362,"frozenset({'instrumentalness_low', 'danceability_high', 'valence_very_high'})",4374,danceability_high|instrumentalness_low|valence_very_high
0.052384432012841556,"frozenset({'instrumentalness_low', 'loudness_very_high', 'speechiness_very_high'})",4373,instrumentalness_low|loudness_very_high|speechiness_very_high
0.05237245295223949,"frozenset({'speechiness_low', 'loudness_very_low', 'energy_very_low', 'acousticness_very_high'})",4372,acousticness_very_high|energy_very_low|loudness_very_low|speechiness_low
0.05233651577043328,"frozenset({'energy_high', 'tempo_very_low'})",4369,energy_high|tempo_very_low
0.05232453670983121,"frozenset({'danceability_high', 'duration_ms_very_high'})",4368,danceability_high|duration_ms_very_high
0.05232453670983121,"frozenset({'instrumentalness_low', 'energy_very_low', 'mode_1', 'acousticness_very_high'})",4368,acousticness_very_high|energy_very_low|instrumentalness_low|mode_1
0.05224068328561674,"frozenset({'speechiness_high', 'acousticness_high'})",4361,acousticness_high|speechiness_high
0.05220474610381054,"frozenset({'liveness_very_high', 'speechiness_very_high', 'mode_1'})",4358,liveness_very_high|mode_1|speechiness_very_high
0.05216880892200434,"frozenset({'liveness_high', 'instrumentalness_high'})",4355,instrumentalness_high|liveness_high
0.05216880892200434,"frozenset({'duration_ms_very_low', 'loudness_high'})",4355,duration_ms_very_low|loudness_high
0.05212089267959607,"frozenset({'loudness_low', 'speechiness_very_high'})",4351,loudness_low|speechiness_very_high
0.052060997376585726,"frozenset({'instrumentalness_medium', 'acousticness_high'})",4346,acousticness_high|instrumentalness_medium
0.05204901831598366,"frozenset({'valence_very_low', 'liveness_low', 'mode_1'})",4345,liveness_low|mode_1|valence_very_low
0.05200110207357539,"frozenset({'liveness_high', 'loudness_very_low'})",4341,liveness_high|loudness_very_low
0.05195318583116712,"frozenset({'tempo_high', 'acousticness_high'})",4337,acousticness_high|tempo_high
0.05195318583116712,"frozenset({'instrumentalness_low', 'mode_0', 'valence_high'})",4337,instrumentalness_low|mode_0|valence_high
0.051929227709962986,"frozenset({'instrumentalness_low', 'key_very_low', 'acousticness_high'})",4335,acousticness_high|instrumentalness_low|key_very_low
0.05190526958875885,"frozenset({'valence_low', 'energy_very_low', 'mode_1'})",4333,energy_very_low|mode_1|valence_low
0.05186933240695265,"frozenset({'valence_low', 'energy_high'})",4330,energy_high|valence_low
0.05185735334635058,"frozenset({'liveness_very_high', 'acousticness_very_high'})",4329,acousticness_very_high|liveness_very_high
0.05183339522514645,"frozenset({'key_low', 'loudness_very_low'})",4327,key_low|loudness_very_low
0.051809437103942306,"frozenset({'duration_ms_very_low', 'instrumentalness_low', 'valence_very_high'})",4325,duration_ms_very_low|instrumentalness_low|valence_very_high
0.05179745804334024,"frozenset({'instrumentalness_high', 'acousticness_very_high', 'mode_1'})",4324,acousticness_very_high|instrumentalness_high|mode_1
0.05178547898273817,"frozenset({'liveness_very_low', 'danceability_low'})",4323,danceability_low|liveness_very_low
0.05174954180093197,"frozenset({'instrumentalness_high', 'duration_ms_very_high', 'mode_1'})",4320,duration_ms_very_high|instrumentalness_high|mode_1
0.05171360461912577,"frozenset({'instrumentalness_low', 'speechiness_very_low', 'energy_low'})",4317,energy_low|instrumentalness_low|speechiness_very_low
0.0517016255585237,"frozenset({'instrumentalness_low', 'mode_0', 'duration_ms_low'})",4316,duration_ms_low|instrumentalness_low|mode_0
0.0517016255585237,"frozenset({'valence_very_low', 'speechiness_very_high'})",4316,speechiness_very_high|valence_very_low
0.051677667437319566,"frozenset({'danceability_very_low', 'valence_very_low', 'loudness_very_low', 'acousticness_very_high'})",4314,acousticness_very_high|danceability_very_low|loudness_very_low|valence_very_low
0.051557876831298886,"frozenset({'loudness_low', 'mode_1', 'acousticness_high'})",4304,acousticness_high|loudness_low|mode_1
0.05154589777069682,"frozenset({'speechiness_very_low', 'loudness_very_low', 'mode_1'})",4303,loudness_very_low|mode_1|speechiness_very_low
0.05148600246768648,"frozenset({'mode_0', 'energy_very_low', 'acousticness_very_high'})",4298,acousticness_very_high|energy_very_low|mode_0
0.05145006528588028,"frozenset({'instrumentalness_low', 'mode_0', 'danceability_very_high'})",4295,danceability_very_high|instrumentalness_low|mode_0
0.051438086225278214,"frozenset({'danceability_very_high', 'duration_ms_high'})",4294,danceability_very_high|duration_ms_high
0.05141412810407408,"frozenset({'instrumentalness_low', 'liveness_very_high', 'speechiness_very_high'})",4292,instrumentalness_low|liveness_very_high|speechiness_very_high
0.05137819092226788,"frozenset({'danceability_low', 'mode_1', 'valence_low'})",4289,danceability_low|mode_1|valence_low
0.05135423280106374,"frozenset({'acousticness_very_high', 'valence_high'})",4287,acousticness_very_high|valence_high
0.051342253740461676,"frozenset({'loudness_very_high', 'liveness_very_high', 'mode_1'})",4286,liveness_very_high|loudness_very_high|mode_1
0.0512943374980534,"frozenset({'loudness_very_high', 'speechiness_high', 'energy_very_high'})",4282,energy_very_high|loudness_very_high|speechiness_high
0.05117454689203273,"frozenset({'instrumentalness_low', 'loudness_low', 'acousticness_high'})",4272,acousticness_high|instrumentalness_low|loudness_low
0.051138609710226525,"frozenset({'duration_ms_very_low', 'energy_very_high'})",4269,duration_ms_very_low|energy_very_high
0.05103079816480791,"frozenset({'tempo_very_low', 'acousticness_low'})",4260,acousticness_low|tempo_very_low
0.05103079816480791,"frozenset({'duration_ms_very_low', 'acousticness_low'})",4260,acousticness_low|duration_ms_very_low
0.05099486098300171,"frozenset({'valence_low', 'energy_very_low', 'acousticness_very_high'})",4257,acousticness_very_high|energy_very_low|valence_low
0.05095892380119551,"frozenset({'tempo_very_low', 'valence_very_high'})",4254,tempo_very_low|valence_very_high
0.05094694474059344,"frozenset({'energy_very_low', 'acousticness_high'})",4253,acousticness_high|energy_very_low
0.05092298661938931,"frozenset({'duration_ms_very_low', 'loudness_very_high'})",4251,duration_ms_very_low|loudness_very_high
0.050851112255776904,"frozenset({'instrumentalness_low', 'valence_very_high', 'acousticness_low'})",4245,acousticness_low|instrumentalness_low|valence_very_high
0.05082715413457277,"frozenset({'speechiness_very_low', 'tempo_very_low', 'mode_1'})",4243,mode_1|speechiness_very_low|tempo_very_low
0.0507792378921645,"frozenset({'key_low', 'danceability_very_low'})",4239,danceability_very_low|key_low
0.0507792378921645,"frozenset({'acousticness_very_low', 'instrumentalness_medium', 'energy_very_high'})",4239,acousticness_very_low|energy_very_high|instrumentalness_medium
0.050731321649756224,"frozenset({'instrumentalness_low', 'danceability_very_high', 'acousticness_low'})",4235,acousticness_low|danceability_very_high|instrumentalness_low
0.050731321649756224,"frozenset({'instrumentalness_low', 'speechiness_very_high', 'valence_high'})",4235,instrumentalness_low|speechiness_very_high|valence_high
0.05071934258915416,"frozenset({'energy_high', 'liveness_low'})",4234,energy_high|liveness_low
0.05062351010433762,"frozenset({'key_low', 'tempo_very_low'})",4226,key_low|tempo_very_low
0.05062351010433762,"frozenset({'speechiness_very_low', 'mode_1', 'tempo_low'})",4226,mode_1|speechiness_very_low|tempo_low
0.05061153104373555,"frozenset({'instrumentalness_low', 'danceability_high', 'acousticness_high'})",4225,acousticness_high|danceability_high|instrumentalness_low
0.05056361480132728,"frozenset({'duration_ms_very_high', 'valence_high'})",4221,duration_ms_very_high|valence_high
0.050551635740725215,"frozenset({'instrumentalness_low', 'mode_0', 'valence_very_high'})",4220,instrumentalness_low|mode_0|valence_very_high
0.050551635740725215,"frozenset({'key_low', 'liveness_low'})",4220,key_low|liveness_low
0.050551635740725215,"frozenset({'instrumentalness_low', 'mode_0', 'key_very_high'})",4220,instrumentalness_low|key_very_high|mode_0
0.050479761377112804,"frozenset({'speechiness_very_high', 'tempo_high'})",4214,speechiness_very_high|tempo_high
0.050347991710490064,"frozenset({'energy_very_low', 'duration_ms_high'})",4203,duration_ms_high|energy_very_low
0.050347991710490064,"frozenset({'danceability_very_low', 'valence_very_low', 'tempo_very_low'})",4203,danceability_very_low|tempo_very_low|valence_very_low
0.050252159225673526,"frozenset({'energy_low', 'liveness_very_high'})",4195,energy_low|liveness_very_high
0.050252159225673526,"frozenset({'duration_ms_very_low', 'danceability_low'})",4195,danceability_low|duration_ms_very_low
0.050252159225673526,"frozenset({'energy_very_low', 'tempo_high'})",4195,energy_very_low|tempo_high
0.05021622204386732,"frozenset({'danceability_low', 'tempo_very_high', 'mode_1'})",4192,danceability_low|mode_1|tempo_very_high
0.05020424298326525,"frozenset({'danceability_very_low', 'duration_ms_low'})",4191,danceability_very_low|duration_ms_low
0.05020424298326525,"frozenset({'loudness_very_high', 'acousticness_low', 'mode_1'})",4191,acousticness_low|loudness_very_high|mode_1
0.05019226392266318,"frozenset({'key_low', 'valence_very_low'})",4190,key_low|valence_very_low
0.05016830580145905,"frozenset({'tempo_very_low', 'energy_very_low', 'mode_1', 'acousticness_very_high'})",4188,acousticness_very_high|energy_very_low|mode_1|tempo_very_low
0.05015632674085698,"frozenset({'loudness_very_low', 'danceability_high'})",4187,danceability_high|loudness_very_low
0.050132368619652846,"frozenset({'valence_very_low', 'instrumentalness_high', 'duration_ms_very_high'})",4185,duration_ms_very_high|instrumentalness_high|valence_very_low
0.05006049425604044,"frozenset({'danceability_very_low', 'duration_ms_very_high', 'mode_1'})",4179,danceability_very_low|duration_ms_very_high|mode_1
0.05002455707423424,"frozenset({'danceability_very_high', 'tempo_very_low'})",4176,danceability_very_high|tempo_very_low
0.04998861989242804,"frozenset({'danceability_very_high', 'mode_1', 'tempo_low'})",4173,danceability_very_high|mode_1|tempo_low
0.0499646617712239,"frozenset({'instrumentalness_low', 'mode_0', 'loudness_high'})",4171,instrumentalness_low|loudness_high|mode_0
0.04995268271062183,"frozenset({'loudness_very_low', 'liveness_low', 'energy_very_low', 'mode_1'})",4170,energy_very_low|liveness_low|loudness_very_low|mode_1
0.04994070365001976,"frozenset({'liveness_very_low', 'mode_1', 'danceability_very_high'})",4169,danceability_very_high|liveness_very_low|mode_1
0.049928724589417696,"frozenset({'valence_very_low', 'instrumentalness_high', 'mode_0'})",4168,instrumentalness_high|mode_0|valence_very_low
0.04988080834700943,"frozenset({'instrumentalness_low', 'speechiness_very_low', 'acousticness_high'})",4164,acousticness_high|instrumentalness_low|speechiness_very_low
0.04988080834700943,"frozenset({'danceability_very_low', 'instrumentalness_high', 'energy_very_low'})",4164,danceability_very_low|energy_very_low|instrumentalness_high
0.04983289210460116,"frozenset({'instrumentalness_low', 'valence_very_high', 'key_very_low'})",4160,instrumentalness_low|key_very_low|valence_very_high
0.04983289210460116,"frozenset({'duration_ms_very_high', 'acousticness_very_high'})",4160,acousticness_very_high|duration_ms_very_high
0.04982091304399909,"frozenset({'key_low', 'speechiness_low'})",4159,key_low|speechiness_low
0.04978497586219289,"frozenset({'danceability_very_high', 'acousticness_low', 'mode_1'})",4156,acousticness_low|danceability_very_high|mode_1
0.04970112243797841,"frozenset({'instrumentalness_low', 'loudness_very_high', 'valence_high'})",4149,instrumentalness_low|loudness_very_high|valence_high
0.049689143377376344,"frozenset({'key_low', 'danceability_low'})",4148,danceability_low|key_low
0.049689143377376344,"frozenset({'instrumentalness_low', 'acousticness_low', 'speechiness_very_high'})",4148,acousticness_low|instrumentalness_low|speechiness_very_high
0.049641227134968074,"frozenset({'acousticness_very_high', 'duration_ms_high'})",4144,acousticness_very_high|duration_ms_high
0.04961726901376394,"frozenset({'energy_low', 'speechiness_high'})",4142,energy_low|speechiness_high
0.04960528995316187,"frozenset({'key_low', 'energy_low'})",4141,energy_low|key_low
0.049593310892559805,"frozenset({'duration_ms_very_low', 'speechiness_very_high', 'mode_1'})",4140,duration_ms_very_low|mode_1|speechiness_very_high
0.049593310892559805,"frozenset({'speechiness_low', 'loudness_very_high'})",4140,loudness_very_high|speechiness_low
0.04956935277135567,"frozenset({'loudness_very_low', 'acousticness_high'})",4138,acousticness_high|loudness_very_low
0.04942560404413086,"frozenset({'key_low', 'liveness_high'})",4126,key_low|liveness_high
0.04940164592292672,"frozenset({'energy_low', 'loudness_very_low'})",4124,energy_low|loudness_very_low
0.04940164592292672,"frozenset({'duration_ms_very_low', 'energy_very_low', 'mode_1', 'acousticness_very_high'})",4124,acousticness_very_high|duration_ms_very_low|energy_very_low|mode_1
0.049305813438110184,"frozenset({'energy_low', 'acousticness_very_high'})",4116,acousticness_very_high|energy_low
0.04929383437750812,"frozenset({'loudness_very_high', 'danceability_low', 'energy_very_high'})",4115,danceability_low|energy_very_high|loudness_very_high
0.04928185531690605,"frozenset({'duration_ms_very_low', 'key_low'})",4114,duration_ms_very_low|key_low
0.049257897195701915,"frozenset({'instrumentalness_low', 'mode_0', 'energy_low'})",4112,energy_low|instrumentalness_low|mode_0
0.049257897195701915,"frozenset({'key_low', 'valence_low'})",4112,key_low|valence_low
0.049257897195701915,"frozenset({'danceability_very_low', 'loudness_very_low', 'acousticness_very_high', 'mode_1'})",4112,acousticness_very_high|danceability_very_low|loudness_very_low|mode_1
0.04924591813509985,"frozenset({'acousticness_very_low', 'tempo_very_high', 'mode_1'})",4111,acousticness_very_low|mode_1|tempo_very_high
0.04924591813509985,"frozenset({'valence_very_low', 'instrumentalness_high', 'acousticness_very_high'})",4111,acousticness_very_high|instrumentalness_high|valence_very_low
0.04922196001389571,"frozenset({'instrumentalness_high', 'danceability_high'})",4109,danceability_high|instrumentalness_high
0.049209980953293646,"frozenset({'key_low', 'acousticness_high'})",4108,acousticness_high|key_low
0.04919800189269158,"frozenset({'speechiness_very_low', 'energy_very_low', 'mode_1', 'acousticness_very_high'})",4107,acousticness_very_high|energy_very_low|mode_1|speechiness_very_low
0.04917404377148744,"frozenset({'duration_ms_very_low', 'loudness_very_low', 'energy_very_low', 'mode_1'})",4105,duration_ms_very_low|energy_very_low|loudness_very_low|mode_1
0.04917404377148744,"frozenset({'acousticness_very_low', 'danceability_high'})",4105,acousticness_very_low|danceability_high
0.0491500856502833,"frozenset({'danceability_very_high', 'loudness_very_low'})",4103,danceability_very_high|loudness_very_low
0.049138106589681235,"frozenset({'acousticness_very_high', 'loudness_very_low', 'danceability_very_low', 'valence_very_low', 'energy_very_low'})",4102,acousticness_very_high|danceability_very_low|energy_very_low|loudness_very_low|valence_very_low
0.04910216940787503,"frozenset({'danceability_very_low', 'loudness_high'})",4099,danceability_very_low|loudness_high
0.04906623222606883,"frozenset({'danceability_high', 'energy_very_low'})",4096,danceability_high|energy_very_low
0.04903029504426263,"frozenset({'acousticness_very_low', 'mode_1', 'speechiness_high'})",4093,acousticness_very_low|mode_1|speechiness_high
0.04901831598366056,"frozenset({'loudness_very_low', 'acousticness_very_high', 'key_very_low'})",4092,acousticness_very_high|key_very_low|loudness_very_low
0.049006336923058495,"frozenset({'danceability_very_low', 'mode_1', 'energy_very_high'})",4091,danceability_very_low|energy_very_high|mode_1
0.049006336923058495,"frozenset({'tempo_very_low', 'loudness_very_low', 'energy_very_low', 'mode_1'})",4091,energy_very_low|loudness_very_low|mode_1|tempo_very_low
0.04899435786245643,"frozenset({'danceability_very_low', 'tempo_very_low', 'energy_very_low'})",4090,danceability_very_low|energy_very_low|tempo_very_low
0.04899435786245643,"frozenset({'valence_very_high', 'acousticness_low', 'mode_1'})",4090,acousticness_low|mode_1|valence_very_high
0.04889852537763988,"frozenset({'danceability_very_low', 'liveness_very_high', 'mode_1'})",4082,danceability_very_low|liveness_very_high|mode_1
0.048838630074629547,"frozenset({'danceability_very_low', 'mode_1', 'speechiness_low'})",4077,danceability_very_low|mode_1|speechiness_low
0.04873081852921094,"frozenset({'key_low', 'loudness_low'})",4068,key_low|loudness_low
0.048670923226200605,"frozenset({'loudness_very_low', 'duration_ms_low'})",4063,duration_ms_low|loudness_very_low
0.04865894416559853,"frozenset({'key_low', 'duration_ms_high'})",4062,duration_ms_high|key_low
0.04857509074138406,"frozenset({'instrumentalness_low', 'acousticness_low', 'loudness_high'})",4055,acousticness_low|instrumentalness_low|loudness_high
0.04857509074138406,"frozenset({'liveness_very_high', 'instrumentalness_high'})",4055,instrumentalness_high|liveness_very_high
0.04857509074138406,"frozenset({'instrumentalness_low', 'valence_very_high', 'duration_ms_low'})",4055,duration_ms_low|instrumentalness_low|valence_very_high
0.04853915355957786,"frozenset({'energy_low', 'mode_1', 'loudness_high'})",4052,energy_low|loudness_high|mode_1
0.04851519543837372,"frozenset({'key_low', 'instrumentalness_medium'})",4050,instrumentalness_medium|key_low
0.04847925825656752,"frozenset({'instrumentalness_low', 'valence_very_high', 'speechiness_very_high'})",4047,instrumentalness_low|speechiness_very_high|valence_very_high
0.04845530013536339,"frozenset({'liveness_high', 'mode_1', 'speechiness_very_low'})",4045,liveness_high|mode_1|speechiness_very_low
0.04845530013536339,"frozenset({'key_low', 'danceability_high'})",4045,danceability_high|key_low
0.04844332107476132,"frozenset({'instrumentalness_low', 'loudness_very_high', 'liveness_very_high'})",4044,instrumentalness_low|liveness_very_high|loudness_very_high
0.04837144671114891,"frozenset({'valence_low', 'acousticness_very_high', 'mode_1'})",4038,acousticness_very_high|mode_1|valence_low
0.04835946765054684,"frozenset({'instrumentalness_low', 'loudness_very_high', 'tempo_very_high'})",4037,instrumentalness_low|loudness_very_high|tempo_very_high
0.048347488589944775,"frozenset({'instrumentalness_low', 'valence_high', 'acousticness_high'})",4036,acousticness_high|instrumentalness_low|valence_high
0.04833550952934271,"frozenset({'loudness_very_high', 'duration_ms_very_high'})",4035,duration_ms_very_high|loudness_very_high
0.048299572347536505,"frozenset({'instrumentalness_high', 'loudness_very_low', 'liveness_low'})",4032,instrumentalness_high|liveness_low|loudness_very_low
0.04828759328693444,"frozenset({'instrumentalness_low', 'speechiness_very_low', 'energy_very_low'})",4031,energy_very_low|instrumentalness_low|speechiness_very_low
0.04823967704452617,"frozenset({'instrumentalness_low', 'energy_high', 'duration_ms_low'})",4027,duration_ms_low|energy_high|instrumentalness_low
0.0482276979839241,"frozenset({'key_low', 'tempo_low'})",4026,key_low|tempo_low
0.0482276979839241,"frozenset({'acousticness_low', 'instrumentalness_low', 'duration_ms_low'})",4026,acousticness_low|duration_ms_low|instrumentalness_low
0.048215718923322035,"frozenset({'valence_very_low', 'energy_low'})",4025,energy_low|valence_very_low
0.0481917608021179,"frozenset({'danceability_very_high', 'speechiness_very_high', 'mode_1'})",4023,danceability_very_high|mode_1|speechiness_very_high
0.04811988643850549,"frozenset({'instrumentalness_low', 'duration_ms_low', 'key_very_low'})",4017,duration_ms_low|instrumentalness_low|key_very_low
0.048095928317301355,"frozenset({'tempo_very_high', 'speechiness_very_high', 'mode_1'})",4015,mode_1|speechiness_very_high|tempo_very_high
0.04808394925669929,"frozenset({'duration_ms_very_high', 'speechiness_very_high'})",4014,duration_ms_very_high|speechiness_very_high
0.04805999113549515,"frozenset({'instrumentalness_high', 'loudness_very_low', 'energy_very_low', 'danceability_very_low'})",4012,danceability_very_low|energy_very_low|instrumentalness_high|loudness_very_low
0.048048012074893086,"frozenset({'danceability_very_high', 'mode_1', 'tempo_high'})",4011,danceability_very_high|mode_1|tempo_high
0.048012074893086884,"frozenset({'loudness_very_high', 'acousticness_high'})",4008,acousticness_high|loudness_very_high
0.048012074893086884,"frozenset({'duration_ms_very_low', 'energy_high'})",4008,duration_ms_very_low|energy_high
0.04800009583248482,"frozenset({'danceability_low', 'acousticness_very_high', 'mode_1'})",4007,acousticness_very_high|danceability_low|mode_1
0.047964158650678615,"frozenset({'instrumentalness_low', 'acousticness_very_low', 'mode_1'})",4004,acousticness_very_low|instrumentalness_low|mode_1
0.04795217959007655,"frozenset({'acousticness_very_high', 'tempo_high'})",4003,acousticness_very_high|tempo_high
0.047916242408270346,"frozenset({'acousticness_very_low', 'danceability_low', 'energy_very_high'})",4000,acousticness_very_low|danceability_low|energy_very_high
0.04790426334766828,"frozenset({'danceability_very_low', 'valence_very_low', 'duration_ms_very_high'})",3999,danceability_very_low|duration_ms_very_high|valence_very_low
0.04789228428706621,"frozenset({'instrumentalness_low', 'duration_ms_low', 'valence_high'})",3998,duration_ms_low|instrumentalness_low|valence_high
0.047880305226464144,"frozenset({'liveness_low', 'speechiness_very_high'})",3997,liveness_low|speechiness_very_high
0.047880305226464144,"frozenset({'duration_ms_very_low', 'tempo_very_low', 'mode_1'})",3997,duration_ms_very_low|mode_1|tempo_very_low
0.047796451802249666,"frozenset({'instrumentalness_low', 'loudness_very_high', 'mode_1', 'energy_very_high'})",3990,energy_very_high|instrumentalness_low|loudness_very_high|mode_1
0.047760514620443464,"frozenset({'instrumentalness_high', 'liveness_low', 'mode_1'})",3987,instrumentalness_high|liveness_low|mode_1
0.047760514620443464,"frozenset({'acousticness_very_low', 'instrumentalness_medium', 'mode_1'})",3987,acousticness_very_low|instrumentalness_medium|mode_1
0.047760514620443464,"frozenset({'acousticness_very_high', 'speechiness_high'})",3987,acousticness_very_high|speechiness_high
0.04772457743863726,"frozenset({'danceability_very_low', 'loudness_low'})",3984,danceability_very_low|loudness_low
0.04770061931743313,"frozenset({'instrumentalness_low', 'duration_ms_low', 'acousticness_high'})",3982,acousticness_high|duration_ms_low|instrumentalness_low
0.04765270307502486,"frozenset({'danceability_low', 'mode_1', 'duration_ms_high'})",3978,danceability_low|duration_ms_high|mode_1
0.047628744953820724,"frozenset({'liveness_very_low', 'valence_very_high', 'mode_1'})",3976,liveness_very_low|mode_1|valence_very_high
0.047556870590208314,"frozenset({'speechiness_very_low', 'instrumentalness_medium', 'mode_1'})",3970,instrumentalness_medium|mode_1|speechiness_very_low
0.047556870590208314,"frozenset({'valence_very_low', 'tempo_very_low', 'mode_1'})",3970,mode_1|tempo_very_low|valence_very_low
0.04753291246900418,"frozenset({'key_low', 'liveness_very_high'})",3968,key_low|liveness_very_high
0.04741312186298351,"frozenset({'duration_ms_very_low', 'instrumentalness_low', 'speechiness_very_high'})",3958,duration_ms_very_low|instrumentalness_low|speechiness_very_high
0.047377184681177305,"frozenset({'loudness_very_high', 'key_very_low', 'energy_very_high'})",3955,energy_very_high|key_very_low|loudness_very_high
0.04735322655997317,"frozenset({'valence_very_low', 'tempo_very_low', 'energy_very_low'})",3953,energy_very_low|tempo_very_low|valence_very_low
0.04735322655997317,"frozenset({'danceability_very_high', 'energy_low', 'mode_1'})",3953,danceability_very_high|energy_low|mode_1
0.04729333125696283,"frozenset({'instrumentalness_low', 'danceability_very_high', 'energy_high'})",3948,danceability_very_high|energy_high|instrumentalness_low
0.04728135219636076,"frozenset({'duration_ms_very_low', 'speechiness_very_low'})",3947,duration_ms_very_low|speechiness_very_low
0.04724541501455456,"frozenset({'valence_very_low', 'loudness_very_low', 'acousticness_very_high', 'mode_1'})",3944,acousticness_very_high|loudness_very_low|mode_1|valence_very_low
0.04722145689335042,"frozenset({'speechiness_low', 'instrumentalness_high', 'mode_1'})",3942,instrumentalness_high|mode_1|speechiness_low
0.04719749877214629,"frozenset({'instrumentalness_high', 'speechiness_very_high'})",3940,instrumentalness_high|speechiness_very_high
0.04718551971154422,"frozenset({'danceability_high', 'mode_1', 'acousticness_high'})",3939,acousticness_high|danceability_high|mode_1
0.04718551971154422,"frozenset({'valence_very_low', 'mode_1', 'speechiness_very_low'})",3939,mode_1|speechiness_very_low|valence_very_low
0.04713760346913595,"frozenset({'loudness_very_high', 'instrumentalness_medium', 'energy_very_high'})",3935,energy_very_high|instrumentalness_medium|loudness_very_high
0.04713760346913595,"frozenset({'instrumentalness_low', 'valence_very_high', 'loudness_high'})",3935,instrumentalness_low|loudness_high|valence_very_high
0.04708968722672768,"frozenset({'loudness_very_high', 'duration_ms_low', 'mode_1'})",3931,duration_ms_low|loudness_very_high|mode_1
0.04708968722672768,"frozenset({'key_low', 'duration_ms_very_high'})",3931,duration_ms_very_high|key_low
0.04706572910552354,"frozenset({'key_low', 'duration_ms_low'})",3929,duration_ms_low|key_low
0.047053750044921475,"frozenset({'instrumentalness_low', 'loudness_very_high', 'key_very_low'})",3928,instrumentalness_low|key_very_low|loudness_very_high
0.047005833802513206,"frozenset({'loudness_very_high', 'energy_high', 'mode_1'})",3924,energy_high|loudness_very_high|mode_1
0.04699385474191114,"frozenset({'tempo_very_low', 'liveness_low', 'mode_1'})",3923,liveness_low|mode_1|tempo_very_low
0.04698187568130907,"frozenset({'valence_low', 'liveness_low', 'mode_1'})",3922,liveness_low|mode_1|valence_low
0.046957917560104936,"frozenset({'instrumentalness_low', 'energy_high', 'key_very_low'})",3920,energy_high|instrumentalness_low|key_very_low
0.0469339594389008,"frozenset({'key_low', 'tempo_high'})",3918,key_low|tempo_high
0.046921980378298735,"frozenset({'instrumentalness_low', 'danceability_very_high', 'energy_low'})",3917,danceability_very_high|energy_low|instrumentalness_low
0.04691000131769667,"frozenset({'loudness_very_high', 'valence_very_high', 'mode_1'})",3916,loudness_very_high|mode_1|valence_very_high
0.0468980222570946,"frozenset({'key_low', 'valence_very_high'})",3915,key_low|valence_very_high
0.046874064135890466,"frozenset({'instrumentalness_low', 'speechiness_very_high', 'acousticness_high'})",3913,acousticness_high|instrumentalness_low|speechiness_very_high
0.04685010601468633,"frozenset({'valence_low', 'loudness_very_low', 'energy_very_low'})",3911,energy_very_low|loudness_very_low|valence_low
0.046838126954084264,"frozenset({'energy_very_low', 'valence_high'})",3910,energy_very_low|valence_high
0.046826147893482196,"frozenset({'instrumentalness_high', 'valence_very_low', 'loudness_very_low', 'acousticness_very_high'})",3909,acousticness_very_high|instrumentalness_high|loudness_very_low|valence_very_low
0.04681416883288012,"frozenset({'instrumentalness_low', 'tempo_very_low', 'acousticness_high'})",3908,acousticness_high|instrumentalness_low|tempo_very_low
0.04679021071167599,"frozenset({'instrumentalness_low', 'loudness_very_low', 'acousticness_very_high'})",3906,acousticness_very_high|instrumentalness_low|loudness_very_low
0.04668239916625738,"frozenset({'danceability_very_low', 'tempo_very_low', 'loudness_very_low'})",3897,danceability_very_low|loudness_very_low|tempo_very_low
0.04668239916625738,"frozenset({'instrumentalness_low', 'valence_very_low', 'mode_1'})",3897,instrumentalness_low|mode_1|valence_very_low
0.046670420105655315,"frozenset({'danceability_very_low', 'tempo_very_low', 'acousticness_very_high'})",3896,acousticness_very_high|danceability_very_low|tempo_very_low
0.04665844104505325,"frozenset({'instrumentalness_high', 'loudness_very_low', 'acousticness_very_high', 'mode_1'})",3895,acousticness_very_high|instrumentalness_high|loudness_very_low|mode_1
0.04665844104505325,"frozenset({'acousticness_low', 'mode_1', 'loudness_high'})",3895,acousticness_low|loudness_high|mode_1
0.04661052480264498,"frozenset({'valence_very_low', 'duration_ms_low'})",3891,duration_ms_low|valence_very_low
0.04661052480264498,"frozenset({'valence_very_low', 'acousticness_very_low', 'energy_very_high'})",3891,acousticness_very_low|energy_very_high|valence_very_low
0.04656260856023671,"frozenset({'key_low', 'speechiness_high'})",3887,key_low|speechiness_high
0.046550629499634635,"frozenset({'instrumentalness_high', 'valence_very_low', 'loudness_very_low', 'danceability_very_low'})",3886,danceability_very_low|instrumentalness_high|loudness_very_low|valence_very_low
0.04653865043903257,"frozenset({'acousticness_very_high', 'loudness_very_low', 'danceability_very_low', 'mode_1', 'energy_very_low'})",3885,acousticness_very_high|danceability_very_low|energy_very_low|loudness_very_low|mode_1
0.046514692317828434,"frozenset({'instrumentalness_low', 'energy_high', 'danceability_high'})",3883,danceability_high|energy_high|instrumentalness_low
0.0464907341966243,"frozenset({'instrumentalness_high', 'danceability_low'})",3881,danceability_low|instrumentalness_high
0.04647875513602223,"frozenset({'danceability_low', 'liveness_very_high', 'mode_1'})",3880,danceability_low|liveness_very_high|mode_1
0.04647875513602223,"frozenset({'acousticness_very_low', 'instrumentalness_high', 'duration_ms_very_high'})",3880,acousticness_very_low|duration_ms_very_high|instrumentalness_high
0.046466776075420164,"frozenset({'danceability_very_low', 'instrumentalness_high', 'acousticness_very_high'})",3879,acousticness_very_high|danceability_very_low|instrumentalness_high
0.04644281795421603,"frozenset({'instrumentalness_low', 'danceability_high', 'valence_high'})",3877,danceability_high|instrumentalness_low|valence_high
0.04643083889361396,"frozenset({'instrumentalness_low', 'energy_low', 'key_very_low'})",3876,energy_low|instrumentalness_low|key_very_low
0.04643083889361396,"frozenset({'instrumentalness_low', 'mode_0', 'danceability_high'})",3876,danceability_high|instrumentalness_low|mode_0
0.046418859833011895,"frozenset({'acousticness_very_low', 'key_very_low', 'energy_very_high'})",3875,acousticness_very_low|energy_very_high|key_very_low
0.04640688077240983,"frozenset({'instrumentalness_high', 'loudness_very_low', 'speechiness_low'})",3874,instrumentalness_high|loudness_very_low|speechiness_low
0.04635896453000156,"frozenset({'acousticness_very_low', 'duration_ms_very_high', 'mode_1'})",3870,acousticness_very_low|duration_ms_very_high|mode_1
0.04632302734819536,"frozenset({'valence_low', 'mode_1', 'danceability_very_low'})",3867,danceability_very_low|mode_1|valence_low
0.04631104828759329,"frozenset({'key_low', 'tempo_very_high'})",3866,key_low|tempo_very_high
0.04629906922699122,"frozenset({'instrumentalness_low', 'danceability_high', 'duration_ms_low'})",3865,danceability_high|duration_ms_low|instrumentalness_low
0.04627511110578708,"frozenset({'valence_very_low', 'liveness_low', 'energy_very_low'})",3863,energy_very_low|liveness_low|valence_very_low
0.046263132045185014,"frozenset({'speechiness_very_low', 'duration_ms_very_high', 'mode_1'})",3862,duration_ms_very_high|mode_1|speechiness_very_low
0.04625115298458295,"frozenset({'mode_0', 'loudness_very_low', 'acousticness_very_high'})",3861,acousticness_very_high|loudness_very_low|mode_0
0.046215215802776745,"frozenset({'instrumentalness_low', 'liveness_very_high', 'valence_very_high'})",3858,instrumentalness_low|liveness_very_high|valence_very_high
0.04620323674217468,"frozenset({'instrumentalness_low', 'key_very_low', 'loudness_high'})",3857,instrumentalness_low|key_very_low|loudness_high
0.04619125768157261,"frozenset({'valence_very_low', 'loudness_high'})",3856,loudness_high|valence_very_low
0.04619125768157261,"frozenset({'key_low', 'instrumentalness_high'})",3856,instrumentalness_high|key_low
0.04617927862097054,"frozenset({'danceability_very_low', 'valence_very_low', 'mode_0'})",3855,danceability_very_low|mode_0|valence_very_low
0.046167299560368476,"frozenset({'instrumentalness_low', 'duration_ms_low', 'speechiness_very_high'})",3854,duration_ms_low|instrumentalness_low|speechiness_very_high
0.04615532049976641,"frozenset({'danceability_high', 'mode_1', 'valence_high'})",3853,danceability_high|mode_1|valence_high
0.04615532049976641,"frozenset({'energy_very_low', 'speechiness_high'})",3853,energy_very_low|speechiness_high
0.04614334143916434,"frozenset({'instrumentalness_low', 'mode_0', 'duration_ms_high'})",3852,duration_ms_high|instrumentalness_low|mode_0
0.04614334143916434,"frozenset({'duration_ms_very_low', 'danceability_very_high', 'mode_1'})",3852,danceability_very_high|duration_ms_very_low|mode_1
0.046131362378562274,"frozenset({'speechiness_very_low', 'mode_1', 'tempo_high'})",3851,mode_1|speechiness_very_low|tempo_high
0.046131362378562274,"frozenset({'duration_ms_very_low', 'instrumentalness_high', 'mode_1'})",3851,duration_ms_very_low|instrumentalness_high|mode_1
0.04610740425735814,"frozenset({'danceability_very_high', 'mode_1', 'acousticness_high'})",3849,acousticness_high|danceability_very_high|mode_1
0.04607146707555194,"frozenset({'speechiness_low', 'energy_very_high'})",3846,energy_very_high|speechiness_low
0.0460475089543478,"frozenset({'loudness_very_low', 'duration_ms_high'})",3844,duration_ms_high|loudness_very_low
0.04595167646953126,"frozenset({'instrumentalness_low', 'acousticness_low', 'key_very_low'})",3836,acousticness_low|instrumentalness_low|key_very_low
0.04592771834832712,"frozenset({'acousticness_very_low', 'loudness_low'})",3834,acousticness_very_low|loudness_low
0.04589178116652092,"frozenset({'loudness_very_high', 'energy_very_high', 'duration_ms_high'})",3831,duration_ms_high|energy_very_high|loudness_very_high
0.04586782304531679,"frozenset({'acousticness_very_low', 'liveness_very_high', 'mode_1'})",3829,acousticness_very_low|liveness_very_high|mode_1
0.04585584398471472,"frozenset({'danceability_very_high', 'energy_high', 'mode_1'})",3828,danceability_very_high|energy_high|mode_1
0.04581990680290852,"frozenset({'danceability_very_low', 'loudness_very_high', 'energy_very_high'})",3825,danceability_very_low|energy_very_high|loudness_very_high
0.04581990680290852,"frozenset({'acousticness_very_low', 'speechiness_very_high', 'mode_1'})",3825,acousticness_very_low|mode_1|speechiness_very_high
0.04580792774230645,"frozenset({'key_low', 'loudness_very_high'})",3824,key_low|loudness_very_high
0.04580792774230645,"frozenset({'instrumentalness_low', 'energy_high', 'valence_high'})",3824,energy_high|instrumentalness_low|valence_high
0.04580792774230645,"frozenset({'valence_very_high', 'mode_1', 'loudness_high'})",3824,loudness_high|mode_1|valence_very_high
0.04579594868170438,"frozenset({'instrumentalness_low', 'key_very_low', 'valence_high'})",3823,instrumentalness_low|key_very_low|valence_high
0.045783969621102316,"frozenset({'speechiness_very_low', 'instrumentalness_high'})",3822,instrumentalness_high|speechiness_very_low
0.045760011499898175,"frozenset({'instrumentalness_high', 'energy_very_low', 'mode_1', 'acousticness_very_high'})",3820,acousticness_very_high|energy_very_low|instrumentalness_high|mode_1
0.04574803243929611,"frozenset({'instrumentalness_low', 'danceability_very_high', 'tempo_low'})",3819,danceability_very_high|instrumentalness_low|tempo_low
0.04574803243929611,"frozenset({'key_low', 'valence_high'})",3819,key_low|valence_high
0.04572407431809197,"frozenset({'key_low', 'loudness_high'})",3817,key_low|loudness_high
0.04568813713628577,"frozenset({'energy_high', 'danceability_high', 'mode_1'})",3814,danceability_high|energy_high|mode_1
0.04559230465146923,"frozenset({'loudness_very_low', 'valence_high'})",3806,loudness_very_low|valence_high
0.04555636746966303,"frozenset({'acousticness_very_low', 'mode_1', 'key_high'})",3803,acousticness_very_low|key_high|mode_1
0.04549647216665269,"frozenset({'liveness_very_high', 'loudness_very_low'})",3798,liveness_very_high|loudness_very_low
0.04548449310605062,"frozenset({'instrumentalness_low', 'liveness_very_high', 'valence_high'})",3797,instrumentalness_low|liveness_very_high|valence_high
0.045460534984846486,"frozenset({'liveness_very_high', 'speechiness_very_high', 'energy_very_high'})",3795,energy_very_high|liveness_very_high|speechiness_very_high
0.04544855592424442,"frozenset({'instrumentalness_low', 'mode_0', 'liveness_very_high'})",3794,instrumentalness_low|liveness_very_high|mode_0
0.04540063968183615,"frozenset({'acousticness_very_low', 'mode_1', 'tempo_high'})",3790,acousticness_very_low|mode_1|tempo_high
0.04538866062123408,"frozenset({'acousticness_very_low', 'danceability_very_high'})",3789,acousticness_very_low|danceability_very_high
0.045376681560632015,"frozenset({'valence_very_low', 'instrumentalness_high', 'energy_very_low', 'acousticness_very_high'})",3788,acousticness_very_high|energy_very_low|instrumentalness_high|valence_very_low
0.04536470250002995,"frozenset({'acousticness_high', 'mode_1', 'loudness_high'})",3787,acousticness_high|loudness_high|mode_1
0.04536470250002995,"frozenset({'speechiness_very_low', 'liveness_very_high'})",3787,liveness_very_high|speechiness_very_low
0.04535272343942788,"frozenset({'valence_very_high', 'duration_ms_low', 'mode_1'})",3786,duration_ms_low|mode_1|valence_very_high
0.04535272343942788,"frozenset({'instrumentalness_low', 'speechiness_very_high', 'key_very_low'})",3786,instrumentalness_low|key_very_low|speechiness_very_high
0.04531678625762168,"frozenset({'loudness_low', 'mode_1', 'acousticness_very_high'})",3783,acousticness_very_high|loudness_low|mode_1
0.04528084907581548,"frozenset({'instrumentalness_low', 'energy_high', 'speechiness_very_high'})",3780,energy_high|instrumentalness_low|speechiness_very_high
0.045220953772805134,"frozenset({'danceability_low', 'mode_1', 'energy_very_high'})",3775,danceability_low|energy_very_high|mode_1
0.045208974712203066,"frozenset({'valence_very_low', 'tempo_very_low', 'loudness_very_low'})",3774,loudness_very_low|tempo_very_low|valence_very_low
0.0451610584697948,"frozenset({'danceability_very_low', 'speechiness_very_low', 'mode_1'})",3770,danceability_very_low|mode_1|speechiness_very_low
0.04513710034859066,"frozenset({'instrumentalness_low', 'speechiness_very_low', 'loudness_low'})",3768,instrumentalness_low|loudness_low|speechiness_very_low
0.04511314222738653,"frozenset({'speechiness_low', 'valence_very_low', 'mode_1'})",3766,mode_1|speechiness_low|valence_very_low
0.04510116316678446,"frozenset({'valence_low', 'mode_1', 'duration_ms_high'})",3765,duration_ms_high|mode_1|valence_low
0.04510116316678446,"frozenset({'danceability_very_low', 'valence_very_low', 'energy_very_low', 'mode_1'})",3765,danceability_very_low|energy_very_low|mode_1|valence_very_low
0.045077205045580326,"frozenset({'valence_very_low', 'loudness_very_high'})",3763,loudness_very_high|valence_very_low
0.04502928880317206,"frozenset({'valence_very_low', 'acousticness_low'})",3759,acousticness_low|valence_very_low
0.04500533068196792,"frozenset({'loudness_very_high', 'mode_1', 'valence_high'})",3757,loudness_very_high|mode_1|valence_high
0.04498137256076379,"frozenset({'loudness_very_high', 'mode_1', 'duration_ms_high'})",3755,duration_ms_high|loudness_very_high|mode_1
0.044969393500161714,"frozenset({'danceability_low', 'loudness_very_high', 'mode_1'})",3754,danceability_low|loudness_very_high|mode_1
0.04495741443955965,"frozenset({'instrumentalness_low', 'mode_0', 'tempo_very_low'})",3753,instrumentalness_low|mode_0|tempo_very_low
0.04494543537895758,"frozenset({'key_low', 'energy_high'})",3752,energy_high|key_low
0.04493345631835551,"frozenset({'speechiness_low', 'liveness_low', 'mode_1'})",3751,liveness_low|mode_1|speechiness_low
0.04493345631835551,"frozenset({'liveness_very_low', 'loudness_very_low', 'energy_very_low'})",3751,energy_very_low|liveness_very_low|loudness_very_low
0.044921477257753445,"frozenset({'danceability_high', 'duration_ms_low', 'mode_1'})",3750,danceability_high|duration_ms_low|mode_1
0.044921477257753445,"frozenset({'instrumentalness_low', 'energy_low', 'mode_1', 'acousticness_high'})",3750,acousticness_high|energy_low|instrumentalness_low|mode_1
0.04490949819715138,"frozenset({'valence_very_high', 'danceability_low'})",3749,danceability_low|valence_very_high
0.04489751913654931,"frozenset({'instrumentalness_low', 'tempo_very_low', 'speechiness_very_high'})",3748,instrumentalness_low|speechiness_very_high|tempo_very_low
0.04488554007594724,"frozenset({'instrumentalness_low', 'energy_high', 'liveness_very_high'})",3747,energy_high|instrumentalness_low|liveness_very_high
0.04488554007594724,"frozenset({'danceability_high', 'mode_1', 'tempo_low'})",3747,danceability_high|mode_1|tempo_low
0.04486158195474311,"frozenset({'loudness_very_high', 'mode_1', 'speechiness_high'})",3745,loudness_very_high|mode_1|speechiness_high
0.04486158195474311,"frozenset({'instrumentalness_medium', 'mode_1', 'energy_very_high'})",3745,energy_very_high|instrumentalness_medium|mode_1
0.04484960289414104,"frozenset({'loudness_very_high', 'tempo_very_low'})",3744,loudness_very_high|tempo_very_low
0.04484960289414104,"frozenset({'instrumentalness_high', 'mode_0', 'loudness_very_low'})",3744,instrumentalness_high|loudness_very_low|mode_0
0.04484960289414104,"frozenset({'instrumentalness_low', 'liveness_very_high', 'key_very_low'})",3744,instrumentalness_low|key_very_low|liveness_very_high
0.04480168665173277,"frozenset({'key_low', 'acousticness_low'})",3740,acousticness_low|key_low
0.044789707591130705,"frozenset({'acousticness_very_low', 'mode_1', 'loudness_high'})",3739,acousticness_very_low|loudness_high|mode_1
0.0447537704093245,"frozenset({'mode_1', 'key_high', 'energy_very_high'})",3736,energy_very_high|key_high|mode_1
0.044741791348722436,"frozenset({'instrumentalness_low', 'danceability_high', 'key_very_low'})",3735,danceability_high|instrumentalness_low|key_very_low
0.04470585416691623,"frozenset({'valence_very_low', 'mode_1', 'acousticness_very_low'})",3732,acousticness_very_low|mode_1|valence_very_low
0.04468189604571209,"frozenset({'duration_ms_low', 'mode_1', 'valence_high'})",3730,duration_ms_low|mode_1|valence_high
0.04464595886390589,"frozenset({'instrumentalness_low', 'loudness_very_high', 'duration_ms_high'})",3727,duration_ms_high|instrumentalness_low|loudness_very_high
0.044633979803303823,"frozenset({'loudness_very_high', 'acousticness_low', 'energy_very_high'})",3726,acousticness_low|energy_very_high|loudness_very_high
0.044633979803303823,"frozenset({'duration_ms_very_low', 'danceability_very_high', 'instrumentalness_low'})",3726,danceability_very_high|duration_ms_very_low|instrumentalness_low
0.04461002168209969,"frozenset({'acousticness_very_high', 'loudness_very_low', 'valence_very_low', 'mode_1', 'energy_very_low'})",3724,acousticness_very_high|energy_very_low|loudness_very_low|mode_1|valence_very_low
0.044586063560895554,"frozenset({'key_low', 'liveness_very_low'})",3722,key_low|liveness_very_low
0.044586063560895554,"frozenset({'liveness_very_high', 'tempo_very_high', 'mode_1'})",3722,liveness_very_high|mode_1|tempo_very_high
0.04456210543969142,"frozenset({'instrumentalness_low', 'duration_ms_low', 'loudness_high'})",3720,duration_ms_low|instrumentalness_low|loudness_high
0.04455012637908935,"frozenset({'energy_low', 'instrumentalness_high'})",3719,energy_low|instrumentalness_high
0.044502210136681083,"frozenset({'tempo_very_high', 'acousticness_very_high'})",3715,acousticness_very_high|tempo_very_high
0.044454293894272814,"frozenset({'instrumentalness_high', 'loudness_very_low', 'acousticness_very_high', 'danceability_very_low'})",3711,acousticness_very_high|danceability_very_low|instrumentalness_high|loudness_very_low
0.04437044047005834,"frozenset({'instrumentalness_low', 'acousticness_low', 'valence_high'})",3704,acousticness_low|instrumentalness_low|valence_high
0.04435846140945627,"frozenset({'energy_high', 'mode_1', 'acousticness_high'})",3703,acousticness_high|energy_high|mode_1
0.04432252422765007,"frozenset({'speechiness_very_low', 'loudness_very_low', 'acousticness_very_high'})",3700,acousticness_very_high|loudness_very_low|speechiness_very_low
0.04432252422765007,"frozenset({'duration_ms_very_low', 'loudness_very_low', 'acousticness_very_high', 'mode_1'})",3700,acousticness_very_high|duration_ms_very_low|loudness_very_low|mode_1
0.044310545167048,"frozenset({'instrumentalness_low', 'liveness_high', 'acousticness_high'})",3699,acousticness_high|instrumentalness_low|liveness_high
0.044286587045843866,"frozenset({'danceability_low', 'mode_1', 'valence_high'})",3697,danceability_low|mode_1|valence_high
0.044286587045843866,"frozenset({'liveness_low', 'loudness_low', 'mode_1'})",3697,liveness_low|loudness_low|mode_1
0.0442746079852418,"frozenset({'speechiness_very_low', 'mode_1', 'loudness_high'})",3696,loudness_high|mode_1|speechiness_very_low
0.044250649864037664,"frozenset({'liveness_very_high', 'mode_1', 'valence_high'})",3694,liveness_very_high|mode_1|valence_high
0.044202733621629395,"frozenset({'valence_very_high', 'mode_1', 'tempo_low'})",3690,mode_1|tempo_low|valence_very_high
0.044202733621629395,"frozenset({'instrumentalness_low', 'energy_low', 'valence_high'})",3690,energy_low|instrumentalness_low|valence_high
0.04419075456102733,"frozenset({'instrumentalness_low', 'speechiness_very_low', 'key_very_low'})",3689,instrumentalness_low|key_very_low|speechiness_very_low
0.04417877550042525,"frozenset({'duration_ms_very_low', 'liveness_low', 'mode_1'})",3688,duration_ms_very_low|liveness_low|mode_1
0.044166796439823186,"frozenset({'valence_very_high', 'tempo_very_high', 'mode_1'})",3687,mode_1|tempo_very_high|valence_very_high
0.04415481737922112,"frozenset({'loudness_very_low', 'energy_very_low', 'tempo_low'})",3686,energy_very_low|loudness_very_low|tempo_low
0.04415481737922112,"frozenset({'loudness_very_high', 'mode_1', 'key_high'})",3686,key_high|loudness_very_high|mode_1
0.04415481737922112,"frozenset({'instrumentalness_low', 'speechiness_very_low', 'duration_ms_high'})",3686,duration_ms_high|instrumentalness_low|speechiness_very_low
0.044130859258016984,"frozenset({'energy_very_low', 'danceability_low', 'acousticness_very_high'})",3684,acousticness_very_high|danceability_low|energy_very_low
0.04411888019741492,"frozenset({'instrumentalness_low', 'speechiness_very_high', 'energy_very_high'})",3683,energy_very_high|instrumentalness_low|speechiness_very_high
0.04409492207621078,"frozenset({'danceability_high', 'loudness_low', 'mode_1'})",3681,danceability_high|loudness_low|mode_1
0.04407096395500665,"frozenset({'acousticness_very_low', 'liveness_low'})",3679,acousticness_very_low|liveness_low
0.04407096395500665,"frozenset({'danceability_very_low', 'liveness_low', 'mode_1'})",3679,danceability_very_low|liveness_low|mode_1
0.04405898489440458,"frozenset({'acousticness_very_high', 'loudness_very_low', 'valence_very_low', 'instrumentalness_high', 'energy_very_low'})",3678,acousticness_very_high|energy_very_low|instrumentalness_high|loudness_very_low|valence_very_low
0.04405898489440458,"frozenset({'speechiness_low', 'valence_very_low', 'instrumentalness_high'})",3678,instrumentalness_high|speechiness_low|valence_very_low
0.04405898489440458,"frozenset({'instrumentalness_low', 'liveness_very_high', 'energy_very_high'})",3678,energy_very_high|instrumentalness_low|liveness_very_high
0.04404700583380251,"frozenset({'instrumentalness_low', 'acousticness_high', 'duration_ms_high'})",3677,acousticness_high|duration_ms_high|instrumentalness_low
0.04402304771259838,"frozenset({'duration_ms_very_low', 'mode_1', 'tempo_low'})",3675,duration_ms_very_low|mode_1|tempo_low
0.043999089591394244,"frozenset({'instrumentalness_low', 'valence_high', 'loudness_high'})",3673,instrumentalness_low|loudness_high|valence_high
0.043999089591394244,"frozenset({'instrumentalness_low', 'liveness_very_high', 'danceability_low'})",3673,danceability_low|instrumentalness_low|liveness_very_high
0.04398711053079218,"frozenset({'duration_ms_very_high', 'mode_1', 'tempo_high'})",3672,duration_ms_very_high|mode_1|tempo_high
0.04398711053079218,"frozenset({'loudness_very_low', 'energy_very_low', 'key_very_low', 'acousticness_very_high'})",3672,acousticness_very_high|energy_very_low|key_very_low|loudness_very_low
0.04398711053079218,"frozenset({'energy_high', 'instrumentalness_high'})",3672,energy_high|instrumentalness_high
0.04397513147019011,"frozenset({'energy_low', 'danceability_high', 'mode_1'})",3671,danceability_high|energy_low|mode_1
0.04397513147019011,"frozenset({'valence_low', 'instrumentalness_low', 'danceability_low'})",3671,danceability_low|instrumentalness_low|valence_low
0.04396315240958804,"frozenset({'instrumentalness_low', 'speechiness_very_low', 'danceability_low'})",3670,danceability_low|instrumentalness_low|speechiness_very_low
0.04393919428838391,"frozenset({'valence_very_high', 'duration_ms_very_high'})",3668,duration_ms_very_high|valence_very_high
0.04392721522778184,"frozenset({'valence_very_high', 'acousticness_very_high'})",3667,acousticness_very_high|valence_very_high
0.043915236167179766,"frozenset({'tempo_very_low', 'loudness_very_low', 'acousticness_very_high', 'mode_1'})",3666,acousticness_very_high|loudness_very_low|mode_1|tempo_very_low
0.0439032571065777,"frozenset({'instrumentalness_low', 'liveness_high', 'mode_0'})",3665,instrumentalness_low|liveness_high|mode_0
0.0439032571065777,"frozenset({'instrumentalness_low', 'speechiness_very_low', 'danceability_high'})",3665,danceability_high|instrumentalness_low|speechiness_very_low
0.04385534086416943,"frozenset({'danceability_low', 'mode_1', 'key_high'})",3661,danceability_low|key_high|mode_1
0.04384336180356736,"frozenset({'duration_ms_very_low', 'acousticness_very_low'})",3660,acousticness_very_low|duration_ms_very_low
0.043795445561159094,"frozenset({'duration_ms_very_low', 'liveness_high', 'mode_1'})",3656,duration_ms_very_low|liveness_high|mode_1
0.04375950837935289,"frozenset({'loudness_very_high', 'duration_ms_low', 'energy_very_high'})",3653,duration_ms_low|energy_very_high|loudness_very_high
0.04375950837935289,"frozenset({'duration_ms_very_high', 'loudness_low', 'mode_1'})",3653,duration_ms_very_high|loudness_low|mode_1
0.043747529318750825,"frozenset({'duration_ms_very_low', 'mode_1', 'danceability_very_low'})",3652,danceability_very_low|duration_ms_very_low|mode_1
0.04371159213694462,"frozenset({'energy_very_low', 'loudness_low', 'mode_1'})",3649,energy_very_low|loudness_low|mode_1
0.04367565495513842,"frozenset({'mode_1', 'speechiness_very_high', 'key_high'})",3646,key_high|mode_1|speechiness_very_high
0.04367565495513842,"frozenset({'instrumentalness_low', 'danceability_very_high', 'valence_very_high', 'mode_1'})",3646,danceability_very_high|instrumentalness_low|mode_1|valence_very_high
0.043663675894536354,"frozenset({'valence_low', 'danceability_very_high'})",3645,danceability_very_high|valence_low
0.04363971777333221,"frozenset({'speechiness_very_low', 'mode_1', 'key_high'})",3643,key_high|mode_1|speechiness_very_low
0.04361575965212808,"frozenset({'acousticness_very_high', 'energy_very_low', 'tempo_low'})",3641,acousticness_very_high|energy_very_low|tempo_low
0.043579822470321876,"frozenset({'acousticness_very_high', 'loudness_very_low', 'instrumentalness_high', 'mode_1', 'energy_very_low'})",3638,acousticness_very_high|energy_very_low|instrumentalness_high|loudness_very_low|mode_1
0.04356784340971981,"frozenset({'liveness_very_high', 'valence_very_high', 'mode_1'})",3637,liveness_very_high|mode_1|valence_very_high
0.04356784340971981,"frozenset({'mode_1', 'key_high', 'duration_ms_high'})",3637,duration_ms_high|key_high|mode_1
0.04355586434911774,"frozenset({'instrumentalness_low', 'tempo_very_high', 'speechiness_very_high'})",3636,instrumentalness_low|speechiness_very_high|tempo_very_high
0.043543885288515674,"frozenset({'instrumentalness_low', 'liveness_very_low', 'valence_very_high'})",3635,instrumentalness_low|liveness_very_low|valence_very_high
0.04350794810670947,"frozenset({'energy_low', 'loudness_low', 'acousticness_high'})",3632,acousticness_high|energy_low|loudness_low
0.04348398998550534,"frozenset({'liveness_high', 'valence_very_high', 'mode_1'})",3630,liveness_high|mode_1|valence_very_high
0.04347201092490327,"frozenset({'instrumentalness_high', 'mode_1', 'speechiness_high'})",3629,instrumentalness_high|mode_1|speechiness_high
0.04347201092490327,"frozenset({'mode_1', 'key_high', 'loudness_high'})",3629,key_high|loudness_high|mode_1
0.043448052803699136,"frozenset({'instrumentalness_low', 'danceability_low', 'key_very_low'})",3627,danceability_low|instrumentalness_low|key_very_low
0.04340013656129087,"frozenset({'tempo_very_high', 'mode_1', 'key_high'})",3623,key_high|mode_1|tempo_very_high
0.04340013656129087,"frozenset({'liveness_low', 'mode_1', 'key_high'})",3623,key_high|liveness_low|mode_1
0.04338815750068879,"frozenset({'loudness_very_high', 'speechiness_very_high', 'acousticness_very_low'})",3622,acousticness_very_low|loudness_very_high|speechiness_very_high
0.043376178440086725,"frozenset({'valence_low', 'speechiness_very_low', 'instrumentalness_low'})",3621,instrumentalness_low|speechiness_very_low|valence_low
0.04335222031888259,"frozenset({'instrumentalness_high', 'acousticness_low'})",3619,acousticness_low|instrumentalness_high
0.04335222031888259,"frozenset({'tempo_very_high', 'mode_1', 'loudness_high'})",3619,loudness_high|mode_1|tempo_very_high
0.043328262197678456,"frozenset({'instrumentalness_low', 'energy_low', 'tempo_very_low'})",3617,energy_low|instrumentalness_low|tempo_very_low
0.04330430407647432,"frozenset({'mode_1', 'key_high', 'valence_high'})",3615,key_high|mode_1|valence_high
0.04328034595527019,"frozenset({'tempo_very_low', 'mode_1', 'acousticness_high'})",3613,acousticness_high|mode_1|tempo_very_low
0.04325638783406605,"frozenset({'acousticness_very_high', 'mode_1', 'tempo_low'})",3611,acousticness_very_high|mode_1|tempo_low
0.04325638783406605,"frozenset({'danceability_very_low', 'valence_very_low', 'key_very_low'})",3611,danceability_very_low|key_very_low|valence_very_low
0.043196492531055716,"frozenset({'danceability_high', 'mode_1', 'tempo_high'})",3606,danceability_high|mode_1|tempo_high
0.04318451347045365,"frozenset({'mode_0', 'instrumentalness_high', 'duration_ms_very_high'})",3605,duration_ms_very_high|instrumentalness_high|mode_0
0.04317253440985158,"frozenset({'speechiness_very_low', 'duration_ms_low', 'mode_1'})",3604,duration_ms_low|mode_1|speechiness_very_low
0.04317253440985158,"frozenset({'danceability_low', 'liveness_high', 'mode_1'})",3604,danceability_low|liveness_high|mode_1
0.04317253440985158,"frozenset({'key_low', 'danceability_very_high'})",3604,danceability_very_high|key_low
0.043160555349249514,"frozenset({'instrumentalness_low', 'key_very_low', 'duration_ms_high'})",3603,duration_ms_high|instrumentalness_low|key_very_low
0.04314857628864745,"frozenset({'instrumentalness_low', 'liveness_very_high', 'acousticness_high'})",3602,acousticness_high|instrumentalness_low|liveness_very_high
0.04313659722804538,"frozenset({'liveness_very_high', 'mode_1', 'loudness_high'})",3601,liveness_very_high|loudness_high|mode_1
0.043124618167443306,"frozenset({'energy_very_low', 'mode_1', 'tempo_low'})",3600,energy_very_low|mode_1|tempo_low
0.04310066004623917,"frozenset({'energy_low', 'valence_very_high', 'mode_1'})",3598,energy_low|mode_1|valence_very_high
0.043088680985637104,"frozenset({'instrumentalness_low', 'valence_very_high', 'tempo_very_high'})",3597,instrumentalness_low|tempo_very_high|valence_very_high
0.04307670192503504,"frozenset({'instrumentalness_low', 'loudness_very_high', 'acousticness_very_low'})",3596,acousticness_very_low|instrumentalness_low|loudness_very_high
0.0430527438038309,"frozenset({'energy_high', 'mode_1', 'valence_high'})",3594,energy_high|mode_1|valence_high
0.0430527438038309,"frozenset({'liveness_low', 'valence_very_high'})",3594,liveness_low|valence_very_high
0.04302878568262677,"frozenset({'speechiness_very_low', 'tempo_very_high'})",3592,speechiness_very_low|tempo_very_high
0.0430168066220247,"frozenset({'loudness_very_high', 'tempo_very_high', 'acousticness_very_low'})",3591,acousticness_very_low|loudness_very_high|tempo_very_high
0.0430168066220247,"frozenset({'valence_very_low', 'instrumentalness_high', 'acousticness_very_low'})",3591,acousticness_very_low|instrumentalness_high|valence_very_low
0.0430168066220247,"frozenset({'danceability_low', 'acousticness_very_low', 'mode_1'})",3591,acousticness_very_low|danceability_low|mode_1
0.0429808694402185,"frozenset({'danceability_very_high', 'energy_very_low'})",3588,danceability_very_high|energy_very_low
0.0429808694402185,"frozenset({'tempo_very_high', 'mode_1', 'speechiness_high'})",3588,mode_1|speechiness_high|tempo_very_high
0.04296889037961643,"frozenset({'instrumentalness_low', 'danceability_very_high', 'duration_ms_low'})",3587,danceability_very_high|duration_ms_low|instrumentalness_low
0.04296889037961643,"frozenset({'duration_ms_very_low', 'loudness_very_low', 'instrumentalness_high'})",3587,duration_ms_very_low|instrumentalness_high|loudness_very_low
0.04296889037961643,"frozenset({'danceability_very_low', 'valence_very_low', 'loudness_very_low', 'mode_1'})",3587,danceability_very_low|loudness_very_low|mode_1|valence_very_low
0.04296889037961643,"frozenset({'valence_low', 'mode_1', 'key_high'})",3587,key_high|mode_1|valence_low
0.04293295319781023,"frozenset({'loudness_very_low', 'liveness_low', 'acousticness_very_high', 'mode_1'})",3584,acousticness_very_high|liveness_low|loudness_very_low|mode_1
0.04292097413720816,"frozenset({'danceability_low', 'energy_very_low', 'mode_1'})",3583,danceability_low|energy_very_low|mode_1
0.042908995076606095,"frozenset({'instrumentalness_medium', 'mode_1', 'duration_ms_high'})",3582,duration_ms_high|instrumentalness_medium|mode_1
0.042908995076606095,"frozenset({'speechiness_low', 'energy_very_low', 'mode_1', 'acousticness_very_high'})",3582,acousticness_very_high|energy_very_low|mode_1|speechiness_low
0.04288503695540196,"frozenset({'instrumentalness_low', 'danceability_high', 'acousticness_low'})",3580,acousticness_low|danceability_high|instrumentalness_low
0.04287305789479989,"frozenset({'energy_low', 'acousticness_low', 'mode_1'})",3579,acousticness_low|energy_low|mode_1
0.04286107883419782,"frozenset({'instrumentalness_low', 'mode_0', 'tempo_very_high'})",3578,instrumentalness_low|mode_0|tempo_very_high
0.042837120712993684,"frozenset({'instrumentalness_high', 'tempo_very_low', 'loudness_very_low'})",3576,instrumentalness_high|loudness_very_low|tempo_very_low
0.042837120712993684,"frozenset({'energy_high', 'liveness_very_high', 'mode_1'})",3576,energy_high|liveness_very_high|mode_1
0.04282514165239162,"frozenset({'valence_very_high', 'mode_1', 'key_high'})",3575,key_high|mode_1|valence_very_high
0.04282514165239162,"frozenset({'loudness_very_low', 'energy_very_low', 'mode_1', 'key_very_low'})",3575,energy_very_low|key_very_low|loudness_very_low|mode_1
0.04282514165239162,"frozenset({'energy_very_low', 'mode_1', 'key_very_low', 'acousticness_very_high'})",3575,acousticness_very_high|energy_very_low|key_very_low|mode_1
0.042789204470585415,"frozenset({'danceability_very_low', 'instrumentalness_high', 'energy_very_low', 'acousticness_very_high'})",3572,acousticness_very_high|danceability_very_low|energy_very_low|instrumentalness_high
0.042789204470585415,"frozenset({'valence_low', 'acousticness_very_low', 'energy_very_high'})",3572,acousticness_very_low|energy_very_high|valence_low
0.04277722540998335,"frozenset({'instrumentalness_low', 'danceability_high', 'loudness_high'})",3571,danceability_high|instrumentalness_low|loudness_high
0.04277722540998335,"frozenset({'acousticness_low', 'duration_ms_low', 'mode_1'})",3571,acousticness_low|duration_ms_low|mode_1
0.04277722540998335,"frozenset({'danceability_high', 'acousticness_low', 'mode_1'})",3571,acousticness_low|danceability_high|mode_1
0.04276524634938128,"frozenset({'energy_high', 'mode_1', 'key_high'})",3570,energy_high|key_high|mode_1
0.04272930916757508,"frozenset({'loudness_very_high', 'mode_0', 'acousticness_very_low'})",3567,acousticness_very_low|loudness_very_high|mode_0
0.04272930916757508,"frozenset({'energy_low', 'liveness_low', 'mode_1'})",3567,energy_low|liveness_low|mode_1
0.04271733010697301,"frozenset({'instrumentalness_high', 'valence_very_low', 'liveness_low'})",3566,instrumentalness_high|liveness_low|valence_very_low
0.042705351046370944,"frozenset({'liveness_very_low', 'energy_very_low', 'mode_1'})",3565,energy_very_low|liveness_very_low|mode_1
0.042705351046370944,"frozenset({'instrumentalness_low', 'danceability_very_high', 'loudness_high'})",3565,danceability_very_high|instrumentalness_low|loudness_high
0.04268139292516681,"frozenset({'danceability_very_low', 'valence_very_low', 'speechiness_low'})",3563,danceability_very_low|speechiness_low|valence_very_low
0.042657434803962675,"frozenset({'loudness_very_low', 'valence_very_low', 'liveness_low'})",3561,liveness_low|loudness_very_low|valence_very_low
0.042657434803962675,"frozenset({'tempo_very_high', 'speechiness_very_high', 'energy_very_high'})",3561,energy_very_high|speechiness_very_high|tempo_very_high
0.042657434803962675,"frozenset({'speechiness_very_low', 'loudness_very_low', 'energy_very_low', 'mode_1'})",3561,energy_very_low|loudness_very_low|mode_1|speechiness_very_low
0.042657434803962675,"frozenset({'liveness_very_high', 'mode_1', 'key_high'})",3561,key_high|liveness_very_high|mode_1
0.04264545574336061,"frozenset({'danceability_very_high', 'energy_high', 'valence_very_high'})",3560,danceability_very_high|energy_high|valence_very_high
0.04263347668275854,"frozenset({'danceability_very_low', 'instrumentalness_medium', 'mode_1'})",3559,danceability_very_low|instrumentalness_medium|mode_1
0.04262149762215647,"frozenset({'instrumentalness_low', 'speechiness_very_low', 'acousticness_very_high'})",3558,acousticness_very_high|instrumentalness_low|speechiness_very_low
0.04262149762215647,"frozenset({'danceability_very_low', 'valence_very_low', 'instrumentalness_high', 'mode_1'})",3558,danceability_very_low|instrumentalness_high|mode_1|valence_very_low
0.04262149762215647,"frozenset({'instrumentalness_high', 'duration_ms_high'})",3558,duration_ms_high|instrumentalness_high
0.0425735813797482,"frozenset({'loudness_very_low', 'tempo_very_high'})",3554,loudness_very_low|tempo_very_high
0.0425735813797482,"frozenset({'instrumentalness_low', 'loudness_very_high', 'speechiness_high'})",3554,instrumentalness_low|loudness_very_high|speechiness_high
0.04256160231914613,"frozenset({'valence_low', 'tempo_very_low', 'mode_1'})",3553,mode_1|tempo_very_low|valence_low
0.04256160231914613,"frozenset({'mode_0', 'valence_very_high', 'danceability_very_high'})",3553,danceability_very_high|mode_0|valence_very_high
0.04252566513733993,"frozenset({'danceability_very_low', 'energy_very_low', 'speechiness_low'})",3550,danceability_very_low|energy_very_low|speechiness_low
0.04251368607673786,"frozenset({'danceability_very_low', 'speechiness_very_high', 'energy_very_high'})",3549,danceability_very_low|energy_very_high|speechiness_very_high
0.04251368607673786,"frozenset({'valence_very_high', 'mode_1', 'speechiness_high'})",3549,mode_1|speechiness_high|valence_very_high
0.042489727955533727,"frozenset({'key_low', 'energy_very_high'})",3547,energy_very_high|key_low
0.042489727955533727,"frozenset({'instrumentalness_low', 'tempo_very_high', 'key_very_low'})",3547,instrumentalness_low|key_very_low|tempo_very_high
0.04247774889493166,"frozenset({'instrumentalness_low', 'energy_low', 'danceability_high'})",3546,danceability_high|energy_low|instrumentalness_low
0.04246576983432959,"frozenset({'duration_ms_very_high', 'mode_1', 'key_high'})",3545,duration_ms_very_high|key_high|mode_1
0.04244181171312546,"frozenset({'valence_very_high', 'mode_1', 'energy_very_high'})",3543,energy_very_high|mode_1|valence_very_high
0.04242983265252339,"frozenset({'instrumentalness_low', 'acousticness_very_low', 'energy_very_high'})",3542,acousticness_very_low|energy_very_high|instrumentalness_low
0.04241785359192132,"frozenset({'instrumentalness_low', 'tempo_very_high', 'danceability_low'})",3541,danceability_low|instrumentalness_low|tempo_very_high
0.04239389547071719,"frozenset({'speechiness_low', 'energy_high', 'mode_1'})",3539,energy_high|mode_1|speechiness_low
0.04238191641011512,"frozenset({'speechiness_low', 'valence_very_low', 'loudness_very_low'})",3538,loudness_very_low|speechiness_low|valence_very_low
0.042357958288910987,"frozenset({'liveness_high', 'tempo_very_high', 'mode_1'})",3536,liveness_high|mode_1|tempo_very_high
0.042357958288910987,"frozenset({'tempo_very_low', 'mode_1', 'key_high'})",3536,key_high|mode_1|tempo_very_low
0.04234597922830892,"frozenset({'instrumentalness_low', 'tempo_very_high', 'acousticness_high'})",3535,acousticness_high|instrumentalness_low|tempo_very_high
0.04231004204650271,"frozenset({'instrumentalness_low', 'liveness_high', 'valence_very_high'})",3532,instrumentalness_low|liveness_high|valence_very_high
0.04229806298590064,"frozenset({'valence_low', 'energy_low', 'mode_1'})",3531,energy_low|mode_1|valence_low
0.042286083925298576,"frozenset({'acousticness_very_low', 'energy_very_high', 'duration_ms_high'})",3530,acousticness_very_low|duration_ms_high|energy_very_high
0.042286083925298576,"frozenset({'danceability_high', 'mode_1', 'loudness_high'})",3530,danceability_high|loudness_high|mode_1
0.04227410486469651,"frozenset({'duration_ms_very_low', 'mode_1', 'key_high'})",3529,duration_ms_very_low|key_high|mode_1
0.04227410486469651,"frozenset({'loudness_very_low', 'mode_1', 'tempo_low'})",3529,loudness_very_low|mode_1|tempo_low
0.042250146743492374,"frozenset({'danceability_very_low', 'mode_1', 'key_high'})",3527,danceability_very_low|key_high|mode_1
0.042250146743492374,"frozenset({'acousticness_low', 'mode_1', 'tempo_high'})",3527,acousticness_low|mode_1|tempo_high
0.042250146743492374,"frozenset({'instrumentalness_medium', 'mode_1', 'key_high'})",3527,instrumentalness_medium|key_high|mode_1
0.042250146743492374,"frozenset({'duration_ms_high', 'mode_1', 'loudness_high'})",3527,duration_ms_high|loudness_high|mode_1
0.042250146743492374,"frozenset({'duration_ms_very_low', 'liveness_very_high', 'mode_1'})",3527,duration_ms_very_low|liveness_very_high|mode_1
0.04223816768289031,"frozenset({'valence_very_high', 'mode_1', 'tempo_high'})",3526,mode_1|tempo_high|valence_very_high
0.04223816768289031,"frozenset({'valence_low', 'loudness_low', 'mode_1'})",3526,loudness_low|mode_1|valence_low
0.04222618862228824,"frozenset({'energy_low', 'mode_1', 'valence_high'})",3525,energy_low|mode_1|valence_high
0.04222618862228824,"frozenset({'loudness_low', 'mode_1', 'tempo_low'})",3525,loudness_low|mode_1|tempo_low
0.04219025144048204,"frozenset({'duration_ms_low', 'mode_1', 'loudness_high'})",3522,duration_ms_low|loudness_high|mode_1
0.04217827237987997,"frozenset({'instrumentalness_low', 'danceability_low', 'duration_ms_high'})",3521,danceability_low|duration_ms_high|instrumentalness_low
0.042154314258675836,"frozenset({'mode_1', 'energy_very_high', 'duration_ms_high'})",3519,duration_ms_high|energy_very_high|mode_1
0.042118377076869634,"frozenset({'instrumentalness_low', 'loudness_very_high', 'danceability_low'})",3516,danceability_low|instrumentalness_low|loudness_very_high
0.04208243989506343,"frozenset({'danceability_high', 'mode_1', 'duration_ms_high'})",3513,danceability_high|duration_ms_high|mode_1
0.04205848177385929,"frozenset({'key_high', 'mode_1', 'tempo_high'})",3511,key_high|mode_1|tempo_high
0.042034523652655156,"frozenset({'speechiness_low', 'loudness_very_low', 'energy_very_low', 'mode_1'})",3509,energy_very_low|loudness_very_low|mode_1|speechiness_low
0.04201056553145102,"frozenset({'energy_low', 'mode_1', 'tempo_very_low'})",3507,energy_low|mode_1|tempo_very_low
0.04201056553145102,"frozenset({'liveness_high', 'danceability_high', 'mode_1'})",3507,danceability_high|liveness_high|mode_1
0.04201056553145102,"frozenset({'valence_very_low', 'tempo_very_low', 'acousticness_very_high'})",3507,acousticness_very_high|tempo_very_low|valence_very_low
0.041998586470848955,"frozenset({'liveness_high', 'loudness_very_high', 'mode_1'})",3506,liveness_high|loudness_very_high|mode_1
0.041998586470848955,"frozenset({'liveness_very_low', 'energy_very_low', 'acousticness_very_high'})",3506,acousticness_very_high|energy_very_low|liveness_very_low
0.04198660741024689,"frozenset({'mode_1', 'key_high', 'tempo_low'})",3505,key_high|mode_1|tempo_low
0.04197462834964482,"frozenset({'mode_1', 'tempo_low', 'acousticness_high'})",3504,acousticness_high|mode_1|tempo_low
0.04197462834964482,"frozenset({'acousticness_very_low', 'valence_very_high'})",3504,acousticness_very_low|valence_very_high
0.04196264928904275,"frozenset({'acousticness_low', 'mode_1', 'key_high'})",3503,acousticness_low|key_high|mode_1
0.041950670228440685,"frozenset({'instrumentalness_low', 'loudness_very_high', 'danceability_high'})",3502,danceability_high|instrumentalness_low|loudness_very_high
0.041950670228440685,"frozenset({'energy_high', 'duration_ms_low', 'mode_1'})",3502,duration_ms_low|energy_high|mode_1
0.041950670228440685,"frozenset({'key_low', 'speechiness_very_high'})",3502,key_low|speechiness_very_high
0.04193869116783862,"frozenset({'danceability_very_high', 'liveness_very_high'})",3501,danceability_very_high|liveness_very_high
0.041914733046634484,"frozenset({'acousticness_low', 'speechiness_very_high', 'mode_1'})",3499,acousticness_low|mode_1|speechiness_very_high
0.041914733046634484,"frozenset({'instrumentalness_low', 'liveness_very_low', 'danceability_very_high'})",3499,danceability_very_high|instrumentalness_low|liveness_very_low
0.041902753986032416,"frozenset({'instrumentalness_high', 'valence_very_low', 'loudness_very_low', 'mode_1'})",3498,instrumentalness_high|loudness_very_low|mode_1|valence_very_low
0.041902753986032416,"frozenset({'danceability_very_low', 'loudness_very_high', 'acousticness_very_low'})",3498,acousticness_very_low|danceability_very_low|loudness_very_high
0.04189077492543035,"frozenset({'danceability_very_low', 'loudness_very_low', 'speechiness_low'})",3497,danceability_very_low|loudness_very_low|speechiness_low
0.04189077492543035,"frozenset({'valence_very_high', 'loudness_low', 'mode_1'})",3497,loudness_low|mode_1|valence_very_high
0.04187879586482828,"frozenset({'mode_1', 'tempo_high', 'energy_very_high'})",3496,energy_very_high|mode_1|tempo_high
0.04187879586482828,"frozenset({'liveness_high', 'mode_1', 'key_high'})",3496,key_high|liveness_high|mode_1
0.041866816804226215,"frozenset({'danceability_high', 'mode_1', 'key_high'})",3495,danceability_high|key_high|mode_1
0.041866816804226215,"frozenset({'liveness_very_low', 'mode_1', 'key_high'})",3495,key_high|liveness_very_low|mode_1
0.041866816804226215,"frozenset({'acousticness_very_high', 'loudness_very_low', 'danceability_very_low', 'instrumentalness_high', 'energy_very_low'})",3495,acousticness_very_high|danceability_very_low|energy_very_low|instrumentalness_high|loudness_very_low
0.041866816804226215,"frozenset({'tempo_very_high', 'energy_very_low'})",3495,energy_very_low|tempo_very_high
0.04183087962242001,"frozenset({'instrumentalness_low', 'danceability_very_high', 'key_very_low'})",3492,danceability_very_high|instrumentalness_low|key_very_low
0.04183087962242001,"frozenset({'danceability_very_high', 'mode_1', 'key_high'})",3492,danceability_very_high|key_high|mode_1
0.041818900561817945,"frozenset({'instrumentalness_low', 'tempo_low', 'acousticness_high'})",3491,acousticness_high|instrumentalness_low|tempo_low
0.04180692150121587,"frozenset({'liveness_very_low', 'speechiness_very_low', 'mode_1'})",3490,liveness_very_low|mode_1|speechiness_very_low
0.04180692150121587,"frozenset({'liveness_very_low', 'valence_very_high', 'danceability_very_high'})",3490,danceability_very_high|liveness_very_low|valence_very_high
0.04180692150121587,"frozenset({'speechiness_low', 'valence_very_high', 'mode_1'})",3490,mode_1|speechiness_low|valence_very_high
0.04180692150121587,"frozenset({'instrumentalness_high', 'liveness_low', 'energy_very_low'})",3490,energy_very_low|instrumentalness_high|liveness_low
0.04177098431940967,"frozenset({'danceability_very_high', 'loudness_low', 'mode_1'})",3487,danceability_very_high|loudness_low|mode_1
0.0417590052588076,"frozenset({'instrumentalness_low', 'duration_ms_high', 'loudness_high'})",3486,duration_ms_high|instrumentalness_low|loudness_high
0.041747026198205535,"frozenset({'mode_1', 'valence_high', 'loudness_high'})",3485,loudness_high|mode_1|valence_high
0.04173504713760347,"frozenset({'mode_1', 'key_high', 'acousticness_high'})",3484,acousticness_high|key_high|mode_1
0.0417230680770014,"frozenset({'mode_1', 'key_high', 'speechiness_high'})",3483,key_high|mode_1|speechiness_high
0.04171108901639933,"frozenset({'liveness_high', 'mode_1', 'valence_high'})",3482,liveness_high|mode_1|valence_high
0.041699109955797266,"frozenset({'instrumentalness_low', 'acousticness_low', 'duration_ms_high'})",3481,acousticness_low|duration_ms_high|instrumentalness_low
0.0416871308951952,"frozenset({'liveness_high', 'mode_1', 'acousticness_high'})",3480,acousticness_high|liveness_high|mode_1
0.041663172773991064,"frozenset({'acousticness_very_low', 'tempo_high', 'energy_very_high'})",3478,acousticness_very_low|energy_very_high|tempo_high
0.041663172773991064,"frozenset({'instrumentalness_low', 'energy_low', 'valence_very_high'})",3478,energy_low|instrumentalness_low|valence_very_high
0.041651193713389,"frozenset({'speechiness_very_low', 'loudness_very_low', 'energy_very_low', 'acousticness_very_high'})",3477,acousticness_very_high|energy_very_low|loudness_very_low|speechiness_very_low
0.04162723559218486,"frozenset({'mode_1', 'valence_high', 'acousticness_high'})",3475,acousticness_high|mode_1|valence_high
0.04162723559218486,"frozenset({'tempo_very_high', 'mode_1', 'duration_ms_high'})",3475,duration_ms_high|mode_1|tempo_very_high
0.04160327747098073,"frozenset({'instrumentalness_low', 'energy_low', 'duration_ms_low'})",3473,duration_ms_low|energy_low|instrumentalness_low
0.04160327747098073,"frozenset({'valence_low', 'loudness_very_low', 'mode_1'})",3473,loudness_very_low|mode_1|valence_low
0.04160327747098073,"frozenset({'key_low', 'energy_very_low', 'acousticness_very_high'})",3473,acousticness_very_high|energy_very_low|key_low
0.04157931934977659,"frozenset({'danceability_very_low', 'acousticness_very_high', 'speechiness_low'})",3471,acousticness_very_high|danceability_very_low|speechiness_low
0.04157931934977659,"frozenset({'instrumentalness_high', 'mode_1', 'key_high'})",3471,instrumentalness_high|key_high|mode_1
0.041543382167970384,"frozenset({'valence_very_low', 'acousticness_high'})",3468,acousticness_high|valence_very_low
0.041543382167970384,"frozenset({'tempo_very_high', 'duration_ms_low', 'mode_1'})",3468,duration_ms_low|mode_1|tempo_very_high
0.04153140310736832,"frozenset({'duration_ms_very_low', 'mode_1', 'speechiness_high'})",3467,duration_ms_very_low|mode_1|speechiness_high
0.04151942404676625,"frozenset({'instrumentalness_low', 'energy_low', 'acousticness_low'})",3466,acousticness_low|energy_low|instrumentalness_low
0.04151942404676625,"frozenset({'speechiness_very_high', 'mode_1', 'valence_high'})",3466,mode_1|speechiness_very_high|valence_high
0.041495465925562115,"frozenset({'duration_ms_low', 'mode_1', 'key_high'})",3464,duration_ms_low|key_high|mode_1
0.041495465925562115,"frozenset({'instrumentalness_low', 'danceability_low', 'valence_high'})",3464,danceability_low|instrumentalness_low|valence_high
0.04145952874375591,"frozenset({'valence_low', 'tempo_very_high', 'mode_1'})",3461,mode_1|tempo_very_high|valence_low
0.041447549683153846,"frozenset({'instrumentalness_low', 'energy_high', 'duration_ms_high'})",3460,duration_ms_high|energy_high|instrumentalness_low
0.041447549683153846,"frozenset({'energy_very_low', 'mode_1', 'key_high'})",3460,energy_very_low|key_high|mode_1
0.04139963344074558,"frozenset({'speechiness_low', 'mode_1', 'tempo_high'})",3456,mode_1|speechiness_low|tempo_high
0.04135171719833731,"frozenset({'instrumentalness_low', 'liveness_very_high', 'duration_ms_low'})",3452,duration_ms_low|instrumentalness_low|liveness_very_high
0.04135171719833731,"frozenset({'instrumentalness_low', 'liveness_high', 'key_very_low'})",3452,instrumentalness_low|key_very_low|liveness_high
0.04135171719833731,"frozenset({'danceability_very_low', 'tempo_low'})",3452,danceability_very_low|tempo_low
0.04133973813773524,"frozenset({'acousticness_low', 'mode_1', 'energy_very_high'})",3451,acousticness_low|energy_very_high|mode_1
0.041327759077133173,"frozenset({'liveness_very_high', 'duration_ms_low', 'mode_1'})",3450,duration_ms_low|liveness_very_high|mode_1
0.041327759077133173,"frozenset({'loudness_low', 'mode_1', 'key_high'})",3450,key_high|loudness_low|mode_1
0.041327759077133173,"frozenset({'energy_low', 'duration_ms_very_high', 'mode_1'})",3450,duration_ms_very_high|energy_low|mode_1
0.041327759077133173,"frozenset({'duration_ms_very_low', 'danceability_high', 'mode_1'})",3450,danceability_high|duration_ms_very_low|mode_1
0.041327759077133173,"frozenset({'instrumentalness_low', 'speechiness_very_high', 'loudness_high'})",3450,instrumentalness_low|loudness_high|speechiness_very_high
0.041315780016531106,"frozenset({'danceability_low', 'tempo_very_low', 'mode_1'})",3449,danceability_low|mode_1|tempo_very_low
0.041315780016531106,"frozenset({'instrumentalness_low', 'loudness_very_low', 'energy_very_low', 'mode_1'})",3449,energy_very_low|instrumentalness_low|loudness_very_low|mode_1
0.04130380095592904,"frozenset({'danceability_very_low', 'tempo_very_low', 'energy_very_low', 'acousticness_very_high'})",3448,acousticness_very_high|danceability_very_low|energy_very_low|tempo_very_low
0.04130380095592904,"frozenset({'instrumentalness_medium', 'tempo_very_high', 'mode_1'})",3448,instrumentalness_medium|mode_1|tempo_very_high
0.04129182189532697,"frozenset({'liveness_very_low', 'duration_ms_very_high', 'mode_1'})",3447,duration_ms_very_high|liveness_very_low|mode_1
0.0412798428347249,"frozenset({'valence_low', 'acousticness_very_low', 'mode_1'})",3446,acousticness_very_low|mode_1|valence_low
0.04126786377412283,"frozenset({'liveness_high', 'mode_1', 'loudness_high'})",3445,liveness_high|loudness_high|mode_1
0.041243905652918696,"frozenset({'liveness_high', 'duration_ms_low', 'mode_1'})",3443,duration_ms_low|liveness_high|mode_1
0.041243905652918696,"frozenset({'acousticness_low', 'mode_1', 'valence_high'})",3443,acousticness_low|mode_1|valence_high
0.04123192659231663,"frozenset({'liveness_high', 'energy_low', 'mode_1'})",3442,energy_low|liveness_high|mode_1
0.04123192659231663,"frozenset({'loudness_low', 'mode_1', 'tempo_high'})",3442,loudness_low|mode_1|tempo_high
0.04123192659231663,"frozenset({'valence_low', 'mode_0', 'instrumentalness_low'})",3442,instrumentalness_low|mode_0|valence_low
0.04123192659231663,"frozenset({'instrumentalness_low', 'liveness_high', 'loudness_very_high'})",3442,instrumentalness_low|liveness_high|loudness_very_high
0.041207968471112494,"frozenset({'liveness_low', 'mode_1', 'duration_ms_high'})",3440,duration_ms_high|liveness_low|mode_1
0.04117203128930629,"frozenset({'instrumentalness_low', 'loudness_low', 'key_very_low'})",3437,instrumentalness_low|key_very_low|loudness_low
0.041160052228704225,"frozenset({'instrumentalness_high', 'mode_1', 'energy_very_high'})",3436,energy_very_high|instrumentalness_high|mode_1
0.04112411504689802,"frozenset({'liveness_very_low', 'loudness_very_low', 'mode_1'})",3433,liveness_very_low|loudness_very_low|mode_1
0.041112135986295956,"frozenset({'energy_low', 'mode_1', 'tempo_low'})",3432,energy_low|mode_1|tempo_low
0.04110015692569389,"frozenset({'danceability_low', 'duration_ms_low', 'mode_1'})",3431,danceability_low|duration_ms_low|mode_1
0.04108817786509182,"frozenset({'danceability_very_low', 'tempo_very_low', 'loudness_very_low', 'energy_very_low'})",3430,danceability_very_low|energy_very_low|loudness_very_low|tempo_very_low
0.041076198804489754,"frozenset({'instrumentalness_medium', 'mode_1', 'tempo_low'})",3429,instrumentalness_medium|mode_1|tempo_low
0.041076198804489754,"frozenset({'instrumentalness_low', 'mode_0', 'danceability_low'})",3429,danceability_low|instrumentalness_low|mode_0
0.04105224068328562,"frozenset({'duration_ms_very_low', 'mode_1', 'valence_high'})",3427,duration_ms_very_low|mode_1|valence_high
0.04105224068328562,"frozenset({'instrumentalness_low', 'key_very_high', 'acousticness_high'})",3427,acousticness_high|instrumentalness_low|key_very_high
0.04105224068328562,"frozenset({'valence_low', 'energy_low', 'instrumentalness_low'})",3427,energy_low|instrumentalness_low|valence_low
0.04105224068328562,"frozenset({'loudness_very_high', 'valence_high', 'energy_very_high'})",3427,energy_very_high|loudness_very_high|valence_high
0.04105224068328562,"frozenset({'danceability_low', 'instrumentalness_medium', 'mode_1'})",3427,danceability_low|instrumentalness_medium|mode_1
0.04104026162268355,"frozenset({'danceability_low', 'liveness_low', 'mode_1'})",3426,danceability_low|liveness_low|mode_1
0.041028282562081485,"frozenset({'loudness_very_low', 'energy_very_low', 'key_high'})",3425,energy_very_low|key_high|loudness_very_low
0.041028282562081485,"frozenset({'acousticness_very_low', 'duration_ms_very_high', 'energy_very_high'})",3425,acousticness_very_low|duration_ms_very_high|energy_very_high
0.04101630350147941,"frozenset({'instrumentalness_low', 'tempo_very_low', 'key_very_low'})",3424,instrumentalness_low|key_very_low|tempo_very_low
0.04101630350147941,"frozenset({'acousticness_very_low', 'mode_1', 'duration_ms_high'})",3424,acousticness_very_low|duration_ms_high|mode_1
0.04100432444087734,"frozenset({'acousticness_high', 'mode_1', 'duration_ms_high'})",3423,acousticness_high|duration_ms_high|mode_1
0.04098036631967321,"frozenset({'danceability_very_low', 'valence_very_low', 'instrumentalness_high', 'energy_very_low'})",3421,danceability_very_low|energy_very_low|instrumentalness_high|valence_very_low
0.04096838725907114,"frozenset({'speechiness_low', 'valence_very_low', 'energy_very_low'})",3420,energy_very_low|speechiness_low|valence_very_low
0.04096838725907114,"frozenset({'instrumentalness_low', 'valence_very_high', 'tempo_low'})",3420,instrumentalness_low|tempo_low|valence_very_high
0.04096838725907114,"frozenset({'instrumentalness_low', 'energy_low', 'speechiness_very_high'})",3420,energy_low|instrumentalness_low|speechiness_very_high
0.040956408198469074,"frozenset({'instrumentalness_low', 'liveness_very_high', 'loudness_high'})",3419,instrumentalness_low|liveness_very_high|loudness_high
0.04094442913786701,"frozenset({'valence_very_low', 'energy_very_low', 'speechiness_very_low'})",3418,energy_very_low|speechiness_very_low|valence_very_low
0.04092047101666287,"frozenset({'acousticness_very_high', 'loudness_very_low', 'liveness_low', 'mode_1', 'energy_very_low'})",3416,acousticness_very_high|energy_very_low|liveness_low|loudness_very_low|mode_1
0.040908491956060805,"frozenset({'danceability_very_high', 'mode_1', 'speechiness_high'})",3415,danceability_very_high|mode_1|speechiness_high
0.040908491956060805,"frozenset({'instrumentalness_low', 'mode_0', 'tempo_low'})",3415,instrumentalness_low|mode_0|tempo_low
0.040908491956060805,"frozenset({'instrumentalness_low', 'mode_0', 'speechiness_high'})",3415,instrumentalness_low|mode_0|speechiness_high
0.04089651289545874,"frozenset({'instrumentalness_low', 'key_very_low', 'valence_low'})",3414,instrumentalness_low|key_very_low|valence_low
0.04088453383485667,"frozenset({'tempo_very_low', 'loudness_low', 'mode_1'})",3413,loudness_low|mode_1|tempo_very_low
0.04088453383485667,"frozenset({'instrumentalness_low', 'speechiness_very_low', 'loudness_high'})",3413,instrumentalness_low|loudness_high|speechiness_very_low
0.040860575713652536,"frozenset({'loudness_very_high', 'speechiness_very_high', 'mode_1', 'energy_very_high'})",3411,energy_very_high|loudness_very_high|mode_1|speechiness_very_high
0.040860575713652536,"frozenset({'loudness_very_low', 'speechiness_very_high'})",3411,loudness_very_low|speechiness_very_high
0.04084859665305047,"frozenset({'loudness_very_low', 'mode_1', 'key_high'})",3410,key_high|loudness_very_low|mode_1
0.0408366175924484,"frozenset({'energy_low', 'mode_1', 'key_high'})",3409,energy_low|key_high|mode_1
0.0408366175924484,"frozenset({'duration_ms_low', 'mode_1', 'acousticness_high'})",3409,acousticness_high|duration_ms_low|mode_1
0.040824638531846334,"frozenset({'tempo_very_high', 'mode_1', 'valence_high'})",3408,mode_1|tempo_very_high|valence_high
0.0408006804106422,"frozenset({'loudness_very_low', 'duration_ms_very_high', 'mode_1'})",3406,duration_ms_very_high|loudness_very_low|mode_1
0.0408006804106422,"frozenset({'valence_very_low', 'instrumentalness_high', 'key_very_low'})",3406,instrumentalness_high|key_very_low|valence_very_low
0.040764743228836,"frozenset({'instrumentalness_low', 'loudness_low', 'acousticness_very_high'})",3403,acousticness_very_high|instrumentalness_low|loudness_low
0.040764743228836,"frozenset({'speechiness_low', 'mode_1', 'key_high'})",3403,key_high|mode_1|speechiness_low
0.040764743228836,"frozenset({'danceability_very_high', 'valence_very_high', 'acousticness_low'})",3403,acousticness_low|danceability_very_high|valence_very_high
0.040752764168233924,"frozenset({'energy_high', 'mode_1', 'tempo_high'})",3402,energy_high|mode_1|tempo_high
0.040752764168233924,"frozenset({'instrumentalness_low', 'valence_very_high', 'speechiness_high'})",3402,instrumentalness_low|speechiness_high|valence_very_high
0.04071682698642772,"frozenset({'loudness_very_high', 'valence_very_high', 'energy_very_high'})",3399,energy_very_high|loudness_very_high|valence_very_high
0.04071682698642772,"frozenset({'speechiness_low', 'duration_ms_very_high', 'mode_1'})",3399,duration_ms_very_high|mode_1|speechiness_low
0.040704847925825655,"frozenset({'instrumentalness_low', 'danceability_low', 'acousticness_high'})",3398,acousticness_high|danceability_low|instrumentalness_low
0.040704847925825655,"frozenset({'key_low', 'acousticness_very_low'})",3398,acousticness_very_low|key_low
0.040704847925825655,"frozenset({'valence_very_low', 'mode_1', 'key_high'})",3398,key_high|mode_1|valence_very_low
0.04069286886522359,"frozenset({'acousticness_low', 'mode_1', 'duration_ms_high'})",3397,acousticness_low|duration_ms_high|mode_1
0.04068088980462152,"frozenset({'acousticness_very_low', 'energy_very_high', 'loudness_high'})",3396,acousticness_very_low|energy_very_high|loudness_high
0.04066891074401945,"frozenset({'loudness_low', 'mode_1', 'duration_ms_high'})",3395,duration_ms_high|loudness_low|mode_1
0.040656931683417386,"frozenset({'instrumentalness_low', 'liveness_very_high', 'danceability_high'})",3394,danceability_high|instrumentalness_low|liveness_very_high
0.040609015441009116,"frozenset({'liveness_very_low', 'mode_1', 'tempo_high'})",3390,liveness_very_low|mode_1|tempo_high
0.04058505731980498,"frozenset({'instrumentalness_low', 'valence_very_high', 'mode_1', 'acousticness_high'})",3388,acousticness_high|instrumentalness_low|mode_1|valence_very_high
0.04058505731980498,"frozenset({'acousticness_very_low', 'energy_high', 'mode_1'})",3388,acousticness_very_low|energy_high|mode_1
0.04056109919860085,"frozenset({'energy_high', 'mode_1', 'duration_ms_high'})",3386,duration_ms_high|energy_high|mode_1
0.04054912013799878,"frozenset({'danceability_low', 'loudness_low', 'mode_1'})",3385,danceability_low|loudness_low|mode_1
0.04054912013799878,"frozenset({'acousticness_very_high', 'mode_1', 'key_high'})",3385,acousticness_very_high|key_high|mode_1
0.04047724577438637,"frozenset({'instrumentalness_low', 'liveness_high', 'duration_ms_low'})",3379,duration_ms_low|instrumentalness_low|liveness_high
0.04044130859258017,"frozenset({'danceability_low', 'duration_ms_very_high', 'mode_1'})",3376,danceability_low|duration_ms_very_high|mode_1
0.0404293295319781,"frozenset({'mode_0', 'loudness_very_low', 'energy_very_low', 'acousticness_very_high'})",3375,acousticness_very_high|energy_very_low|loudness_very_low|mode_0
0.0404293295319781,"frozenset({'instrumentalness_high', 'mode_1', 'tempo_high'})",3375,instrumentalness_high|mode_1|tempo_high
0.04041735047137603,"frozenset({'loudness_very_high', 'liveness_low'})",3374,liveness_low|loudness_very_high
0.040405371410773966,"frozenset({'duration_ms_very_low', 'mode_1', 'acousticness_high'})",3373,acousticness_high|duration_ms_very_low|mode_1
0.0403933923501719,"frozenset({'instrumentalness_medium', 'loudness_very_low', 'energy_very_low'})",3372,energy_very_low|instrumentalness_medium|loudness_very_low
0.04038141328956983,"frozenset({'mode_1', 'speechiness_high', 'valence_high'})",3371,mode_1|speechiness_high|valence_high
0.040369434228967764,"frozenset({'mode_1', 'valence_high', 'duration_ms_high'})",3370,duration_ms_high|mode_1|valence_high
0.0403574551683657,"frozenset({'danceability_low', 'mode_1', 'loudness_high'})",3369,danceability_low|loudness_high|mode_1
0.04034547610776363,"frozenset({'instrumentalness_high', 'loudness_high'})",3368,instrumentalness_high|loudness_high
0.04034547610776363,"frozenset({'duration_ms_very_low', 'tempo_very_high', 'mode_1'})",3368,duration_ms_very_low|mode_1|tempo_very_high
0.040321517986559495,"frozenset({'tempo_very_low', 'instrumentalness_high', 'energy_very_low'})",3366,energy_very_low|instrumentalness_high|tempo_very_low
0.04026162268354916,"frozenset({'valence_low', 'instrumentalness_medium', 'mode_1'})",3361,instrumentalness_medium|mode_1|valence_low
0.040201727380538815,"frozenset({'valence_low', 'duration_ms_very_high', 'mode_1'})",3356,duration_ms_very_high|mode_1|valence_low
0.04018974831993675,"frozenset({'duration_ms_very_low', 'acousticness_very_high', 'loudness_very_low', 'mode_1', 'energy_very_low'})",3355,acousticness_very_high|duration_ms_very_low|energy_very_low|loudness_very_low|mode_1
0.04014183207752848,"frozenset({'duration_ms_very_low', 'instrumentalness_low', 'key_very_low'})",3351,duration_ms_very_low|instrumentalness_low|key_very_low
0.04012985301692641,"frozenset({'danceability_very_high', 'mode_1', 'loudness_high'})",3350,danceability_very_high|loudness_high|mode_1
0.04012985301692641,"frozenset({'instrumentalness_low', 'liveness_very_low', 'mode_0'})",3350,instrumentalness_low|liveness_very_low|mode_0
0.040117873956324344,"frozenset({'instrumentalness_low', 'liveness_high', 'valence_high'})",3349,instrumentalness_low|liveness_high|valence_high
0.040117873956324344,"frozenset({'mode_1', 'tempo_high', 'loudness_high'})",3349,loudness_high|mode_1|tempo_high
0.04010589489572228,"frozenset({'liveness_very_high', 'mode_1', 'speechiness_high'})",3348,liveness_very_high|mode_1|speechiness_high
0.04010589489572228,"frozenset({'liveness_low', 'mode_1', 'acousticness_high'})",3348,acousticness_high|liveness_low|mode_1
0.04010589489572228,"frozenset({'speechiness_low', 'liveness_very_low', 'mode_1'})",3348,liveness_very_low|mode_1|speechiness_low
0.04009391583512021,"frozenset({'mode_1', 'energy_very_high', 'loudness_high'})",3347,energy_very_high|loudness_high|mode_1
0.04005797865331401,"frozenset({'loudness_very_high', 'acousticness_very_low', 'speechiness_very_high', 'energy_very_high'})",3344,acousticness_very_low|energy_very_high|loudness_very_high|speechiness_very_high
0.04005797865331401,"frozenset({'danceability_very_high', 'valence_very_high', 'acousticness_high'})",3344,acousticness_high|danceability_very_high|valence_very_high
0.04004599959271194,"frozenset({'loudness_very_low', 'valence_very_high'})",3343,loudness_very_low|valence_very_high
0.04004599959271194,"frozenset({'liveness_low', 'mode_1', 'tempo_low'})",3343,liveness_low|mode_1|tempo_low
0.040034020532109874,"frozenset({'valence_very_low', 'tempo_very_low', 'loudness_very_low', 'energy_very_low'})",3342,energy_very_low|loudness_very_low|tempo_very_low|valence_very_low
0.040034020532109874,"frozenset({'liveness_very_low', 'energy_low', 'mode_1'})",3342,energy_low|liveness_very_low|mode_1
0.040034020532109874,"frozenset({'tempo_very_high', 'acousticness_low', 'mode_1'})",3342,acousticness_low|mode_1|tempo_very_high
0.040034020532109874,"frozenset({'speechiness_very_low', 'valence_very_high', 'mode_1'})",3342,mode_1|speechiness_very_low|valence_very_high
0.03999808335030367,"frozenset({'instrumentalness_low', 'energy_very_low', 'loudness_low'})",3339,energy_very_low|instrumentalness_low|loudness_low
0.03999808335030367,"frozenset({'duration_ms_very_low', 'mode_1', 'speechiness_low'})",3339,duration_ms_very_low|mode_1|speechiness_low
0.03999808335030367,"frozenset({'liveness_high', 'loudness_low', 'mode_1'})",3339,liveness_high|loudness_low|mode_1
0.039986104289701604,"frozenset({'instrumentalness_low', 'tempo_very_low', 'valence_high'})",3338,instrumentalness_low|tempo_very_low|valence_high
0.03997412522909954,"frozenset({'instrumentalness_low', 'speechiness_very_low', 'energy_low', 'mode_1'})",3337,energy_low|instrumentalness_low|mode_1|speechiness_very_low
0.039950167107895396,"frozenset({'instrumentalness_low', 'liveness_high', 'energy_low'})",3335,energy_low|instrumentalness_low|liveness_high
0.03993818804729333,"frozenset({'liveness_very_low', 'mode_1', 'speechiness_high'})",3334,liveness_very_low|mode_1|speechiness_high
0.03992620898669126,"frozenset({'liveness_high', 'energy_high', 'mode_1'})",3333,energy_high|liveness_high|mode_1
0.03992620898669126,"frozenset({'duration_ms_low', 'mode_1', 'acousticness_very_high'})",3333,acousticness_very_high|duration_ms_low|mode_1
0.03992620898669126,"frozenset({'tempo_very_low', 'mode_1', 'duration_ms_high'})",3333,duration_ms_high|mode_1|tempo_very_low
0.039914229926089194,"frozenset({'liveness_low', 'danceability_high', 'mode_1'})",3332,danceability_high|liveness_low|mode_1
0.039914229926089194,"frozenset({'loudness_very_low', 'energy_very_low', 'danceability_low'})",3332,danceability_low|energy_very_low|loudness_very_low
0.03989027180488506,"frozenset({'liveness_very_low', 'instrumentalness_high', 'mode_1'})",3330,instrumentalness_high|liveness_very_low|mode_1
0.039866313683680925,"frozenset({'liveness_very_high', 'danceability_high', 'mode_1'})",3328,danceability_high|liveness_very_high|mode_1
0.039866313683680925,"frozenset({'instrumentalness_low', 'danceability_very_high', 'valence_high'})",3328,danceability_very_high|instrumentalness_low|valence_high
0.039866313683680925,"frozenset({'loudness_very_high', 'key_high', 'energy_very_high'})",3328,energy_very_high|key_high|loudness_very_high
0.03985433462307886,"frozenset({'valence_low', 'mode_1', 'loudness_high'})",3327,loudness_high|mode_1|valence_low
0.03984235556247679,"frozenset({'loudness_low', 'mode_1', 'valence_high'})",3326,loudness_low|mode_1|valence_high
0.03983037650187472,"frozenset({'mode_0', 'instrumentalness_high', 'acousticness_very_low'})",3325,acousticness_very_low|instrumentalness_high|mode_0
0.03983037650187472,"frozenset({'mode_0', 'acousticness_low', 'danceability_very_high'})",3325,acousticness_low|danceability_very_high|mode_0
0.03983037650187472,"frozenset({'tempo_very_high', 'mode_1', 'acousticness_high'})",3325,acousticness_high|mode_1|tempo_very_high
0.03983037650187472,"frozenset({'instrumentalness_low', 'valence_high', 'duration_ms_high'})",3325,duration_ms_high|instrumentalness_low|valence_high
0.039818397441272656,"frozenset({'instrumentalness_low', 'key_high', 'acousticness_high'})",3324,acousticness_high|instrumentalness_low|key_high
0.039818397441272656,"frozenset({'energy_high', 'mode_1', 'tempo_low'})",3324,energy_high|mode_1|tempo_low
0.03979443932006852,"frozenset({'tempo_very_low', 'instrumentalness_high', 'mode_1'})",3322,instrumentalness_high|mode_1|tempo_very_low
0.039782460259466454,"frozenset({'danceability_very_low', 'liveness_high', 'mode_1'})",3321,danceability_very_low|liveness_high|mode_1
0.039782460259466454,"frozenset({'danceability_very_low', 'valence_very_low', 'liveness_low'})",3321,danceability_very_low|liveness_low|valence_very_low
0.039782460259466454,"frozenset({'instrumentalness_low', 'energy_high', 'tempo_very_high'})",3321,energy_high|instrumentalness_low|tempo_very_high
0.03975850213826232,"frozenset({'duration_ms_very_low', 'instrumentalness_low', 'acousticness_high'})",3319,acousticness_high|duration_ms_very_low|instrumentalness_low
0.03974652307766025,"frozenset({'speechiness_low', 'tempo_very_low', 'mode_1'})",3318,mode_1|speechiness_low|tempo_very_low
0.03974652307766025,"frozenset({'acousticness_very_high', 'loudness_very_low', 'tempo_very_low', 'mode_1', 'energy_very_low'})",3318,acousticness_very_high|energy_very_low|loudness_very_low|mode_1|tempo_very_low
0.039734544017058185,"frozenset({'instrumentalness_low', 'danceability_high', 'duration_ms_high'})",3317,danceability_high|duration_ms_high|instrumentalness_low
0.03971058589585405,"frozenset({'mode_0', 'energy_low', 'loudness_low'})",3315,energy_low|loudness_low|mode_0
0.03971058589585405,"frozenset({'loudness_very_low', 'danceability_very_low', 'valence_very_low', 'instrumentalness_high', 'energy_very_low'})",3315,danceability_very_low|energy_very_low|instrumentalness_high|loudness_very_low|valence_very_low
0.03971058589585405,"frozenset({'duration_ms_very_low', 'instrumentalness_high', 'energy_very_low'})",3315,duration_ms_very_low|energy_very_low|instrumentalness_high
0.03971058589585405,"frozenset({'danceability_very_low', 'mode_1', 'duration_ms_high'})",3315,danceability_very_low|duration_ms_high|mode_1
0.039698606835251976,"frozenset({'danceability_very_low', 'tempo_high'})",3314,danceability_very_low|tempo_high
0.039698606835251976,"frozenset({'instrumentalness_low', 'tempo_very_low', 'acousticness_very_high'})",3314,acousticness_very_high|instrumentalness_low|tempo_very_low
0.039698606835251976,"frozenset({'key_low', 'mode_0', 'instrumentalness_low'})",3314,instrumentalness_low|key_low|mode_0
0.039698606835251976,"frozenset({'instrumentalness_low', 'tempo_very_high', 'acousticness_low'})",3314,acousticness_low|instrumentalness_low|tempo_very_high
0.039662669653445774,"frozenset({'danceability_very_low', 'valence_very_low', 'acousticness_very_high', 'mode_1'})",3311,acousticness_very_high|danceability_very_low|mode_1|valence_very_low
0.039614753411037505,"frozenset({'instrumentalness_low', 'loudness_very_high', 'acousticness_high'})",3307,acousticness_high|instrumentalness_low|loudness_very_high
0.03960277435043544,"frozenset({'liveness_very_low', 'loudness_low', 'mode_1'})",3306,liveness_very_low|loudness_low|mode_1
0.03960277435043544,"frozenset({'instrumentalness_low', 'liveness_very_low', 'acousticness_high'})",3306,acousticness_high|instrumentalness_low|liveness_very_low
0.03959079528983337,"frozenset({'liveness_high', 'instrumentalness_medium', 'mode_1'})",3305,instrumentalness_medium|liveness_high|mode_1
0.03959079528983337,"frozenset({'danceability_very_low', 'energy_low'})",3305,danceability_very_low|energy_low
0.03959079528983337,"frozenset({'liveness_high', 'mode_1', 'duration_ms_high'})",3305,duration_ms_high|liveness_high|mode_1
0.039566837168629236,"frozenset({'duration_ms_low', 'mode_1', 'energy_very_high'})",3303,duration_ms_low|energy_very_high|mode_1
0.0395428790474251,"frozenset({'liveness_very_high', 'mode_1', 'tempo_very_low'})",3301,liveness_very_high|mode_1|tempo_very_low
0.039530899986823034,"frozenset({'instrumentalness_low', 'speechiness_very_low', 'energy_very_low', 'mode_1'})",3300,energy_very_low|instrumentalness_low|mode_1|speechiness_very_low
0.03951892092622097,"frozenset({'speechiness_very_low', 'mode_1', 'valence_high'})",3299,mode_1|speechiness_very_low|valence_high
0.03951892092622097,"frozenset({'energy_very_low', 'duration_ms_low', 'acousticness_very_high'})",3299,acousticness_very_high|duration_ms_low|energy_very_low
0.03951892092622097,"frozenset({'liveness_high', 'loudness_very_high', 'energy_very_high'})",3299,energy_very_high|liveness_high|loudness_very_high
0.03949496280501683,"frozenset({'mode_1', 'valence_high', 'tempo_low'})",3297,mode_1|tempo_low|valence_high
0.039482983744414765,"frozenset({'valence_low', 'duration_ms_low', 'mode_1'})",3296,duration_ms_low|mode_1|valence_low
0.0394710046838127,"frozenset({'instrumentalness_low', 'liveness_high', 'energy_high'})",3295,energy_high|instrumentalness_low|liveness_high
0.0394710046838127,"frozenset({'instrumentalness_low', 'liveness_very_high', 'acousticness_low'})",3295,acousticness_low|instrumentalness_low|liveness_very_high
0.03944704656260856,"frozenset({'duration_ms_very_high', 'loudness_very_low', 'energy_very_low'})",3293,duration_ms_very_high|energy_very_low|loudness_very_low
0.03943506750200649,"frozenset({'liveness_very_low', 'acousticness_low', 'mode_1'})",3292,acousticness_low|liveness_very_low|mode_1
0.039411109380802355,"frozenset({'instrumentalness_low', 'key_very_low', 'tempo_low'})",3290,instrumentalness_low|key_very_low|tempo_low
0.039411109380802355,"frozenset({'instrumentalness_high', 'loudness_very_low', 'duration_ms_very_high'})",3290,duration_ms_very_high|instrumentalness_high|loudness_very_low
0.039411109380802355,"frozenset({'instrumentalness_low', 'speechiness_very_low', 'liveness_low'})",3290,instrumentalness_low|liveness_low|speechiness_very_low
0.03939913032020029,"frozenset({'liveness_very_low', 'mode_1', 'tempo_low'})",3289,liveness_very_low|mode_1|tempo_low
0.03938715125959822,"frozenset({'liveness_very_low', 'mode_1', 'duration_ms_high'})",3288,duration_ms_high|liveness_very_low|mode_1
0.03937517219899615,"frozenset({'instrumentalness_high', 'duration_ms_low'})",3287,duration_ms_low|instrumentalness_high
0.03935121407779202,"frozenset({'instrumentalness_high', 'valence_high'})",3285,instrumentalness_high|valence_high
0.03933923501718995,"frozenset({'instrumentalness_low', 'mode_0', 'loudness_low'})",3284,instrumentalness_low|loudness_low|mode_0
0.03933923501718995,"frozenset({'energy_low', 'mode_1', 'duration_ms_high'})",3284,duration_ms_high|energy_low|mode_1
0.03933923501718995,"frozenset({'liveness_very_high', 'acousticness_low', 'mode_1'})",3284,acousticness_low|liveness_very_high|mode_1
0.039315276895985816,"frozenset({'valence_low', 'instrumentalness_low', 'duration_ms_high'})",3282,duration_ms_high|instrumentalness_low|valence_low
0.039315276895985816,"frozenset({'danceability_very_high', 'mode_1', 'valence_high'})",3282,danceability_very_high|mode_1|valence_high
0.039315276895985816,"frozenset({'key_low', 'acousticness_very_high', 'mode_1'})",3282,acousticness_very_high|key_low|mode_1
0.03930329783538375,"frozenset({'energy_high', 'tempo_very_high', 'mode_1'})",3281,energy_high|mode_1|tempo_very_high
0.039279339714179615,"frozenset({'instrumentalness_medium', 'loudness_low', 'mode_1'})",3279,instrumentalness_medium|loudness_low|mode_1
0.039279339714179615,"frozenset({'instrumentalness_low', 'energy_low', 'loudness_low', 'mode_1'})",3279,energy_low|instrumentalness_low|loudness_low|mode_1
0.03924340253237341,"frozenset({'danceability_very_low', 'liveness_low', 'energy_very_low'})",3276,danceability_very_low|energy_very_low|liveness_low
0.03924340253237341,"frozenset({'duration_ms_very_low', 'instrumentalness_low', 'acousticness_very_high'})",3276,acousticness_very_high|duration_ms_very_low|instrumentalness_low
0.03924340253237341,"frozenset({'danceability_low', 'mode_1', 'acousticness_high'})",3276,acousticness_high|danceability_low|mode_1
0.03920746535056721,"frozenset({'instrumentalness_low', 'mode_0', 'key_very_low'})",3273,instrumentalness_low|key_very_low|mode_0
0.03920746535056721,"frozenset({'danceability_very_high', 'energy_very_high'})",3273,danceability_very_high|energy_very_high
0.039195486289965144,"frozenset({'instrumentalness_low', 'energy_high', 'valence_very_high', 'mode_1'})",3272,energy_high|instrumentalness_low|mode_1|valence_very_high
0.039195486289965144,"frozenset({'loudness_very_high', 'tempo_high', 'energy_very_high'})",3272,energy_very_high|loudness_very_high|tempo_high
0.039195486289965144,"frozenset({'duration_ms_very_low', 'loudness_low', 'mode_1'})",3272,duration_ms_very_low|loudness_low|mode_1
0.039183507229363077,"frozenset({'loudness_very_low', 'energy_very_low', 'key_very_high'})",3271,energy_very_low|key_very_high|loudness_very_low
0.039159549108158935,"frozenset({'instrumentalness_low', 'loudness_very_high', 'danceability_very_high'})",3269,danceability_very_high|instrumentalness_low|loudness_very_high
0.03914757004755687,"frozenset({'instrumentalness_low', 'loudness_very_low', 'energy_very_low', 'acousticness_very_high'})",3268,acousticness_very_high|energy_very_low|instrumentalness_low|loudness_very_low
0.0391355909869548,"frozenset({'loudness_very_high', 'mode_1', 'tempo_high'})",3267,loudness_very_high|mode_1|tempo_high
0.0391355909869548,"frozenset({'instrumentalness_low', 'valence_very_high', 'key_very_high'})",3267,instrumentalness_low|key_very_high|valence_very_high
0.039111632865750666,"frozenset({'key_low', 'loudness_very_low', 'energy_very_low'})",3265,energy_very_low|key_low|loudness_very_low
0.039111632865750666,"frozenset({'speechiness_low', 'mode_1', 'tempo_low'})",3265,mode_1|speechiness_low|tempo_low
0.039111632865750666,"frozenset({'instrumentalness_low', 'tempo_very_high', 'duration_ms_low'})",3265,duration_ms_low|instrumentalness_low|tempo_very_high
0.0390996538051486,"frozenset({'liveness_high', 'mode_1', 'tempo_low'})",3264,liveness_high|mode_1|tempo_low
0.0390996538051486,"frozenset({'acousticness_very_low', 'key_high', 'energy_very_high'})",3264,acousticness_very_low|energy_very_high|key_high
0.0390996538051486,"frozenset({'duration_ms_low', 'mode_1', 'tempo_low'})",3264,duration_ms_low|mode_1|tempo_low
0.03903975850213826,"frozenset({'danceability_high', 'acousticness_very_high', 'mode_1'})",3259,acousticness_very_high|danceability_high|mode_1
0.03901580038093413,"frozenset({'loudness_very_high', 'danceability_high', 'mode_1'})",3257,danceability_high|loudness_very_high|mode_1
0.03899184225972999,"frozenset({'liveness_very_low', 'mode_1', 'acousticness_very_low'})",3255,acousticness_very_low|liveness_very_low|mode_1
0.038979863199127926,"frozenset({'danceability_low', 'energy_low', 'mode_1'})",3254,danceability_low|energy_low|mode_1
0.038979863199127926,"frozenset({'acousticness_very_high', 'speechiness_very_high'})",3254,acousticness_very_high|speechiness_very_high
0.038979863199127926,"frozenset({'instrumentalness_low', 'tempo_very_high', 'danceability_very_low'})",3254,danceability_very_low|instrumentalness_low|tempo_very_high
0.03895590507792379,"frozenset({'instrumentalness_low', 'liveness_high', 'loudness_high'})",3252,instrumentalness_low|liveness_high|loudness_high
0.03895590507792379,"frozenset({'liveness_high', 'mode_1', 'acousticness_very_low'})",3252,acousticness_very_low|liveness_high|mode_1
0.038943926017321724,"frozenset({'valence_low', 'liveness_high', 'mode_1'})",3251,liveness_high|mode_1|valence_low
0.03893194695671966,"frozenset({'energy_very_low', 'key_high', 'acousticness_very_high'})",3250,acousticness_very_high|energy_very_low|key_high
0.03891996789611759,"frozenset({'duration_ms_low', 'speechiness_very_high', 'mode_1'})",3249,duration_ms_low|mode_1|speechiness_very_high
0.03891996789611759,"frozenset({'instrumentalness_medium', 'valence_very_high', 'mode_1'})",3249,instrumentalness_medium|mode_1|valence_very_high
0.03890798883551552,"frozenset({'key_very_high', 'energy_very_low', 'acousticness_very_high'})",3248,acousticness_very_high|energy_very_low|key_very_high
0.03889600977491345,"frozenset({'instrumentalness_low', 'tempo_very_high', 'loudness_high'})",3247,instrumentalness_low|loudness_high|tempo_very_high
0.03889600977491345,"frozenset({'mode_1', 'valence_high', 'energy_very_high'})",3247,energy_very_high|mode_1|valence_high
0.03883611447190311,"frozenset({'speechiness_low', 'mode_1', 'duration_ms_high'})",3242,duration_ms_high|mode_1|speechiness_low
0.03883611447190311,"frozenset({'instrumentalness_low', 'valence_very_high', 'mode_1', 'key_very_low'})",3242,instrumentalness_low|key_very_low|mode_1|valence_very_high
0.03881215635069898,"frozenset({'liveness_high', 'acousticness_very_low', 'energy_very_high'})",3240,acousticness_very_low|energy_very_high|liveness_high
0.03881215635069898,"frozenset({'liveness_low', 'duration_ms_very_high', 'mode_1'})",3240,duration_ms_very_high|liveness_low|mode_1
0.03880017729009691,"frozenset({'instrumentalness_low', 'liveness_low', 'acousticness_high'})",3239,acousticness_high|instrumentalness_low|liveness_low
0.03878819822949484,"frozenset({'liveness_low', 'mode_1', 'tempo_high'})",3238,liveness_low|mode_1|tempo_high
0.038740281987086574,"frozenset({'instrumentalness_low', 'energy_low', 'duration_ms_high'})",3234,duration_ms_high|energy_low|instrumentalness_low
0.038728302926484506,"frozenset({'mode_1', 'tempo_high', 'duration_ms_high'})",3233,duration_ms_high|mode_1|tempo_high
0.038728302926484506,"frozenset({'mode_1', 'tempo_high', 'speechiness_high'})",3233,mode_1|speechiness_high|tempo_high
0.03871632386588244,"frozenset({'mode_1', 'tempo_low', 'loudness_high'})",3232,loudness_high|mode_1|tempo_low
0.03868038668407624,"frozenset({'mode_0', 'energy_high', 'loudness_high'})",3229,energy_high|loudness_high|mode_0
0.03868038668407624,"frozenset({'mode_0', 'speechiness_very_high', 'danceability_very_high'})",3229,danceability_very_high|mode_0|speechiness_very_high
0.03866840762347417,"frozenset({'loudness_very_high', 'instrumentalness_medium', 'acousticness_very_low'})",3228,acousticness_very_low|instrumentalness_medium|loudness_very_high
0.03866840762347417,"frozenset({'tempo_very_low', 'mode_1', 'valence_high'})",3228,mode_1|tempo_very_low|valence_high
0.038644449502270035,"frozenset({'danceability_low', 'mode_1', 'speechiness_low'})",3226,danceability_low|mode_1|speechiness_low
0.038620491381065894,"frozenset({'instrumentalness_medium', 'energy_very_low', 'acousticness_very_high'})",3224,acousticness_very_high|energy_very_low|instrumentalness_medium
0.038620491381065894,"frozenset({'mode_0', 'speechiness_very_high', 'energy_very_high'})",3224,energy_very_high|mode_0|speechiness_very_high
0.038620491381065894,"frozenset({'valence_low', 'loudness_very_low', 'acousticness_very_high'})",3224,acousticness_very_high|loudness_very_low|valence_low
0.03860851232046383,"frozenset({'instrumentalness_low', 'liveness_high', 'acousticness_low'})",3223,acousticness_low|instrumentalness_low|liveness_high
0.03859653325986176,"frozenset({'liveness_high', 'mode_1', 'energy_very_high'})",3222,energy_very_high|liveness_high|mode_1
0.03859653325986176,"frozenset({'loudness_very_high', 'tempo_very_high', 'speechiness_very_high'})",3222,loudness_very_high|speechiness_very_high|tempo_very_high
0.03859653325986176,"frozenset({'duration_ms_low', 'mode_1', 'tempo_high'})",3222,duration_ms_low|mode_1|tempo_high
0.03858455419925969,"frozenset({'duration_ms_very_low', 'mode_0', 'instrumentalness_low'})",3221,duration_ms_very_low|instrumentalness_low|mode_0
0.03858455419925969,"frozenset({'instrumentalness_low', 'mode_1', 'key_very_low', 'acousticness_high'})",3221,acousticness_high|instrumentalness_low|key_very_low|mode_1
0.038572575138657625,"frozenset({'instrumentalness_low', 'valence_very_high', 'energy_very_high'})",3220,energy_very_high|instrumentalness_low|valence_very_high
0.038572575138657625,"frozenset({'liveness_very_low', 'energy_high', 'mode_1'})",3220,energy_high|liveness_very_low|mode_1
0.03856059607805556,"frozenset({'liveness_high', 'acousticness_low', 'mode_1'})",3219,acousticness_low|liveness_high|mode_1
0.03856059607805556,"frozenset({'valence_very_high', 'speechiness_very_high', 'mode_1'})",3219,mode_1|speechiness_very_high|valence_very_high
0.03853663795685142,"frozenset({'instrumentalness_high', 'loudness_very_low', 'key_very_low'})",3217,instrumentalness_high|key_very_low|loudness_very_low
0.038524658896249356,"frozenset({'tempo_very_low', 'liveness_low', 'energy_very_low'})",3216,energy_very_low|liveness_low|tempo_very_low
0.038524658896249356,"frozenset({'instrumentalness_low', 'speechiness_very_low', 'mode_1', 'acousticness_high'})",3216,acousticness_high|instrumentalness_low|mode_1|speechiness_very_low
0.03851267983564729,"frozenset({'liveness_very_high', 'mode_1', 'acousticness_high'})",3215,acousticness_high|liveness_very_high|mode_1
0.03850070077504522,"frozenset({'danceability_low', 'loudness_very_high', 'acousticness_very_low'})",3214,acousticness_very_low|danceability_low|loudness_very_high
0.038488721714443154,"frozenset({'tempo_very_low', 'duration_ms_low', 'mode_1'})",3213,duration_ms_low|mode_1|tempo_very_low
0.03847674265384109,"frozenset({'danceability_very_high', 'duration_ms_low', 'mode_1'})",3212,danceability_very_high|duration_ms_low|mode_1
0.03845278453263695,"frozenset({'instrumentalness_low', 'danceability_high', 'tempo_low'})",3210,danceability_high|instrumentalness_low|tempo_low
0.038440805472034885,"frozenset({'loudness_very_high', 'instrumentalness_medium', 'mode_1'})",3209,instrumentalness_medium|loudness_very_high|mode_1
0.03842882641143282,"frozenset({'energy_low', 'duration_ms_low', 'mode_1'})",3208,duration_ms_low|energy_low|mode_1
0.03842882641143282,"frozenset({'danceability_low', 'loudness_very_low', 'mode_1'})",3208,danceability_low|loudness_very_low|mode_1
0.03841684735083075,"frozenset({'liveness_very_low', 'mode_1', 'acousticness_high'})",3207,acousticness_high|liveness_very_low|mode_1
0.03840486829022868,"frozenset({'valence_very_low', 'liveness_low', 'acousticness_very_high'})",3206,acousticness_very_high|liveness_low|valence_very_low
0.038392889229626616,"frozenset({'danceability_very_low', 'acousticness_very_low', 'tempo_very_high'})",3205,acousticness_very_low|danceability_very_low|tempo_very_high
0.038392889229626616,"frozenset({'valence_low', 'mode_1', 'tempo_high'})",3205,mode_1|tempo_high|valence_low
0.038392889229626616,"frozenset({'danceability_very_low', 'speechiness_very_low', 'energy_very_low'})",3205,danceability_very_low|energy_very_low|speechiness_very_low
0.038368931108422474,"frozenset({'instrumentalness_low', 'energy_low', 'liveness_low'})",3203,energy_low|instrumentalness_low|liveness_low
0.038368931108422474,"frozenset({'liveness_very_high', 'mode_1', 'duration_ms_high'})",3203,duration_ms_high|liveness_very_high|mode_1
0.03834497298721834,"frozenset({'instrumentalness_medium', 'loudness_very_low', 'mode_1'})",3201,instrumentalness_medium|loudness_very_low|mode_1
0.03833299392661627,"frozenset({'mode_0', 'energy_high', 'acousticness_low'})",3200,acousticness_low|energy_high|mode_0
0.03833299392661627,"frozenset({'instrumentalness_low', 'liveness_high', 'danceability_high'})",3200,danceability_high|instrumentalness_low|liveness_high
0.038321014866014205,"frozenset({'liveness_high', 'energy_very_low', 'acousticness_very_high'})",3199,acousticness_very_high|energy_very_low|liveness_high
0.038321014866014205,"frozenset({'speechiness_low', 'instrumentalness_high', 'energy_very_low'})",3199,energy_very_low|instrumentalness_high|speechiness_low
0.038321014866014205,"frozenset({'liveness_low', 'loudness_very_low', 'energy_very_low', 'instrumentalness_high'})",3199,energy_very_low|instrumentalness_high|liveness_low|loudness_very_low
0.038321014866014205,"frozenset({'instrumentalness_low', 'danceability_low', 'loudness_high'})",3199,danceability_low|instrumentalness_low|loudness_high
0.038285077684208,"frozenset({'energy_high', 'mode_1', 'speechiness_high'})",3196,energy_high|mode_1|speechiness_high
0.038273098623605936,"frozenset({'instrumentalness_medium', 'duration_ms_very_high', 'mode_1'})",3195,duration_ms_very_high|instrumentalness_medium|mode_1
0.038273098623605936,"frozenset({'mode_1', 'tempo_low', 'duration_ms_high'})",3195,duration_ms_high|mode_1|tempo_low
0.03826111956300387,"frozenset({'liveness_high', 'acousticness_very_high', 'mode_1'})",3194,acousticness_very_high|liveness_high|mode_1
0.03826111956300387,"frozenset({'valence_very_low', 'tempo_very_low', 'instrumentalness_high'})",3194,instrumentalness_high|tempo_very_low|valence_very_low
0.03826111956300387,"frozenset({'speechiness_low', 'duration_ms_low', 'mode_1'})",3194,duration_ms_low|mode_1|speechiness_low
0.0382491405024018,"frozenset({'valence_low', 'liveness_very_high', 'mode_1'})",3193,liveness_very_high|mode_1|valence_low
0.0382491405024018,"frozenset({'danceability_very_low', 'acousticness_very_low', 'mode_1', 'energy_very_high'})",3193,acousticness_very_low|danceability_very_low|energy_very_high|mode_1
0.0382491405024018,"frozenset({'instrumentalness_low', 'valence_very_high', 'key_high'})",3193,instrumentalness_low|key_high|valence_very_high
0.03822518238119767,"frozenset({'loudness_very_high', 'liveness_very_high', 'acousticness_very_low'})",3191,acousticness_very_low|liveness_very_high|loudness_very_high
0.03822518238119767,"frozenset({'energy_high', 'duration_ms_very_high', 'mode_1'})",3191,duration_ms_very_high|energy_high|mode_1
0.0382132033205956,"frozenset({'danceability_very_low', 'valence_high'})",3190,danceability_very_low|valence_high
0.0382132033205956,"frozenset({'instrumentalness_low', 'tempo_very_high', 'valence_high'})",3190,instrumentalness_low|tempo_very_high|valence_high
0.03820122425999353,"frozenset({'liveness_very_high', 'duration_ms_very_high', 'mode_1'})",3189,duration_ms_very_high|liveness_very_high|mode_1
0.038189245199391465,"frozenset({'liveness_very_low', 'instrumentalness_medium', 'mode_1'})",3188,instrumentalness_medium|liveness_very_low|mode_1
0.0381772661387894,"frozenset({'danceability_very_high', 'valence_very_high', 'tempo_low'})",3187,danceability_very_high|tempo_low|valence_very_high
0.03815330801758526,"frozenset({'instrumentalness_low', 'duration_ms_low', 'danceability_low'})",3185,danceability_low|duration_ms_low|instrumentalness_low
0.03815330801758526,"frozenset({'danceability_very_low', 'mode_1', 'speechiness_high'})",3185,danceability_very_low|mode_1|speechiness_high
0.038141328956983196,"frozenset({'instrumentalness_low', 'speechiness_very_high', 'key_high'})",3184,instrumentalness_low|key_high|speechiness_very_high
0.038141328956983196,"frozenset({'instrumentalness_low', 'liveness_high', 'speechiness_very_low'})",3184,instrumentalness_low|liveness_high|speechiness_very_low
0.03812934989638113,"frozenset({'instrumentalness_low', 'liveness_very_low', 'key_very_low'})",3183,instrumentalness_low|key_very_low|liveness_very_low
0.03812934989638113,"frozenset({'tempo_very_low', 'speechiness_very_high', 'mode_1'})",3183,mode_1|speechiness_very_high|tempo_very_low
0.03811737083577906,"frozenset({'danceability_very_low', 'loudness_very_low', 'energy_very_low', 'speechiness_low'})",3182,danceability_very_low|energy_very_low|loudness_very_low|speechiness_low
0.03811737083577906,"frozenset({'duration_ms_very_low', 'instrumentalness_low', 'mode_1', 'valence_very_high'})",3182,duration_ms_very_low|instrumentalness_low|mode_1|valence_very_high
0.03811737083577906,"frozenset({'instrumentalness_low', 'tempo_very_low', 'loudness_high'})",3182,instrumentalness_low|loudness_high|tempo_very_low
0.03809341271457492,"frozenset({'duration_ms_very_low', 'energy_low', 'mode_1'})",3180,duration_ms_very_low|energy_low|mode_1
0.03808143365397285,"frozenset({'liveness_high', 'tempo_very_low', 'mode_1'})",3179,liveness_high|mode_1|tempo_very_low
0.038069454593370786,"frozenset({'liveness_very_high', 'mode_1', 'tempo_high'})",3178,liveness_very_high|mode_1|tempo_high
0.038069454593370786,"frozenset({'danceability_very_low', 'valence_very_low', 'acousticness_very_low'})",3178,acousticness_very_low|danceability_very_low|valence_very_low
0.03804549647216665,"frozenset({'mode_0', 'danceability_very_high', 'key_very_high'})",3176,danceability_very_high|key_very_high|mode_0
0.038033517411564584,"frozenset({'danceability_very_low', 'tempo_very_high', 'energy_very_high'})",3175,danceability_very_low|energy_very_high|tempo_very_high
0.038033517411564584,"frozenset({'instrumentalness_low', 'loudness_very_high', 'tempo_high'})",3175,instrumentalness_low|loudness_very_high|tempo_high
0.037985601169156315,"frozenset({'duration_ms_very_low', 'instrumentalness_low', 'valence_high'})",3171,duration_ms_very_low|instrumentalness_low|valence_high
0.03796164304795218,"frozenset({'danceability_very_low', 'acousticness_high'})",3169,acousticness_high|danceability_very_low
0.03794966398735011,"frozenset({'instrumentalness_medium', 'mode_1', 'valence_high'})",3168,instrumentalness_medium|mode_1|valence_high
0.03794966398735011,"frozenset({'liveness_very_high', 'mode_1', 'tempo_low'})",3168,liveness_very_high|mode_1|tempo_low
0.03792570586614598,"frozenset({'speechiness_low', 'danceability_high', 'mode_1'})",3166,danceability_high|mode_1|speechiness_low
0.03792570586614598,"frozenset({'valence_very_low', 'tempo_very_low', 'energy_very_low', 'acousticness_very_high'})",3166,acousticness_very_high|energy_very_low|tempo_very_low|valence_very_low
0.03792570586614598,"frozenset({'liveness_high', 'mode_1', 'tempo_high'})",3166,liveness_high|mode_1|tempo_high
0.03791372680554391,"frozenset({'instrumentalness_low', 'energy_low', 'mode_1', 'loudness_high'})",3165,energy_low|instrumentalness_low|loudness_high|mode_1
0.037901747744941844,"frozenset({'instrumentalness_low', 'tempo_very_low', 'duration_ms_low'})",3164,duration_ms_low|instrumentalness_low|tempo_very_low
0.03788976868433978,"frozenset({'speechiness_low', 'loudness_very_low', 'acousticness_very_high', 'mode_1'})",3163,acousticness_very_high|loudness_very_low|mode_1|speechiness_low
0.03788976868433978,"frozenset({'instrumentalness_medium', 'energy_very_low', 'mode_1'})",3163,energy_very_low|instrumentalness_medium|mode_1
0.03786581056313564,"frozenset({'instrumentalness_low', 'acousticness_low', 'tempo_high'})",3161,acousticness_low|instrumentalness_low|tempo_high
0.0378418524419315,"frozenset({'danceability_very_low', 'tempo_very_low', 'loudness_very_low', 'acousticness_very_high'})",3159,acousticness_very_high|danceability_very_low|loudness_very_low|tempo_very_low
0.0378418524419315,"frozenset({'liveness_low', 'duration_ms_low', 'mode_1'})",3159,duration_ms_low|liveness_low|mode_1
0.03782987338132943,"frozenset({'instrumentalness_low', 'energy_high', 'mode_1', 'loudness_high'})",3158,energy_high|instrumentalness_low|loudness_high|mode_1
0.037781957138921164,"frozenset({'energy_very_low', 'duration_ms_low', 'mode_1'})",3154,duration_ms_low|energy_very_low|mode_1
0.03775799901771703,"frozenset({'loudness_very_high', 'key_very_high', 'energy_very_high'})",3152,energy_very_high|key_very_high|loudness_very_high
0.03775799901771703,"frozenset({'valence_low', 'energy_very_low', 'mode_1', 'acousticness_very_high'})",3152,acousticness_very_high|energy_very_low|mode_1|valence_low
0.03775799901771703,"frozenset({'instrumentalness_low', 'danceability_high', 'speechiness_very_high'})",3152,danceability_high|instrumentalness_low|speechiness_very_high
0.03775799901771703,"frozenset({'acousticness_very_low', 'instrumentalness_high', 'tempo_high'})",3152,acousticness_very_low|instrumentalness_high|tempo_high
0.037734040896512895,"frozenset({'loudness_very_low', 'danceability_very_low', 'valence_very_low', 'mode_1', 'energy_very_low'})",3150,danceability_very_low|energy_very_low|loudness_very_low|mode_1|valence_very_low
0.03772206183591083,"frozenset({'instrumentalness_medium', 'liveness_low', 'mode_1'})",3149,instrumentalness_medium|liveness_low|mode_1
0.03771008277530876,"frozenset({'liveness_high', 'energy_very_low', 'mode_1'})",3148,energy_very_low|liveness_high|mode_1
0.03771008277530876,"frozenset({'duration_ms_very_high', 'mode_1', 'loudness_high'})",3148,duration_ms_very_high|loudness_high|mode_1
0.03769810371470669,"frozenset({'valence_very_low', 'mode_1', 'tempo_high'})",3147,mode_1|tempo_high|valence_very_low
0.037686124654104626,"frozenset({'danceability_low', 'mode_1', 'tempo_high'})",3146,danceability_low|mode_1|tempo_high
0.03767414559350256,"frozenset({'acousticness_low', 'mode_1', 'speechiness_high'})",3145,acousticness_low|mode_1|speechiness_high
0.03767414559350256,"frozenset({'instrumentalness_low', 'liveness_very_high', 'tempo_very_high'})",3145,instrumentalness_low|liveness_very_high|tempo_very_high
0.03766216653290049,"frozenset({'acousticness_very_low', 'mode_1', 'valence_high'})",3144,acousticness_very_low|mode_1|valence_high
0.037650187472298424,"frozenset({'speechiness_low', 'liveness_high', 'mode_1'})",3143,liveness_high|mode_1|speechiness_low
0.037650187472298424,"frozenset({'valence_very_low', 'loudness_very_low', 'mode_0'})",3143,loudness_very_low|mode_0|valence_very_low
0.03762622935109429,"frozenset({'danceability_very_low', 'energy_very_low', 'speechiness_low', 'acousticness_very_high'})",3141,acousticness_very_high|danceability_very_low|energy_very_low|speechiness_low
0.03762622935109429,"frozenset({'valence_low', 'danceability_high', 'mode_1'})",3141,danceability_high|mode_1|valence_low
0.03762622935109429,"frozenset({'instrumentalness_low', 'loudness_very_high', 'key_high'})",3141,instrumentalness_low|key_high|loudness_very_high
0.03761425029049222,"frozenset({'liveness_very_low', 'tempo_very_high', 'mode_1'})",3140,liveness_very_low|mode_1|tempo_very_high
0.03759029216928809,"frozenset({'instrumentalness_low', 'acousticness_low', 'energy_very_high'})",3138,acousticness_low|energy_very_high|instrumentalness_low
0.037578313108686014,"frozenset({'instrumentalness_low', 'valence_high', 'tempo_low'})",3137,instrumentalness_low|tempo_low|valence_high
0.037566334048083946,"frozenset({'danceability_very_low', 'tempo_very_low', 'instrumentalness_high'})",3136,danceability_very_low|instrumentalness_high|tempo_very_low
0.03755435498748188,"frozenset({'speechiness_low', 'tempo_very_high', 'mode_1'})",3135,mode_1|speechiness_low|tempo_very_high
0.03754237592687981,"frozenset({'key_low', 'energy_very_low', 'mode_1'})",3134,energy_very_low|key_low|mode_1
0.037530396866277745,"frozenset({'speechiness_low', 'loudness_low', 'mode_1'})",3133,loudness_low|mode_1|speechiness_low
0.03750643874507361,"frozenset({'energy_low', 'mode_1', 'tempo_high'})",3131,energy_low|mode_1|tempo_high
0.037482480623869475,"frozenset({'instrumentalness_low', 'speechiness_very_low', 'tempo_low'})",3129,instrumentalness_low|speechiness_very_low|tempo_low
0.03742258532085914,"frozenset({'speechiness_very_low', 'liveness_low', 'energy_very_low'})",3124,energy_very_low|liveness_low|speechiness_very_low
0.03741060626025707,"frozenset({'instrumentalness_low', 'acousticness_very_high', 'danceability_low'})",3123,acousticness_very_high|danceability_low|instrumentalness_low
0.03738664813905294,"frozenset({'liveness_very_low', 'mode_1', 'loudness_high'})",3121,liveness_very_low|loudness_high|mode_1
0.03738664813905294,"frozenset({'speechiness_very_low', 'mode_1', 'key_very_high'})",3121,key_very_high|mode_1|speechiness_very_low
0.03738664813905294,"frozenset({'instrumentalness_medium', 'liveness_very_high', 'mode_1'})",3121,instrumentalness_medium|liveness_very_high|mode_1
0.03737466907845087,"frozenset({'instrumentalness_low', 'key_very_high', 'valence_high'})",3120,instrumentalness_low|key_very_high|valence_high
0.03737466907845087,"frozenset({'duration_ms_low', 'mode_1', 'speechiness_high'})",3120,duration_ms_low|mode_1|speechiness_high
0.037350710957246736,"frozenset({'mode_0', 'energy_high', 'danceability_very_high'})",3118,danceability_very_high|energy_high|mode_0
0.03731477377544053,"frozenset({'liveness_very_low', 'duration_ms_low', 'mode_1'})",3115,duration_ms_low|liveness_very_low|mode_1
0.03731477377544053,"frozenset({'instrumentalness_high', 'loudness_very_low', 'mode_1', 'danceability_very_low'})",3115,danceability_very_low|instrumentalness_high|loudness_very_low|mode_1
0.03729081565423639,"frozenset({'valence_low', 'loudness_very_high', 'energy_very_high'})",3113,energy_very_high|loudness_very_high|valence_low
0.03729081565423639,"frozenset({'speechiness_very_low', 'energy_low', 'acousticness_high'})",3113,acousticness_high|energy_low|speechiness_very_low
0.037278836593634325,"frozenset({'loudness_very_high', 'mode_0', 'speechiness_very_high'})",3112,loudness_very_high|mode_0|speechiness_very_high
0.037278836593634325,"frozenset({'speechiness_very_high', 'mode_1', 'loudness_high'})",3112,loudness_high|mode_1|speechiness_very_high
0.037278836593634325,"frozenset({'danceability_very_low', 'loudness_very_high', 'mode_1'})",3112,danceability_very_low|loudness_very_high|mode_1
0.03725487847243019,"frozenset({'valence_low', 'mode_1', 'tempo_low'})",3110,mode_1|tempo_low|valence_low
0.03725487847243019,"frozenset({'liveness_very_low', 'acousticness_very_high', 'mode_1'})",3110,acousticness_very_high|liveness_very_low|mode_1
0.03725487847243019,"frozenset({'loudness_very_low', 'valence_very_low', 'liveness_low', 'energy_very_low'})",3110,energy_very_low|liveness_low|loudness_very_low|valence_very_low
0.03725487847243019,"frozenset({'tempo_very_high', 'duration_ms_very_high', 'mode_1'})",3110,duration_ms_very_high|mode_1|tempo_very_high
0.037230920351226056,"frozenset({'valence_low', 'instrumentalness_low', 'loudness_high'})",3108,instrumentalness_low|loudness_high|valence_low
0.03721894129062399,"frozenset({'instrumentalness_low', 'duration_ms_low', 'key_high'})",3107,duration_ms_low|instrumentalness_low|key_high
0.03718300410881779,"frozenset({'instrumentalness_low', 'liveness_very_low', 'acousticness_low'})",3104,acousticness_low|instrumentalness_low|liveness_very_low
0.03718300410881779,"frozenset({'instrumentalness_low', 'tempo_very_low', 'danceability_low'})",3104,danceability_low|instrumentalness_low|tempo_very_low
0.03718300410881779,"frozenset({'danceability_low', 'energy_high', 'mode_1'})",3104,danceability_low|energy_high|mode_1
0.03718300410881779,"frozenset({'instrumentalness_low', 'energy_low', 'danceability_low'})",3104,danceability_low|energy_low|instrumentalness_low
0.03715904598761365,"frozenset({'loudness_very_high', 'tempo_very_high', 'mode_1', 'energy_very_high'})",3102,energy_very_high|loudness_very_high|mode_1|tempo_very_high
0.03713508786640952,"frozenset({'valence_very_low', 'danceability_high'})",3100,danceability_high|valence_very_low
0.03713508786640952,"frozenset({'speechiness_very_low', 'acousticness_low', 'mode_1'})",3100,acousticness_low|mode_1|speechiness_very_low
0.03712310880580745,"frozenset({'valence_low', 'instrumentalness_low', 'acousticness_high'})",3099,acousticness_high|instrumentalness_low|valence_low
0.03711112974520538,"frozenset({'instrumentalness_low', 'speechiness_very_high', 'key_very_high'})",3098,instrumentalness_low|key_very_high|speechiness_very_high
0.037099150684603316,"frozenset({'speechiness_very_low', 'energy_low', 'loudness_low'})",3097,energy_low|loudness_low|speechiness_very_low
0.03708717162400125,"frozenset({'valence_very_low', 'mode_1', 'duration_ms_high'})",3096,duration_ms_high|mode_1|valence_very_low
0.03708717162400125,"frozenset({'instrumentalness_medium', 'acousticness_very_high', 'mode_1'})",3096,acousticness_very_high|instrumentalness_medium|mode_1
0.03707519256339918,"frozenset({'speechiness_low', 'valence_very_low', 'loudness_very_low', 'energy_very_low'})",3095,energy_very_low|loudness_very_low|speechiness_low|valence_very_low
0.037063213502797114,"frozenset({'mode_1', 'speechiness_high', 'loudness_high'})",3094,loudness_high|mode_1|speechiness_high
0.037063213502797114,"frozenset({'mode_1', 'tempo_high', 'valence_high'})",3094,mode_1|tempo_high|valence_high
0.03701529726038884,"frozenset({'instrumentalness_low', 'duration_ms_low', 'tempo_low'})",3090,duration_ms_low|instrumentalness_low|tempo_low
0.03701529726038884,"frozenset({'danceability_very_low', 'valence_very_low', 'instrumentalness_high', 'acousticness_very_high'})",3090,acousticness_very_high|danceability_very_low|instrumentalness_high|valence_very_low
0.03701529726038884,"frozenset({'danceability_very_high', 'liveness_low', 'mode_1'})",3090,danceability_very_high|liveness_low|mode_1
0.036991339139184704,"frozenset({'acousticness_very_low', 'key_very_high', 'energy_very_high'})",3088,acousticness_very_low|energy_very_high|key_very_high
0.036979360078582636,"frozenset({'mode_0', 'acousticness_very_low', 'key_very_high'})",3087,acousticness_very_low|key_very_high|mode_0
0.036979360078582636,"frozenset({'speechiness_low', 'instrumentalness_medium', 'mode_1'})",3087,instrumentalness_medium|mode_1|speechiness_low
0.03696738101798057,"frozenset({'instrumentalness_low', 'key_high', 'valence_high'})",3086,instrumentalness_low|key_high|valence_high
0.03696738101798057,"frozenset({'loudness_very_high', 'liveness_very_high', 'mode_1', 'energy_very_high'})",3086,energy_very_high|liveness_very_high|loudness_very_high|mode_1
0.036943422896776434,"frozenset({'danceability_very_low', 'loudness_very_high', 'acousticness_very_low', 'energy_very_high'})",3084,acousticness_very_low|danceability_very_low|energy_very_high|loudness_very_high
0.036943422896776434,"frozenset({'duration_ms_very_low', 'energy_low', 'instrumentalness_low'})",3084,duration_ms_very_low|energy_low|instrumentalness_low
0.036943422896776434,"frozenset({'instrumentalness_low', 'key_high', 'loudness_high'})",3084,instrumentalness_low|key_high|loudness_high
0.0369194647755723,"frozenset({'danceability_very_low', 'acousticness_very_low', 'speechiness_very_high'})",3082,acousticness_very_low|danceability_very_low|speechiness_very_high
0.03690748571497023,"frozenset({'valence_low', 'instrumentalness_low', 'duration_ms_low'})",3081,duration_ms_low|instrumentalness_low|valence_low
0.03690748571497023,"frozenset({'instrumentalness_low', 'tempo_very_high', 'duration_ms_high'})",3081,duration_ms_high|instrumentalness_low|tempo_very_high
0.0368835275937661,"frozenset({'acousticness_low', 'mode_1', 'tempo_low'})",3079,acousticness_low|mode_1|tempo_low
0.036847590411959896,"frozenset({'acousticness_very_high', 'danceability_very_low', 'valence_very_low', 'mode_1', 'energy_very_low'})",3076,acousticness_very_high|danceability_very_low|energy_very_low|mode_1|valence_very_low
0.03683561135135783,"frozenset({'instrumentalness_high', 'liveness_low', 'acousticness_very_high'})",3075,acousticness_very_high|instrumentalness_high|liveness_low
0.03683561135135783,"frozenset({'speechiness_low', 'mode_1', 'loudness_high'})",3075,loudness_high|mode_1|speechiness_low
0.03682363229075576,"frozenset({'instrumentalness_low', 'danceability_high', 'loudness_low'})",3074,danceability_high|instrumentalness_low|loudness_low
0.03682363229075576,"frozenset({'instrumentalness_medium', 'mode_1', 'loudness_high'})",3074,instrumentalness_medium|loudness_high|mode_1
0.03682363229075576,"frozenset({'mode_0', 'instrumentalness_high', 'key_very_high'})",3074,instrumentalness_high|key_very_high|mode_0
0.03682363229075576,"frozenset({'instrumentalness_high', 'tempo_very_low', 'loudness_very_low', 'energy_very_low'})",3074,energy_very_low|instrumentalness_high|loudness_very_low|tempo_very_low
0.036811653230153694,"frozenset({'danceability_low', 'valence_very_low', 'mode_1'})",3073,danceability_low|mode_1|valence_very_low
0.03679967416955163,"frozenset({'duration_ms_low', 'loudness_very_low', 'energy_very_low'})",3072,duration_ms_low|energy_very_low|loudness_very_low
0.03678769510894955,"frozenset({'instrumentalness_low', 'loudness_very_high', 'key_very_high'})",3071,instrumentalness_low|key_very_high|loudness_very_high
0.03676373698774542,"frozenset({'instrumentalness_low', 'acousticness_very_high', 'key_very_low'})",3069,acousticness_very_high|instrumentalness_low|key_very_low
0.03676373698774542,"frozenset({'liveness_very_low', 'mode_0', 'danceability_very_high'})",3069,danceability_very_high|liveness_very_low|mode_0
0.03675175792714335,"frozenset({'instrumentalness_low', 'tempo_very_low', 'loudness_low'})",3068,instrumentalness_low|loudness_low|tempo_very_low
0.03675175792714335,"frozenset({'instrumentalness_low', 'loudness_very_high', 'acousticness_low', 'mode_1'})",3068,acousticness_low|instrumentalness_low|loudness_very_high|mode_1
0.036739778866541284,"frozenset({'instrumentalness_low', 'valence_very_high', 'loudness_low'})",3067,instrumentalness_low|loudness_low|valence_very_high
0.03670384168473508,"frozenset({'instrumentalness_low', 'danceability_high', 'tempo_high'})",3064,danceability_high|instrumentalness_low|tempo_high
0.03667988356353095,"frozenset({'instrumentalness_low', 'liveness_very_high', 'tempo_very_low'})",3062,instrumentalness_low|liveness_very_high|tempo_very_low
0.03666790450292888,"frozenset({'instrumentalness_low', 'tempo_very_high', 'energy_very_high'})",3061,energy_very_high|instrumentalness_low|tempo_very_high
0.036643946381724746,"frozenset({'loudness_very_high', 'acousticness_very_low', 'speechiness_high'})",3059,acousticness_very_low|loudness_very_high|speechiness_high
0.036643946381724746,"frozenset({'instrumentalness_medium', 'duration_ms_low', 'mode_1'})",3059,duration_ms_low|instrumentalness_medium|mode_1
0.03663196732112268,"frozenset({'mode_0', 'energy_low', 'danceability_very_high'})",3058,danceability_very_high|energy_low|mode_0
0.03661998826052061,"frozenset({'loudness_very_low', 'acousticness_very_high', 'danceability_low'})",3057,acousticness_very_high|danceability_low|loudness_very_low
0.036608009199918544,"frozenset({'instrumentalness_low', 'mode_0', 'energy_very_high'})",3056,energy_very_high|instrumentalness_low|mode_0
0.036608009199918544,"frozenset({'instrumentalness_low', 'valence_very_high', 'tempo_high'})",3056,instrumentalness_low|tempo_high|valence_very_high
0.036608009199918544,"frozenset({'loudness_very_high', 'tempo_very_high', 'acousticness_very_low', 'energy_very_high'})",3056,acousticness_very_low|energy_very_high|loudness_very_high|tempo_very_high
0.03659603013931648,"frozenset({'instrumentalness_low', 'energy_high', 'key_very_high'})",3055,energy_high|instrumentalness_low|key_very_high
0.03658405107871441,"frozenset({'mode_0', 'liveness_very_high', 'energy_very_high'})",3054,energy_very_high|liveness_very_high|mode_0
0.03658405107871441,"frozenset({'instrumentalness_low', 'tempo_high', 'key_very_low'})",3054,instrumentalness_low|key_very_low|tempo_high
0.03658405107871441,"frozenset({'danceability_low', 'mode_1', 'speechiness_high'})",3054,danceability_low|mode_1|speechiness_high
0.036560092957510275,"frozenset({'instrumentalness_low', 'energy_high', 'tempo_very_low'})",3052,energy_high|instrumentalness_low|tempo_very_low
0.036560092957510275,"frozenset({'key_low', 'speechiness_very_low', 'mode_1'})",3052,key_low|mode_1|speechiness_very_low
0.036560092957510275,"frozenset({'energy_low', 'tempo_very_high', 'mode_1'})",3052,energy_low|mode_1|tempo_very_high
0.03654811389690821,"frozenset({'valence_low', 'instrumentalness_low', 'energy_very_low'})",3051,energy_very_low|instrumentalness_low|valence_low
0.03654811389690821,"frozenset({'liveness_very_low', 'danceability_high', 'mode_1'})",3051,danceability_high|liveness_very_low|mode_1
0.03654811389690821,"frozenset({'instrumentalness_low', 'energy_high', 'speechiness_low'})",3051,energy_high|instrumentalness_low|speechiness_low
0.03654811389690821,"frozenset({'instrumentalness_low', 'mode_0', 'tempo_high'})",3051,instrumentalness_low|mode_0|tempo_high
0.03653613483630614,"frozenset({'mode_0', 'energy_low', 'acousticness_high'})",3050,acousticness_high|energy_low|mode_0
0.036512176715102,"frozenset({'duration_ms_very_high', 'mode_1', 'speechiness_high'})",3048,duration_ms_very_high|mode_1|speechiness_high
0.036512176715102,"frozenset({'mode_0', 'speechiness_very_high', 'key_very_high'})",3048,key_very_high|mode_0|speechiness_very_high
0.03650019765449993,"frozenset({'energy_very_low', 'mode_1', 'duration_ms_high'})",3047,duration_ms_high|energy_very_low|mode_1
0.036488218593897864,"frozenset({'duration_ms_very_low', 'liveness_low', 'energy_very_low'})",3046,duration_ms_very_low|energy_very_low|liveness_low
0.0364762395332958,"frozenset({'instrumentalness_low', 'acousticness_low', 'key_high'})",3045,acousticness_low|instrumentalness_low|key_high
0.0364762395332958,"frozenset({'liveness_very_low', 'tempo_very_low', 'mode_1'})",3045,liveness_very_low|mode_1|tempo_very_low
0.0364762395332958,"frozenset({'duration_ms_very_high', 'mode_1', 'acousticness_high'})",3045,acousticness_high|duration_ms_very_high|mode_1
0.03645228141209166,"frozenset({'liveness_high', 'loudness_very_low', 'energy_very_low'})",3043,energy_very_low|liveness_high|loudness_very_low
0.03642832329088753,"frozenset({'liveness_very_high', 'acousticness_very_high', 'mode_1'})",3041,acousticness_very_high|liveness_very_high|mode_1
0.03640436516968339,"frozenset({'duration_ms_very_low', 'instrumentalness_high', 'acousticness_very_high'})",3039,acousticness_very_high|duration_ms_very_low|instrumentalness_high
0.03640436516968339,"frozenset({'instrumentalness_low', 'energy_high', 'key_high'})",3039,energy_high|instrumentalness_low|key_high
0.03638040704847926,"frozenset({'acousticness_very_low', 'speechiness_very_high', 'mode_1', 'energy_very_high'})",3037,acousticness_very_low|energy_very_high|mode_1|speechiness_very_high
0.03634446986667306,"frozenset({'instrumentalness_low', 'speechiness_very_low', 'tempo_high'})",3034,instrumentalness_low|speechiness_very_low|tempo_high
0.03634446986667306,"frozenset({'loudness_very_low', 'acousticness_very_high', 'tempo_low'})",3034,acousticness_very_high|loudness_very_low|tempo_low
0.03633249080607099,"frozenset({'energy_high', 'acousticness_low', 'loudness_high'})",3033,acousticness_low|energy_high|loudness_high
0.03632051174546892,"frozenset({'instrumentalness_low', 'acousticness_low', 'key_very_high'})",3032,acousticness_low|instrumentalness_low|key_very_high
0.03632051174546892,"frozenset({'instrumentalness_low', 'energy_high', 'tempo_low'})",3032,energy_high|instrumentalness_low|tempo_low
0.036308532684866855,"frozenset({'duration_ms_very_high', 'mode_1', 'energy_very_high'})",3031,duration_ms_very_high|energy_very_high|mode_1
0.03629655362426479,"frozenset({'instrumentalness_high', 'loudness_very_low', 'energy_very_low', 'speechiness_low'})",3030,energy_very_low|instrumentalness_high|loudness_very_low|speechiness_low
0.03628457456366272,"frozenset({'instrumentalness_low', 'valence_very_high', 'duration_ms_high'})",3029,duration_ms_high|instrumentalness_low|valence_very_high
0.03627259550306065,"frozenset({'instrumentalness_low', 'energy_low', 'tempo_low'})",3028,energy_low|instrumentalness_low|tempo_low
0.03627259550306065,"frozenset({'instrumentalness_low', 'liveness_high', 'danceability_low'})",3028,danceability_low|instrumentalness_low|liveness_high
0.03627259550306065,"frozenset({'instrumentalness_high', 'duration_ms_very_high', 'tempo_high'})",3028,duration_ms_very_high|instrumentalness_high|tempo_high
0.03626061644245858,"frozenset({'valence_low', 'mode_1', 'speechiness_low'})",3027,mode_1|speechiness_low|valence_low
0.03624863738185651,"frozenset({'duration_ms_very_low', 'tempo_very_low', 'energy_very_low'})",3026,duration_ms_very_low|energy_very_low|tempo_very_low
0.03624863738185651,"frozenset({'instrumentalness_low', 'speechiness_very_low', 'tempo_very_low'})",3026,instrumentalness_low|speechiness_very_low|tempo_very_low
0.036236658321254445,"frozenset({'loudness_very_low', 'acousticness_very_high', 'mode_1', 'key_very_low'})",3025,acousticness_very_high|key_very_low|loudness_very_low|mode_1
0.03622467926065238,"frozenset({'instrumentalness_low', 'tempo_low', 'loudness_high'})",3024,instrumentalness_low|loudness_high|tempo_low
0.03621270020005031,"frozenset({'liveness_low', 'tempo_very_high', 'mode_1'})",3023,liveness_low|mode_1|tempo_very_high
0.03620072113944824,"frozenset({'tempo_very_low', 'instrumentalness_high', 'acousticness_very_high'})",3022,acousticness_very_high|instrumentalness_high|tempo_very_low
0.036188742078846176,"frozenset({'duration_ms_very_low', 'tempo_very_low', 'acousticness_very_high'})",3021,acousticness_very_high|duration_ms_very_low|tempo_very_low
0.036188742078846176,"frozenset({'instrumentalness_low', 'energy_high', 'danceability_low'})",3021,danceability_low|energy_high|instrumentalness_low
0.036188742078846176,"frozenset({'instrumentalness_medium', 'danceability_high', 'mode_1'})",3021,danceability_high|instrumentalness_medium|mode_1
0.036188742078846176,"frozenset({'speechiness_very_low', 'tempo_very_low', 'energy_very_low'})",3021,energy_very_low|speechiness_very_low|tempo_very_low
0.036152804897039974,"frozenset({'valence_low', 'tempo_very_low', 'instrumentalness_low'})",3018,instrumentalness_low|tempo_very_low|valence_low
0.036140825836437906,"frozenset({'speechiness_low', 'valence_very_low', 'acousticness_very_high'})",3017,acousticness_very_high|speechiness_low|valence_very_low
0.03611686771523377,"frozenset({'tempo_very_low', 'danceability_high', 'mode_1'})",3015,danceability_high|mode_1|tempo_very_low
0.036104888654631705,"frozenset({'duration_ms_very_low', 'liveness_very_low', 'mode_1'})",3014,duration_ms_very_low|liveness_very_low|mode_1
0.036104888654631705,"frozenset({'speechiness_low', 'mode_1', 'acousticness_high'})",3014,acousticness_high|mode_1|speechiness_low
0.036104888654631705,"frozenset({'valence_low', 'mode_1', 'acousticness_high'})",3014,acousticness_high|mode_1|valence_low
0.03608093053342757,"frozenset({'instrumentalness_low', 'duration_ms_low', 'speechiness_high'})",3012,duration_ms_low|instrumentalness_low|speechiness_high
0.0360689514728255,"frozenset({'instrumentalness_low', 'valence_very_high', 'speechiness_low'})",3011,instrumentalness_low|speechiness_low|valence_very_high
0.0360689514728255,"frozenset({'instrumentalness_low', 'liveness_very_low', 'energy_low'})",3011,energy_low|instrumentalness_low|liveness_very_low
0.036056972412223436,"frozenset({'instrumentalness_low', 'tempo_very_low', 'duration_ms_high'})",3010,duration_ms_high|instrumentalness_low|tempo_very_low
0.0360330142910193,"frozenset({'instrumentalness_low', 'tempo_very_low', 'danceability_high'})",3008,danceability_high|instrumentalness_low|tempo_very_low
0.036021035230417234,"frozenset({'instrumentalness_low', 'danceability_high', 'mode_1', 'valence_very_high'})",3007,danceability_high|instrumentalness_low|mode_1|valence_very_high
0.036009056169815166,"frozenset({'instrumentalness_low', 'acousticness_high', 'mode_1', 'loudness_high'})",3006,acousticness_high|instrumentalness_low|loudness_high|mode_1
0.036009056169815166,"frozenset({'mode_0', 'danceability_very_high', 'tempo_low'})",3006,danceability_very_high|mode_0|tempo_low
0.03599707710921309,"frozenset({'valence_very_high', 'mode_1', 'duration_ms_high'})",3005,duration_ms_high|mode_1|valence_very_high
0.03599707710921309,"frozenset({'instrumentalness_medium', 'acousticness_low', 'mode_1'})",3005,acousticness_low|instrumentalness_medium|mode_1
0.03599707710921309,"frozenset({'instrumentalness_medium', 'mode_1', 'tempo_high'})",3005,instrumentalness_medium|mode_1|tempo_high
0.035985098048611025,"frozenset({'liveness_very_low', 'loudness_very_high', 'mode_1'})",3004,liveness_very_low|loudness_very_high|mode_1
0.035985098048611025,"frozenset({'acousticness_very_high', 'loudness_very_low', 'danceability_very_low', 'valence_very_low', 'instrumentalness_high'})",3004,acousticness_very_high|danceability_very_low|instrumentalness_high|loudness_very_low|valence_very_low
0.035985098048611025,"frozenset({'valence_low', 'instrumentalness_low', 'acousticness_very_high'})",3004,acousticness_very_high|instrumentalness_low|valence_low
0.03597311898800896,"frozenset({'valence_low', 'loudness_very_high', 'mode_1'})",3003,loudness_very_high|mode_1|valence_low
0.03594916086680482,"frozenset({'instrumentalness_low', 'duration_ms_low', 'mode_1', 'key_very_low'})",3001,duration_ms_low|instrumentalness_low|key_very_low|mode_1
0.035937181806202756,"frozenset({'liveness_high', 'mode_1', 'speechiness_high'})",3000,liveness_high|mode_1|speechiness_high
0.035937181806202756,"frozenset({'instrumentalness_low', 'duration_ms_low', 'key_very_high'})",3000,duration_ms_low|instrumentalness_low|key_very_high
0.03592520274560069,"frozenset({'instrumentalness_low', 'tempo_very_low', 'valence_very_high'})",2999,instrumentalness_low|tempo_very_low|valence_very_high
0.03588926556379449,"frozenset({'valence_very_low', 'energy_high'})",2996,energy_high|valence_very_low
0.03587728650319242,"frozenset({'speechiness_low', 'acousticness_very_high', 'loudness_very_low', 'mode_1', 'energy_very_low'})",2995,acousticness_very_high|energy_very_low|loudness_very_low|mode_1|speechiness_low
0.035853328381988285,"frozenset({'instrumentalness_low', 'liveness_very_high', 'duration_ms_high'})",2993,duration_ms_high|instrumentalness_low|liveness_very_high
0.035853328381988285,"frozenset({'danceability_very_low', 'valence_very_low', 'tempo_very_low', 'energy_very_low'})",2993,danceability_very_low|energy_very_low|tempo_very_low|valence_very_low
0.03584134932138622,"frozenset({'acousticness_very_high', 'mode_1', 'duration_ms_high'})",2992,acousticness_very_high|duration_ms_high|mode_1
0.03584134932138622,"frozenset({'danceability_very_low', 'liveness_low', 'acousticness_very_high'})",2992,acousticness_very_high|danceability_very_low|liveness_low
0.03582937026078415,"frozenset({'acousticness_very_high', 'loudness_very_low', 'danceability_very_low', 'tempo_very_low', 'energy_very_low'})",2991,acousticness_very_high|danceability_very_low|energy_very_low|loudness_very_low|tempo_very_low
0.03581739120018208,"frozenset({'instrumentalness_low', 'mode_0', 'key_high'})",2990,instrumentalness_low|key_high|mode_0
0.03579343307897795,"frozenset({'instrumentalness_low', 'mode_0', 'liveness_low'})",2988,instrumentalness_low|liveness_low|mode_0
0.03579343307897795,"frozenset({'valence_low', 'speechiness_very_high', 'mode_1'})",2988,mode_1|speechiness_very_high|valence_low
0.03578145401837588,"frozenset({'loudness_very_high', 'liveness_very_high', 'speechiness_very_high'})",2987,liveness_very_high|loudness_very_high|speechiness_very_high
0.03575749589717175,"frozenset({'valence_very_low', 'instrumentalness_medium', 'mode_1'})",2985,instrumentalness_medium|mode_1|valence_very_low
0.03574551683656968,"frozenset({'speechiness_very_low', 'energy_high', 'mode_1'})",2984,energy_high|mode_1|speechiness_very_low
0.035733537775967605,"frozenset({'valence_very_low', 'tempo_very_low', 'loudness_very_low', 'acousticness_very_high'})",2983,acousticness_very_high|loudness_very_low|tempo_very_low|valence_very_low
0.03572155871536554,"frozenset({'instrumentalness_low', 'speechiness_very_low', 'mode_1', 'key_very_low'})",2982,instrumentalness_low|key_very_low|mode_1|speechiness_very_low
0.035697600594161404,"frozenset({'valence_very_low', 'instrumentalness_high', 'energy_very_low', 'mode_1'})",2980,energy_very_low|instrumentalness_high|mode_1|valence_very_low
0.03567364247295727,"frozenset({'instrumentalness_low', 'energy_low', 'key_very_high'})",2978,energy_low|instrumentalness_low|key_very_high
0.03567364247295727,"frozenset({'valence_low', 'liveness_low', 'instrumentalness_low'})",2978,instrumentalness_low|liveness_low|valence_low
0.0356616634123552,"frozenset({'valence_very_low', 'liveness_low', 'energy_very_low', 'acousticness_very_high'})",2977,acousticness_very_high|energy_very_low|liveness_low|valence_very_low
0.0356616634123552,"frozenset({'liveness_very_low', 'valence_very_low', 'mode_1'})",2977,liveness_very_low|mode_1|valence_very_low
0.035649684351753134,"frozenset({'instrumentalness_low', 'key_very_high', 'loudness_high'})",2976,instrumentalness_low|key_very_high|loudness_high
0.035625726230549,"frozenset({'loudness_low', 'duration_ms_low', 'mode_1'})",2974,duration_ms_low|loudness_low|mode_1
0.03561374716994693,"frozenset({'mode_1', 'speechiness_high', 'tempo_low'})",2973,mode_1|speechiness_high|tempo_low
0.0355897890487428,"frozenset({'instrumentalness_low', 'loudness_very_high', 'energy_high', 'mode_1'})",2971,energy_high|instrumentalness_low|loudness_very_high|mode_1
0.0355897890487428,"frozenset({'energy_high', 'loudness_low', 'mode_1'})",2971,energy_high|loudness_low|mode_1
0.03557780998814073,"frozenset({'duration_ms_very_low', 'danceability_high', 'instrumentalness_low'})",2970,danceability_high|duration_ms_very_low|instrumentalness_low
0.03557780998814073,"frozenset({'instrumentalness_low', 'energy_low', 'tempo_very_high'})",2970,energy_low|instrumentalness_low|tempo_very_high
0.03554187280633453,"frozenset({'loudness_very_high', 'mode_1', 'key_very_low', 'energy_very_high'})",2967,energy_very_high|key_very_low|loudness_very_high|mode_1
0.03554187280633453,"frozenset({'valence_very_low', 'mode_1', 'tempo_low'})",2967,mode_1|tempo_low|valence_very_low
0.03554187280633453,"frozenset({'instrumentalness_medium', 'mode_1', 'speechiness_high'})",2967,instrumentalness_medium|mode_1|speechiness_high
0.03552989374573246,"frozenset({'instrumentalness_low', 'speechiness_high', 'valence_high'})",2966,instrumentalness_low|speechiness_high|valence_high
0.03552989374573246,"frozenset({'tempo_very_low', 'energy_very_high'})",2966,energy_very_high|tempo_very_low
0.03552989374573246,"frozenset({'acousticness_very_low', 'valence_high', 'energy_very_high'})",2966,acousticness_very_low|energy_very_high|valence_high
0.035517914685130395,"frozenset({'instrumentalness_low', 'speechiness_very_low', 'loudness_low', 'mode_1'})",2965,instrumentalness_low|loudness_low|mode_1|speechiness_very_low
0.035517914685130395,"frozenset({'acousticness_very_high', 'mode_1', 'valence_high'})",2965,acousticness_very_high|mode_1|valence_high
0.03549395656392626,"frozenset({'energy_very_low', 'loudness_low', 'acousticness_very_high'})",2963,acousticness_very_high|energy_very_low|loudness_low
0.03549395656392626,"frozenset({'valence_low', 'liveness_very_low', 'mode_1'})",2963,liveness_very_low|mode_1|valence_low
0.03548197750332419,"frozenset({'instrumentalness_low', 'energy_high', 'speechiness_high'})",2962,energy_high|instrumentalness_low|speechiness_high
0.03548197750332419,"frozenset({'danceability_very_low', 'valence_very_low', 'tempo_very_low', 'loudness_very_low'})",2962,danceability_very_low|loudness_very_low|tempo_very_low|valence_very_low
0.03548197750332419,"frozenset({'instrumentalness_low', 'energy_low', 'key_high'})",2962,energy_low|instrumentalness_low|key_high
0.03548197750332419,"frozenset({'danceability_very_low', 'loudness_very_low', 'acousticness_very_high', 'speechiness_low'})",2962,acousticness_very_high|danceability_very_low|loudness_very_low|speechiness_low
0.03546999844272212,"frozenset({'instrumentalness_low', 'energy_high', 'acousticness_low', 'mode_1'})",2961,acousticness_low|energy_high|instrumentalness_low|mode_1
0.03546999844272212,"frozenset({'valence_low', 'loudness_very_low', 'energy_very_low', 'acousticness_very_high'})",2961,acousticness_very_high|energy_very_low|loudness_very_low|valence_low
0.03546999844272212,"frozenset({'acousticness_low', 'loudness_low', 'mode_1'})",2961,acousticness_low|loudness_low|mode_1
0.03545801938212005,"frozenset({'danceability_very_low', 'loudness_very_low', 'liveness_low'})",2960,danceability_very_low|liveness_low|loudness_very_low
0.035446040321517984,"frozenset({'danceability_very_high', 'energy_high', 'acousticness_low'})",2959,acousticness_low|danceability_very_high|energy_high
0.03543406126091592,"frozenset({'valence_very_low', 'mode_1', 'energy_very_high'})",2958,energy_very_high|mode_1|valence_very_low
0.03542208220031385,"frozenset({'loudness_very_low', 'energy_very_low', 'speechiness_high'})",2957,energy_very_low|loudness_very_low|speechiness_high
0.03542208220031385,"frozenset({'energy_high', 'valence_very_high', 'loudness_high'})",2957,energy_high|loudness_high|valence_very_high
0.03542208220031385,"frozenset({'liveness_high', 'speechiness_very_high', 'mode_1'})",2957,liveness_high|mode_1|speechiness_very_high
0.035398124079109715,"frozenset({'loudness_very_low', 'mode_1', 'speechiness_high'})",2955,loudness_very_low|mode_1|speechiness_high
0.035398124079109715,"frozenset({'danceability_very_low', 'acousticness_low'})",2955,acousticness_low|danceability_very_low
0.03538614501850765,"frozenset({'valence_low', 'instrumentalness_low', 'loudness_low'})",2954,instrumentalness_low|loudness_low|valence_low
0.03537416595790558,"frozenset({'acousticness_very_low', 'mode_1', 'key_very_low', 'energy_very_high'})",2953,acousticness_very_low|energy_very_high|key_very_low|mode_1
0.03537416595790558,"frozenset({'energy_high', 'valence_very_high', 'acousticness_high'})",2953,acousticness_high|energy_high|valence_very_high
0.03536218689730351,"frozenset({'liveness_very_high', 'loudness_low', 'mode_1'})",2952,liveness_very_high|loudness_low|mode_1
0.03532624971549731,"frozenset({'valence_very_low', 'energy_very_low', 'key_very_low'})",2949,energy_very_low|key_very_low|valence_very_low
0.03532624971549731,"frozenset({'speechiness_low', 'energy_low', 'mode_1'})",2949,energy_low|mode_1|speechiness_low
0.035314270654895244,"frozenset({'liveness_very_low', 'mode_1', 'valence_high'})",2948,liveness_very_low|mode_1|valence_high
0.035314270654895244,"frozenset({'instrumentalness_low', 'acousticness_low', 'speechiness_high'})",2948,acousticness_low|instrumentalness_low|speechiness_high
0.03530229159429318,"frozenset({'instrumentalness_medium', 'mode_1', 'energy_high'})",2947,energy_high|instrumentalness_medium|mode_1
0.03527833347308904,"frozenset({'energy_very_low', 'duration_ms_very_high', 'mode_1'})",2945,duration_ms_very_high|energy_very_low|mode_1
0.03527833347308904,"frozenset({'valence_very_low', 'loudness_low', 'mode_1'})",2945,loudness_low|mode_1|valence_very_low
0.03527833347308904,"frozenset({'instrumentalness_low', 'duration_ms_low', 'tempo_high'})",2945,duration_ms_low|instrumentalness_low|tempo_high
0.035266354412486975,"frozenset({'acousticness_very_high', 'mode_1', 'key_very_high'})",2944,acousticness_very_high|key_very_high|mode_1
0.035266354412486975,"frozenset({'instrumentalness_low', 'liveness_high', 'tempo_very_high'})",2944,instrumentalness_low|liveness_high|tempo_very_high
0.03525437535188491,"frozenset({'energy_very_low', 'mode_1', 'tempo_high'})",2943,energy_very_low|mode_1|tempo_high
0.035218438170078706,"frozenset({'speechiness_low', 'instrumentalness_high', 'acousticness_very_high'})",2940,acousticness_very_high|instrumentalness_high|speechiness_low
0.03520645910947663,"frozenset({'duration_ms_very_low', 'speechiness_very_low', 'mode_1'})",2939,duration_ms_very_low|mode_1|speechiness_very_low
0.035194480048874564,"frozenset({'duration_ms_very_low', 'loudness_very_low', 'energy_very_low', 'instrumentalness_high'})",2938,duration_ms_very_low|energy_very_low|instrumentalness_high|loudness_very_low
0.035194480048874564,"frozenset({'danceability_very_low', 'mode_0', 'instrumentalness_high'})",2938,danceability_very_low|instrumentalness_high|mode_0
0.03517052192767043,"frozenset({'instrumentalness_low', 'liveness_high', 'duration_ms_high'})",2936,duration_ms_high|instrumentalness_low|liveness_high
0.03517052192767043,"frozenset({'instrumentalness_low', 'liveness_low', 'key_very_low'})",2936,instrumentalness_low|key_very_low|liveness_low
0.035146563806466295,"frozenset({'mode_0', 'duration_ms_very_high', 'acousticness_very_low'})",2934,acousticness_very_low|duration_ms_very_high|mode_0
0.03513458474586423,"frozenset({'loudness_very_high', 'instrumentalness_high'})",2933,instrumentalness_high|loudness_very_high
0.03512260568526216,"frozenset({'liveness_very_low', 'loudness_very_high', 'instrumentalness_low'})",2932,instrumentalness_low|liveness_very_low|loudness_very_high
0.03512260568526216,"frozenset({'duration_ms_very_low', 'liveness_very_high', 'instrumentalness_low'})",2932,duration_ms_very_low|instrumentalness_low|liveness_very_high
0.03512260568526216,"frozenset({'speechiness_low', 'liveness_very_high', 'mode_1'})",2932,liveness_very_high|mode_1|speechiness_low
0.03512260568526216,"frozenset({'valence_very_low', 'loudness_very_low', 'key_very_low'})",2932,key_very_low|loudness_very_low|valence_very_low
0.03512260568526216,"frozenset({'instrumentalness_low', 'energy_low', 'mode_1', 'key_very_low'})",2932,energy_low|instrumentalness_low|key_very_low|mode_1
0.03511062662466009,"frozenset({'duration_ms_very_low', 'mode_1', 'danceability_low'})",2931,danceability_low|duration_ms_very_low|mode_1
0.03511062662466009,"frozenset({'valence_very_low', 'mode_0', 'duration_ms_very_high'})",2931,duration_ms_very_high|mode_0|valence_very_low
0.035098647564058026,"frozenset({'instrumentalness_low', 'speechiness_high', 'key_very_low'})",2930,instrumentalness_low|key_very_low|speechiness_high
0.035098647564058026,"frozenset({'duration_ms_very_high', 'mode_1', 'tempo_low'})",2930,duration_ms_very_high|mode_1|tempo_low
0.03508666850345596,"frozenset({'instrumentalness_low', 'speechiness_low', 'acousticness_high'})",2929,acousticness_high|instrumentalness_low|speechiness_low
0.03508666850345596,"frozenset({'acousticness_very_low', 'duration_ms_low', 'energy_very_high'})",2929,acousticness_very_low|duration_ms_low|energy_very_high
0.03508666850345596,"frozenset({'danceability_low', 'mode_1', 'tempo_low'})",2929,danceability_low|mode_1|tempo_low
0.035062710382251824,"frozenset({'duration_ms_very_low', 'instrumentalness_medium', 'mode_1'})",2927,duration_ms_very_low|instrumentalness_medium|mode_1
0.03505073132164976,"frozenset({'instrumentalness_low', 'liveness_very_low', 'energy_high'})",2926,energy_high|instrumentalness_low|liveness_very_low
0.03502677320044562,"frozenset({'instrumentalness_low', 'liveness_low', 'energy_very_low'})",2924,energy_very_low|instrumentalness_low|liveness_low
0.03502677320044562,"frozenset({'valence_very_low', 'mode_0', 'energy_very_low'})",2924,energy_very_low|mode_0|valence_very_low
0.034942919776231145,"frozenset({'danceability_very_high', 'acousticness_low', 'speechiness_very_high'})",2917,acousticness_low|danceability_very_high|speechiness_very_high
0.03491896165502701,"frozenset({'instrumentalness_low', 'loudness_very_low', 'acousticness_very_high', 'mode_1'})",2915,acousticness_very_high|instrumentalness_low|loudness_very_low|mode_1
0.03490698259442494,"frozenset({'tempo_very_high', 'loudness_low', 'mode_1'})",2914,loudness_low|mode_1|tempo_very_high
0.03490698259442494,"frozenset({'loudness_very_low', 'mode_1', 'tempo_high'})",2914,loudness_very_low|mode_1|tempo_high
0.034895003533822876,"frozenset({'instrumentalness_low', 'loudness_low', 'valence_high'})",2913,instrumentalness_low|loudness_low|valence_high
0.03488302447322081,"frozenset({'instrumentalness_low', 'tempo_high', 'acousticness_high'})",2912,acousticness_high|instrumentalness_low|tempo_high
0.03488302447322081,"frozenset({'duration_ms_very_low', 'mode_1', 'valence_low'})",2912,duration_ms_very_low|mode_1|valence_low
0.03488302447322081,"frozenset({'valence_low', 'mode_1', 'energy_very_high'})",2912,energy_very_high|mode_1|valence_low
0.03487104541261874,"frozenset({'mode_0', 'acousticness_very_low', 'speechiness_high'})",2911,acousticness_very_low|mode_0|speechiness_high
0.034859066352016674,"frozenset({'instrumentalness_low', 'key_very_low', 'speechiness_low'})",2910,instrumentalness_low|key_very_low|speechiness_low
0.034859066352016674,"frozenset({'danceability_very_low', 'liveness_very_high', 'energy_very_high'})",2910,danceability_very_low|energy_very_high|liveness_very_high
0.03484708729141461,"frozenset({'valence_very_low', 'loudness_very_low', 'duration_ms_very_high'})",2909,duration_ms_very_high|loudness_very_low|valence_very_low
0.03483510823081254,"frozenset({'energy_low', 'instrumentalness_medium', 'mode_1'})",2908,energy_low|instrumentalness_medium|mode_1
0.03483510823081254,"frozenset({'mode_0', 'danceability_very_high', 'tempo_high'})",2908,danceability_very_high|mode_0|tempo_high
0.03479917104900634,"frozenset({'liveness_very_high', 'energy_very_low'})",2905,energy_very_low|liveness_very_high
0.03479917104900634,"frozenset({'instrumentalness_low', 'liveness_high', 'speechiness_very_high'})",2905,instrumentalness_low|liveness_high|speechiness_very_high
0.03479917104900634,"frozenset({'tempo_very_low', 'duration_ms_very_high', 'mode_1'})",2905,duration_ms_very_high|mode_1|tempo_very_low
0.03479917104900634,"frozenset({'acousticness_very_low', 'instrumentalness_high', 'speechiness_high'})",2905,acousticness_very_low|instrumentalness_high|speechiness_high
0.03478719198840427,"frozenset({'liveness_very_low', 'loudness_very_low', 'acousticness_very_high'})",2904,acousticness_very_high|liveness_very_low|loudness_very_low
0.0347752129278022,"frozenset({'key_low', 'loudness_very_low', 'acousticness_very_high'})",2903,acousticness_very_high|key_low|loudness_very_low
0.0347752129278022,"frozenset({'liveness_low', 'mode_1', 'valence_high'})",2903,liveness_low|mode_1|valence_high
0.034739275745996,"frozenset({'loudness_very_high', 'danceability_high', 'energy_very_high'})",2900,danceability_high|energy_very_high|loudness_very_high
0.034739275745996,"frozenset({'liveness_very_high', 'tempo_very_high', 'energy_very_high'})",2900,energy_very_high|liveness_very_high|tempo_very_high
0.034727296685393934,"frozenset({'mode_0', 'energy_high', 'valence_very_high'})",2899,energy_high|mode_0|valence_very_high
0.03471531762479187,"frozenset({'mode_0', 'danceability_very_high', 'acousticness_high'})",2898,acousticness_high|danceability_very_high|mode_0
0.03469135950358773,"frozenset({'instrumentalness_low', 'loudness_very_high', 'valence_very_high', 'mode_1'})",2896,instrumentalness_low|loudness_very_high|mode_1|valence_very_high
0.03467938044298566,"frozenset({'acousticness_very_low', 'tempo_very_low'})",2895,acousticness_very_low|tempo_very_low
0.03467938044298566,"frozenset({'instrumentalness_low', 'speechiness_very_low', 'acousticness_very_high', 'mode_1'})",2895,acousticness_very_high|instrumentalness_low|mode_1|speechiness_very_low
0.03467938044298566,"frozenset({'acousticness_low', 'duration_ms_very_high', 'mode_1'})",2895,acousticness_low|duration_ms_very_high|mode_1
0.03466740138238359,"frozenset({'energy_high', 'speechiness_very_high', 'mode_1'})",2894,energy_high|mode_1|speechiness_very_high
0.03465542232178152,"frozenset({'tempo_very_low', 'liveness_low', 'acousticness_very_high'})",2893,acousticness_very_high|liveness_low|tempo_very_low
0.03465542232178152,"frozenset({'instrumentalness_low', 'mode_1', 'key_very_low', 'loudness_high'})",2893,instrumentalness_low|key_very_low|loudness_high|mode_1
0.03463146420057739,"frozenset({'danceability_very_low', 'instrumentalness_high', 'speechiness_low'})",2891,danceability_very_low|instrumentalness_high|speechiness_low
0.03463146420057739,"frozenset({'speechiness_low', 'mode_1', 'valence_high'})",2891,mode_1|speechiness_low|valence_high
0.03463146420057739,"frozenset({'acousticness_very_high', 'danceability_very_low', 'valence_very_low', 'instrumentalness_high', 'energy_very_low'})",2891,acousticness_very_high|danceability_very_low|energy_very_low|instrumentalness_high|valence_very_low
0.03463146420057739,"frozenset({'instrumentalness_low', 'danceability_high', 'key_very_high'})",2891,danceability_high|instrumentalness_low|key_very_high
0.03463146420057739,"frozenset({'mode_0', 'speechiness_high', 'energy_very_high'})",2891,energy_very_high|mode_0|speechiness_high
0.03463146420057739,"frozenset({'valence_low', 'mode_1', 'speechiness_high'})",2891,mode_1|speechiness_high|valence_low
0.03461948513997532,"frozenset({'loudness_very_high', 'acousticness_very_low', 'duration_ms_high'})",2890,acousticness_very_low|duration_ms_high|loudness_very_high
0.034607506079373254,"frozenset({'danceability_very_high', 'energy_low', 'loudness_low'})",2889,danceability_very_high|energy_low|loudness_low
0.03459552701877119,"frozenset({'danceability_very_low', 'speechiness_very_high', 'mode_1'})",2888,danceability_very_low|mode_1|speechiness_very_high
0.03458354795816912,"frozenset({'danceability_high', 'energy_very_low', 'mode_1'})",2887,danceability_high|energy_very_low|mode_1
0.03458354795816912,"frozenset({'instrumentalness_low', 'liveness_very_low', 'duration_ms_low'})",2887,duration_ms_low|instrumentalness_low|liveness_very_low
0.034559589836964985,"frozenset({'instrumentalness_low', 'tempo_very_low', 'energy_very_low'})",2885,energy_very_low|instrumentalness_low|tempo_very_low
0.03454761077636292,"frozenset({'danceability_low', 'speechiness_very_low', 'instrumentalness_low', 'mode_1'})",2884,danceability_low|instrumentalness_low|mode_1|speechiness_very_low
0.03454761077636292,"frozenset({'instrumentalness_low', 'speechiness_very_low', 'duration_ms_low'})",2884,duration_ms_low|instrumentalness_low|speechiness_very_low
0.03454761077636292,"frozenset({'loudness_very_high', 'acousticness_very_low', 'key_very_low'})",2884,acousticness_very_low|key_very_low|loudness_very_high
0.03454761077636292,"frozenset({'danceability_very_high', 'valence_very_high', 'speechiness_very_high'})",2884,danceability_very_high|speechiness_very_high|valence_very_high
0.034511673594556716,"frozenset({'instrumentalness_medium', 'mode_1', 'tempo_very_low'})",2881,instrumentalness_medium|mode_1|tempo_very_low
0.03449969453395465,"frozenset({'instrumentalness_low', 'speechiness_high', 'energy_very_high'})",2880,energy_very_high|instrumentalness_low|speechiness_high
0.03446375735214845,"frozenset({'speechiness_low', 'acousticness_very_high', 'loudness_very_low', 'danceability_very_low', 'energy_very_low'})",2877,acousticness_very_high|danceability_very_low|energy_very_low|loudness_very_low|speechiness_low
0.03445177829154638,"frozenset({'mode_0', 'acousticness_very_low', 'tempo_high'})",2876,acousticness_very_low|mode_0|tempo_high
0.03443979923094431,"frozenset({'instrumentalness_low', 'liveness_very_high', 'mode_1', 'key_very_low'})",2875,instrumentalness_low|key_very_low|liveness_very_high|mode_1
0.034403862049138104,"frozenset({'energy_very_low', 'mode_1', 'acousticness_high'})",2872,acousticness_high|energy_very_low|mode_1
0.034391882988536036,"frozenset({'duration_ms_very_low', 'instrumentalness_low', 'energy_very_low'})",2871,duration_ms_very_low|energy_very_low|instrumentalness_low
0.034391882988536036,"frozenset({'duration_ms_very_low', 'liveness_high', 'instrumentalness_low'})",2871,duration_ms_very_low|instrumentalness_low|liveness_high
0.03437990392793397,"frozenset({'duration_ms_very_low', 'valence_very_low', 'mode_1'})",2870,duration_ms_very_low|mode_1|valence_very_low
0.03437990392793397,"frozenset({'acousticness_very_low', 'mode_1', 'tempo_low'})",2870,acousticness_very_low|mode_1|tempo_low
0.0343679248673319,"frozenset({'mode_0', 'duration_ms_very_high', 'key_very_high'})",2869,duration_ms_very_high|key_very_high|mode_0
0.034355945806729835,"frozenset({'instrumentalness_low', 'duration_ms_very_high', 'acousticness_high'})",2868,acousticness_high|duration_ms_very_high|instrumentalness_low
0.03434396674612777,"frozenset({'instrumentalness_low', 'energy_high', 'mode_1', 'key_very_low'})",2867,energy_high|instrumentalness_low|key_very_low|mode_1
0.03434396674612777,"frozenset({'instrumentalness_low', 'danceability_very_high', 'tempo_high'})",2867,danceability_very_high|instrumentalness_low|tempo_high
0.03434396674612777,"frozenset({'instrumentalness_low', 'danceability_high', 'key_high'})",2867,danceability_high|instrumentalness_low|key_high
0.03432000862492363,"frozenset({'valence_very_low', 'tempo_very_high', 'mode_1'})",2865,mode_1|tempo_very_high|valence_very_low
0.0342960505037195,"frozenset({'mode_1', 'speechiness_high', 'duration_ms_high'})",2863,duration_ms_high|mode_1|speechiness_high
0.03428407144311743,"frozenset({'instrumentalness_low', 'acousticness_low', 'mode_1', 'key_very_low'})",2862,acousticness_low|instrumentalness_low|key_very_low|mode_1
0.03428407144311743,"frozenset({'danceability_very_low', 'acousticness_very_low', 'speechiness_very_high', 'energy_very_high'})",2862,acousticness_very_low|danceability_very_low|energy_very_high|speechiness_very_high
0.034260113321913296,"frozenset({'mode_0', 'key_very_high', 'energy_very_high'})",2860,energy_very_high|key_very_high|mode_0
0.03424813426131123,"frozenset({'mode_0', 'tempo_very_high', 'energy_very_high'})",2859,energy_very_high|mode_0|tempo_very_high
0.034224176140107095,"frozenset({'danceability_very_low', 'energy_high'})",2857,danceability_very_low|energy_high
0.034224176140107095,"frozenset({'speechiness_very_low', 'acousticness_very_low'})",2857,acousticness_very_low|speechiness_very_low
0.03421219707950503,"frozenset({'instrumentalness_low', 'loudness_low', 'mode_1', 'acousticness_high'})",2856,acousticness_high|instrumentalness_low|loudness_low|mode_1
0.03420021801890296,"frozenset({'liveness_high', 'loudness_very_low', 'mode_1'})",2855,liveness_high|loudness_very_low|mode_1
0.03420021801890296,"frozenset({'loudness_very_high', 'mode_0', 'acousticness_very_low', 'energy_very_high'})",2855,acousticness_very_low|energy_very_high|loudness_very_high|mode_0
0.03418823895830089,"frozenset({'acousticness_very_low', 'duration_ms_low', 'mode_1'})",2854,acousticness_very_low|duration_ms_low|mode_1
0.03418823895830089,"frozenset({'speechiness_low', 'valence_very_low', 'energy_very_low', 'acousticness_very_high'})",2854,acousticness_very_high|energy_very_low|speechiness_low|valence_very_low
0.03414032271589262,"frozenset({'mode_0', 'speechiness_high', 'key_very_high'})",2850,key_very_high|mode_0|speechiness_high
0.03414032271589262,"frozenset({'danceability_high', 'tempo_very_high', 'mode_1'})",2850,danceability_high|mode_1|tempo_very_high
0.03414032271589262,"frozenset({'valence_very_high', 'mode_1', 'key_very_high'})",2850,key_very_high|mode_1|valence_very_high
0.03414032271589262,"frozenset({'instrumentalness_low', 'loudness_very_high', 'mode_1', 'key_very_low'})",2850,instrumentalness_low|key_very_low|loudness_very_high|mode_1
0.03412834365529055,"frozenset({'liveness_low', 'energy_very_high'})",2849,energy_very_high|liveness_low
0.03411636459468848,"frozenset({'instrumentalness_high', 'mode_1', 'tempo_low'})",2848,instrumentalness_high|mode_1|tempo_low
0.034104385534086415,"frozenset({'acousticness_very_high', 'mode_1', 'tempo_high'})",2847,acousticness_very_high|mode_1|tempo_high
0.03409240647348435,"frozenset({'danceability_high', 'mode_1', 'energy_very_high'})",2846,danceability_high|energy_very_high|mode_1
0.03408042741288228,"frozenset({'duration_ms_very_low', 'mode_1', 'tempo_high'})",2845,duration_ms_very_low|mode_1|tempo_high
0.03408042741288228,"frozenset({'acousticness_very_high', 'energy_very_low', 'duration_ms_high'})",2845,acousticness_very_high|duration_ms_high|energy_very_low
0.03408042741288228,"frozenset({'valence_very_low', 'liveness_very_high', 'mode_1'})",2845,liveness_very_high|mode_1|valence_very_low
0.03406844835228021,"frozenset({'speechiness_very_low', 'loudness_very_high'})",2844,loudness_very_high|speechiness_very_low
0.03406844835228021,"frozenset({'danceability_high', 'mode_1', 'speechiness_high'})",2844,danceability_high|mode_1|speechiness_high
0.03406844835228021,"frozenset({'instrumentalness_low', 'mode_0', 'speechiness_low'})",2844,instrumentalness_low|mode_0|speechiness_low
0.03406844835228021,"frozenset({'valence_low', 'speechiness_very_low', 'instrumentalness_low', 'mode_1'})",2844,instrumentalness_low|mode_1|speechiness_very_low|valence_low
0.03406844835228021,"frozenset({'acousticness_very_high', 'loudness_very_low', 'danceability_very_low', 'valence_very_low', 'instrumentalness_high', 'energy_very_low'})",2844,acousticness_very_high|danceability_very_low|energy_very_low|instrumentalness_high|loudness_very_low|valence_very_low
0.034056469291678146,"frozenset({'duration_ms_very_low', 'tempo_very_low', 'loudness_very_low'})",2843,duration_ms_very_low|loudness_very_low|tempo_very_low
0.03404449023107608,"frozenset({'danceability_low', 'acousticness_low', 'mode_1'})",2842,acousticness_low|danceability_low|mode_1
0.03403251117047401,"frozenset({'speechiness_very_low', 'danceability_very_high'})",2841,danceability_very_high|speechiness_very_low
0.034020532109871944,"frozenset({'instrumentalness_low', 'speechiness_high', 'acousticness_high'})",2840,acousticness_high|instrumentalness_low|speechiness_high
0.034020532109871944,"frozenset({'danceability_very_high', 'valence_very_high', 'tempo_high'})",2840,danceability_very_high|tempo_high|valence_very_high
0.034020532109871944,"frozenset({'mode_0', 'acousticness_low', 'key_very_high'})",2840,acousticness_low|key_very_high|mode_0
0.03399657398866781,"frozenset({'danceability_very_low', 'liveness_very_low', 'mode_1'})",2838,danceability_very_low|liveness_very_low|mode_1
0.03399657398866781,"frozenset({'acousticness_very_low', 'tempo_very_high', 'mode_1', 'energy_very_high'})",2838,acousticness_very_low|energy_very_high|mode_1|tempo_very_high
0.03394865774625954,"frozenset({'speechiness_low', 'acousticness_very_low', 'mode_1'})",2834,acousticness_very_low|mode_1|speechiness_low
0.03394865774625954,"frozenset({'energy_very_low', 'mode_1', 'key_very_high'})",2834,energy_very_low|key_very_high|mode_1
0.033924699625055406,"frozenset({'danceability_very_low', 'valence_very_low', 'speechiness_very_low'})",2832,danceability_very_low|speechiness_very_low|valence_very_low
0.03391272056445334,"frozenset({'valence_low', 'acousticness_low', 'mode_1'})",2831,acousticness_low|mode_1|valence_low
0.0338887624432492,"frozenset({'loudness_very_low', 'energy_very_low', 'tempo_high'})",2829,energy_very_low|loudness_very_low|tempo_high
0.03387678338264713,"frozenset({'duration_ms_very_low', 'liveness_low', 'acousticness_very_high'})",2828,acousticness_very_high|duration_ms_very_low|liveness_low
0.03387678338264713,"frozenset({'instrumentalness_low', 'loudness_low', 'danceability_low'})",2828,danceability_low|instrumentalness_low|loudness_low
0.03386480432204506,"frozenset({'instrumentalness_low', 'speechiness_very_low', 'mode_1', 'duration_ms_high'})",2827,duration_ms_high|instrumentalness_low|mode_1|speechiness_very_low
0.03384084620084093,"frozenset({'instrumentalness_low', 'speechiness_very_low', 'danceability_high', 'mode_1'})",2825,danceability_high|instrumentalness_low|mode_1|speechiness_very_low
0.03384084620084093,"frozenset({'danceability_very_high', 'valence_very_high', 'key_very_low'})",2825,danceability_very_high|key_very_low|valence_very_high
0.03384084620084093,"frozenset({'loudness_very_low', 'acousticness_very_high', 'key_high'})",2825,acousticness_very_high|key_high|loudness_very_low
0.03384084620084093,"frozenset({'loudness_very_low', 'valence_very_low', 'instrumentalness_high', 'mode_1', 'energy_very_low'})",2825,energy_very_low|instrumentalness_high|loudness_very_low|mode_1|valence_very_low
0.03382886714023886,"frozenset({'acousticness_very_high', 'loudness_very_low', 'danceability_very_low', 'valence_very_low', 'mode_1'})",2824,acousticness_very_high|danceability_very_low|loudness_very_low|mode_1|valence_very_low
0.033804909019034726,"frozenset({'liveness_very_low', 'acousticness_very_low', 'energy_very_high'})",2822,acousticness_very_low|energy_very_high|liveness_very_low
0.033804909019034726,"frozenset({'danceability_very_low', 'tempo_very_low', 'energy_very_low', 'mode_1'})",2822,danceability_very_low|energy_very_low|mode_1|tempo_very_low
0.03378095089783059,"frozenset({'instrumentalness_low', 'mode_1', 'key_very_low', 'valence_high'})",2820,instrumentalness_low|key_very_low|mode_1|valence_high
0.03378095089783059,"frozenset({'duration_ms_very_low', 'mode_1', 'key_very_high'})",2820,duration_ms_very_low|key_very_high|mode_1
0.033768971837228524,"frozenset({'energy_low', 'acousticness_very_high', 'mode_1'})",2819,acousticness_very_high|energy_low|mode_1
0.03375699277662646,"frozenset({'instrumentalness_low', 'liveness_high', 'tempo_very_low'})",2818,instrumentalness_low|liveness_high|tempo_very_low
0.03375699277662646,"frozenset({'instrumentalness_low', 'danceability_very_high', 'loudness_low'})",2818,danceability_very_high|instrumentalness_low|loudness_low
0.03374501371602439,"frozenset({'mode_0', 'instrumentalness_medium', 'acousticness_very_low'})",2817,acousticness_very_low|instrumentalness_medium|mode_0
0.03373303465542232,"frozenset({'loudness_very_high', 'liveness_very_high', 'acousticness_very_low', 'energy_very_high'})",2816,acousticness_very_low|energy_very_high|liveness_very_high|loudness_very_high
0.03373303465542232,"frozenset({'instrumentalness_low', 'liveness_very_high', 'key_very_high'})",2816,instrumentalness_low|key_very_high|liveness_very_high
0.03373303465542232,"frozenset({'liveness_low', 'mode_1', 'speechiness_high'})",2816,liveness_low|mode_1|speechiness_high
0.033721055594820255,"frozenset({'instrumentalness_low', 'loudness_low', 'duration_ms_high'})",2815,duration_ms_high|instrumentalness_low|loudness_low
0.033721055594820255,"frozenset({'speechiness_very_high', 'mode_1', 'acousticness_high'})",2815,acousticness_high|mode_1|speechiness_very_high
0.03370907653421819,"frozenset({'mode_0', 'instrumentalness_high', 'energy_very_low'})",2814,energy_very_low|instrumentalness_high|mode_0
0.03369709747361612,"frozenset({'instrumentalness_low', 'liveness_high', 'danceability_very_high'})",2813,danceability_very_high|instrumentalness_low|liveness_high
0.03369709747361612,"frozenset({'instrumentalness_low', 'danceability_low', 'energy_very_high'})",2813,danceability_low|energy_very_high|instrumentalness_low
0.033685118413014054,"frozenset({'acousticness_very_high', 'loudness_very_low', 'valence_very_low', 'tempo_very_low', 'energy_very_low'})",2812,acousticness_very_high|energy_very_low|loudness_very_low|tempo_very_low|valence_very_low
0.033673139352411986,"frozenset({'instrumentalness_low', 'danceability_high', 'mode_1', 'key_very_low'})",2811,danceability_high|instrumentalness_low|key_very_low|mode_1
0.03366116029180992,"frozenset({'liveness_low', 'mode_1', 'loudness_high'})",2810,liveness_low|loudness_high|mode_1
0.03364918123120785,"frozenset({'valence_very_low', 'speechiness_very_high', 'energy_very_high'})",2809,energy_very_high|speechiness_very_high|valence_very_low
0.03364918123120785,"frozenset({'instrumentalness_low', 'key_high', 'duration_ms_high'})",2809,duration_ms_high|instrumentalness_low|key_high
0.033637202170605784,"frozenset({'mode_1', 'tempo_high', 'acousticness_high'})",2808,acousticness_high|mode_1|tempo_high
0.03362522311000371,"frozenset({'duration_ms_very_high', 'mode_1', 'acousticness_very_high'})",2807,acousticness_very_high|duration_ms_very_high|mode_1
0.03362522311000371,"frozenset({'instrumentalness_low', 'loudness_low', 'duration_ms_low'})",2807,duration_ms_low|instrumentalness_low|loudness_low
0.03362522311000371,"frozenset({'duration_ms_very_low', 'mode_1', 'energy_very_high'})",2807,duration_ms_very_low|energy_very_high|mode_1
0.03361324404940164,"frozenset({'danceability_low', 'liveness_very_low', 'mode_1'})",2806,danceability_low|liveness_very_low|mode_1
0.03361324404940164,"frozenset({'mode_0', 'energy_high', 'key_very_high'})",2806,energy_high|key_very_high|mode_0
0.03361324404940164,"frozenset({'instrumentalness_low', 'tempo_very_high', 'speechiness_high'})",2806,instrumentalness_low|speechiness_high|tempo_very_high
0.033601264988799576,"frozenset({'valence_low', 'instrumentalness_high', 'mode_1'})",2805,instrumentalness_high|mode_1|valence_low
0.03358928592819751,"frozenset({'duration_ms_very_low', 'instrumentalness_high', 'danceability_very_low'})",2804,danceability_very_low|duration_ms_very_low|instrumentalness_high
0.03357730686759544,"frozenset({'energy_very_low', 'tempo_high', 'acousticness_very_high'})",2803,acousticness_very_high|energy_very_low|tempo_high
0.03357730686759544,"frozenset({'instrumentalness_low', 'energy_very_low', 'key_very_low'})",2803,energy_very_low|instrumentalness_low|key_very_low
0.03357730686759544,"frozenset({'instrumentalness_low', 'liveness_very_high', 'key_high'})",2803,instrumentalness_low|key_high|liveness_very_high
0.03355334874639131,"frozenset({'danceability_very_high', 'acousticness_very_high'})",2801,acousticness_very_high|danceability_very_high
0.03355334874639131,"frozenset({'instrumentalness_high', 'loudness_very_low', 'liveness_low', 'acousticness_very_high'})",2801,acousticness_very_high|instrumentalness_high|liveness_low|loudness_very_low
0.03355334874639131,"frozenset({'duration_ms_very_low', 'instrumentalness_low', 'tempo_low'})",2801,duration_ms_very_low|instrumentalness_low|tempo_low
0.03355334874639131,"frozenset({'instrumentalness_low', 'energy_low', 'liveness_very_high'})",2801,energy_low|instrumentalness_low|liveness_very_high
0.03352939062518717,"frozenset({'duration_ms_very_low', 'instrumentalness_low', 'loudness_low'})",2799,duration_ms_very_low|instrumentalness_low|loudness_low
0.033517411564585105,"frozenset({'duration_ms_very_low', 'valence_very_low', 'instrumentalness_high'})",2798,duration_ms_very_low|instrumentalness_high|valence_very_low
0.033517411564585105,"frozenset({'instrumentalness_low', 'liveness_very_low', 'loudness_high'})",2798,instrumentalness_low|liveness_very_low|loudness_high
0.03350543250398304,"frozenset({'speechiness_low', 'mode_0', 'instrumentalness_high'})",2797,instrumentalness_high|mode_0|speechiness_low
0.03350543250398304,"frozenset({'instrumentalness_low', 'acousticness_low', 'tempo_low'})",2797,acousticness_low|instrumentalness_low|tempo_low
0.03350543250398304,"frozenset({'instrumentalness_low', 'danceability_high', 'mode_1', 'acousticness_high'})",2797,acousticness_high|danceability_high|instrumentalness_low|mode_1
0.03349345344338097,"frozenset({'instrumentalness_low', 'speechiness_very_high', 'mode_1', 'key_very_low'})",2796,instrumentalness_low|key_very_low|mode_1|speechiness_very_high
0.0334814743827789,"frozenset({'instrumentalness_low', 'energy_high', 'tempo_high'})",2795,energy_high|instrumentalness_low|tempo_high
0.033469495322176836,"frozenset({'key_very_high', 'mode_1', 'acousticness_high'})",2794,acousticness_high|key_very_high|mode_1
0.033469495322176836,"frozenset({'instrumentalness_low', 'liveness_low', 'loudness_low'})",2794,instrumentalness_low|liveness_low|loudness_low
0.033433558140370634,"frozenset({'valence_low', 'loudness_very_low', 'energy_very_low', 'mode_1'})",2791,energy_very_low|loudness_very_low|mode_1|valence_low
0.033433558140370634,"frozenset({'instrumentalness_low', 'danceability_low', 'key_high'})",2791,danceability_low|instrumentalness_low|key_high
0.0334096000191665,"frozenset({'instrumentalness_low', 'liveness_very_high', 'speechiness_high'})",2789,instrumentalness_low|liveness_very_high|speechiness_high
0.0334096000191665,"frozenset({'danceability_very_high', 'energy_low', 'valence_very_high'})",2789,danceability_very_high|energy_low|valence_very_high
0.0334096000191665,"frozenset({'danceability_very_high', 'valence_very_high', 'loudness_high'})",2789,danceability_very_high|loudness_high|valence_very_high
0.03339762095856443,"frozenset({'instrumentalness_high', 'liveness_low', 'energy_very_low', 'acousticness_very_high'})",2788,acousticness_very_high|energy_very_low|instrumentalness_high|liveness_low
0.033385641897962365,"frozenset({'instrumentalness_low', 'key_very_high', 'duration_ms_high'})",2787,duration_ms_high|instrumentalness_low|key_very_high
0.0333736628373603,"frozenset({'mode_0', 'tempo_high', 'key_very_high'})",2786,key_very_high|mode_0|tempo_high
0.03336168377675822,"frozenset({'danceability_low', 'mode_1', 'key_very_high'})",2785,danceability_low|key_very_high|mode_1
0.03332574659495202,"frozenset({'valence_very_low', 'liveness_high', 'mode_1'})",2782,liveness_high|mode_1|valence_very_low
0.03332574659495202,"frozenset({'energy_high', 'valence_very_high', 'acousticness_low'})",2782,acousticness_low|energy_high|valence_very_high
0.033313767534349954,"frozenset({'instrumentalness_low', 'duration_ms_low', 'energy_very_high'})",2781,duration_ms_low|energy_very_high|instrumentalness_low
0.033313767534349954,"frozenset({'energy_very_low', 'duration_ms_very_high', 'acousticness_very_high'})",2781,acousticness_very_high|duration_ms_very_high|energy_very_low
0.033313767534349954,"frozenset({'valence_very_low', 'duration_ms_very_high', 'acousticness_very_low'})",2781,acousticness_very_low|duration_ms_very_high|valence_very_low
0.03330178847374789,"frozenset({'duration_ms_very_low', 'mode_1', 'loudness_high'})",2780,duration_ms_very_low|loudness_high|mode_1
0.03327783035254375,"frozenset({'loudness_very_high', 'mode_1', 'tempo_low'})",2778,loudness_very_high|mode_1|tempo_low
0.033265851291941685,"frozenset({'tempo_very_low', 'mode_1', 'loudness_high'})",2777,loudness_high|mode_1|tempo_very_low
0.03325387223133962,"frozenset({'danceability_very_low', 'energy_very_low', 'key_very_low'})",2776,danceability_very_low|energy_very_low|key_very_low
0.03322991411013548,"frozenset({'instrumentalness_low', 'liveness_very_high', 'acousticness_very_high'})",2774,acousticness_very_high|instrumentalness_low|liveness_very_high
0.03322991411013548,"frozenset({'danceability_very_low', 'duration_ms_low', 'mode_1'})",2774,danceability_very_low|duration_ms_low|mode_1
0.033217935049533416,"frozenset({'instrumentalness_low', 'liveness_very_low', 'duration_ms_high'})",2773,duration_ms_high|instrumentalness_low|liveness_very_low
0.033217935049533416,"frozenset({'mode_0', 'instrumentalness_high', 'tempo_high'})",2773,instrumentalness_high|mode_0|tempo_high
0.03320595598893135,"frozenset({'speechiness_very_low', 'loudness_very_low', 'acousticness_very_high', 'mode_1'})",2772,acousticness_very_high|loudness_very_low|mode_1|speechiness_very_low
0.03320595598893135,"frozenset({'loudness_very_high', 'mode_0', 'acousticness_low'})",2772,acousticness_low|loudness_very_high|mode_0
0.03319397692832928,"frozenset({'energy_low', 'liveness_very_high', 'mode_1'})",2771,energy_low|liveness_very_high|mode_1
0.033134081625318945,"frozenset({'energy_very_low', 'speechiness_high', 'acousticness_very_high'})",2766,acousticness_very_high|energy_very_low|speechiness_high
0.033098144443512736,"frozenset({'duration_ms_very_low', 'danceability_very_high', 'valence_very_high'})",2763,danceability_very_high|duration_ms_very_low|valence_very_high
0.033098144443512736,"frozenset({'speechiness_low', 'acousticness_low', 'mode_1'})",2763,acousticness_low|mode_1|speechiness_low
0.03308616538291067,"frozenset({'instrumentalness_low', 'tempo_very_low', 'acousticness_low'})",2762,acousticness_low|instrumentalness_low|tempo_very_low
0.0330741863223086,"frozenset({'danceability_very_low', 'valence_very_low', 'energy_very_high'})",2761,danceability_very_low|energy_very_high|valence_very_low
0.033062207261706535,"frozenset({'key_low', 'instrumentalness_low', 'acousticness_high'})",2760,acousticness_high|instrumentalness_low|key_low
0.033062207261706535,"frozenset({'instrumentalness_low', 'liveness_very_high', 'tempo_low'})",2760,instrumentalness_low|liveness_very_high|tempo_low
0.033062207261706535,"frozenset({'loudness_very_low', 'acousticness_very_high', 'key_very_high'})",2760,acousticness_very_high|key_very_high|loudness_very_low
0.0330382491405024,"frozenset({'danceability_very_low', 'mode_1', 'key_very_high'})",2758,danceability_very_low|key_very_high|mode_1
0.03302627007990033,"frozenset({'tempo_very_high', 'mode_1', 'key_very_high'})",2757,key_very_high|mode_1|tempo_very_high
0.033014291019298266,"frozenset({'danceability_very_high', 'instrumentalness_medium', 'mode_1'})",2756,danceability_very_high|instrumentalness_medium|mode_1
0.0330023119586962,"frozenset({'danceability_very_low', 'liveness_low', 'energy_very_low', 'acousticness_very_high'})",2755,acousticness_very_high|danceability_very_low|energy_very_low|liveness_low
0.03299033289809413,"frozenset({'instrumentalness_low', 'valence_very_high', 'acousticness_low', 'mode_1'})",2754,acousticness_low|instrumentalness_low|mode_1|valence_very_high
0.032978353837492064,"frozenset({'liveness_very_low', 'loudness_very_high', 'energy_very_high'})",2753,energy_very_high|liveness_very_low|loudness_very_high
0.032966374776889996,"frozenset({'acousticness_very_low', 'duration_ms_very_high', 'tempo_high'})",2752,acousticness_very_low|duration_ms_very_high|tempo_high
0.03294241665568586,"frozenset({'loudness_very_low', 'danceability_high', 'mode_1'})",2750,danceability_high|loudness_very_low|mode_1
0.032930437595083795,"frozenset({'instrumentalness_low', 'tempo_high', 'loudness_high'})",2749,instrumentalness_low|loudness_high|tempo_high
0.03291845853448173,"frozenset({'danceability_very_low', 'valence_very_low', 'tempo_very_high'})",2748,danceability_very_low|tempo_very_high|valence_very_low
0.03289450041327759,"frozenset({'loudness_very_high', 'mode_0', 'tempo_very_high'})",2746,loudness_very_high|mode_0|tempo_very_high
0.03289450041327759,"frozenset({'instrumentalness_low', 'liveness_low', 'duration_ms_low'})",2746,duration_ms_low|instrumentalness_low|liveness_low
0.03289450041327759,"frozenset({'instrumentalness_low', 'danceability_very_high', 'key_high'})",2746,danceability_very_high|instrumentalness_low|key_high
0.03289450041327759,"frozenset({'instrumentalness_low', 'energy_high', 'mode_1', 'acousticness_high'})",2746,acousticness_high|energy_high|instrumentalness_low|mode_1
0.032882521352675526,"frozenset({'liveness_very_low', 'instrumentalness_high', 'duration_ms_very_high'})",2745,duration_ms_very_high|instrumentalness_high|liveness_very_low
0.032882521352675526,"frozenset({'instrumentalness_low', 'mode_1', 'danceability_low', 'key_very_low'})",2745,danceability_low|instrumentalness_low|key_very_low|mode_1
0.032882521352675526,"frozenset({'instrumentalness_low', 'loudness_very_high', 'duration_ms_low', 'mode_1'})",2745,duration_ms_low|instrumentalness_low|loudness_very_high|mode_1
0.03287054229207346,"frozenset({'acousticness_very_low', 'mode_1', 'speechiness_high', 'energy_very_high'})",2744,acousticness_very_low|energy_very_high|mode_1|speechiness_high
0.03287054229207346,"frozenset({'danceability_very_low', 'valence_very_low', 'tempo_very_low', 'mode_1'})",2744,danceability_very_low|mode_1|tempo_very_low|valence_very_low
0.03287054229207346,"frozenset({'instrumentalness_high', 'tempo_very_low', 'loudness_very_low', 'acousticness_very_high'})",2744,acousticness_very_high|instrumentalness_high|loudness_very_low|tempo_very_low
0.032846584170869324,"frozenset({'acousticness_very_low', 'liveness_very_high', 'mode_1', 'energy_very_high'})",2742,acousticness_very_low|energy_very_high|liveness_very_high|mode_1
0.03283460511026725,"frozenset({'danceability_very_low', 'loudness_low', 'mode_1'})",2741,danceability_very_low|loudness_low|mode_1
0.03283460511026725,"frozenset({'duration_ms_very_low', 'loudness_very_high', 'mode_1'})",2741,duration_ms_very_low|loudness_very_high|mode_1
0.03283460511026725,"frozenset({'liveness_high', 'duration_ms_very_high', 'mode_1'})",2741,duration_ms_very_high|liveness_high|mode_1
0.03282262604966518,"frozenset({'danceability_high', 'mode_1', 'key_very_high'})",2740,danceability_high|key_very_high|mode_1
0.03282262604966518,"frozenset({'loudness_very_low', 'duration_ms_low', 'mode_1'})",2740,duration_ms_low|loudness_very_low|mode_1
0.03282262604966518,"frozenset({'instrumentalness_low', 'liveness_low', 'duration_ms_high'})",2740,duration_ms_high|instrumentalness_low|liveness_low
0.032810646989063115,"frozenset({'instrumentalness_high', 'liveness_very_low', 'loudness_very_low'})",2739,instrumentalness_high|liveness_very_low|loudness_very_low
0.032810646989063115,"frozenset({'instrumentalness_medium', 'speechiness_very_high', 'mode_1'})",2739,instrumentalness_medium|mode_1|speechiness_very_high
0.032810646989063115,"frozenset({'instrumentalness_low', 'loudness_very_high', 'tempo_low'})",2739,instrumentalness_low|loudness_very_high|tempo_low
0.03279866792846105,"frozenset({'speechiness_low', 'valence_very_low', 'loudness_very_low', 'acousticness_very_high'})",2738,acousticness_very_high|loudness_very_low|speechiness_low|valence_very_low
0.03279866792846105,"frozenset({'danceability_very_low', 'valence_very_low', 'liveness_very_high'})",2738,danceability_very_low|liveness_very_high|valence_very_low
0.03279866792846105,"frozenset({'valence_low', 'loudness_very_high', 'acousticness_very_low'})",2738,acousticness_very_low|loudness_very_high|valence_low
0.03279866792846105,"frozenset({'instrumentalness_low', 'danceability_very_high', 'key_very_high'})",2738,danceability_very_high|instrumentalness_low|key_very_high
0.03278668886785898,"frozenset({'liveness_very_low', 'mode_1', 'energy_very_high'})",2737,energy_very_high|liveness_very_low|mode_1
0.03278668886785898,"frozenset({'duration_ms_very_low', 'loudness_very_low', 'liveness_low'})",2737,duration_ms_very_low|liveness_low|loudness_very_low
0.03278668886785898,"frozenset({'instrumentalness_low', 'speechiness_very_low', 'duration_ms_very_high'})",2737,duration_ms_very_high|instrumentalness_low|speechiness_very_low
0.03278668886785898,"frozenset({'instrumentalness_high', 'duration_ms_very_high', 'speechiness_high'})",2737,duration_ms_very_high|instrumentalness_high|speechiness_high
0.03277470980725691,"frozenset({'danceability_very_low', 'valence_very_low', 'tempo_very_low', 'acousticness_very_high'})",2736,acousticness_very_high|danceability_very_low|tempo_very_low|valence_very_low
0.03277470980725691,"frozenset({'valence_very_low', 'instrumentalness_high', 'speechiness_high'})",2736,instrumentalness_high|speechiness_high|valence_very_low
0.03277470980725691,"frozenset({'mode_0', 'tempo_very_high', 'speechiness_very_high'})",2736,mode_0|speechiness_very_high|tempo_very_high
0.03277470980725691,"frozenset({'liveness_very_low', 'mode_0', 'key_very_high'})",2736,key_very_high|liveness_very_low|mode_0
0.032762730746654846,"frozenset({'loudness_very_low', 'tempo_very_low', 'liveness_low'})",2735,liveness_low|loudness_very_low|tempo_very_low
0.032762730746654846,"frozenset({'instrumentalness_low', 'energy_low', 'tempo_high'})",2735,energy_low|instrumentalness_low|tempo_high
0.032762730746654846,"frozenset({'tempo_very_low', 'instrumentalness_high', 'energy_very_low', 'acousticness_very_high'})",2735,acousticness_very_high|energy_very_low|instrumentalness_high|tempo_very_low
0.03275075168605278,"frozenset({'danceability_very_low', 'instrumentalness_high', 'energy_very_low', 'mode_1'})",2734,danceability_very_low|energy_very_low|instrumentalness_high|mode_1
0.03275075168605278,"frozenset({'valence_low', 'liveness_high', 'instrumentalness_low'})",2734,instrumentalness_low|liveness_high|valence_low
0.03275075168605278,"frozenset({'danceability_very_low', 'loudness_very_low', 'key_very_low'})",2734,danceability_very_low|key_very_low|loudness_very_low
0.03275075168605278,"frozenset({'instrumentalness_low', 'liveness_very_low', 'speechiness_very_high'})",2734,instrumentalness_low|liveness_very_low|speechiness_very_high
0.03273877262545071,"frozenset({'instrumentalness_low', 'liveness_low', 'loudness_high'})",2733,instrumentalness_low|liveness_low|loudness_high
0.03271481450424658,"frozenset({'instrumentalness_high', 'loudness_very_low', 'acousticness_very_high', 'speechiness_low'})",2731,acousticness_very_high|instrumentalness_high|loudness_very_low|speechiness_low
0.03271481450424658,"frozenset({'speechiness_very_low', 'liveness_very_high', 'mode_1'})",2731,liveness_very_high|mode_1|speechiness_very_low
0.032678877322440375,"frozenset({'danceability_very_low', 'mode_1', 'loudness_high'})",2728,danceability_very_low|loudness_high|mode_1
0.032678877322440375,"frozenset({'instrumentalness_low', 'valence_very_high', 'duration_ms_low', 'mode_1'})",2728,duration_ms_low|instrumentalness_low|mode_1|valence_very_high
0.03266689826183831,"frozenset({'instrumentalness_low', 'loudness_low', 'tempo_low'})",2727,instrumentalness_low|loudness_low|tempo_low
0.03265491920123624,"frozenset({'instrumentalness_low', 'liveness_very_high', 'tempo_high'})",2726,instrumentalness_low|liveness_very_high|tempo_high
0.03264294014063417,"frozenset({'liveness_very_low', 'loudness_very_low', 'energy_very_low', 'acousticness_very_high'})",2725,acousticness_very_high|energy_very_low|liveness_very_low|loudness_very_low
0.03261898201943004,"frozenset({'mode_0', 'instrumentalness_high', 'speechiness_high'})",2723,instrumentalness_high|mode_0|speechiness_high
0.03261898201943004,"frozenset({'instrumentalness_low', 'valence_high', 'energy_very_high'})",2723,energy_very_high|instrumentalness_low|valence_high
0.03261898201943004,"frozenset({'duration_ms_very_low', 'loudness_very_low', 'danceability_very_low'})",2723,danceability_very_low|duration_ms_very_low|loudness_very_low
0.03260700295882797,"frozenset({'energy_low', 'loudness_low', 'key_very_low'})",2722,energy_low|key_very_low|loudness_low
0.03260700295882797,"frozenset({'instrumentalness_low', 'tempo_very_low', 'key_high'})",2722,instrumentalness_low|key_high|tempo_very_low
0.032595023898225904,"frozenset({'danceability_low', 'instrumentalness_low', 'speechiness_very_high'})",2721,danceability_low|instrumentalness_low|speechiness_very_high
0.032595023898225904,"frozenset({'instrumentalness_low', 'loudness_very_high', 'acousticness_very_low', 'energy_very_high'})",2721,acousticness_very_low|energy_very_high|instrumentalness_low|loudness_very_high
0.03258304483762384,"frozenset({'valence_low', 'instrumentalness_low', 'speechiness_very_high'})",2720,instrumentalness_low|speechiness_very_high|valence_low
0.03254710765581763,"frozenset({'instrumentalness_low', 'tempo_high', 'duration_ms_high'})",2717,duration_ms_high|instrumentalness_low|tempo_high
0.03253512859521556,"frozenset({'instrumentalness_low', 'key_very_low', 'energy_very_high'})",2716,energy_very_high|instrumentalness_low|key_very_low
0.032523149534613494,"frozenset({'valence_very_low', 'instrumentalness_high', 'energy_very_high'})",2715,energy_very_high|instrumentalness_high|valence_very_low
0.032523149534613494,"frozenset({'valence_very_low', 'loudness_very_high', 'energy_very_high'})",2715,energy_very_high|loudness_very_high|valence_very_low
0.032511170474011426,"frozenset({'instrumentalness_low', 'duration_ms_low', 'speechiness_low'})",2714,duration_ms_low|instrumentalness_low|speechiness_low
0.032511170474011426,"frozenset({'loudness_very_high', 'mode_1', 'danceability_very_high'})",2714,danceability_very_high|loudness_very_high|mode_1
0.03249919141340936,"frozenset({'acousticness_very_high', 'loudness_very_low', 'energy_very_low', 'tempo_low'})",2713,acousticness_very_high|energy_very_low|loudness_very_low|tempo_low
0.03249919141340936,"frozenset({'valence_low', 'danceability_high', 'instrumentalness_low'})",2713,danceability_high|instrumentalness_low|valence_low
0.03249919141340936,"frozenset({'loudness_very_high', 'energy_high', 'acousticness_low'})",2713,acousticness_low|energy_high|loudness_very_high
0.03249919141340936,"frozenset({'liveness_high', 'mode_1', 'danceability_very_high'})",2713,danceability_very_high|liveness_high|mode_1
0.03249919141340936,"frozenset({'acousticness_very_high', 'loudness_very_low', 'key_very_low', 'mode_1', 'energy_very_low'})",2713,acousticness_very_high|energy_very_low|key_very_low|loudness_very_low|mode_1
0.03249919141340936,"frozenset({'instrumentalness_low', 'danceability_very_low', 'valence_low'})",2713,danceability_very_low|instrumentalness_low|valence_low
0.03249919141340936,"frozenset({'instrumentalness_low', 'danceability_high', 'acousticness_very_high'})",2713,acousticness_very_high|danceability_high|instrumentalness_low
0.03248721235280729,"frozenset({'instrumentalness_low', 'loudness_low', 'speechiness_very_high'})",2712,instrumentalness_low|loudness_low|speechiness_very_high
0.03248721235280729,"frozenset({'liveness_low', 'acousticness_low', 'mode_1'})",2712,acousticness_low|liveness_low|mode_1
0.03246325423160316,"frozenset({'valence_low', 'instrumentalness_low', 'tempo_very_high'})",2710,instrumentalness_low|tempo_very_high|valence_low
0.03245127517100109,"frozenset({'instrumentalness_low', 'liveness_low', 'acousticness_very_high'})",2709,acousticness_very_high|instrumentalness_low|liveness_low
0.03243929611039902,"frozenset({'mode_1', 'tempo_low', 'energy_very_high'})",2708,energy_very_high|mode_1|tempo_low
0.032427317049796955,"frozenset({'acousticness_very_high', 'loudness_very_low', 'danceability_very_low', 'valence_very_low', 'mode_1', 'energy_very_low'})",2707,acousticness_very_high|danceability_very_low|energy_very_low|loudness_very_low|mode_1|valence_very_low
0.032427317049796955,"frozenset({'valence_low', 'liveness_very_high', 'instrumentalness_low'})",2707,instrumentalness_low|liveness_very_high|valence_low
0.032427317049796955,"frozenset({'instrumentalness_low', 'tempo_high', 'valence_high'})",2707,instrumentalness_low|tempo_high|valence_high
0.03241533798919489,"frozenset({'danceability_very_low', 'loudness_very_low', 'liveness_low', 'energy_very_low'})",2706,danceability_very_low|energy_very_low|liveness_low|loudness_very_low
0.03240335892859282,"frozenset({'energy_low', 'mode_1', 'key_very_high'})",2705,energy_low|key_very_high|mode_1
0.03240335892859282,"frozenset({'instrumentalness_medium', 'loudness_very_low', 'acousticness_very_high'})",2705,acousticness_very_high|instrumentalness_medium|loudness_very_low
0.03240335892859282,"frozenset({'speechiness_low', 'danceability_very_high', 'mode_1'})",2705,danceability_very_high|mode_1|speechiness_low
0.032391379867990754,"frozenset({'tempo_very_low', 'mode_1', 'speechiness_high'})",2704,mode_1|speechiness_high|tempo_very_low
0.032391379867990754,"frozenset({'loudness_low', 'mode_1', 'speechiness_high'})",2704,loudness_low|mode_1|speechiness_high
0.032391379867990754,"frozenset({'instrumentalness_low', 'liveness_high', 'loudness_low'})",2704,instrumentalness_low|liveness_high|loudness_low
0.032391379867990754,"frozenset({'danceability_high', 'energy_very_low', 'acousticness_very_high'})",2704,acousticness_very_high|danceability_high|energy_very_low
0.032379400807388686,"frozenset({'danceability_very_low', 'instrumentalness_high', 'key_very_low'})",2703,danceability_very_low|instrumentalness_high|key_very_low
0.032379400807388686,"frozenset({'valence_low', 'instrumentalness_low', 'acousticness_low'})",2703,acousticness_low|instrumentalness_low|valence_low
0.032379400807388686,"frozenset({'instrumentalness_low', 'loudness_very_high', 'speechiness_very_high', 'energy_very_high'})",2703,energy_very_high|instrumentalness_low|loudness_very_high|speechiness_very_high
0.032379400807388686,"frozenset({'key_low', 'loudness_very_low', 'mode_1'})",2703,key_low|loudness_very_low|mode_1
0.03235544268618455,"frozenset({'danceability_very_low', 'acousticness_very_low', 'instrumentalness_high'})",2701,acousticness_very_low|danceability_very_low|instrumentalness_high
0.032343463625582484,"frozenset({'mode_0', 'instrumentalness_medium', 'key_very_high'})",2700,instrumentalness_medium|key_very_high|mode_0
0.03233148456498042,"frozenset({'instrumentalness_low', 'tempo_very_low', 'key_very_high'})",2699,instrumentalness_low|key_very_high|tempo_very_low
0.032307526443776276,"frozenset({'tempo_very_low', 'valence_very_high', 'mode_1'})",2697,mode_1|tempo_very_low|valence_very_high
0.03229554738317421,"frozenset({'instrumentalness_low', 'danceability_very_high', 'tempo_very_low'})",2696,danceability_very_high|instrumentalness_low|tempo_very_low
0.03229554738317421,"frozenset({'danceability_low', 'speechiness_very_high', 'mode_1'})",2696,danceability_low|mode_1|speechiness_very_high
0.03229554738317421,"frozenset({'speechiness_very_low', 'liveness_low', 'acousticness_very_high'})",2696,acousticness_very_high|liveness_low|speechiness_very_low
0.03228356832257214,"frozenset({'speechiness_low', 'loudness_very_low', 'liveness_low'})",2695,liveness_low|loudness_very_low|speechiness_low
0.032271589261970074,"frozenset({'instrumentalness_low', 'liveness_very_low', 'valence_high'})",2694,instrumentalness_low|liveness_very_low|valence_high
0.032271589261970074,"frozenset({'instrumentalness_low', 'speechiness_very_low', 'valence_high'})",2694,instrumentalness_low|speechiness_very_low|valence_high
0.032271589261970074,"frozenset({'mode_0', 'liveness_very_high', 'speechiness_very_high'})",2694,liveness_very_high|mode_0|speechiness_very_high
0.03224763114076594,"frozenset({'speechiness_low', 'instrumentalness_high', 'energy_very_low', 'acousticness_very_high'})",2692,acousticness_very_high|energy_very_low|instrumentalness_high|speechiness_low
0.03224763114076594,"frozenset({'liveness_very_low', 'speechiness_very_high', 'mode_1'})",2692,liveness_very_low|mode_1|speechiness_very_high
0.03224763114076594,"frozenset({'duration_ms_very_low', 'tempo_very_low', 'instrumentalness_low'})",2692,duration_ms_very_low|instrumentalness_low|tempo_very_low
0.03223565208016387,"frozenset({'instrumentalness_low', 'danceability_low', 'key_very_high'})",2691,danceability_low|instrumentalness_low|key_very_high
0.03223565208016387,"frozenset({'speechiness_low', 'liveness_low', 'energy_very_low'})",2691,energy_very_low|liveness_low|speechiness_low
0.03223565208016387,"frozenset({'danceability_low', 'energy_very_low', 'mode_1', 'acousticness_very_high'})",2691,acousticness_very_high|danceability_low|energy_very_low|mode_1
0.032223673019561805,"frozenset({'danceability_very_low', 'tempo_very_low', 'acousticness_very_high', 'mode_1'})",2690,acousticness_very_high|danceability_very_low|mode_1|tempo_very_low
0.0321877358377556,"frozenset({'valence_very_low', 'mode_1', 'speechiness_high'})",2687,mode_1|speechiness_high|valence_very_low
0.032175756777153536,"frozenset({'loudness_very_high', 'instrumentalness_medium', 'acousticness_very_low', 'energy_very_high'})",2686,acousticness_very_low|energy_very_high|instrumentalness_medium|loudness_very_high
0.03216377771655147,"frozenset({'danceability_low', 'loudness_very_high', 'acousticness_very_low', 'energy_very_high'})",2685,acousticness_very_low|danceability_low|energy_very_high|loudness_very_high
0.032139819595347334,"frozenset({'speechiness_very_low', 'tempo_very_high', 'mode_1'})",2683,mode_1|speechiness_very_low|tempo_very_high
0.032139819595347334,"frozenset({'instrumentalness_low', 'acousticness_low', 'danceability_low'})",2683,acousticness_low|danceability_low|instrumentalness_low
0.032139819595347334,"frozenset({'duration_ms_very_low', 'danceability_very_high', 'speechiness_very_high'})",2683,danceability_very_high|duration_ms_very_low|speechiness_very_high
0.0321158614741432,"frozenset({'instrumentalness_low', 'liveness_very_high', 'speechiness_very_high', 'mode_1'})",2681,instrumentalness_low|liveness_very_high|mode_1|speechiness_very_high
0.032091903352939065,"frozenset({'danceability_very_low', 'acousticness_very_low', 'liveness_very_high'})",2679,acousticness_very_low|danceability_very_low|liveness_very_high
0.032091903352939065,"frozenset({'valence_very_low', 'instrumentalness_high', 'tempo_high'})",2679,instrumentalness_high|tempo_high|valence_very_low
0.032079924292337,"frozenset({'instrumentalness_low', 'speechiness_low', 'loudness_high'})",2678,instrumentalness_low|loudness_high|speechiness_low
0.03206794523173493,"frozenset({'duration_ms_very_low', 'instrumentalness_low', 'loudness_high'})",2677,duration_ms_very_low|instrumentalness_low|loudness_high
0.03204398711053079,"frozenset({'instrumentalness_low', 'speechiness_very_high', 'duration_ms_high'})",2675,duration_ms_high|instrumentalness_low|speechiness_very_high
0.03204398711053079,"frozenset({'speechiness_low', 'acousticness_very_high', 'loudness_very_low', 'valence_very_low', 'energy_very_low'})",2675,acousticness_very_high|energy_very_low|loudness_very_low|speechiness_low|valence_very_low
0.03204398711053079,"frozenset({'instrumentalness_medium', 'mode_1', 'acousticness_high'})",2675,acousticness_high|instrumentalness_medium|mode_1
0.03204398711053079,"frozenset({'mode_0', 'speechiness_high', 'danceability_very_high'})",2675,danceability_very_high|mode_0|speechiness_high
0.03200804992872459,"frozenset({'danceability_very_high', 'energy_low', 'acousticness_high'})",2672,acousticness_high|danceability_very_high|energy_low
0.03200804992872459,"frozenset({'valence_low', 'loudness_very_high', 'instrumentalness_low'})",2672,instrumentalness_low|loudness_very_high|valence_low
0.03199607086812252,"frozenset({'instrumentalness_low', 'tempo_very_high', 'key_high'})",2671,instrumentalness_low|key_high|tempo_very_high
0.03199607086812252,"frozenset({'tempo_very_low', 'mode_1', 'key_very_high'})",2671,key_very_high|mode_1|tempo_very_low
0.03199607086812252,"frozenset({'valence_very_high', 'acousticness_very_high', 'mode_1'})",2671,acousticness_very_high|mode_1|valence_very_high
0.03199607086812252,"frozenset({'instrumentalness_high', 'loudness_very_low', 'speechiness_high'})",2671,instrumentalness_high|loudness_very_low|speechiness_high
0.03196013368631632,"frozenset({'speechiness_low', 'instrumentalness_high', 'duration_ms_very_high'})",2668,duration_ms_very_high|instrumentalness_high|speechiness_low
0.03196013368631632,"frozenset({'key_very_high', 'mode_1', 'valence_high'})",2668,key_very_high|mode_1|valence_high
0.03194815462571425,"frozenset({'mode_0', 'danceability_very_high', 'valence_high'})",2667,danceability_very_high|mode_0|valence_high
0.03194815462571425,"frozenset({'instrumentalness_low', 'loudness_very_high', 'mode_1', 'valence_high'})",2667,instrumentalness_low|loudness_very_high|mode_1|valence_high
0.03194815462571425,"frozenset({'key_very_high', 'mode_1', 'duration_ms_high'})",2667,duration_ms_high|key_very_high|mode_1
0.03193617556511218,"frozenset({'mode_0', 'key_very_high', 'valence_high'})",2666,key_very_high|mode_0|valence_high
0.03193617556511218,"frozenset({'instrumentalness_low', 'mode_1', 'key_very_low', 'duration_ms_high'})",2666,duration_ms_high|instrumentalness_low|key_very_low|mode_1
0.03190023838330598,"frozenset({'loudness_low', 'mode_1', 'key_very_high'})",2663,key_very_high|loudness_low|mode_1
0.03190023838330598,"frozenset({'valence_very_low', 'energy_very_low', 'duration_ms_very_high'})",2663,duration_ms_very_high|energy_very_low|valence_very_low
0.03187628026210185,"frozenset({'instrumentalness_low', 'speechiness_high', 'loudness_high'})",2661,instrumentalness_low|loudness_high|speechiness_high
0.03187628026210185,"frozenset({'duration_ms_low', 'mode_1', 'key_very_high'})",2661,duration_ms_low|key_very_high|mode_1
0.03187628026210185,"frozenset({'energy_very_low', 'mode_1', 'valence_high'})",2661,energy_very_low|mode_1|valence_high
0.03187628026210185,"frozenset({'instrumentalness_low', 'liveness_high', 'key_very_high'})",2661,instrumentalness_low|key_very_high|liveness_high
0.03186430120149978,"frozenset({'duration_ms_very_low', 'loudness_very_low', 'acousticness_very_high', 'instrumentalness_high'})",2660,acousticness_very_high|duration_ms_very_low|instrumentalness_high|loudness_very_low
0.03186430120149978,"frozenset({'instrumentalness_low', 'tempo_very_low', 'liveness_low'})",2660,instrumentalness_low|liveness_low|tempo_very_low
0.03185232214089771,"frozenset({'duration_ms_very_low', 'valence_very_low', 'loudness_very_low'})",2659,duration_ms_very_low|loudness_very_low|valence_very_low
0.031840343080295645,"frozenset({'duration_ms_very_low', 'instrumentalness_high', 'energy_very_low', 'acousticness_very_high'})",2658,acousticness_very_high|duration_ms_very_low|energy_very_low|instrumentalness_high
0.03182836401969358,"frozenset({'danceability_low', 'valence_very_high', 'mode_1'})",2657,danceability_low|mode_1|valence_very_high
0.03181638495909151,"frozenset({'energy_low', 'speechiness_very_high', 'mode_1'})",2656,energy_low|mode_1|speechiness_very_high
0.03181638495909151,"frozenset({'valence_low', 'speechiness_very_low', 'energy_very_low'})",2656,energy_very_low|speechiness_very_low|valence_low
0.03181638495909151,"frozenset({'loudness_very_low', 'duration_ms_low', 'acousticness_very_high'})",2656,acousticness_very_high|duration_ms_low|loudness_very_low
0.03180440589848944,"frozenset({'instrumentalness_low', 'tempo_very_high', 'mode_1', 'key_very_low'})",2655,instrumentalness_low|key_very_low|mode_1|tempo_very_high
0.031792426837887376,"frozenset({'danceability_very_high', 'instrumentalness_high', 'mode_1'})",2654,danceability_very_high|instrumentalness_high|mode_1
0.0317804477772853,"frozenset({'loudness_very_low', 'energy_very_low', 'duration_ms_high'})",2653,duration_ms_high|energy_very_low|loudness_very_low
0.031768468716683235,"frozenset({'loudness_very_low', 'danceability_very_low', 'valence_very_low', 'tempo_very_low', 'energy_very_low'})",2652,danceability_very_low|energy_very_low|loudness_very_low|tempo_very_low|valence_very_low
0.031768468716683235,"frozenset({'acousticness_very_low', 'instrumentalness_high', 'mode_1', 'energy_very_high'})",2652,acousticness_very_low|energy_very_high|instrumentalness_high|mode_1
0.03175648965608117,"frozenset({'liveness_very_high', 'speechiness_high', 'energy_very_high'})",2651,energy_very_high|liveness_very_high|speechiness_high
0.03175648965608117,"frozenset({'loudness_very_low', 'valence_very_low', 'liveness_low', 'acousticness_very_high'})",2651,acousticness_very_high|liveness_low|loudness_very_low|valence_very_low
0.03175648965608117,"frozenset({'instrumentalness_low', 'liveness_very_high', 'valence_very_high', 'mode_1'})",2651,instrumentalness_low|liveness_very_high|mode_1|valence_very_high
0.0317445105954791,"frozenset({'key_very_high', 'mode_1', 'loudness_high'})",2650,key_very_high|loudness_high|mode_1
0.0317445105954791,"frozenset({'danceability_very_low', 'mode_0', 'loudness_very_low'})",2650,danceability_very_low|loudness_very_low|mode_0
0.0317445105954791,"frozenset({'mode_0', 'acousticness_low', 'speechiness_very_high'})",2650,acousticness_low|mode_0|speechiness_very_high
0.0317445105954791,"frozenset({'liveness_low', 'mode_1', 'key_very_high'})",2650,key_very_high|liveness_low|mode_1
0.0317445105954791,"frozenset({'instrumentalness_high', 'tempo_very_high', 'mode_1'})",2650,instrumentalness_high|mode_1|tempo_very_high
0.031720552474274966,"frozenset({'danceability_very_low', 'mode_0', 'acousticness_very_low'})",2648,acousticness_very_low|danceability_very_low|mode_0
0.031720552474274966,"frozenset({'loudness_very_low', 'danceability_very_low', 'instrumentalness_high', 'mode_1', 'energy_very_low'})",2648,danceability_very_low|energy_very_low|instrumentalness_high|loudness_very_low|mode_1
0.0317085734136729,"frozenset({'instrumentalness_high', 'loudness_low', 'mode_1'})",2647,instrumentalness_high|loudness_low|mode_1
0.03169659435307083,"frozenset({'valence_very_low', 'mode_0', 'acousticness_very_low'})",2646,acousticness_very_low|mode_0|valence_very_low
0.03169659435307083,"frozenset({'liveness_very_low', 'valence_very_low', 'instrumentalness_high'})",2646,instrumentalness_high|liveness_very_low|valence_very_low
0.03169659435307083,"frozenset({'acousticness_very_high', 'loudness_very_low', 'instrumentalness_high', 'liveness_low', 'energy_very_low'})",2646,acousticness_very_high|energy_very_low|instrumentalness_high|liveness_low|loudness_very_low
0.031684615292468764,"frozenset({'duration_ms_very_low', 'valence_very_low', 'danceability_very_low'})",2645,danceability_very_low|duration_ms_very_low|valence_very_low
0.031684615292468764,"frozenset({'liveness_high', 'mode_1', 'key_very_high'})",2645,key_very_high|liveness_high|mode_1
0.031684615292468764,"frozenset({'energy_low', 'acousticness_high', 'loudness_high'})",2645,acousticness_high|energy_low|loudness_high
0.031684615292468764,"frozenset({'valence_very_low', 'tempo_very_low', 'energy_very_low', 'mode_1'})",2645,energy_very_low|mode_1|tempo_very_low|valence_very_low
0.031672636231866697,"frozenset({'instrumentalness_low', 'loudness_very_high', 'liveness_very_high', 'mode_1'})",2644,instrumentalness_low|liveness_very_high|loudness_very_high|mode_1
0.031672636231866697,"frozenset({'duration_ms_very_low', 'acousticness_low', 'mode_1'})",2644,acousticness_low|duration_ms_very_low|mode_1
0.03166065717126463,"frozenset({'instrumentalness_low', 'loudness_low', 'mode_1', 'key_very_low'})",2643,instrumentalness_low|key_very_low|loudness_low|mode_1
0.03166065717126463,"frozenset({'speechiness_low', 'mode_1', 'key_very_high'})",2643,key_very_high|mode_1|speechiness_low
0.03166065717126463,"frozenset({'tempo_very_high', 'mode_1', 'acousticness_very_high'})",2643,acousticness_very_high|mode_1|tempo_very_high
0.03164867811066256,"frozenset({'instrumentalness_low', 'liveness_high', 'tempo_low'})",2642,instrumentalness_low|liveness_high|tempo_low
0.03164867811066256,"frozenset({'danceability_very_low', 'valence_very_low', 'energy_very_low', 'speechiness_low'})",2642,danceability_very_low|energy_very_low|speechiness_low|valence_very_low
0.03162471998945843,"frozenset({'danceability_very_low', 'tempo_very_low', 'loudness_very_low', 'mode_1'})",2640,danceability_very_low|loudness_very_low|mode_1|tempo_very_low
0.03161274092885636,"frozenset({'instrumentalness_low', 'energy_very_high', 'duration_ms_high'})",2639,duration_ms_high|energy_very_high|instrumentalness_low
0.03160076186825429,"frozenset({'instrumentalness_high', 'acousticness_high'})",2638,acousticness_high|instrumentalness_high
0.03160076186825429,"frozenset({'loudness_very_low', 'mode_1', 'key_very_high'})",2638,key_very_high|loudness_very_low|mode_1
0.031588782807652226,"frozenset({'instrumentalness_low', 'danceability_very_high', 'speechiness_very_high', 'mode_1'})",2637,danceability_very_high|instrumentalness_low|mode_1|speechiness_very_high
0.031588782807652226,"frozenset({'loudness_very_low', 'energy_very_low', 'danceability_low', 'acousticness_very_high'})",2637,acousticness_very_high|danceability_low|energy_very_low|loudness_very_low
0.03157680374705016,"frozenset({'danceability_very_low', 'valence_very_low', 'loudness_very_low', 'speechiness_low'})",2636,danceability_very_low|loudness_very_low|speechiness_low|valence_very_low
0.03156482468644809,"frozenset({'liveness_very_high', 'mode_1', 'key_very_high'})",2635,key_very_high|liveness_very_high|mode_1
0.031552845625846024,"frozenset({'acousticness_very_high', 'mode_1', 'speechiness_high'})",2634,acousticness_very_high|mode_1|speechiness_high
0.031552845625846024,"frozenset({'instrumentalness_low', 'tempo_low', 'duration_ms_high'})",2634,duration_ms_high|instrumentalness_low|tempo_low
0.03152888750464189,"frozenset({'instrumentalness_low', 'speechiness_very_low', 'key_high'})",2632,instrumentalness_low|key_high|speechiness_very_low
0.03149295032283568,"frozenset({'valence_very_low', 'liveness_low', 'energy_very_low', 'mode_1'})",2629,energy_very_low|liveness_low|mode_1|valence_very_low
0.03148097126223361,"frozenset({'instrumentalness_low', 'liveness_high', 'key_high'})",2628,instrumentalness_low|key_high|liveness_high
0.03148097126223361,"frozenset({'loudness_very_high', 'mode_1', 'speechiness_high', 'energy_very_high'})",2628,energy_very_high|loudness_very_high|mode_1|speechiness_high
0.031468992201631546,"frozenset({'speechiness_very_low', 'energy_very_low', 'loudness_low'})",2627,energy_very_low|loudness_low|speechiness_very_low
0.03145701314102948,"frozenset({'mode_1', 'speechiness_high', 'acousticness_high'})",2626,acousticness_high|mode_1|speechiness_high
0.03145701314102948,"frozenset({'valence_low', 'mode_1', 'key_very_high'})",2626,key_very_high|mode_1|valence_low
0.03142107595922328,"frozenset({'danceability_high', 'speechiness_very_high', 'mode_1'})",2623,danceability_high|mode_1|speechiness_very_high
0.03142107595922328,"frozenset({'instrumentalness_low', 'valence_very_high', 'mode_1', 'loudness_high'})",2623,instrumentalness_low|loudness_high|mode_1|valence_very_high
0.03140909689862121,"frozenset({'danceability_very_high', 'energy_high', 'loudness_high'})",2622,danceability_very_high|energy_high|loudness_high
0.03139711783801914,"frozenset({'mode_0', 'loudness_low', 'danceability_very_high'})",2621,danceability_very_high|loudness_low|mode_0
0.03139711783801914,"frozenset({'instrumentalness_low', 'liveness_very_low', 'danceability_high'})",2621,danceability_high|instrumentalness_low|liveness_very_low
0.031385138777417075,"frozenset({'mode_0', 'speechiness_very_high', 'valence_high'})",2620,mode_0|speechiness_very_high|valence_high
0.031385138777417075,"frozenset({'loudness_very_high', 'acousticness_very_low', 'speechiness_high', 'energy_very_high'})",2620,acousticness_very_low|energy_very_high|loudness_very_high|speechiness_high
0.03137315971681501,"frozenset({'instrumentalness_low', 'liveness_low', 'danceability_high'})",2619,danceability_high|instrumentalness_low|liveness_low
0.03137315971681501,"frozenset({'key_low', 'loudness_very_low', 'energy_very_low', 'acousticness_very_high'})",2619,acousticness_very_high|energy_very_low|key_low|loudness_very_low
0.03136118065621294,"frozenset({'loudness_very_low', 'energy_very_low', 'danceability_high'})",2618,danceability_high|energy_very_low|loudness_very_low
0.03136118065621294,"frozenset({'liveness_very_low', 'mode_0', 'duration_ms_very_high'})",2618,duration_ms_very_high|liveness_very_low|mode_0
0.031337222535008806,"frozenset({'duration_ms_very_low', 'instrumentalness_low', 'tempo_very_high'})",2616,duration_ms_very_low|instrumentalness_low|tempo_very_high
0.03131326441380467,"frozenset({'speechiness_very_low', 'energy_very_low', 'key_very_low'})",2614,energy_very_low|key_very_low|speechiness_very_low
0.03131326441380467,"frozenset({'danceability_very_low', 'acousticness_very_high', 'key_very_low'})",2614,acousticness_very_high|danceability_very_low|key_very_low
0.03128930629260054,"frozenset({'instrumentalness_low', 'speechiness_very_low', 'valence_very_high'})",2612,instrumentalness_low|speechiness_very_low|valence_very_high
0.03128930629260054,"frozenset({'energy_low', 'key_very_low', 'acousticness_high'})",2612,acousticness_high|energy_low|key_very_low
0.03127732723199847,"frozenset({'valence_very_low', 'instrumentalness_high', 'acousticness_very_high', 'mode_1'})",2611,acousticness_very_high|instrumentalness_high|mode_1|valence_very_low
0.0312653481713964,"frozenset({'acousticness_very_high', 'loudness_very_low', 'speechiness_very_low', 'mode_1', 'energy_very_low'})",2610,acousticness_very_high|energy_very_low|loudness_very_low|mode_1|speechiness_very_low
0.0312653481713964,"frozenset({'instrumentalness_high', 'mode_0', 'liveness_low'})",2610,instrumentalness_high|liveness_low|mode_0
0.03125336911079433,"frozenset({'instrumentalness_low', 'danceability_very_high', 'mode_1', 'acousticness_high'})",2609,acousticness_high|danceability_very_high|instrumentalness_low|mode_1
0.031241390050192264,"frozenset({'liveness_low', 'energy_very_low', 'key_very_low'})",2608,energy_very_low|key_very_low|liveness_low
0.031229410989590197,"frozenset({'loudness_very_low', 'mode_1', 'acousticness_high'})",2607,acousticness_high|loudness_very_low|mode_1
0.03121743192898813,"frozenset({'instrumentalness_low', 'acousticness_very_high', 'valence_high'})",2606,acousticness_very_high|instrumentalness_low|valence_high
0.03121743192898813,"frozenset({'danceability_very_high', 'acousticness_low', 'tempo_low'})",2606,acousticness_low|danceability_very_high|tempo_low
0.03121743192898813,"frozenset({'energy_high', 'mode_1', 'tempo_very_low'})",2606,energy_high|mode_1|tempo_very_low
0.031193473807783995,"frozenset({'danceability_very_high', 'valence_very_high', 'speechiness_high'})",2604,danceability_very_high|speechiness_high|valence_very_high
0.031181494747181925,"frozenset({'speechiness_low', 'acousticness_very_high', 'loudness_very_low', 'instrumentalness_high', 'energy_very_low'})",2603,acousticness_very_high|energy_very_low|instrumentalness_high|loudness_very_low|speechiness_low
0.031181494747181925,"frozenset({'mode_0', 'instrumentalness_medium', 'energy_very_high'})",2603,energy_very_high|instrumentalness_medium|mode_0
0.03115753662597779,"frozenset({'instrumentalness_low', 'speechiness_very_low', 'mode_1', 'loudness_high'})",2601,instrumentalness_low|loudness_high|mode_1|speechiness_very_low
0.031145557565375723,"frozenset({'speechiness_very_high', 'mode_1', 'tempo_low'})",2600,mode_1|speechiness_very_high|tempo_low
0.031133578504773655,"frozenset({'instrumentalness_low', 'speechiness_very_low', 'liveness_low', 'mode_1'})",2599,instrumentalness_low|liveness_low|mode_1|speechiness_very_low
0.031121599444171588,"frozenset({'duration_ms_very_low', 'instrumentalness_low', 'mode_1', 'key_very_low'})",2598,duration_ms_very_low|instrumentalness_low|key_very_low|mode_1
0.031121599444171588,"frozenset({'instrumentalness_low', 'danceability_very_high', 'mode_1', 'key_very_low'})",2598,danceability_very_high|instrumentalness_low|key_very_low|mode_1
0.03110962038356952,"frozenset({'duration_ms_very_low', 'mode_0', 'speechiness_very_high'})",2597,duration_ms_very_low|mode_0|speechiness_very_high
0.031085662262365386,"frozenset({'loudness_very_high', 'duration_ms_very_high', 'energy_very_high'})",2595,duration_ms_very_high|energy_very_high|loudness_very_high
0.031085662262365386,"frozenset({'instrumentalness_low', 'liveness_very_high', 'loudness_low'})",2595,instrumentalness_low|liveness_very_high|loudness_low
0.031085662262365386,"frozenset({'danceability_very_low', 'loudness_very_high', 'tempo_very_high'})",2595,danceability_very_low|loudness_very_high|tempo_very_high
0.03107368320176332,"frozenset({'acousticness_very_high', 'loudness_very_low', 'tempo_very_low', 'instrumentalness_high', 'energy_very_low'})",2594,acousticness_very_high|energy_very_low|instrumentalness_high|loudness_very_low|tempo_very_low
0.03107368320176332,"frozenset({'danceability_very_high', 'energy_low', 'speechiness_very_high'})",2594,danceability_very_high|energy_low|speechiness_very_high
0.03104972508055918,"frozenset({'instrumentalness_high', 'valence_very_low', 'loudness_very_low', 'speechiness_low'})",2592,instrumentalness_high|loudness_very_low|speechiness_low|valence_very_low
0.03104972508055918,"frozenset({'mode_0', 'key_very_high', 'loudness_high'})",2592,key_very_high|loudness_high|mode_0
0.03104972508055918,"frozenset({'speechiness_low', 'tempo_very_low', 'energy_very_low'})",2592,energy_very_low|speechiness_low|tempo_very_low
0.031037746019957114,"frozenset({'instrumentalness_low', 'loudness_very_high', 'speechiness_low'})",2591,instrumentalness_low|loudness_very_high|speechiness_low
0.031037746019957114,"frozenset({'instrumentalness_low', 'speechiness_very_low', 'energy_very_low', 'acousticness_very_high'})",2591,acousticness_very_high|energy_very_low|instrumentalness_low|speechiness_very_low
0.03101378789875298,"frozenset({'tempo_very_high', 'speechiness_high', 'energy_very_high'})",2589,energy_very_high|speechiness_high|tempo_very_high
0.03101378789875298,"frozenset({'instrumentalness_low', 'tempo_very_high', 'key_very_high'})",2589,instrumentalness_low|key_very_high|tempo_very_high
0.03101378789875298,"frozenset({'speechiness_low', 'tempo_very_low', 'acousticness_very_high'})",2589,acousticness_very_high|speechiness_low|tempo_very_low
0.031001808838150912,"frozenset({'loudness_very_high', 'mode_0', 'key_very_high'})",2588,key_very_high|loudness_very_high|mode_0
0.030989829777548845,"frozenset({'loudness_very_high', 'tempo_very_high', 'speechiness_very_high', 'energy_very_high'})",2587,energy_very_high|loudness_very_high|speechiness_very_high|tempo_very_high
0.030953892595742643,"frozenset({'energy_very_low', 'valence_high', 'acousticness_very_high'})",2584,acousticness_very_high|energy_very_low|valence_high
0.030953892595742643,"frozenset({'energy_very_low', 'speechiness_very_high'})",2584,energy_very_low|speechiness_very_high
0.030953892595742643,"frozenset({'instrumentalness_low', 'loudness_low', 'key_very_high'})",2584,instrumentalness_low|key_very_high|loudness_low
0.030953892595742643,"frozenset({'instrumentalness_low', 'acousticness_low', 'mode_1', 'loudness_high'})",2584,acousticness_low|instrumentalness_low|loudness_high|mode_1
0.03092993447453851,"frozenset({'liveness_very_low', 'mode_1', 'key_very_high'})",2582,key_very_high|liveness_very_low|mode_1
0.03092993447453851,"frozenset({'acousticness_very_low', 'tempo_low', 'energy_very_high'})",2582,acousticness_very_low|energy_very_high|tempo_low
0.030917955413936438,"frozenset({'valence_very_low', 'loudness_very_high', 'acousticness_very_low'})",2581,acousticness_very_low|loudness_very_high|valence_very_low
0.030917955413936438,"frozenset({'loudness_very_high', 'valence_very_high', 'danceability_very_high'})",2581,danceability_very_high|loudness_very_high|valence_very_high
0.030917955413936438,"frozenset({'instrumentalness_low', 'loudness_very_high', 'liveness_very_high', 'energy_very_high'})",2581,energy_very_high|instrumentalness_low|liveness_very_high|loudness_very_high
0.030917955413936438,"frozenset({'instrumentalness_low', 'duration_ms_low', 'mode_1', 'valence_high'})",2581,duration_ms_low|instrumentalness_low|mode_1|valence_high
0.030893997292732303,"frozenset({'instrumentalness_low', 'speechiness_low', 'duration_ms_high'})",2579,duration_ms_high|instrumentalness_low|speechiness_low
0.03087003917152817,"frozenset({'instrumentalness_low', 'danceability_high', 'duration_ms_low', 'mode_1'})",2577,danceability_high|duration_ms_low|instrumentalness_low|mode_1
0.030846081050324034,"frozenset({'danceability_very_low', 'valence_very_low', 'mode_1', 'key_very_low'})",2575,danceability_very_low|key_very_low|mode_1|valence_very_low
0.030846081050324034,"frozenset({'duration_ms_very_low', 'loudness_very_high', 'energy_very_high'})",2575,duration_ms_very_low|energy_very_high|loudness_very_high
0.030834101989721967,"frozenset({'instrumentalness_low', 'loudness_low', 'mode_1', 'acousticness_very_high'})",2574,acousticness_very_high|instrumentalness_low|loudness_low|mode_1
0.030834101989721967,"frozenset({'danceability_very_low', 'mode_0', 'energy_very_low'})",2574,danceability_very_low|energy_very_low|mode_0
0.0308221229291199,"frozenset({'danceability_very_low', 'instrumentalness_high', 'duration_ms_very_high'})",2573,danceability_very_low|duration_ms_very_high|instrumentalness_high
0.030810143868517832,"frozenset({'loudness_very_high', 'energy_high', 'mode_0'})",2572,energy_high|loudness_very_high|mode_0
0.030810143868517832,"frozenset({'instrumentalness_low', 'liveness_high', 'tempo_high'})",2572,instrumentalness_low|liveness_high|tempo_high
0.030798164807915765,"frozenset({'danceability_very_low', 'speechiness_very_low', 'acousticness_very_high'})",2571,acousticness_very_high|danceability_very_low|speechiness_very_low
0.030774206686711627,"frozenset({'instrumentalness_low', 'liveness_high', 'mode_1', 'key_very_low'})",2569,instrumentalness_low|key_very_low|liveness_high|mode_1
0.03076222762610956,"frozenset({'liveness_very_low', 'acousticness_low', 'danceability_very_high'})",2568,acousticness_low|danceability_very_high|liveness_very_low
0.03076222762610956,"frozenset({'tempo_very_low', 'energy_very_low', 'key_very_low'})",2568,energy_very_low|key_very_low|tempo_very_low
0.03076222762610956,"frozenset({'mode_0', 'loudness_low', 'key_very_high'})",2568,key_very_high|loudness_low|mode_0
0.03076222762610956,"frozenset({'instrumentalness_low', 'loudness_very_high', 'tempo_very_high', 'mode_1'})",2568,instrumentalness_low|loudness_very_high|mode_1|tempo_very_high
0.030750248565507492,"frozenset({'loudness_very_low', 'acousticness_very_high', 'speechiness_high'})",2567,acousticness_very_high|loudness_very_low|speechiness_high
0.030738269504905425,"frozenset({'instrumentalness_low', 'liveness_low', 'danceability_low'})",2566,danceability_low|instrumentalness_low|liveness_low
0.030738269504905425,"frozenset({'instrumentalness_low', 'mode_1', 'key_very_low', 'valence_low'})",2566,instrumentalness_low|key_very_low|mode_1|valence_low
0.030738269504905425,"frozenset({'duration_ms_very_low', 'instrumentalness_low', 'acousticness_low'})",2566,acousticness_low|duration_ms_very_low|instrumentalness_low
0.030726290444303358,"frozenset({'acousticness_very_high', 'loudness_very_low', 'valence_very_low', 'liveness_low', 'energy_very_low'})",2565,acousticness_very_high|energy_very_low|liveness_low|loudness_very_low|valence_very_low
0.030726290444303358,"frozenset({'instrumentalness_low', 'speechiness_very_low', 'key_very_high'})",2565,instrumentalness_low|key_very_high|speechiness_very_low
0.03071431138370129,"frozenset({'instrumentalness_low', 'mode_1', 'valence_high', 'acousticness_high'})",2564,acousticness_high|instrumentalness_low|mode_1|valence_high
0.030690353262497156,"frozenset({'danceability_very_low', 'valence_very_low', 'instrumentalness_medium'})",2562,danceability_very_low|instrumentalness_medium|valence_very_low
0.030690353262497156,"frozenset({'acousticness_very_low', 'tempo_very_high', 'speechiness_very_high'})",2562,acousticness_very_low|speechiness_very_high|tempo_very_high
0.03067837420189509,"frozenset({'instrumentalness_low', 'speechiness_very_high', 'tempo_low'})",2561,instrumentalness_low|speechiness_very_high|tempo_low
0.03067837420189509,"frozenset({'loudness_very_high', 'mode_1', 'key_very_high'})",2561,key_very_high|loudness_very_high|mode_1
0.03065441608069095,"frozenset({'loudness_very_low', 'mode_1', 'duration_ms_high'})",2559,duration_ms_high|loudness_very_low|mode_1
0.03065441608069095,"frozenset({'tempo_very_low', 'acousticness_low', 'mode_1'})",2559,acousticness_low|mode_1|tempo_very_low
0.03065441608069095,"frozenset({'mode_1', 'tempo_high', 'key_very_high'})",2559,key_very_high|mode_1|tempo_high
0.03065441608069095,"frozenset({'instrumentalness_low', 'energy_low', 'duration_ms_very_high'})",2559,duration_ms_very_high|energy_low|instrumentalness_low
0.03065441608069095,"frozenset({'instrumentalness_low', 'liveness_very_low', 'loudness_low'})",2559,instrumentalness_low|liveness_very_low|loudness_low
0.03065441608069095,"frozenset({'danceability_very_low', 'instrumentalness_high', 'acousticness_very_high', 'mode_1'})",2559,acousticness_very_high|danceability_very_low|instrumentalness_high|mode_1
0.030642437020088883,"frozenset({'valence_low', 'instrumentalness_low', 'key_high'})",2558,instrumentalness_low|key_high|valence_low
0.030630457959486816,"frozenset({'danceability_very_high', 'duration_ms_very_high', 'mode_1'})",2557,danceability_very_high|duration_ms_very_high|mode_1
0.030630457959486816,"frozenset({'danceability_low', 'loudness_very_high', 'mode_1', 'energy_very_high'})",2557,danceability_low|energy_very_high|loudness_very_high|mode_1
0.030630457959486816,"frozenset({'valence_very_low', 'speechiness_very_high', 'mode_1'})",2557,mode_1|speechiness_very_high|valence_very_low
0.03061847889888475,"frozenset({'speechiness_very_high', 'key_very_low', 'energy_very_high'})",2556,energy_very_high|key_very_low|speechiness_very_high
0.03061847889888475,"frozenset({'instrumentalness_low', 'duration_ms_low', 'mode_1', 'acousticness_high'})",2556,acousticness_high|duration_ms_low|instrumentalness_low|mode_1
0.03060649983828268,"frozenset({'instrumentalness_high', 'loudness_very_low', 'liveness_low', 'mode_1'})",2555,instrumentalness_high|liveness_low|loudness_very_low|mode_1
0.030594520777680614,"frozenset({'acousticness_very_high', 'energy_very_low', 'mode_1', 'tempo_low'})",2554,acousticness_very_high|energy_very_low|mode_1|tempo_low
0.030594520777680614,"frozenset({'key_low', 'mode_1', 'danceability_very_low'})",2554,danceability_very_low|key_low|mode_1
0.030582541717078547,"frozenset({'valence_low', 'energy_high', 'mode_1'})",2553,energy_high|mode_1|valence_low
0.030582541717078547,"frozenset({'liveness_very_low', 'speechiness_very_low', 'instrumentalness_low'})",2553,instrumentalness_low|liveness_very_low|speechiness_very_low
0.03057056265647648,"frozenset({'instrumentalness_low', 'danceability_high', 'tempo_very_high'})",2552,danceability_high|instrumentalness_low|tempo_very_high
0.03057056265647648,"frozenset({'loudness_very_high', 'mode_1', 'acousticness_high'})",2552,acousticness_high|loudness_very_high|mode_1
0.03057056265647648,"frozenset({'duration_ms_very_low', 'energy_high', 'instrumentalness_low'})",2552,duration_ms_very_low|energy_high|instrumentalness_low
0.030558583595874413,"frozenset({'instrumentalness_low', 'danceability_low', 'tempo_high'})",2551,danceability_low|instrumentalness_low|tempo_high
0.030558583595874413,"frozenset({'instrumentalness_low', 'danceability_very_high', 'speechiness_high'})",2551,danceability_very_high|instrumentalness_low|speechiness_high
0.030558583595874413,"frozenset({'loudness_very_high', 'acousticness_low', 'speechiness_very_high'})",2551,acousticness_low|loudness_very_high|speechiness_very_high
0.030534625474670278,"frozenset({'instrumentalness_low', 'energy_very_low', 'loudness_low', 'mode_1'})",2549,energy_very_low|instrumentalness_low|loudness_low|mode_1
0.030534625474670278,"frozenset({'instrumentalness_low', 'tempo_very_low', 'mode_1', 'key_very_low'})",2549,instrumentalness_low|key_very_low|mode_1|tempo_very_low
0.030534625474670278,"frozenset({'energy_low', 'danceability_high', 'loudness_low'})",2549,danceability_high|energy_low|loudness_low
0.030522646414068207,"frozenset({'acousticness_very_high', 'danceability_very_low', 'valence_very_low', 'tempo_very_low', 'energy_very_low'})",2548,acousticness_very_high|danceability_very_low|energy_very_low|tempo_very_low|valence_very_low
0.030498688292864073,"frozenset({'acousticness_low', 'mode_1', 'key_very_high'})",2546,acousticness_low|key_very_high|mode_1
0.030498688292864073,"frozenset({'instrumentalness_high', 'valence_very_high'})",2546,instrumentalness_high|valence_very_high
0.030498688292864073,"frozenset({'instrumentalness_low', 'danceability_high', 'mode_1', 'valence_high'})",2546,danceability_high|instrumentalness_low|mode_1|valence_high
0.030474730171659938,"frozenset({'instrumentalness_high', 'energy_very_low', 'key_very_low'})",2544,energy_very_low|instrumentalness_high|key_very_low
0.030474730171659938,"frozenset({'tempo_very_high', 'danceability_low', 'energy_very_high'})",2544,danceability_low|energy_very_high|tempo_very_high
0.030474730171659938,"frozenset({'mode_0', 'key_very_high', 'tempo_low'})",2544,key_very_high|mode_0|tempo_low
0.030474730171659938,"frozenset({'danceability_very_low', 'valence_very_low', 'duration_ms_very_high', 'mode_1'})",2544,danceability_very_low|duration_ms_very_high|mode_1|valence_very_low
0.030474730171659938,"frozenset({'duration_ms_very_low', 'energy_very_low', 'danceability_very_low'})",2544,danceability_very_low|duration_ms_very_low|energy_very_low
0.030474730171659938,"frozenset({'danceability_very_high', 'tempo_very_high'})",2544,danceability_very_high|tempo_very_high
0.03046275111105787,"frozenset({'energy_high', 'key_very_low', 'loudness_high'})",2543,energy_high|key_very_low|loudness_high
0.03046275111105787,"frozenset({'speechiness_very_low', 'tempo_very_low', 'acousticness_very_high'})",2543,acousticness_very_high|speechiness_very_low|tempo_very_low
0.03046275111105787,"frozenset({'mode_0', 'acousticness_low', 'loudness_high'})",2543,acousticness_low|loudness_high|mode_0
0.030450772050455804,"frozenset({'instrumentalness_high', 'valence_very_low', 'tempo_very_low', 'loudness_very_low'})",2542,instrumentalness_high|loudness_very_low|tempo_very_low|valence_very_low
0.030450772050455804,"frozenset({'instrumentalness_medium', 'mode_1', 'key_very_high'})",2542,instrumentalness_medium|key_very_high|mode_1
0.030438792989853736,"frozenset({'loudness_very_low', 'duration_ms_very_high', 'acousticness_very_high'})",2541,acousticness_very_high|duration_ms_very_high|loudness_very_low
0.03042681392925167,"frozenset({'instrumentalness_low', 'danceability_low', 'speechiness_high'})",2540,danceability_low|instrumentalness_low|speechiness_high
0.03042681392925167,"frozenset({'instrumentalness_medium', 'speechiness_very_high', 'energy_very_high'})",2540,energy_very_high|instrumentalness_medium|speechiness_very_high
0.030414834868649602,"frozenset({'speechiness_low', 'liveness_low', 'acousticness_very_high'})",2539,acousticness_very_high|liveness_low|speechiness_low
0.030402855808047535,"frozenset({'duration_ms_very_low', 'loudness_very_high', 'instrumentalness_low'})",2538,duration_ms_very_low|instrumentalness_low|loudness_very_high
0.030378897686843397,"frozenset({'instrumentalness_low', 'liveness_very_high', 'mode_1', 'valence_high'})",2536,instrumentalness_low|liveness_very_high|mode_1|valence_high
0.030378897686843397,"frozenset({'instrumentalness_low', 'loudness_very_high', 'speechiness_very_high', 'mode_1'})",2536,instrumentalness_low|loudness_very_high|mode_1|speechiness_very_high
0.03036691862624133,"frozenset({'acousticness_very_low', 'instrumentalness_medium', 'mode_1', 'energy_very_high'})",2535,acousticness_very_low|energy_very_high|instrumentalness_medium|mode_1
0.030354939565639262,"frozenset({'energy_high', 'mode_1', 'key_very_high'})",2534,energy_high|key_very_high|mode_1
0.030354939565639262,"frozenset({'duration_ms_very_low', 'energy_high', 'mode_1'})",2534,duration_ms_very_low|energy_high|mode_1
0.030354939565639262,"frozenset({'key_low', 'energy_low', 'instrumentalness_low'})",2534,energy_low|instrumentalness_low|key_low
0.030342960505037195,"frozenset({'instrumentalness_low', 'loudness_very_high', 'tempo_very_low'})",2533,instrumentalness_low|loudness_very_high|tempo_very_low
0.030342960505037195,"frozenset({'speechiness_very_high', 'mode_1', 'duration_ms_high'})",2533,duration_ms_high|mode_1|speechiness_very_high
0.030342960505037195,"frozenset({'speechiness_low', 'loudness_very_high', 'mode_1'})",2533,loudness_very_high|mode_1|speechiness_low
0.030330981444435128,"frozenset({'instrumentalness_low', 'liveness_low', 'valence_high'})",2532,instrumentalness_low|liveness_low|valence_high
0.030330981444435128,"frozenset({'liveness_very_high', 'key_very_low', 'energy_very_high'})",2532,energy_very_high|key_very_low|liveness_very_high
0.030330981444435128,"frozenset({'liveness_high', 'loudness_very_low', 'acousticness_very_high'})",2532,acousticness_very_high|liveness_high|loudness_very_low
0.030307023323230993,"frozenset({'mode_0', 'acousticness_very_low', 'loudness_high'})",2530,acousticness_very_low|loudness_high|mode_0
0.030307023323230993,"frozenset({'instrumentalness_low', 'liveness_very_low', 'tempo_very_high'})",2530,instrumentalness_low|liveness_very_low|tempo_very_high
0.030307023323230993,"frozenset({'liveness_very_high', 'loudness_very_low', 'mode_1'})",2530,liveness_very_high|loudness_very_low|mode_1
0.030295044262628926,"frozenset({'liveness_high', 'instrumentalness_high', 'mode_1'})",2529,instrumentalness_high|liveness_high|mode_1
0.030295044262628926,"frozenset({'loudness_very_high', 'liveness_very_high', 'mode_0'})",2529,liveness_very_high|loudness_very_high|mode_0
0.03028306520202686,"frozenset({'mode_0', 'duration_ms_very_high', 'tempo_high'})",2528,duration_ms_very_high|mode_0|tempo_high
0.03028306520202686,"frozenset({'danceability_very_high', 'valence_very_high', 'duration_ms_low'})",2528,danceability_very_high|duration_ms_low|valence_very_high
0.03025910708082272,"frozenset({'loudness_very_high', 'liveness_very_high', 'speechiness_very_high', 'energy_very_high'})",2526,energy_very_high|liveness_very_high|loudness_very_high|speechiness_very_high
0.030247128020220653,"frozenset({'key_very_high', 'mode_1', 'tempo_low'})",2525,key_very_high|mode_1|tempo_low
0.030247128020220653,"frozenset({'loudness_very_low', 'energy_very_low', 'key_high', 'acousticness_very_high'})",2525,acousticness_very_high|energy_very_low|key_high|loudness_very_low
0.030247128020220653,"frozenset({'danceability_low', 'instrumentalness_low', 'mode_1', 'valence_low'})",2525,danceability_low|instrumentalness_low|mode_1|valence_low
0.030235148959618586,"frozenset({'liveness_very_low', 'danceability_very_high', 'tempo_high'})",2524,danceability_very_high|liveness_very_low|tempo_high
0.030235148959618586,"frozenset({'valence_very_low', 'instrumentalness_high', 'key_high'})",2524,instrumentalness_high|key_high|valence_very_low
0.03022316989901652,"frozenset({'instrumentalness_low', 'danceability_high', 'speechiness_low'})",2523,danceability_high|instrumentalness_low|speechiness_low
0.03022316989901652,"frozenset({'valence_very_low', 'acousticness_very_high', 'speechiness_very_low'})",2523,acousticness_very_high|speechiness_very_low|valence_very_low
0.03021119083841445,"frozenset({'instrumentalness_medium', 'tempo_very_high', 'energy_very_high'})",2522,energy_very_high|instrumentalness_medium|tempo_very_high
0.03021119083841445,"frozenset({'valence_very_low', 'liveness_low', 'mode_0'})",2522,liveness_low|mode_0|valence_very_low
0.030187232717210317,"frozenset({'loudness_very_high', 'tempo_very_high', 'danceability_low'})",2520,danceability_low|loudness_very_high|tempo_very_high
0.03017525365660825,"frozenset({'danceability_very_high', 'speechiness_very_high', 'acousticness_high'})",2519,acousticness_high|danceability_very_high|speechiness_very_high
0.03017525365660825,"frozenset({'danceability_very_low', 'valence_very_low', 'instrumentalness_low'})",2519,danceability_very_low|instrumentalness_low|valence_very_low
0.030163274596006182,"frozenset({'instrumentalness_low', 'speechiness_very_low', 'mode_0'})",2518,instrumentalness_low|mode_0|speechiness_very_low
0.030163274596006182,"frozenset({'instrumentalness_low', 'speechiness_very_low', 'acousticness_low'})",2518,acousticness_low|instrumentalness_low|speechiness_very_low
0.030151295535404115,"frozenset({'loudness_very_high', 'tempo_low', 'energy_very_high'})",2517,energy_very_high|loudness_very_high|tempo_low
0.030139316474802048,"frozenset({'liveness_very_low', 'instrumentalness_high', 'mode_0'})",2516,instrumentalness_high|liveness_very_low|mode_0
0.030139316474802048,"frozenset({'instrumentalness_high', 'liveness_low', 'danceability_very_low'})",2516,danceability_very_low|instrumentalness_high|liveness_low
0.030127337414199977,"frozenset({'danceability_low', 'liveness_very_high', 'instrumentalness_low', 'mode_1'})",2515,danceability_low|instrumentalness_low|liveness_very_high|mode_1
0.030127337414199977,"frozenset({'mode_0', 'tempo_very_high', 'acousticness_very_low'})",2515,acousticness_very_low|mode_0|tempo_very_high
0.030127337414199977,"frozenset({'instrumentalness_low', 'energy_low', 'acousticness_very_high'})",2515,acousticness_very_high|energy_low|instrumentalness_low
0.030103379292995842,"frozenset({'duration_ms_very_low', 'acousticness_very_high', 'danceability_very_low'})",2513,acousticness_very_high|danceability_very_low|duration_ms_very_low
0.030079421171791708,"frozenset({'instrumentalness_low', 'key_very_high', 'tempo_low'})",2511,instrumentalness_low|key_very_high|tempo_low
0.03006744211118964,"frozenset({'tempo_very_low', 'liveness_low', 'energy_very_low', 'acousticness_very_high'})",2510,acousticness_very_high|energy_very_low|liveness_low|tempo_very_low
0.03006744211118964,"frozenset({'danceability_very_high', 'tempo_low', 'acousticness_high'})",2510,acousticness_high|danceability_very_high|tempo_low
0.030043483989985506,"frozenset({'tempo_very_low', 'acousticness_very_high', 'key_very_low'})",2508,acousticness_very_high|key_very_low|tempo_very_low
0.03003150492938344,"frozenset({'acousticness_very_low', 'duration_ms_very_high', 'speechiness_high'})",2507,acousticness_very_low|duration_ms_very_high|speechiness_high
0.03001952586878137,"frozenset({'energy_very_low', 'mode_1', 'speechiness_high'})",2506,energy_very_low|mode_1|speechiness_high
0.030007546808179304,"frozenset({'danceability_high', 'duration_ms_very_high', 'mode_1'})",2505,danceability_high|duration_ms_very_high|mode_1
0.030007546808179304,"frozenset({'loudness_very_high', 'mode_0', 'duration_ms_low'})",2505,duration_ms_low|loudness_very_high|mode_0
0.029995567747577234,"frozenset({'mode_0', 'valence_very_high', 'acousticness_low'})",2504,acousticness_low|mode_0|valence_very_high
0.029983588686975166,"frozenset({'danceability_very_high', 'energy_low', 'tempo_low'})",2503,danceability_very_high|energy_low|tempo_low
0.0299716096263731,"frozenset({'instrumentalness_low', 'speechiness_high', 'duration_ms_high'})",2502,duration_ms_high|instrumentalness_low|speechiness_high
0.02995963056577103,"frozenset({'loudness_very_low', 'valence_very_low', 'liveness_low', 'instrumentalness_high'})",2501,instrumentalness_high|liveness_low|loudness_very_low|valence_very_low
0.02995963056577103,"frozenset({'instrumentalness_low', 'tempo_very_low', 'mode_1', 'acousticness_high'})",2501,acousticness_high|instrumentalness_low|mode_1|tempo_very_low
0.02995963056577103,"frozenset({'energy_low', 'loudness_very_low', 'mode_1'})",2501,energy_low|loudness_very_low|mode_1
0.02995963056577103,"frozenset({'danceability_very_low', 'valence_very_low', 'tempo_very_low', 'instrumentalness_high'})",2501,danceability_very_low|instrumentalness_high|tempo_very_low|valence_very_low
0.02995963056577103,"frozenset({'liveness_very_high', 'danceability_low', 'energy_very_high'})",2501,danceability_low|energy_very_high|liveness_very_high
0.029947651505168964,"frozenset({'duration_ms_very_high', 'mode_1', 'valence_high'})",2500,duration_ms_very_high|mode_1|valence_high
0.029947651505168964,"frozenset({'instrumentalness_low', 'energy_high', 'duration_ms_low', 'mode_1'})",2500,duration_ms_low|energy_high|instrumentalness_low|mode_1
0.029947651505168964,"frozenset({'danceability_very_high', 'loudness_very_low', 'mode_1'})",2500,danceability_very_high|loudness_very_low|mode_1
0.02992369338396483,"frozenset({'liveness_very_low', 'danceability_very_high', 'tempo_low'})",2498,danceability_very_high|liveness_very_low|tempo_low
0.029911714323362763,"frozenset({'energy_high', 'danceability_high', 'valence_very_high'})",2497,danceability_high|energy_high|valence_very_high
0.029911714323362763,"frozenset({'liveness_very_low', 'energy_high', 'danceability_very_high'})",2497,danceability_very_high|energy_high|liveness_very_low
0.029911714323362763,"frozenset({'mode_0', 'danceability_very_high', 'loudness_high'})",2497,danceability_very_high|loudness_high|mode_0
0.029911714323362763,"frozenset({'duration_ms_very_low', 'energy_very_low', 'key_very_low'})",2497,duration_ms_very_low|energy_very_low|key_very_low
0.029911714323362763,"frozenset({'loudness_very_low', 'energy_very_low', 'mode_1', 'tempo_low'})",2497,energy_very_low|loudness_very_low|mode_1|tempo_low
0.029899735262760695,"frozenset({'liveness_very_low', 'loudness_very_low', 'energy_very_low', 'mode_1'})",2496,energy_very_low|liveness_very_low|loudness_very_low|mode_1
0.029899735262760695,"frozenset({'instrumentalness_low', 'acousticness_very_high', 'tempo_low'})",2496,acousticness_very_high|instrumentalness_low|tempo_low
0.029887756202158628,"frozenset({'speechiness_very_low', 'energy_low', 'loudness_high'})",2495,energy_low|loudness_high|speechiness_very_low
0.029887756202158628,"frozenset({'acousticness_low', 'instrumentalness_low', 'duration_ms_low', 'mode_1'})",2495,acousticness_low|duration_ms_low|instrumentalness_low|mode_1
0.02987577714155656,"frozenset({'instrumentalness_low', 'danceability_high', 'speechiness_high'})",2494,danceability_high|instrumentalness_low|speechiness_high
0.029851819020352423,"frozenset({'instrumentalness_low', 'mode_1', 'key_very_low', 'tempo_low'})",2492,instrumentalness_low|key_very_low|mode_1|tempo_low
0.029851819020352423,"frozenset({'acousticness_very_high', 'loudness_very_low', 'mode_1', 'instrumentalness_low', 'energy_very_low'})",2492,acousticness_very_high|energy_very_low|instrumentalness_low|loudness_very_low|mode_1
0.029851819020352423,"frozenset({'duration_ms_very_low', 'valence_very_low', 'energy_very_low'})",2492,duration_ms_very_low|energy_very_low|valence_very_low
0.029839839959750356,"frozenset({'mode_0', 'energy_high', 'danceability_high'})",2491,danceability_high|energy_high|mode_0
0.029827860899148288,"frozenset({'danceability_very_high', 'energy_low', 'acousticness_low'})",2490,acousticness_low|danceability_very_high|energy_low
0.02981588183854622,"frozenset({'danceability_low', 'instrumentalness_low', 'tempo_very_high', 'mode_1'})",2489,danceability_low|instrumentalness_low|mode_1|tempo_very_high
0.029803902777944154,"frozenset({'loudness_very_high', 'valence_very_high', 'acousticness_low'})",2488,acousticness_low|loudness_very_high|valence_very_high
0.029803902777944154,"frozenset({'danceability_very_low', 'valence_very_low', 'key_high'})",2488,danceability_very_low|key_high|valence_very_low
0.029803902777944154,"frozenset({'instrumentalness_low', 'energy_low', 'speechiness_low'})",2488,energy_low|instrumentalness_low|speechiness_low
0.02977994465674002,"frozenset({'instrumentalness_high', 'mode_0', 'loudness_very_low', 'energy_very_low'})",2486,energy_very_low|instrumentalness_high|loudness_very_low|mode_0
0.02977994465674002,"frozenset({'instrumentalness_low', 'liveness_very_high', 'danceability_very_low'})",2486,danceability_very_low|instrumentalness_low|liveness_very_high
0.029767965596137952,"frozenset({'instrumentalness_low', 'danceability_low', 'speechiness_low'})",2485,danceability_low|instrumentalness_low|speechiness_low
0.029755986535535885,"frozenset({'instrumentalness_low', 'danceability_very_high', 'liveness_low'})",2484,danceability_very_high|instrumentalness_low|liveness_low
0.029755986535535885,"frozenset({'instrumentalness_low', 'valence_very_high', 'speechiness_very_high', 'mode_1'})",2484,instrumentalness_low|mode_1|speechiness_very_high|valence_very_high
0.029755986535535885,"frozenset({'energy_high', 'liveness_low', 'mode_1'})",2484,energy_high|liveness_low|mode_1
0.029755986535535885,"frozenset({'acousticness_very_low', 'instrumentalness_high', 'key_very_low'})",2484,acousticness_very_low|instrumentalness_high|key_very_low
0.029744007474933817,"frozenset({'valence_low', 'instrumentalness_low', 'tempo_high'})",2483,instrumentalness_low|tempo_high|valence_low
0.02972004935372968,"frozenset({'duration_ms_very_low', 'instrumentalness_low', 'key_very_high'})",2481,duration_ms_very_low|instrumentalness_low|key_very_high
0.02972004935372968,"frozenset({'loudness_very_high', 'mode_0', 'speechiness_high'})",2481,loudness_very_high|mode_0|speechiness_high
0.029708070293127612,"frozenset({'mode_0', 'liveness_very_high', 'key_very_high'})",2480,key_very_high|liveness_very_high|mode_0
0.029708070293127612,"frozenset({'instrumentalness_low', 'liveness_very_low', 'tempo_low'})",2480,instrumentalness_low|liveness_very_low|tempo_low
0.029708070293127612,"frozenset({'danceability_low', 'instrumentalness_low', 'mode_1', 'duration_ms_high'})",2480,danceability_low|duration_ms_high|instrumentalness_low|mode_1
0.029708070293127612,"frozenset({'mode_0', 'duration_ms_low', 'key_very_high'})",2480,duration_ms_low|key_very_high|mode_0
0.029696091232525545,"frozenset({'instrumentalness_low', 'loudness_low', 'key_high'})",2479,instrumentalness_low|key_high|loudness_low
0.029684112171923478,"frozenset({'mode_0', 'valence_very_high', 'acousticness_high'})",2478,acousticness_high|mode_0|valence_very_high
0.029684112171923478,"frozenset({'instrumentalness_low', 'energy_very_low', 'danceability_low'})",2478,danceability_low|energy_very_low|instrumentalness_low
0.02967213311132141,"frozenset({'instrumentalness_low', 'speechiness_low', 'valence_high'})",2477,instrumentalness_low|speechiness_low|valence_high
0.02967213311132141,"frozenset({'valence_low', 'instrumentalness_low', 'key_very_high'})",2477,instrumentalness_low|key_very_high|valence_low
0.02967213311132141,"frozenset({'instrumentalness_low', 'acousticness_high', 'mode_1', 'duration_ms_high'})",2477,acousticness_high|duration_ms_high|instrumentalness_low|mode_1
0.029660154050719343,"frozenset({'valence_very_low', 'tempo_very_low', 'loudness_very_low', 'mode_1'})",2476,loudness_very_low|mode_1|tempo_very_low|valence_very_low
0.029648174990117276,"frozenset({'mode_0', 'liveness_very_high', 'acousticness_very_low'})",2475,acousticness_very_low|liveness_very_high|mode_0
0.029648174990117276,"frozenset({'speechiness_low', 'tempo_very_low', 'loudness_very_low'})",2475,loudness_very_low|speechiness_low|tempo_very_low
0.02963619592951521,"frozenset({'acousticness_very_high', 'loudness_very_low', 'valence_very_low', 'instrumentalness_high', 'mode_1'})",2474,acousticness_very_high|instrumentalness_high|loudness_very_low|mode_1|valence_very_low
0.02962421686891314,"frozenset({'speechiness_low', 'loudness_very_low', 'danceability_very_low', 'valence_very_low', 'energy_very_low'})",2473,danceability_very_low|energy_very_low|loudness_very_low|speechiness_low|valence_very_low
0.029612237808311074,"frozenset({'danceability_very_high', 'energy_high', 'tempo_low'})",2472,danceability_very_high|energy_high|tempo_low
0.02957630062650487,"frozenset({'loudness_low', 'speechiness_very_high', 'mode_1'})",2469,loudness_low|mode_1|speechiness_very_high
0.0295643215659028,"frozenset({'duration_ms_very_low', 'acousticness_very_high', 'loudness_very_low', 'instrumentalness_high', 'energy_very_low'})",2468,acousticness_very_high|duration_ms_very_low|energy_very_low|instrumentalness_high|loudness_very_low
0.0295643215659028,"frozenset({'valence_very_low', 'energy_low', 'mode_1'})",2468,energy_low|mode_1|valence_very_low
0.0295643215659028,"frozenset({'danceability_very_low', 'loudness_very_low', 'liveness_low', 'acousticness_very_high'})",2468,acousticness_very_high|danceability_very_low|liveness_low|loudness_very_low
0.029540363444698667,"frozenset({'key_low', 'energy_very_low', 'mode_1', 'acousticness_very_high'})",2466,acousticness_very_high|energy_very_low|key_low|mode_1
0.029540363444698667,"frozenset({'mode_0', 'valence_very_high', 'key_very_high'})",2466,key_very_high|mode_0|valence_very_high
0.029540363444698667,"frozenset({'instrumentalness_low', 'liveness_high', 'mode_1', 'acousticness_high'})",2466,acousticness_high|instrumentalness_low|liveness_high|mode_1
0.029540363444698667,"frozenset({'loudness_very_low', 'acousticness_low'})",2466,acousticness_low|loudness_very_low
0.029540363444698667,"frozenset({'mode_0', 'danceability_high', 'acousticness_low'})",2466,acousticness_low|danceability_high|mode_0
0.0295283843840966,"frozenset({'mode_0', 'danceability_high', 'key_very_high'})",2465,danceability_high|key_very_high|mode_0
0.0295283843840966,"frozenset({'instrumentalness_low', 'duration_ms_very_high', 'danceability_low'})",2465,danceability_low|duration_ms_very_high|instrumentalness_low
0.0295283843840966,"frozenset({'loudness_very_high', 'duration_ms_low', 'acousticness_very_low'})",2465,acousticness_very_low|duration_ms_low|loudness_very_high
0.0295283843840966,"frozenset({'tempo_very_high', 'energy_very_low', 'mode_1'})",2465,energy_very_low|mode_1|tempo_very_high
0.0295283843840966,"frozenset({'loudness_very_high', 'liveness_very_high', 'tempo_very_high'})",2465,liveness_very_high|loudness_very_high|tempo_very_high
0.0295283843840966,"frozenset({'danceability_very_low', 'acousticness_very_low', 'tempo_very_high', 'energy_very_high'})",2465,acousticness_very_low|danceability_very_low|energy_very_high|tempo_very_high
0.029516405323494532,"frozenset({'instrumentalness_low', 'tempo_very_high', 'loudness_low'})",2464,instrumentalness_low|loudness_low|tempo_very_high
0.029504426262892465,"frozenset({'mode_0', 'energy_low', 'key_very_high'})",2463,energy_low|key_very_high|mode_0
0.029492447202290398,"frozenset({'instrumentalness_low', 'mode_0', 'acousticness_very_high'})",2462,acousticness_very_high|instrumentalness_low|mode_0
0.02948046814168833,"frozenset({'energy_high', 'danceability_high', 'loudness_high'})",2461,danceability_high|energy_high|loudness_high
0.02948046814168833,"frozenset({'instrumentalness_low', 'danceability_very_low', 'key_very_low'})",2461,danceability_very_low|instrumentalness_low|key_very_low
0.02948046814168833,"frozenset({'danceability_very_low', 'mode_0', 'energy_very_high'})",2461,danceability_very_low|energy_very_high|mode_0
0.02948046814168833,"frozenset({'danceability_very_high', 'acousticness_low', 'tempo_high'})",2461,acousticness_low|danceability_very_high|tempo_high
0.02946848908108626,"frozenset({'instrumentalness_low', 'danceability_very_high', 'acousticness_low', 'mode_1'})",2460,acousticness_low|danceability_very_high|instrumentalness_low|mode_1
0.02946848908108626,"frozenset({'instrumentalness_low', 'valence_very_high', 'tempo_very_high', 'mode_1'})",2460,instrumentalness_low|mode_1|tempo_very_high|valence_very_high
0.029456510020484192,"frozenset({'duration_ms_very_low', 'instrumentalness_low', 'speechiness_very_high', 'mode_1'})",2459,duration_ms_very_low|instrumentalness_low|mode_1|speechiness_very_high
0.029456510020484192,"frozenset({'loudness_very_low', 'mode_1', 'valence_high'})",2459,loudness_very_low|mode_1|valence_high
0.029444530959882125,"frozenset({'instrumentalness_low', 'liveness_very_low', 'tempo_very_low'})",2458,instrumentalness_low|liveness_very_low|tempo_very_low
0.029444530959882125,"frozenset({'loudness_very_low', 'danceability_very_low', 'valence_very_low', 'instrumentalness_high', 'mode_1'})",2458,danceability_very_low|instrumentalness_high|loudness_very_low|mode_1|valence_very_low
0.029444530959882125,"frozenset({'valence_very_low', 'loudness_very_low', 'speechiness_very_low'})",2458,loudness_very_low|speechiness_very_low|valence_very_low
0.029432551899280058,"frozenset({'instrumentalness_low', 'liveness_high', 'speechiness_high'})",2457,instrumentalness_low|liveness_high|speechiness_high
0.02942057283867799,"frozenset({'valence_low', 'liveness_low', 'energy_very_low'})",2456,energy_very_low|liveness_low|valence_low
0.02942057283867799,"frozenset({'valence_very_low', 'speechiness_very_high', 'acousticness_very_low'})",2456,acousticness_very_low|speechiness_very_high|valence_very_low
0.029408593778075923,"frozenset({'instrumentalness_high', 'tempo_very_low', 'loudness_very_low', 'danceability_very_low'})",2455,danceability_very_low|instrumentalness_high|loudness_very_low|tempo_very_low
0.029396614717473856,"frozenset({'loudness_very_low', 'tempo_very_low', 'liveness_low', 'energy_very_low'})",2454,energy_very_low|liveness_low|loudness_very_low|tempo_very_low
0.029396614717473856,"frozenset({'instrumentalness_low', 'duration_ms_low', 'acousticness_very_high'})",2454,acousticness_very_high|duration_ms_low|instrumentalness_low
0.02938463565687179,"frozenset({'acousticness_low', 'loudness_very_high', 'duration_ms_low'})",2453,acousticness_low|duration_ms_low|loudness_very_high
0.02938463565687179,"frozenset({'acousticness_very_high', 'loudness_very_low', 'danceability_very_low', 'instrumentalness_high', 'mode_1'})",2453,acousticness_very_high|danceability_very_low|instrumentalness_high|loudness_very_low|mode_1
0.02937265659626972,"frozenset({'instrumentalness_low', 'key_low', 'valence_very_high'})",2452,instrumentalness_low|key_low|valence_very_high
0.029360677535667654,"frozenset({'danceability_very_high', 'instrumentalness_high', 'duration_ms_very_high'})",2451,danceability_very_high|duration_ms_very_high|instrumentalness_high
0.029348698475065587,"frozenset({'instrumentalness_medium', 'loudness_very_low', 'energy_very_low', 'acousticness_very_high'})",2450,acousticness_very_high|energy_very_low|instrumentalness_medium|loudness_very_low
0.029336719414463516,"frozenset({'loudness_very_low', 'energy_very_low', 'mode_1', 'key_high'})",2449,energy_very_low|key_high|loudness_very_low|mode_1
0.029336719414463516,"frozenset({'energy_low', 'liveness_low', 'loudness_low'})",2449,energy_low|liveness_low|loudness_low
0.029336719414463516,"frozenset({'instrumentalness_low', 'energy_high', 'danceability_high', 'mode_1'})",2449,danceability_high|energy_high|instrumentalness_low|mode_1
0.029336719414463516,"frozenset({'acousticness_very_low', 'danceability_high', 'mode_1'})",2449,acousticness_very_low|danceability_high|mode_1
0.02932474035386145,"frozenset({'speechiness_very_low', 'loudness_low', 'acousticness_high'})",2448,acousticness_high|loudness_low|speechiness_very_low
0.02932474035386145,"frozenset({'instrumentalness_low', 'liveness_very_high', 'mode_1', 'acousticness_high'})",2448,acousticness_high|instrumentalness_low|liveness_very_high|mode_1
0.02932474035386145,"frozenset({'key_low', 'tempo_very_low', 'mode_1'})",2448,key_low|mode_1|tempo_very_low
0.02931276129325938,"frozenset({'valence_low', 'mode_0', 'key_very_high'})",2447,key_very_high|mode_0|valence_low
0.02931276129325938,"frozenset({'instrumentalness_low', 'energy_high', 'liveness_very_high', 'mode_1'})",2447,energy_high|instrumentalness_low|liveness_very_high|mode_1
0.02931276129325938,"frozenset({'mode_0', 'tempo_very_low', 'energy_very_low'})",2447,energy_very_low|mode_0|tempo_very_low
0.02931276129325938,"frozenset({'duration_ms_very_low', 'acousticness_very_high', 'key_very_low'})",2447,acousticness_very_high|duration_ms_very_low|key_very_low
0.029300782232657314,"frozenset({'valence_very_low', 'mode_0', 'loudness_very_low', 'energy_very_low'})",2446,energy_very_low|loudness_very_low|mode_0|valence_very_low
0.029300782232657314,"frozenset({'liveness_very_low', 'valence_very_low', 'danceability_very_low'})",2446,danceability_very_low|liveness_very_low|valence_very_low
0.029288803172055247,"frozenset({'duration_ms_very_low', 'instrumentalness_low', 'key_high'})",2445,duration_ms_very_low|instrumentalness_low|key_high
0.029288803172055247,"frozenset({'valence_low', 'mode_0', 'acousticness_very_low'})",2445,acousticness_very_low|mode_0|valence_low
0.029264845050851113,"frozenset({'valence_very_low', 'acousticness_very_high', 'key_very_low'})",2443,acousticness_very_high|key_very_low|valence_very_low
0.029264845050851113,"frozenset({'danceability_very_high', 'speechiness_very_high', 'valence_high'})",2443,danceability_very_high|speechiness_very_high|valence_high
0.029240886929646978,"frozenset({'instrumentalness_low', 'liveness_high', 'mode_1', 'speechiness_very_low'})",2441,instrumentalness_low|liveness_high|mode_1|speechiness_very_low
0.02922890786904491,"frozenset({'instrumentalness_high', 'liveness_low', 'speechiness_low'})",2440,instrumentalness_high|liveness_low|speechiness_low
0.02922890786904491,"frozenset({'duration_ms_very_low', 'instrumentalness_low', 'acousticness_very_high', 'mode_1'})",2440,acousticness_very_high|duration_ms_very_low|instrumentalness_low|mode_1
0.029216928808442844,"frozenset({'energy_low', 'danceability_high', 'acousticness_high'})",2439,acousticness_high|danceability_high|energy_low
0.029216928808442844,"frozenset({'duration_ms_very_low', 'danceability_very_high', 'instrumentalness_low', 'mode_1'})",2439,danceability_very_high|duration_ms_very_low|instrumentalness_low|mode_1
0.029216928808442844,"frozenset({'mode_0', 'tempo_very_low', 'acousticness_very_high'})",2439,acousticness_very_high|mode_0|tempo_very_low
0.029216928808442844,"frozenset({'key_very_high', 'mode_1', 'energy_very_high'})",2439,energy_very_high|key_very_high|mode_1
0.029204949747840773,"frozenset({'danceability_very_high', 'instrumentalness_high', 'tempo_high'})",2438,danceability_very_high|instrumentalness_high|tempo_high
0.029204949747840773,"frozenset({'mode_0', 'speechiness_very_high', 'acousticness_very_low'})",2438,acousticness_very_low|mode_0|speechiness_very_high
0.029204949747840773,"frozenset({'danceability_very_low', 'mode_0', 'acousticness_very_high'})",2438,acousticness_very_high|danceability_very_low|mode_0
0.029204949747840773,"frozenset({'instrumentalness_high', 'duration_ms_very_high', 'key_very_low'})",2438,duration_ms_very_high|instrumentalness_high|key_very_low
0.029192970687238706,"frozenset({'acousticness_very_high', 'valence_very_low', 'instrumentalness_high', 'mode_1', 'energy_very_low'})",2437,acousticness_very_high|energy_very_low|instrumentalness_high|mode_1|valence_very_low
0.02918099162663664,"frozenset({'duration_ms_very_low', 'liveness_low', 'energy_very_low', 'acousticness_very_high'})",2436,acousticness_very_high|duration_ms_very_low|energy_very_low|liveness_low
0.02918099162663664,"frozenset({'mode_0', 'key_very_high', 'duration_ms_high'})",2436,duration_ms_high|key_very_high|mode_0
0.02916901256603457,"frozenset({'loudness_very_high', 'instrumentalness_high', 'energy_very_high'})",2435,energy_very_high|instrumentalness_high|loudness_very_high
0.02916901256603457,"frozenset({'liveness_very_low', 'energy_very_low', 'mode_1', 'acousticness_very_high'})",2435,acousticness_very_high|energy_very_low|liveness_very_low|mode_1
0.029157033505432504,"frozenset({'mode_0', 'instrumentalness_high', 'energy_very_high'})",2434,energy_very_high|instrumentalness_high|mode_0
0.029157033505432504,"frozenset({'duration_ms_very_low', 'loudness_very_low', 'liveness_low', 'energy_very_low'})",2434,duration_ms_very_low|energy_very_low|liveness_low|loudness_very_low
0.029145054444830436,"frozenset({'acousticness_very_high', 'loudness_very_low', 'danceability_very_low', 'valence_very_low', 'tempo_very_low'})",2433,acousticness_very_high|danceability_very_low|loudness_very_low|tempo_very_low|valence_very_low
0.029145054444830436,"frozenset({'key_low', 'liveness_low', 'mode_1'})",2433,key_low|liveness_low|mode_1
0.02913307538422837,"frozenset({'mode_1', 'speechiness_very_high', 'tempo_high'})",2432,mode_1|speechiness_very_high|tempo_high
0.02913307538422837,"frozenset({'liveness_high', 'loudness_very_high', 'acousticness_very_low'})",2432,acousticness_very_low|liveness_high|loudness_very_high
0.029109117263024235,"frozenset({'instrumentalness_low', 'liveness_high', 'speechiness_low'})",2430,instrumentalness_low|liveness_high|speechiness_low
0.029109117263024235,"frozenset({'danceability_very_high', 'mode_1', 'duration_ms_high'})",2430,danceability_very_high|duration_ms_high|mode_1
0.029109117263024235,"frozenset({'valence_very_low', 'energy_very_low', 'mode_1', 'speechiness_very_low'})",2430,energy_very_low|mode_1|speechiness_very_low|valence_very_low
0.029097138202422167,"frozenset({'danceability_very_low', 'mode_0', 'tempo_very_high'})",2429,danceability_very_low|mode_0|tempo_very_high
0.029097138202422167,"frozenset({'loudness_very_low', 'energy_very_low', 'valence_high'})",2429,energy_very_low|loudness_very_low|valence_high
0.0290851591418201,"frozenset({'mode_0', 'loudness_low', 'acousticness_high'})",2428,acousticness_high|loudness_low|mode_0
0.0290851591418201,"frozenset({'acousticness_very_low', 'energy_low'})",2428,acousticness_very_low|energy_low
0.0290851591418201,"frozenset({'mode_0', 'danceability_low', 'energy_very_high'})",2428,danceability_low|energy_very_high|mode_0
0.0290851591418201,"frozenset({'key_low', 'danceability_low', 'mode_1'})",2428,danceability_low|key_low|mode_1
0.02907318008121803,"frozenset({'danceability_very_low', 'valence_very_low', 'acousticness_very_high', 'speechiness_low'})",2427,acousticness_very_high|danceability_very_low|speechiness_low|valence_very_low
0.029061201020615962,"frozenset({'loudness_very_high', 'acousticness_very_low', 'key_high'})",2426,acousticness_very_low|key_high|loudness_very_high
0.029061201020615962,"frozenset({'instrumentalness_low', 'danceability_very_high', 'valence_very_high', 'acousticness_high'})",2426,acousticness_high|danceability_very_high|instrumentalness_low|valence_very_high
0.029061201020615962,"frozenset({'danceability_very_low', 'valence_very_low', 'key_very_high'})",2426,danceability_very_low|key_very_high|valence_very_low
0.029037242899411828,"frozenset({'duration_ms_very_low', 'key_low', 'mode_1'})",2424,duration_ms_very_low|key_low|mode_1
0.02902526383880976,"frozenset({'mode_0', 'duration_ms_very_high', 'speechiness_high'})",2423,duration_ms_very_high|mode_0|speechiness_high
0.029013284778207693,"frozenset({'danceability_low', 'instrumentalness_low', 'mode_1', 'acousticness_high'})",2422,acousticness_high|danceability_low|instrumentalness_low|mode_1
0.029001305717605626,"frozenset({'energy_low', 'loudness_low', 'acousticness_low'})",2421,acousticness_low|energy_low|loudness_low
0.029001305717605626,"frozenset({'loudness_very_low', 'energy_very_low', 'acousticness_high'})",2421,acousticness_high|energy_very_low|loudness_very_low
0.029001305717605626,"frozenset({'key_very_high', 'loudness_very_low', 'energy_very_low', 'acousticness_very_high'})",2421,acousticness_very_high|energy_very_low|key_very_high|loudness_very_low
0.029001305717605626,"frozenset({'instrumentalness_low', 'speechiness_very_high', 'mode_1', 'valence_high'})",2421,instrumentalness_low|mode_1|speechiness_very_high|valence_high
0.029001305717605626,"frozenset({'energy_low', 'loudness_low', 'valence_high'})",2421,energy_low|loudness_low|valence_high
0.02898932665700356,"frozenset({'instrumentalness_low', 'acousticness_low', 'speechiness_low'})",2420,acousticness_low|instrumentalness_low|speechiness_low
0.02897734759640149,"frozenset({'energy_low', 'liveness_low', 'acousticness_high'})",2419,acousticness_high|energy_low|liveness_low
0.02897734759640149,"frozenset({'mode_0', 'tempo_high', 'energy_very_high'})",2419,energy_very_high|mode_0|tempo_high
0.02897734759640149,"frozenset({'instrumentalness_low', 'liveness_very_low', 'key_very_high'})",2419,instrumentalness_low|key_very_high|liveness_very_low
0.028965368535799424,"frozenset({'instrumentalness_low', 'energy_very_low', 'danceability_very_low'})",2418,danceability_very_low|energy_very_low|instrumentalness_low
0.028965368535799424,"frozenset({'valence_very_low', 'duration_ms_very_high', 'key_very_low'})",2418,duration_ms_very_high|key_very_low|valence_very_low
0.028953389475197357,"frozenset({'energy_low', 'loudness_low', 'tempo_low'})",2417,energy_low|loudness_low|tempo_low
0.028953389475197357,"frozenset({'instrumentalness_high', 'loudness_very_low', 'mode_1', 'speechiness_low'})",2417,instrumentalness_high|loudness_very_low|mode_1|speechiness_low
0.028953389475197357,"frozenset({'instrumentalness_low', 'liveness_high', 'valence_very_high', 'mode_1'})",2417,instrumentalness_low|liveness_high|mode_1|valence_very_high
0.028941410414595286,"frozenset({'instrumentalness_low', 'duration_ms_low', 'mode_1', 'loudness_high'})",2416,duration_ms_low|instrumentalness_low|loudness_high|mode_1
0.028941410414595286,"frozenset({'instrumentalness_low', 'loudness_very_high', 'acousticness_low', 'energy_very_high'})",2416,acousticness_low|energy_very_high|instrumentalness_low|loudness_very_high
0.02892943135399322,"frozenset({'valence_very_low', 'mode_0', 'key_very_high'})",2415,key_very_high|mode_0|valence_very_low
0.02892943135399322,"frozenset({'mode_0', 'duration_ms_low', 'speechiness_very_high'})",2415,duration_ms_low|mode_0|speechiness_very_high
0.028905473232789084,"frozenset({'duration_ms_very_low', 'loudness_very_low', 'key_very_low'})",2413,duration_ms_very_low|key_very_low|loudness_very_low
0.028905473232789084,"frozenset({'energy_high', 'danceability_high', 'acousticness_low'})",2413,acousticness_low|danceability_high|energy_high
0.028905473232789084,"frozenset({'acousticness_low', 'mode_0', 'duration_ms_low'})",2413,acousticness_low|duration_ms_low|mode_0
0.028893494172187017,"frozenset({'instrumentalness_low', 'liveness_low', 'acousticness_low'})",2412,acousticness_low|instrumentalness_low|liveness_low
0.028893494172187017,"frozenset({'valence_low', 'energy_low', 'loudness_low'})",2412,energy_low|loudness_low|valence_low
0.028869536050982882,"frozenset({'acousticness_very_low', 'liveness_very_high', 'speechiness_very_high'})",2410,acousticness_very_low|liveness_very_high|speechiness_very_high
0.028869536050982882,"frozenset({'valence_very_low', 'instrumentalness_high', 'mode_1', 'key_very_low'})",2410,instrumentalness_high|key_very_low|mode_1|valence_very_low
0.028869536050982882,"frozenset({'instrumentalness_low', 'key_high', 'tempo_low'})",2410,instrumentalness_low|key_high|tempo_low
0.028869536050982882,"frozenset({'loudness_very_high', 'duration_ms_very_high', 'mode_1'})",2410,duration_ms_very_high|loudness_very_high|mode_1
0.028857556990380815,"frozenset({'duration_ms_very_low', 'instrumentalness_low', 'speechiness_high'})",2409,duration_ms_very_low|instrumentalness_low|speechiness_high
0.028857556990380815,"frozenset({'danceability_very_low', 'acousticness_very_low', 'instrumentalness_medium'})",2409,acousticness_very_low|danceability_very_low|instrumentalness_medium
0.028857556990380815,"frozenset({'instrumentalness_low', 'danceability_very_high', 'duration_ms_high'})",2409,danceability_very_high|duration_ms_high|instrumentalness_low
0.028857556990380815,"frozenset({'speechiness_low', 'valence_very_low', 'mode_0'})",2409,mode_0|speechiness_low|valence_very_low
0.028845577929778748,"frozenset({'mode_1', 'speechiness_high', 'key_very_high'})",2408,key_very_high|mode_1|speechiness_high
0.028845577929778748,"frozenset({'instrumentalness_low', 'mode_0', 'duration_ms_very_high'})",2408,duration_ms_very_high|instrumentalness_low|mode_0
0.02883359886917668,"frozenset({'instrumentalness_low', 'speechiness_very_low', 'energy_high'})",2407,energy_high|instrumentalness_low|speechiness_very_low
0.028809640747972542,"frozenset({'duration_ms_low', 'loudness_very_low', 'energy_very_low', 'acousticness_very_high'})",2405,acousticness_very_high|duration_ms_low|energy_very_low|loudness_very_low
0.028809640747972542,"frozenset({'liveness_very_low', 'energy_low', 'danceability_very_high'})",2405,danceability_very_high|energy_low|liveness_very_low
0.028797661687370475,"frozenset({'instrumentalness_low', 'acousticness_very_high', 'mode_1', 'key_very_low'})",2404,acousticness_very_high|instrumentalness_low|key_very_low|mode_1
0.028785682626768408,"frozenset({'valence_very_low', 'instrumentalness_high', 'tempo_low'})",2403,instrumentalness_high|tempo_low|valence_very_low
0.028785682626768408,"frozenset({'loudness_very_low', 'liveness_low', 'mode_0'})",2403,liveness_low|loudness_very_low|mode_0
0.028785682626768408,"frozenset({'instrumentalness_low', 'liveness_very_high', 'mode_1', 'energy_very_high'})",2403,energy_very_high|instrumentalness_low|liveness_very_high|mode_1
0.02877370356616634,"frozenset({'liveness_high', 'mode_0', 'key_very_high'})",2402,key_very_high|liveness_high|mode_0
0.028761724505564273,"frozenset({'instrumentalness_low', 'tempo_very_low', 'acousticness_very_high', 'mode_1'})",2401,acousticness_very_high|instrumentalness_low|mode_1|tempo_very_low
0.028749745444962206,"frozenset({'duration_ms_very_low', 'acousticness_very_low', 'mode_1'})",2400,acousticness_very_low|duration_ms_very_low|mode_1
0.028749745444962206,"frozenset({'instrumentalness_low', 'liveness_very_low', 'key_high'})",2400,instrumentalness_low|key_high|liveness_very_low
0.02873776638436014,"frozenset({'valence_very_low', 'mode_0', 'acousticness_very_high'})",2399,acousticness_very_high|mode_0|valence_very_low
0.028713808263156004,"frozenset({'acousticness_very_high', 'danceability_very_low', 'tempo_very_low', 'mode_1', 'energy_very_low'})",2397,acousticness_very_high|danceability_very_low|energy_very_low|mode_1|tempo_very_low
0.028713808263156004,"frozenset({'energy_high', 'acousticness_high', 'loudness_high'})",2397,acousticness_high|energy_high|loudness_high
0.028713808263156004,"frozenset({'acousticness_very_low', 'mode_0', 'danceability_low'})",2397,acousticness_very_low|danceability_low|mode_0
0.028713808263156004,"frozenset({'instrumentalness_low', 'liveness_very_low', 'valence_very_high', 'mode_1'})",2397,instrumentalness_low|liveness_very_low|mode_1|valence_very_high
0.028701829202553937,"frozenset({'mode_0', 'energy_high', 'acousticness_very_low'})",2396,acousticness_very_low|energy_high|mode_0
0.028701829202553937,"frozenset({'instrumentalness_low', 'speechiness_very_low', 'mode_1', 'tempo_high'})",2396,instrumentalness_low|mode_1|speechiness_very_low|tempo_high
0.028701829202553937,"frozenset({'energy_high', 'acousticness_low', 'key_very_low'})",2396,acousticness_low|energy_high|key_very_low
0.0286778710813498,"frozenset({'valence_low', 'instrumentalness_low', 'tempo_low'})",2394,instrumentalness_low|tempo_low|valence_low
0.0286778710813498,"frozenset({'energy_low', 'loudness_low', 'tempo_very_low'})",2394,energy_low|loudness_low|tempo_very_low
0.028665892020747732,"frozenset({'energy_high', 'duration_ms_low', 'loudness_high'})",2393,duration_ms_low|energy_high|loudness_high
0.028665892020747732,"frozenset({'instrumentalness_low', 'loudness_low', 'tempo_high'})",2393,instrumentalness_low|loudness_low|tempo_high
0.028665892020747732,"frozenset({'speechiness_very_low', 'energy_very_low', 'danceability_low'})",2393,danceability_low|energy_very_low|speechiness_very_low
0.028653912960145664,"frozenset({'energy_low', 'loudness_low', 'duration_ms_very_high'})",2392,duration_ms_very_high|energy_low|loudness_low
0.028641933899543597,"frozenset({'danceability_low', 'loudness_very_low', 'energy_very_low', 'mode_1'})",2391,danceability_low|energy_very_low|loudness_very_low|mode_1
0.02862995483894153,"frozenset({'acousticness_very_high', 'danceability_very_low', 'instrumentalness_high', 'mode_1', 'energy_very_low'})",2390,acousticness_very_high|danceability_very_low|energy_very_low|instrumentalness_high|mode_1
0.02862995483894153,"frozenset({'danceability_very_low', 'tempo_very_low', 'speechiness_low'})",2390,danceability_very_low|speechiness_low|tempo_very_low
0.02862995483894153,"frozenset({'mode_0', 'instrumentalness_high', 'acousticness_very_high'})",2390,acousticness_very_high|instrumentalness_high|mode_0
0.028617975778339463,"frozenset({'mode_0', 'liveness_low', 'energy_very_low'})",2389,energy_very_low|liveness_low|mode_0
0.028617975778339463,"frozenset({'energy_low', 'tempo_very_low', 'acousticness_high'})",2389,acousticness_high|energy_low|tempo_very_low
0.028605996717737395,"frozenset({'danceability_very_high', 'tempo_very_low', 'mode_1'})",2388,danceability_very_high|mode_1|tempo_very_low
0.028605996717737395,"frozenset({'loudness_very_high', 'mode_0', 'duration_ms_high'})",2388,duration_ms_high|loudness_very_high|mode_0
0.028594017657135328,"frozenset({'mode_0', 'energy_high', 'duration_ms_very_high'})",2387,duration_ms_very_high|energy_high|mode_0
0.028594017657135328,"frozenset({'tempo_very_high', 'loudness_very_low', 'energy_very_low'})",2387,energy_very_low|loudness_very_low|tempo_very_high
0.028594017657135328,"frozenset({'instrumentalness_low', 'danceability_very_high', 'mode_1', 'tempo_low'})",2387,danceability_very_high|instrumentalness_low|mode_1|tempo_low
0.02858203859653326,"frozenset({'acousticness_low', 'energy_high', 'duration_ms_low'})",2386,acousticness_low|duration_ms_low|energy_high
0.02858203859653326,"frozenset({'key_low', 'speechiness_very_low', 'instrumentalness_low'})",2386,instrumentalness_low|key_low|speechiness_very_low
0.02858203859653326,"frozenset({'mode_0', 'energy_low', 'acousticness_low'})",2386,acousticness_low|energy_low|mode_0
0.028570059535931194,"frozenset({'mode_0', 'speechiness_high', 'tempo_high'})",2385,mode_0|speechiness_high|tempo_high
0.028570059535931194,"frozenset({'danceability_very_low', 'loudness_very_high', 'speechiness_very_high'})",2385,danceability_very_low|loudness_very_high|speechiness_very_high
0.028558080475329126,"frozenset({'speechiness_very_low', 'liveness_low', 'energy_very_low', 'mode_1'})",2384,energy_very_low|liveness_low|mode_1|speechiness_very_low
0.028558080475329126,"frozenset({'valence_low', 'energy_high', 'instrumentalness_low'})",2384,energy_high|instrumentalness_low|valence_low
0.028546101414727056,"frozenset({'danceability_low', 'instrumentalness_low', 'mode_1', 'valence_high'})",2383,danceability_low|instrumentalness_low|mode_1|valence_high
0.028546101414727056,"frozenset({'duration_ms_very_low', 'acousticness_very_low', 'energy_very_high'})",2383,acousticness_very_low|duration_ms_very_low|energy_very_high
0.028546101414727056,"frozenset({'instrumentalness_low', 'liveness_very_low', 'mode_1', 'key_very_low'})",2383,instrumentalness_low|key_very_low|liveness_very_low|mode_1
0.028546101414727056,"frozenset({'instrumentalness_low', 'tempo_very_high', 'mode_1', 'acousticness_high'})",2383,acousticness_high|instrumentalness_low|mode_1|tempo_very_high
0.02853412235412499,"frozenset({'mode_0', 'speechiness_very_high', 'acousticness_high'})",2382,acousticness_high|mode_0|speechiness_very_high
0.02853412235412499,"frozenset({'instrumentalness_low', 'energy_low', 'danceability_high', 'mode_1'})",2382,danceability_high|energy_low|instrumentalness_low|mode_1
0.02852214329352292,"frozenset({'danceability_low', 'acousticness_very_low', 'mode_1', 'energy_very_high'})",2381,acousticness_very_low|danceability_low|energy_very_high|mode_1
0.028510164232920854,"frozenset({'mode_0', 'energy_high', 'valence_high'})",2380,energy_high|mode_0|valence_high
0.028510164232920854,"frozenset({'valence_very_low', 'loudness_very_low', 'energy_very_low', 'key_very_low'})",2380,energy_very_low|key_very_low|loudness_very_low|valence_very_low
0.028510164232920854,"frozenset({'loudness_very_low', 'liveness_low', 'key_very_low'})",2380,key_very_low|liveness_low|loudness_very_low
0.028498185172318787,"frozenset({'acousticness_very_high', 'loudness_very_low', 'danceability_very_low', 'liveness_low', 'energy_very_low'})",2379,acousticness_very_high|danceability_very_low|energy_very_low|liveness_low|loudness_very_low
0.028498185172318787,"frozenset({'liveness_very_high', 'speechiness_very_high', 'mode_1', 'energy_very_high'})",2379,energy_very_high|liveness_very_high|mode_1|speechiness_very_high
0.02848620611171672,"frozenset({'danceability_very_low', 'energy_very_low', 'mode_1', 'speechiness_low'})",2378,danceability_very_low|energy_very_low|mode_1|speechiness_low
0.028474227051114652,"frozenset({'danceability_very_high', 'speechiness_high', 'tempo_high'})",2377,danceability_very_high|speechiness_high|tempo_high
0.028474227051114652,"frozenset({'duration_ms_very_high', 'mode_0', 'loudness_low'})",2377,duration_ms_very_high|loudness_low|mode_0
0.028462247990512585,"frozenset({'mode_0', 'liveness_low', 'key_very_high'})",2376,key_very_high|liveness_low|mode_0
0.028462247990512585,"frozenset({'speechiness_low', 'mode_0', 'key_very_high'})",2376,key_very_high|mode_0|speechiness_low
0.028462247990512585,"frozenset({'mode_0', 'energy_high', 'tempo_high'})",2376,energy_high|mode_0|tempo_high
0.028462247990512585,"frozenset({'instrumentalness_low', 'tempo_very_high', 'speechiness_low'})",2376,instrumentalness_low|speechiness_low|tempo_very_high
0.028450268929910517,"frozenset({'duration_ms_very_low', 'tempo_very_low', 'energy_very_low', 'acousticness_very_high'})",2375,acousticness_very_high|duration_ms_very_low|energy_very_low|tempo_very_low
0.02843828986930845,"frozenset({'loudness_very_low', 'tempo_very_high', 'mode_1'})",2374,loudness_very_low|mode_1|tempo_very_high
0.02843828986930845,"frozenset({'speechiness_low', 'mode_0', 'duration_ms_very_high'})",2374,duration_ms_very_high|mode_0|speechiness_low
0.028426310808706383,"frozenset({'speechiness_very_low', 'danceability_high', 'tempo_low'})",2373,danceability_high|speechiness_very_low|tempo_low
0.028426310808706383,"frozenset({'tempo_very_high', 'energy_very_low', 'acousticness_very_high'})",2373,acousticness_very_high|energy_very_low|tempo_very_high
0.028414331748104312,"frozenset({'instrumentalness_low', 'speechiness_very_low', 'mode_1', 'tempo_low'})",2372,instrumentalness_low|mode_1|speechiness_very_low|tempo_low
0.028402352687502245,"frozenset({'danceability_very_low', 'loudness_very_low', 'speechiness_low', 'instrumentalness_high'})",2371,danceability_very_low|instrumentalness_high|loudness_very_low|speechiness_low
0.028402352687502245,"frozenset({'liveness_very_low', 'instrumentalness_high', 'acousticness_very_low'})",2371,acousticness_very_low|instrumentalness_high|liveness_very_low
0.028402352687502245,"frozenset({'danceability_very_low', 'valence_very_low', 'liveness_low', 'energy_very_low'})",2371,danceability_very_low|energy_very_low|liveness_low|valence_very_low
0.028390373626900178,"frozenset({'instrumentalness_low', 'acousticness_low', 'speechiness_very_high', 'mode_1'})",2370,acousticness_low|instrumentalness_low|mode_1|speechiness_very_high
0.028390373626900178,"frozenset({'tempo_very_low', 'loudness_very_low', 'key_very_low'})",2370,key_very_low|loudness_very_low|tempo_very_low
0.028390373626900178,"frozenset({'acousticness_very_low', 'speechiness_high', 'tempo_high'})",2370,acousticness_very_low|speechiness_high|tempo_high
0.028390373626900178,"frozenset({'mode_0', 'acousticness_low', 'speechiness_high'})",2370,acousticness_low|mode_0|speechiness_high
0.02837839456629811,"frozenset({'danceability_very_low', 'tempo_very_high', 'key_very_low'})",2369,danceability_very_low|key_very_low|tempo_very_high
0.02837839456629811,"frozenset({'instrumentalness_low', 'valence_very_high', 'danceability_low'})",2369,danceability_low|instrumentalness_low|valence_very_high
0.028366415505696043,"frozenset({'energy_low', 'mode_1', 'speechiness_high'})",2368,energy_low|mode_1|speechiness_high
0.028366415505696043,"frozenset({'valence_very_low', 'mode_1', 'key_very_high'})",2368,key_very_high|mode_1|valence_very_low
0.028366415505696043,"frozenset({'instrumentalness_medium', 'liveness_very_high', 'energy_very_high'})",2368,energy_very_high|instrumentalness_medium|liveness_very_high
0.028366415505696043,"frozenset({'instrumentalness_high', 'duration_ms_very_high', 'energy_very_high'})",2368,duration_ms_very_high|energy_very_high|instrumentalness_high
0.028366415505696043,"frozenset({'valence_very_low', 'tempo_very_low', 'acousticness_very_high', 'mode_1'})",2368,acousticness_very_high|mode_1|tempo_very_low|valence_very_low
0.028366415505696043,"frozenset({'danceability_very_low', 'loudness_very_high', 'mode_1', 'energy_very_high'})",2368,danceability_very_low|energy_very_high|loudness_very_high|mode_1
0.028354436445093976,"frozenset({'instrumentalness_low', 'liveness_very_high', 'speechiness_low'})",2367,instrumentalness_low|liveness_very_high|speechiness_low
0.02834245738449191,"frozenset({'instrumentalness_low', 'danceability_high', 'mode_1', 'loudness_high'})",2366,danceability_high|instrumentalness_low|loudness_high|mode_1
0.02834245738449191,"frozenset({'instrumentalness_low', 'speechiness_very_low', 'danceability_very_low'})",2366,danceability_very_low|instrumentalness_low|speechiness_very_low
0.02833047832388984,"frozenset({'mode_0', 'tempo_very_high', 'key_very_high'})",2365,key_very_high|mode_0|tempo_very_high
0.02833047832388984,"frozenset({'instrumentalness_low', 'energy_high', 'mode_1', 'valence_high'})",2365,energy_high|instrumentalness_low|mode_1|valence_high
0.02833047832388984,"frozenset({'liveness_very_low', 'speechiness_high', 'danceability_very_high'})",2365,danceability_very_high|liveness_very_low|speechiness_high
0.028318499263287774,"frozenset({'instrumentalness_low', 'key_high', 'tempo_high'})",2364,instrumentalness_low|key_high|tempo_high
0.028318499263287774,"frozenset({'energy_high', 'valence_high', 'loudness_high'})",2364,energy_high|loudness_high|valence_high
0.028318499263287774,"frozenset({'energy_very_low', 'mode_1', 'key_high', 'acousticness_very_high'})",2364,acousticness_very_high|energy_very_low|key_high|mode_1
0.028318499263287774,"frozenset({'duration_ms_very_high', 'mode_1', 'key_very_high'})",2364,duration_ms_very_high|key_very_high|mode_1
0.028318499263287774,"frozenset({'duration_ms_very_low', 'loudness_very_low', 'mode_1', 'instrumentalness_high'})",2364,duration_ms_very_low|instrumentalness_high|loudness_very_low|mode_1
0.028318499263287774,"frozenset({'danceability_very_low', 'instrumentalness_high', 'energy_very_high'})",2364,danceability_very_low|energy_very_high|instrumentalness_high
0.028306520202685707,"frozenset({'danceability_very_low', 'valence_very_low', 'duration_ms_high'})",2363,danceability_very_low|duration_ms_high|valence_very_low
0.028306520202685707,"frozenset({'loudness_very_low', 'mode_1', 'valence_very_high'})",2363,loudness_very_low|mode_1|valence_very_high
0.02829454114208364,"frozenset({'liveness_very_low', 'mode_0', 'acousticness_very_low'})",2362,acousticness_very_low|liveness_very_low|mode_0
0.02829454114208364,"frozenset({'instrumentalness_low', 'loudness_very_high', 'tempo_very_high', 'energy_very_high'})",2362,energy_very_high|instrumentalness_low|loudness_very_high|tempo_very_high
0.02828256208148157,"frozenset({'key_low', 'mode_1', 'speechiness_low'})",2361,key_low|mode_1|speechiness_low
0.02828256208148157,"frozenset({'mode_0', 'tempo_very_low', 'loudness_very_low'})",2361,loudness_very_low|mode_0|tempo_very_low
0.0282705830208795,"frozenset({'instrumentalness_high', 'loudness_very_low', 'tempo_low'})",2360,instrumentalness_high|loudness_very_low|tempo_low
0.028246624899675367,"frozenset({'danceability_very_high', 'valence_very_high', 'key_very_high'})",2358,danceability_very_high|key_very_high|valence_very_high
0.028246624899675367,"frozenset({'acousticness_very_high', 'loudness_very_low', 'valence_very_low', 'instrumentalness_high', 'mode_1', 'energy_very_low'})",2358,acousticness_very_high|energy_very_low|instrumentalness_high|loudness_very_low|mode_1|valence_very_low
0.028246624899675367,"frozenset({'danceability_very_high', 'valence_very_high', 'loudness_low'})",2358,danceability_very_high|loudness_low|valence_very_high
0.0282346458390733,"frozenset({'valence_very_low', 'tempo_very_low', 'instrumentalness_high', 'energy_very_low'})",2357,energy_very_low|instrumentalness_high|tempo_very_low|valence_very_low
0.0282346458390733,"frozenset({'mode_0', 'energy_high', 'speechiness_high'})",2357,energy_high|mode_0|speechiness_high
0.0282346458390733,"frozenset({'liveness_low', 'mode_1', 'valence_very_high'})",2357,liveness_low|mode_1|valence_very_high
0.0282346458390733,"frozenset({'mode_0', 'duration_ms_low', 'danceability_very_high'})",2357,danceability_very_high|duration_ms_low|mode_0
0.028222666778471232,"frozenset({'loudness_very_high', 'duration_ms_low', 'speechiness_very_high'})",2356,duration_ms_low|loudness_very_high|speechiness_very_high
0.028222666778471232,"frozenset({'speechiness_very_low', 'energy_low', 'danceability_low'})",2356,danceability_low|energy_low|speechiness_very_low
0.028210687717869165,"frozenset({'instrumentalness_low', 'energy_low', 'loudness_low', 'acousticness_high'})",2355,acousticness_high|energy_low|instrumentalness_low|loudness_low
0.028210687717869165,"frozenset({'valence_very_low', 'instrumentalness_high', 'duration_ms_very_high', 'mode_1'})",2355,duration_ms_very_high|instrumentalness_high|mode_1|valence_very_low
0.028210687717869165,"frozenset({'valence_very_low', 'duration_ms_low', 'mode_1'})",2355,duration_ms_low|mode_1|valence_very_low
0.028198708657267098,"frozenset({'danceability_very_high', 'energy_high', 'tempo_high'})",2354,danceability_very_high|energy_high|tempo_high
0.02818672959666503,"frozenset({'mode_0', 'energy_very_high', 'duration_ms_high'})",2353,duration_ms_high|energy_very_high|mode_0
0.028174750536062963,"frozenset({'duration_ms_very_low', 'tempo_very_low', 'loudness_very_low', 'energy_very_low'})",2352,duration_ms_very_low|energy_very_low|loudness_very_low|tempo_very_low
0.028174750536062963,"frozenset({'loudness_very_low', 'danceability_very_low', 'tempo_very_low', 'mode_1', 'energy_very_low'})",2352,danceability_very_low|energy_very_low|loudness_very_low|mode_1|tempo_very_low
0.028174750536062963,"frozenset({'danceability_very_low', 'energy_very_low', 'duration_ms_very_high'})",2352,danceability_very_low|duration_ms_very_high|energy_very_low
0.028162771475460896,"frozenset({'danceability_very_low', 'acousticness_very_high', 'mode_1', 'speechiness_low'})",2351,acousticness_very_high|danceability_very_low|mode_1|speechiness_low
0.028150792414858825,"frozenset({'instrumentalness_low', 'energy_low', 'mode_1', 'valence_high'})",2350,energy_low|instrumentalness_low|mode_1|valence_high
0.028138813354256758,"frozenset({'liveness_very_high', 'instrumentalness_high', 'mode_1'})",2349,instrumentalness_high|liveness_very_high|mode_1
0.02812683429365469,"frozenset({'instrumentalness_low', 'energy_low', 'valence_very_high', 'mode_1'})",2348,energy_low|instrumentalness_low|mode_1|valence_very_high
0.02812683429365469,"frozenset({'duration_ms_very_low', 'mode_0', 'danceability_very_high'})",2348,danceability_very_high|duration_ms_very_low|mode_0
0.028114855233052623,"frozenset({'valence_low', 'tempo_very_high', 'danceability_very_low'})",2347,danceability_very_low|tempo_very_high|valence_low
0.028114855233052623,"frozenset({'energy_low', 'valence_high', 'acousticness_high'})",2347,acousticness_high|energy_low|valence_high
0.028114855233052623,"frozenset({'instrumentalness_low', 'energy_low', 'mode_1', 'tempo_very_low'})",2347,energy_low|instrumentalness_low|mode_1|tempo_very_low
0.028102876172450556,"frozenset({'valence_low', 'instrumentalness_low', 'energy_very_low', 'mode_1'})",2346,energy_very_low|instrumentalness_low|mode_1|valence_low
0.028102876172450556,"frozenset({'acousticness_very_low', 'loudness_very_high', 'valence_high'})",2346,acousticness_very_low|loudness_very_high|valence_high
0.028102876172450556,"frozenset({'instrumentalness_low', 'mode_1', 'tempo_high', 'key_very_low'})",2346,instrumentalness_low|key_very_low|mode_1|tempo_high
0.02809089711184849,"frozenset({'duration_ms_very_low', 'acousticness_very_high', 'speechiness_low'})",2345,acousticness_very_high|duration_ms_very_low|speechiness_low
0.02809089711184849,"frozenset({'instrumentalness_low', 'danceability_very_high', 'energy_high', 'valence_very_high'})",2345,danceability_very_high|energy_high|instrumentalness_low|valence_very_high
0.02809089711184849,"frozenset({'instrumentalness_low', 'valence_very_low', 'speechiness_very_low'})",2345,instrumentalness_low|speechiness_very_low|valence_very_low
0.02809089711184849,"frozenset({'instrumentalness_high', 'speechiness_very_high', 'mode_1'})",2345,instrumentalness_high|mode_1|speechiness_very_high
0.02807891805124642,"frozenset({'key_low', 'loudness_very_high', 'instrumentalness_low'})",2344,instrumentalness_low|key_low|loudness_very_high
0.02807891805124642,"frozenset({'instrumentalness_low', 'duration_ms_very_high', 'key_very_low'})",2344,duration_ms_very_high|instrumentalness_low|key_very_low
0.028066938990644354,"frozenset({'energy_high', 'valence_very_high', 'key_very_low'})",2343,energy_high|key_very_low|valence_very_high
0.028066938990644354,"frozenset({'key_low', 'instrumentalness_low', 'valence_high'})",2343,instrumentalness_low|key_low|valence_high
0.028054959930042287,"frozenset({'energy_low', 'instrumentalness_medium', 'loudness_low'})",2342,energy_low|instrumentalness_medium|loudness_low
0.02804298086944022,"frozenset({'acousticness_very_high', 'loudness_very_low', 'danceability_very_low', 'instrumentalness_high', 'mode_1', 'energy_very_low'})",2341,acousticness_very_high|danceability_very_low|energy_very_low|instrumentalness_high|loudness_very_low|mode_1
0.02804298086944022,"frozenset({'valence_very_low', 'mode_1', 'loudness_high'})",2341,loudness_high|mode_1|valence_very_low
0.02804298086944022,"frozenset({'mode_0', 'key_very_high', 'acousticness_high'})",2341,acousticness_high|key_very_high|mode_0
0.02804298086944022,"frozenset({'key_low', 'danceability_high', 'instrumentalness_low'})",2341,danceability_high|instrumentalness_low|key_low
0.02804298086944022,"frozenset({'danceability_very_high', 'acousticness_low', 'loudness_high'})",2341,acousticness_low|danceability_very_high|loudness_high
0.028031001808838153,"frozenset({'valence_low', 'loudness_very_low', 'acousticness_very_high', 'mode_1'})",2340,acousticness_very_high|loudness_very_low|mode_1|valence_low
0.028031001808838153,"frozenset({'speechiness_very_high', 'mode_1', 'key_very_high'})",2340,key_very_high|mode_1|speechiness_very_high
0.028031001808838153,"frozenset({'key_low', 'instrumentalness_low', 'duration_ms_low'})",2340,duration_ms_low|instrumentalness_low|key_low
0.028019022748236082,"frozenset({'valence_very_low', 'liveness_low', 'duration_ms_very_high'})",2339,duration_ms_very_high|liveness_low|valence_very_low
0.028019022748236082,"frozenset({'speechiness_low', 'acousticness_very_high', 'danceability_very_low', 'valence_very_low', 'energy_very_low'})",2339,acousticness_very_high|danceability_very_low|energy_very_low|speechiness_low|valence_very_low
0.028007043687634015,"frozenset({'acousticness_low', 'instrumentalness_low', 'loudness_low'})",2338,acousticness_low|instrumentalness_low|loudness_low
0.027995064627031947,"frozenset({'mode_0', 'acousticness_low', 'tempo_high'})",2337,acousticness_low|mode_0|tempo_high
0.027995064627031947,"frozenset({'danceability_very_low', 'speechiness_very_low', 'energy_very_low', 'mode_1'})",2337,danceability_very_low|energy_very_low|mode_1|speechiness_very_low
0.02798308556642988,"frozenset({'liveness_very_low', 'energy_high', 'valence_very_high'})",2336,energy_high|liveness_very_low|valence_very_high
0.02798308556642988,"frozenset({'loudness_very_high', 'acousticness_very_low', 'key_very_low', 'energy_very_high'})",2336,acousticness_very_low|energy_very_high|key_very_low|loudness_very_high
0.02798308556642988,"frozenset({'instrumentalness_low', 'liveness_low', 'key_high'})",2336,instrumentalness_low|key_high|liveness_low
0.027971106505827813,"frozenset({'instrumentalness_low', 'liveness_high', 'acousticness_very_high'})",2335,acousticness_very_high|instrumentalness_low|liveness_high
0.027971106505827813,"frozenset({'danceability_very_high', 'energy_high', 'speechiness_very_high'})",2335,danceability_very_high|energy_high|speechiness_very_high
0.027959127445225745,"frozenset({'mode_0', 'speechiness_very_high', 'loudness_high'})",2334,loudness_high|mode_0|speechiness_very_high
0.027959127445225745,"frozenset({'instrumentalness_low', 'acousticness_very_high', 'danceability_very_low'})",2334,acousticness_very_high|danceability_very_low|instrumentalness_low
0.027947148384623678,"frozenset({'liveness_very_low', 'mode_0', 'speechiness_high'})",2333,liveness_very_low|mode_0|speechiness_high
0.027947148384623678,"frozenset({'loudness_very_high', 'instrumentalness_medium', 'mode_1', 'energy_very_high'})",2333,energy_very_high|instrumentalness_medium|loudness_very_high|mode_1
0.027947148384623678,"frozenset({'speechiness_low', 'mode_0', 'loudness_very_low'})",2333,loudness_very_low|mode_0|speechiness_low
0.027947148384623678,"frozenset({'instrumentalness_low', 'tempo_high', 'key_very_high'})",2333,instrumentalness_low|key_very_high|tempo_high
0.02793516932402161,"frozenset({'instrumentalness_low', 'speechiness_very_low', 'tempo_very_low', 'mode_1'})",2332,instrumentalness_low|mode_1|speechiness_very_low|tempo_very_low
0.02793516932402161,"frozenset({'valence_low', 'speechiness_very_low', 'danceability_low'})",2332,danceability_low|speechiness_very_low|valence_low
0.027923190263419544,"frozenset({'liveness_very_low', 'energy_high', 'mode_0'})",2331,energy_high|liveness_very_low|mode_0
0.027923190263419544,"frozenset({'danceability_high', 'valence_very_high', 'acousticness_high'})",2331,acousticness_high|danceability_high|valence_very_high
0.027911211202817476,"frozenset({'key_low', 'liveness_very_high', 'instrumentalness_low'})",2330,instrumentalness_low|key_low|liveness_very_high
0.027911211202817476,"frozenset({'mode_0', 'acousticness_low', 'valence_high'})",2330,acousticness_low|mode_0|valence_high
0.02788725308161334,"frozenset({'liveness_very_low', 'speechiness_very_high', 'danceability_very_high'})",2328,danceability_very_high|liveness_very_low|speechiness_very_high
0.02788725308161334,"frozenset({'instrumentalness_low', 'mode_1', 'valence_high', 'loudness_high'})",2328,instrumentalness_low|loudness_high|mode_1|valence_high
0.02787527402101127,"frozenset({'danceability_low', 'loudness_very_high', 'instrumentalness_low', 'mode_1'})",2327,danceability_low|instrumentalness_low|loudness_very_high|mode_1
0.02787527402101127,"frozenset({'duration_ms_very_low', 'energy_very_low', 'speechiness_low'})",2327,duration_ms_very_low|energy_very_low|speechiness_low
0.027863294960409204,"frozenset({'speechiness_low', 'valence_very_low', 'liveness_low'})",2326,liveness_low|speechiness_low|valence_very_low
0.027851315899807137,"frozenset({'instrumentalness_low', 'valence_very_high', 'mode_1', 'tempo_low'})",2325,instrumentalness_low|mode_1|tempo_low|valence_very_high
0.02783933683920507,"frozenset({'mode_0', 'acousticness_very_low', 'duration_ms_high'})",2324,acousticness_very_low|duration_ms_high|mode_0
0.02783933683920507,"frozenset({'instrumentalness_low', 'speechiness_high', 'key_very_high'})",2324,instrumentalness_low|key_very_high|speechiness_high
0.02783933683920507,"frozenset({'instrumentalness_low', 'loudness_very_high', 'mode_1', 'duration_ms_high'})",2324,duration_ms_high|instrumentalness_low|loudness_very_high|mode_1
0.027827357778603002,"frozenset({'energy_low', 'valence_very_high', 'loudness_low'})",2323,energy_low|loudness_low|valence_very_high
0.027827357778603002,"frozenset({'loudness_very_low', 'valence_very_low', 'liveness_low', 'mode_1'})",2323,liveness_low|loudness_very_low|mode_1|valence_very_low
0.027827357778603002,"frozenset({'tempo_very_high', 'key_very_low', 'energy_very_high'})",2323,energy_very_high|key_very_low|tempo_very_high
0.027815378718000935,"frozenset({'danceability_very_high', 'energy_very_low', 'mode_1'})",2322,danceability_very_high|energy_very_low|mode_1
0.027815378718000935,"frozenset({'acousticness_very_high', 'loudness_very_low', 'danceability_very_low', 'valence_very_low', 'tempo_very_low', 'energy_very_low'})",2322,acousticness_very_high|danceability_very_low|energy_very_low|loudness_very_low|tempo_very_low|valence_very_low
0.027803399657398867,"frozenset({'instrumentalness_low', 'liveness_very_high', 'duration_ms_low', 'mode_1'})",2321,duration_ms_low|instrumentalness_low|liveness_very_high|mode_1
0.027803399657398867,"frozenset({'liveness_very_low', 'valence_very_low', 'energy_very_low'})",2321,energy_very_low|liveness_very_low|valence_very_low
0.027803399657398867,"frozenset({'danceability_very_low', 'loudness_very_low', 'mode_1', 'speechiness_low'})",2321,danceability_very_low|loudness_very_low|mode_1|speechiness_low
0.0277914205967968,"frozenset({'instrumentalness_low', 'liveness_low', 'tempo_low'})",2320,instrumentalness_low|liveness_low|tempo_low
0.0277914205967968,"frozenset({'loudness_very_high', 'energy_high', 'valence_very_high'})",2320,energy_high|loudness_very_high|valence_very_high
0.0277914205967968,"frozenset({'instrumentalness_high', 'liveness_low', 'duration_ms_very_high'})",2320,duration_ms_very_high|instrumentalness_high|liveness_low
0.027779441536194733,"frozenset({'energy_low', 'valence_very_high', 'acousticness_high'})",2319,acousticness_high|energy_low|valence_very_high
0.027779441536194733,"frozenset({'instrumentalness_low', 'duration_ms_very_high', 'loudness_high'})",2319,duration_ms_very_high|instrumentalness_low|loudness_high
0.027779441536194733,"frozenset({'instrumentalness_low', 'energy_very_low', 'acousticness_high'})",2319,acousticness_high|energy_very_low|instrumentalness_low
0.027767462475592666,"frozenset({'danceability_low', 'instrumentalness_low', 'acousticness_very_high', 'mode_1'})",2318,acousticness_very_high|danceability_low|instrumentalness_low|mode_1
0.027767462475592666,"frozenset({'key_very_low', 'liveness_very_low', 'danceability_very_high'})",2318,danceability_very_high|key_very_low|liveness_very_low
0.027767462475592666,"frozenset({'loudness_very_high', 'speechiness_very_high', 'key_very_low'})",2318,key_very_low|loudness_very_high|speechiness_very_high
0.027743504354388528,"frozenset({'energy_very_low', 'duration_ms_low', 'mode_1', 'acousticness_very_high'})",2316,acousticness_very_high|duration_ms_low|energy_very_low|mode_1
0.027743504354388528,"frozenset({'instrumentalness_low', 'liveness_very_high', 'duration_ms_very_high'})",2316,duration_ms_very_high|instrumentalness_low|liveness_very_high
0.02773152529378646,"frozenset({'instrumentalness_high', 'loudness_very_low', 'energy_very_low', 'key_very_low'})",2315,energy_very_low|instrumentalness_high|key_very_low|loudness_very_low
0.02773152529378646,"frozenset({'loudness_very_high', 'acousticness_very_low', 'energy_very_high', 'duration_ms_high'})",2315,acousticness_very_low|duration_ms_high|energy_very_high|loudness_very_high
0.02773152529378646,"frozenset({'danceability_very_low', 'mode_0', 'tempo_very_low'})",2315,danceability_very_low|mode_0|tempo_very_low
0.027719546233184393,"frozenset({'liveness_very_low', 'energy_low', 'loudness_low'})",2314,energy_low|liveness_very_low|loudness_low
0.027719546233184393,"frozenset({'danceability_very_low', 'loudness_very_low', 'duration_ms_very_high'})",2314,danceability_very_low|duration_ms_very_high|loudness_very_low
0.027719546233184393,"frozenset({'speechiness_very_low', 'energy_low', 'danceability_high'})",2314,danceability_high|energy_low|speechiness_very_low
0.027719546233184393,"frozenset({'duration_ms_very_low', 'loudness_very_low', 'instrumentalness_low'})",2314,duration_ms_very_low|instrumentalness_low|loudness_very_low
0.027707567172582326,"frozenset({'danceability_very_low', 'valence_very_low', 'liveness_high'})",2313,danceability_very_low|liveness_high|valence_very_low
0.02769558811198026,"frozenset({'instrumentalness_low', 'mode_1', 'key_high', 'acousticness_high'})",2312,acousticness_high|instrumentalness_low|key_high|mode_1
0.02769558811198026,"frozenset({'valence_low', 'energy_low', 'instrumentalness_low', 'mode_1'})",2312,energy_low|instrumentalness_low|mode_1|valence_low
0.02768360905137819,"frozenset({'danceability_very_low', 'speechiness_very_low', 'energy_very_low', 'acousticness_very_high'})",2311,acousticness_very_high|danceability_very_low|energy_very_low|speechiness_very_low
0.027671629990776124,"frozenset({'speechiness_very_high', 'key_high', 'energy_very_high'})",2310,energy_very_high|key_high|speechiness_very_high
0.027671629990776124,"frozenset({'loudness_very_high', 'energy_high', 'danceability_very_high'})",2310,danceability_very_high|energy_high|loudness_very_high
0.027659650930174057,"frozenset({'danceability_very_low', 'acousticness_very_low', 'speechiness_high'})",2309,acousticness_very_low|danceability_very_low|speechiness_high
0.027659650930174057,"frozenset({'loudness_very_high', 'mode_1', 'energy_very_high', 'duration_ms_high'})",2309,duration_ms_high|energy_very_high|loudness_very_high|mode_1
0.027659650930174057,"frozenset({'instrumentalness_low', 'energy_very_low', 'tempo_low'})",2309,energy_very_low|instrumentalness_low|tempo_low
0.02764767186957199,"frozenset({'valence_very_low', 'instrumentalness_high', 'key_very_high'})",2308,instrumentalness_high|key_very_high|valence_very_low
0.02764767186957199,"frozenset({'duration_ms_very_high', 'speechiness_very_high', 'mode_1'})",2308,duration_ms_very_high|mode_1|speechiness_very_high
0.027635692808969922,"frozenset({'key_low', 'instrumentalness_low', 'danceability_low'})",2307,danceability_low|instrumentalness_low|key_low
0.02762371374836785,"frozenset({'instrumentalness_high', 'tempo_very_low', 'loudness_very_low', 'mode_1'})",2306,instrumentalness_high|loudness_very_low|mode_1|tempo_very_low
0.027599755627163717,"frozenset({'instrumentalness_low', 'danceability_very_high', 'energy_low', 'mode_1'})",2304,danceability_very_high|energy_low|instrumentalness_low|mode_1
0.02758777656656165,"frozenset({'liveness_low', 'acousticness_very_high', 'key_very_low'})",2303,acousticness_very_high|key_very_low|liveness_low
0.027575797505959582,"frozenset({'duration_ms_very_low', 'mode_0', 'acousticness_very_high'})",2302,acousticness_very_high|duration_ms_very_low|mode_0
0.027575797505959582,"frozenset({'duration_ms_very_low', 'mode_0', 'energy_very_low'})",2302,duration_ms_very_low|energy_very_low|mode_0
0.027575797505959582,"frozenset({'danceability_low', 'instrumentalness_high', 'mode_1'})",2302,danceability_low|instrumentalness_high|mode_1
0.027575797505959582,"frozenset({'instrumentalness_medium', 'loudness_very_low', 'energy_very_low', 'mode_1'})",2302,energy_very_low|instrumentalness_medium|loudness_very_low|mode_1
0.027575797505959582,"frozenset({'danceability_very_high', 'valence_very_high', 'key_high'})",2302,danceability_very_high|key_high|valence_very_high
0.027563818445357515,"frozenset({'danceability_very_low', 'liveness_low', 'energy_very_low', 'mode_1'})",2301,danceability_very_low|energy_very_low|liveness_low|mode_1
0.027551839384755448,"frozenset({'acousticness_very_high', 'valence_very_low', 'energy_very_low', 'speechiness_very_low'})",2300,acousticness_very_high|energy_very_low|speechiness_very_low|valence_very_low
0.027551839384755448,"frozenset({'mode_0', 'energy_high', 'acousticness_high'})",2300,acousticness_high|energy_high|mode_0
0.027551839384755448,"frozenset({'loudness_very_high', 'acousticness_very_low', 'tempo_high'})",2300,acousticness_very_low|loudness_very_high|tempo_high
0.02753986032415338,"frozenset({'danceability_very_low', 'acousticness_very_low', 'key_very_low'})",2299,acousticness_very_low|danceability_very_low|key_very_low
0.02753986032415338,"frozenset({'danceability_very_high', 'key_very_low', 'tempo_low'})",2299,danceability_very_high|key_very_low|tempo_low
0.02753986032415338,"frozenset({'mode_0', 'tempo_very_low', 'key_very_high'})",2299,key_very_high|mode_0|tempo_very_low
0.027515902202949246,"frozenset({'mode_0', 'energy_high', 'tempo_low'})",2297,energy_high|mode_0|tempo_low
0.02750392314234718,"frozenset({'instrumentalness_low', 'duration_ms_high', 'mode_1', 'loudness_high'})",2296,duration_ms_high|instrumentalness_low|loudness_high|mode_1
0.02750392314234718,"frozenset({'instrumentalness_low', 'loudness_very_high', 'valence_very_high', 'energy_very_high'})",2296,energy_very_high|instrumentalness_low|loudness_very_high|valence_very_high
0.027491944081745108,"frozenset({'loudness_very_high', 'instrumentalness_high', 'acousticness_very_low'})",2295,acousticness_very_low|instrumentalness_high|loudness_very_high
0.027491944081745108,"frozenset({'danceability_very_low', 'valence_very_low', 'mode_1', 'speechiness_low'})",2295,danceability_very_low|mode_1|speechiness_low|valence_very_low
0.02747996502114304,"frozenset({'duration_ms_very_low', 'liveness_very_low', 'instrumentalness_low'})",2294,duration_ms_very_low|instrumentalness_low|liveness_very_low
0.02747996502114304,"frozenset({'acousticness_very_low', 'instrumentalness_medium', 'tempo_very_high'})",2294,acousticness_very_low|instrumentalness_medium|tempo_very_high
0.02747996502114304,"frozenset({'instrumentalness_low', 'loudness_very_high', 'mode_0', 'energy_very_high'})",2294,energy_very_high|instrumentalness_low|loudness_very_high|mode_0
0.027467985960540973,"frozenset({'energy_low', 'acousticness_high', 'tempo_low'})",2293,acousticness_high|energy_low|tempo_low
0.027467985960540973,"frozenset({'key_low', 'valence_very_low', 'danceability_very_low'})",2293,danceability_very_low|key_low|valence_very_low
0.027456006899938906,"frozenset({'liveness_very_low', 'valence_very_high', 'mode_0'})",2292,liveness_very_low|mode_0|valence_very_high
0.027456006899938906,"frozenset({'speechiness_low', 'valence_very_low', 'duration_ms_very_high'})",2292,duration_ms_very_high|speechiness_low|valence_very_low
0.02744402783933684,"frozenset({'energy_high', 'acousticness_low', 'valence_high'})",2291,acousticness_low|energy_high|valence_high
0.02743204877873477,"frozenset({'danceability_very_high', 'instrumentalness_medium', 'valence_very_high'})",2290,danceability_very_high|instrumentalness_medium|valence_very_high
0.02743204877873477,"frozenset({'acousticness_very_low', 'tempo_very_high', 'speechiness_high'})",2290,acousticness_very_low|speechiness_high|tempo_very_high
0.027420069718132704,"frozenset({'valence_very_low', 'duration_ms_very_high', 'tempo_high'})",2289,duration_ms_very_high|tempo_high|valence_very_low
0.027420069718132704,"frozenset({'acousticness_low', 'danceability_very_high', 'duration_ms_low'})",2289,acousticness_low|danceability_very_high|duration_ms_low
0.027420069718132704,"frozenset({'instrumentalness_low', 'acousticness_very_high', 'speechiness_low'})",2289,acousticness_very_high|instrumentalness_low|speechiness_low
0.027420069718132704,"frozenset({'instrumentalness_high', 'loudness_very_low', 'mode_1', 'key_very_low'})",2289,instrumentalness_high|key_very_low|loudness_very_low|mode_1
0.027420069718132704,"frozenset({'acousticness_very_low', 'mode_1', 'key_high', 'energy_very_high'})",2289,acousticness_very_low|energy_very_high|key_high|mode_1
0.027408090657530637,"frozenset({'danceability_very_high', 'acousticness_low', 'key_very_low'})",2288,acousticness_low|danceability_very_high|key_very_low
0.02739611159692857,"frozenset({'mode_0', 'instrumentalness_medium', 'duration_ms_high'})",2287,duration_ms_high|instrumentalness_medium|mode_0
0.02739611159692857,"frozenset({'valence_low', 'speechiness_very_low', 'acousticness_very_high'})",2287,acousticness_very_high|speechiness_very_low|valence_low
0.02739611159692857,"frozenset({'speechiness_very_low', 'energy_low', 'duration_ms_high'})",2287,duration_ms_high|energy_low|speechiness_very_low
0.027384132536326503,"frozenset({'liveness_high', 'energy_low', 'loudness_low'})",2286,energy_low|liveness_high|loudness_low
0.027372153475724435,"frozenset({'loudness_very_high', 'mode_1', 'key_high', 'energy_very_high'})",2285,energy_very_high|key_high|loudness_very_high|mode_1
0.027372153475724435,"frozenset({'instrumentalness_low', 'speechiness_high', 'key_high'})",2285,instrumentalness_low|key_high|speechiness_high
0.027372153475724435,"frozenset({'key_low', 'instrumentalness_low', 'loudness_high'})",2285,instrumentalness_low|key_low|loudness_high
0.027372153475724435,"frozenset({'liveness_very_high', 'tempo_very_high', 'speechiness_very_high'})",2285,liveness_very_high|speechiness_very_high|tempo_very_high
0.027372153475724435,"frozenset({'speechiness_low', 'mode_1', 'energy_very_high'})",2285,energy_very_high|mode_1|speechiness_low
0.02733621629391823,"frozenset({'instrumentalness_low', 'liveness_very_low', 'speechiness_high'})",2282,instrumentalness_low|liveness_very_low|speechiness_high
0.02733621629391823,"frozenset({'instrumentalness_low', 'liveness_low', 'tempo_very_high'})",2282,instrumentalness_low|liveness_low|tempo_very_high
0.027312258172714095,"frozenset({'mode_0', 'tempo_very_low', 'speechiness_very_high'})",2280,mode_0|speechiness_very_high|tempo_very_low
0.027312258172714095,"frozenset({'acousticness_low', 'loudness_very_high', 'tempo_very_high'})",2280,acousticness_low|loudness_very_high|tempo_very_high
0.027300279112112028,"frozenset({'energy_high', 'valence_very_high', 'duration_ms_low'})",2279,duration_ms_low|energy_high|valence_very_high
0.027300279112112028,"frozenset({'valence_very_low', 'liveness_low', 'speechiness_very_low'})",2279,liveness_low|speechiness_very_low|valence_very_low
0.027300279112112028,"frozenset({'loudness_very_low', 'acousticness_very_high', 'tempo_high'})",2279,acousticness_very_high|loudness_very_low|tempo_high
0.027300279112112028,"frozenset({'speechiness_very_low', 'instrumentalness_high', 'mode_1'})",2279,instrumentalness_high|mode_1|speechiness_very_low
0.027300279112112028,"frozenset({'mode_0', 'energy_high', 'duration_ms_low'})",2279,duration_ms_low|energy_high|mode_0
0.027300279112112028,"frozenset({'loudness_very_low', 'energy_very_low', 'speechiness_high', 'acousticness_very_high'})",2279,acousticness_very_high|energy_very_low|loudness_very_low|speechiness_high
0.02728830005150996,"frozenset({'speechiness_very_low', 'energy_low', 'key_very_low'})",2278,energy_low|key_very_low|speechiness_very_low
0.02728830005150996,"frozenset({'loudness_very_high', 'tempo_very_low', 'mode_1'})",2278,loudness_very_high|mode_1|tempo_very_low
0.02728830005150996,"frozenset({'speechiness_very_low', 'energy_low', 'mode_1', 'acousticness_high'})",2278,acousticness_high|energy_low|mode_1|speechiness_very_low
0.027276320990907894,"frozenset({'liveness_high', 'loudness_very_low', 'energy_very_low', 'acousticness_very_high'})",2277,acousticness_very_high|energy_very_low|liveness_high|loudness_very_low
0.027264341930305826,"frozenset({'speechiness_low', 'valence_very_low', 'instrumentalness_high', 'energy_very_low'})",2276,energy_very_low|instrumentalness_high|speechiness_low|valence_very_low
0.02725236286970376,"frozenset({'instrumentalness_low', 'acousticness_low', 'mode_1', 'valence_high'})",2275,acousticness_low|instrumentalness_low|mode_1|valence_high
0.02725236286970376,"frozenset({'danceability_very_low', 'speechiness_high', 'energy_very_high'})",2275,danceability_very_low|energy_very_high|speechiness_high
0.02725236286970376,"frozenset({'instrumentalness_low', 'liveness_very_high', 'danceability_high', 'mode_1'})",2275,danceability_high|instrumentalness_low|liveness_very_high|mode_1
0.027240383809101692,"frozenset({'instrumentalness_low', 'liveness_very_high', 'mode_1', 'loudness_high'})",2274,instrumentalness_low|liveness_very_high|loudness_high|mode_1
0.027240383809101692,"frozenset({'instrumentalness_low', 'tempo_high', 'speechiness_low'})",2274,instrumentalness_low|speechiness_low|tempo_high
0.02722840474849962,"frozenset({'speechiness_high', 'key_very_low', 'energy_very_high'})",2273,energy_very_high|key_very_low|speechiness_high
0.027216425687897554,"frozenset({'key_low', 'mode_1', 'acousticness_high'})",2272,acousticness_high|key_low|mode_1
0.027216425687897554,"frozenset({'instrumentalness_low', 'tempo_very_high', 'mode_1', 'danceability_very_low'})",2272,danceability_very_low|instrumentalness_low|mode_1|tempo_very_high
0.027216425687897554,"frozenset({'danceability_very_low', 'speechiness_very_low', 'loudness_very_low'})",2272,danceability_very_low|loudness_very_low|speechiness_very_low
0.027216425687897554,"frozenset({'instrumentalness_low', 'mode_1', 'tempo_low', 'acousticness_high'})",2272,acousticness_high|instrumentalness_low|mode_1|tempo_low
0.027204446627295487,"frozenset({'speechiness_low', 'mode_0', 'energy_high'})",2271,energy_high|mode_0|speechiness_low
0.027204446627295487,"frozenset({'mode_0', 'instrumentalness_high', 'danceability_very_high'})",2271,danceability_very_high|instrumentalness_high|mode_0
0.027204446627295487,"frozenset({'valence_very_low', 'tempo_very_low', 'liveness_low'})",2271,liveness_low|tempo_very_low|valence_very_low
0.02719246756669342,"frozenset({'danceability_very_low', 'tempo_very_low', 'key_very_low'})",2270,danceability_very_low|key_very_low|tempo_very_low
0.02719246756669342,"frozenset({'speechiness_low', 'acousticness_very_high', 'loudness_very_low', 'danceability_very_low', 'valence_very_low'})",2270,acousticness_very_high|danceability_very_low|loudness_very_low|speechiness_low|valence_very_low
0.02719246756669342,"frozenset({'valence_low', 'energy_low', 'acousticness_high'})",2270,acousticness_high|energy_low|valence_low
0.027180488506091352,"frozenset({'mode_0', 'danceability_high', 'valence_high'})",2269,danceability_high|mode_0|valence_high
0.027168509445489285,"frozenset({'mode_0', 'liveness_low', 'danceability_very_high'})",2268,danceability_very_high|liveness_low|mode_0
0.027168509445489285,"frozenset({'loudness_very_high', 'tempo_very_high', 'key_very_low'})",2268,key_very_low|loudness_very_high|tempo_very_high
0.027168509445489285,"frozenset({'instrumentalness_low', 'liveness_low', 'energy_very_low', 'mode_1'})",2268,energy_very_low|instrumentalness_low|liveness_low|mode_1
0.027168509445489285,"frozenset({'loudness_very_high', 'acousticness_low', 'mode_1', 'energy_very_high'})",2268,acousticness_low|energy_very_high|loudness_very_high|mode_1
0.02714455132428515,"frozenset({'key_low', 'valence_very_low', 'mode_1'})",2266,key_low|mode_1|valence_very_low
0.02714455132428515,"frozenset({'instrumentalness_high', 'liveness_low', 'energy_very_low', 'mode_1'})",2266,energy_very_low|instrumentalness_high|liveness_low|mode_1
0.02714455132428515,"frozenset({'danceability_very_low', 'loudness_very_high', 'speechiness_very_high', 'energy_very_high'})",2266,danceability_very_low|energy_very_high|loudness_very_high|speechiness_very_high
0.02714455132428515,"frozenset({'valence_low', 'instrumentalness_low', 'acousticness_very_high', 'mode_1'})",2266,acousticness_very_high|instrumentalness_low|mode_1|valence_low
0.02714455132428515,"frozenset({'instrumentalness_low', 'loudness_very_high', 'danceability_high', 'mode_1'})",2266,danceability_high|instrumentalness_low|loudness_very_high|mode_1
0.02714455132428515,"frozenset({'key_low', 'liveness_high', 'mode_1'})",2266,key_low|liveness_high|mode_1
0.027132572263683083,"frozenset({'danceability_very_low', 'mode_0', 'duration_ms_very_high'})",2265,danceability_very_low|duration_ms_very_high|mode_0
0.027132572263683083,"frozenset({'key_low', 'loudness_low', 'mode_1'})",2265,key_low|loudness_low|mode_1
0.027120593203081016,"frozenset({'energy_high', 'liveness_very_high', 'loudness_high'})",2264,energy_high|liveness_very_high|loudness_high
0.027120593203081016,"frozenset({'liveness_very_low', 'mode_0', 'acousticness_low'})",2264,acousticness_low|liveness_very_low|mode_0
0.02710861414247895,"frozenset({'danceability_low', 'speechiness_high', 'energy_very_high'})",2263,danceability_low|energy_very_high|speechiness_high
0.02710861414247895,"frozenset({'valence_low', 'instrumentalness_low', 'mode_1', 'duration_ms_high'})",2263,duration_ms_high|instrumentalness_low|mode_1|valence_low
0.027096635081876878,"frozenset({'instrumentalness_medium', 'energy_very_low', 'mode_1', 'acousticness_very_high'})",2262,acousticness_very_high|energy_very_low|instrumentalness_medium|mode_1
0.027096635081876878,"frozenset({'speechiness_very_low', 'loudness_low', 'acousticness_very_high'})",2262,acousticness_very_high|loudness_low|speechiness_very_low
0.027096635081876878,"frozenset({'speechiness_very_low', 'tempo_very_low', 'energy_very_low', 'mode_1'})",2262,energy_very_low|mode_1|speechiness_very_low|tempo_very_low
0.027096635081876878,"frozenset({'energy_low', 'loudness_low', 'mode_1', 'acousticness_high'})",2262,acousticness_high|energy_low|loudness_low|mode_1
0.02708465602127481,"frozenset({'mode_0', 'acousticness_low', 'duration_ms_high'})",2261,acousticness_low|duration_ms_high|mode_0
0.027072676960672743,"frozenset({'instrumentalness_low', 'valence_very_high', 'acousticness_very_high'})",2260,acousticness_very_high|instrumentalness_low|valence_very_high
0.027072676960672743,"frozenset({'instrumentalness_low', 'danceability_high', 'energy_very_high'})",2260,danceability_high|energy_very_high|instrumentalness_low
0.027060697900070676,"frozenset({'danceability_very_low', 'valence_very_low', 'speechiness_very_high'})",2259,danceability_very_low|speechiness_very_high|valence_very_low
0.02704871883946861,"frozenset({'instrumentalness_low', 'speechiness_low', 'tempo_low'})",2258,instrumentalness_low|speechiness_low|tempo_low
0.02703673977886654,"frozenset({'loudness_very_high', 'tempo_very_high', 'speechiness_high'})",2257,loudness_very_high|speechiness_high|tempo_very_high
0.02703673977886654,"frozenset({'valence_low', 'loudness_very_high', 'acousticness_very_low', 'energy_very_high'})",2257,acousticness_very_low|energy_very_high|loudness_very_high|valence_low
0.02703673977886654,"frozenset({'valence_very_low', 'acousticness_very_low', 'mode_1', 'energy_very_high'})",2257,acousticness_very_low|energy_very_high|mode_1|valence_very_low
0.02703673977886654,"frozenset({'instrumentalness_low', 'valence_very_high', 'mode_1', 'speechiness_high'})",2257,instrumentalness_low|mode_1|speechiness_high|valence_very_high
0.027024760718264474,"frozenset({'duration_ms_very_low', 'valence_very_high', 'acousticness_high'})",2256,acousticness_high|duration_ms_very_low|valence_very_high
0.027024760718264474,"frozenset({'duration_ms_very_low', 'loudness_very_low', 'energy_very_low', 'danceability_very_low'})",2256,danceability_very_low|duration_ms_very_low|energy_very_low|loudness_very_low
0.02700080259706034,"frozenset({'acousticness_high', 'energy_very_high'})",2254,acousticness_high|energy_very_high
0.02700080259706034,"frozenset({'instrumentalness_low', 'speechiness_high', 'tempo_low'})",2254,instrumentalness_low|speechiness_high|tempo_low
0.02700080259706034,"frozenset({'valence_low', 'instrumentalness_low', 'duration_ms_very_high'})",2254,duration_ms_very_high|instrumentalness_low|valence_low
0.026988823536458272,"frozenset({'valence_low', 'speechiness_very_low', 'energy_low'})",2253,energy_low|speechiness_very_low|valence_low
0.026988823536458272,"frozenset({'mode_0', 'instrumentalness_medium', 'tempo_low'})",2253,instrumentalness_medium|mode_0|tempo_low
0.026964865415254134,"frozenset({'instrumentalness_low', 'valence_very_high', 'mode_1', 'key_high'})",2251,instrumentalness_low|key_high|mode_1|valence_very_high
0.026964865415254134,"frozenset({'instrumentalness_high', 'loudness_very_low', 'tempo_high'})",2251,instrumentalness_high|loudness_very_low|tempo_high
0.026964865415254134,"frozenset({'instrumentalness_low', 'acousticness_very_low', 'mode_1', 'energy_very_high'})",2251,acousticness_very_low|energy_very_high|instrumentalness_low|mode_1
0.026952886354652067,"frozenset({'instrumentalness_low', 'speechiness_very_high', 'mode_1', 'energy_very_high'})",2250,energy_very_high|instrumentalness_low|mode_1|speechiness_very_high
0.026952886354652067,"frozenset({'mode_0', 'loudness_very_low', 'duration_ms_very_high'})",2250,duration_ms_very_high|loudness_very_low|mode_0
0.026952886354652067,"frozenset({'danceability_very_low', 'loudness_very_low', 'energy_very_low', 'key_very_low'})",2250,danceability_very_low|energy_very_low|key_very_low|loudness_very_low
0.026952886354652067,"frozenset({'danceability_very_low', 'energy_very_low', 'key_very_low', 'acousticness_very_high'})",2250,acousticness_very_high|danceability_very_low|energy_very_low|key_very_low
0.026952886354652067,"frozenset({'danceability_very_low', 'liveness_very_high', 'tempo_very_high'})",2250,danceability_very_low|liveness_very_high|tempo_very_high
0.026952886354652067,"frozenset({'key_low', 'energy_low', 'mode_1'})",2250,energy_low|key_low|mode_1
0.02694090729405,"frozenset({'instrumentalness_high', 'loudness_very_low', 'key_high'})",2249,instrumentalness_high|key_high|loudness_very_low
0.026928928233447932,"frozenset({'valence_very_low', 'loudness_very_low', 'energy_very_low', 'speechiness_very_low'})",2248,energy_very_low|loudness_very_low|speechiness_very_low|valence_very_low
0.026928928233447932,"frozenset({'liveness_high', 'energy_low', 'acousticness_high'})",2248,acousticness_high|energy_low|liveness_high
0.026928928233447932,"frozenset({'danceability_very_low', 'tempo_very_low', 'instrumentalness_high', 'energy_very_low'})",2248,danceability_very_low|energy_very_low|instrumentalness_high|tempo_very_low
0.026916949172845865,"frozenset({'instrumentalness_low', 'loudness_very_high', 'mode_1', 'acousticness_very_low'})",2247,acousticness_very_low|instrumentalness_low|loudness_very_high|mode_1
0.026904970112243798,"frozenset({'duration_ms_very_high', 'instrumentalness_high', 'loudness_low'})",2246,duration_ms_very_high|instrumentalness_high|loudness_low
0.026904970112243798,"frozenset({'mode_0', 'loudness_very_low', 'key_very_high'})",2246,key_very_high|loudness_very_low|mode_0
0.026904970112243798,"frozenset({'instrumentalness_low', 'danceability_high', 'acousticness_low', 'mode_1'})",2246,acousticness_low|danceability_high|instrumentalness_low|mode_1
0.026904970112243798,"frozenset({'acousticness_very_low', 'loudness_low', 'mode_1'})",2246,acousticness_very_low|loudness_low|mode_1
0.02689299105164173,"frozenset({'speechiness_very_low', 'liveness_low', 'energy_very_low', 'acousticness_very_high'})",2245,acousticness_very_high|energy_very_low|liveness_low|speechiness_very_low
0.02689299105164173,"frozenset({'duration_ms_very_low', 'valence_very_low', 'acousticness_very_high'})",2245,acousticness_very_high|duration_ms_very_low|valence_very_low
0.02689299105164173,"frozenset({'instrumentalness_low', 'speechiness_very_low', 'liveness_very_high'})",2245,instrumentalness_low|liveness_very_high|speechiness_very_low
0.02689299105164173,"frozenset({'mode_0', 'tempo_very_high', 'danceability_low'})",2245,danceability_low|mode_0|tempo_very_high
0.02689299105164173,"frozenset({'duration_ms_very_low', 'instrumentalness_low', 'danceability_low'})",2245,danceability_low|duration_ms_very_low|instrumentalness_low
0.026881011991039663,"frozenset({'liveness_very_low', 'valence_very_low', 'loudness_very_low'})",2244,liveness_very_low|loudness_very_low|valence_very_low
0.026881011991039663,"frozenset({'loudness_very_low', 'valence_very_low', 'tempo_very_low', 'instrumentalness_high', 'energy_very_low'})",2244,energy_very_low|instrumentalness_high|loudness_very_low|tempo_very_low|valence_very_low
0.026881011991039663,"frozenset({'loudness_very_high', 'valence_very_high', 'mode_0'})",2244,loudness_very_high|mode_0|valence_very_high
0.026881011991039663,"frozenset({'danceability_very_low', 'energy_low', 'mode_1'})",2244,danceability_very_low|energy_low|mode_1
0.026881011991039663,"frozenset({'liveness_low', 'loudness_very_low', 'energy_very_low', 'speechiness_low'})",2244,energy_very_low|liveness_low|loudness_very_low|speechiness_low
0.026869032930437596,"frozenset({'instrumentalness_high', 'speechiness_high', 'energy_very_high'})",2243,energy_very_high|instrumentalness_high|speechiness_high
0.026869032930437596,"frozenset({'key_low', 'instrumentalness_low', 'duration_ms_high'})",2243,duration_ms_high|instrumentalness_low|key_low
0.026869032930437596,"frozenset({'instrumentalness_low', 'danceability_very_high', 'energy_high', 'mode_1'})",2243,danceability_very_high|energy_high|instrumentalness_low|mode_1
0.026869032930437596,"frozenset({'valence_low', 'speechiness_very_high', 'energy_very_high'})",2243,energy_very_high|speechiness_very_high|valence_low
0.026869032930437596,"frozenset({'duration_ms_very_low', 'liveness_low', 'instrumentalness_high'})",2243,duration_ms_very_low|instrumentalness_high|liveness_low
0.02685705386983553,"frozenset({'loudness_very_high', 'duration_ms_low', 'mode_1', 'energy_very_high'})",2242,duration_ms_low|energy_very_high|loudness_very_high|mode_1
0.02685705386983553,"frozenset({'energy_high', 'acousticness_low', 'tempo_low'})",2242,acousticness_low|energy_high|tempo_low
0.02684507480923346,"frozenset({'liveness_very_high', 'acousticness_low', 'energy_very_high'})",2241,acousticness_low|energy_very_high|liveness_very_high
0.02684507480923346,"frozenset({'speechiness_low', 'loudness_very_low', 'key_very_low'})",2241,key_very_low|loudness_very_low|speechiness_low
0.02684507480923346,"frozenset({'loudness_very_high', 'speechiness_very_high', 'mode_1', 'acousticness_very_low'})",2241,acousticness_very_low|loudness_very_high|mode_1|speechiness_very_high
0.02683309574863139,"frozenset({'mode_0', 'instrumentalness_medium', 'duration_ms_very_high'})",2240,duration_ms_very_high|instrumentalness_medium|mode_0
0.02683309574863139,"frozenset({'instrumentalness_low', 'speechiness_low', 'valence_low'})",2240,instrumentalness_low|speechiness_low|valence_low
0.02683309574863139,"frozenset({'instrumentalness_high', 'valence_very_low', 'loudness_very_low', 'mode_0'})",2240,instrumentalness_high|loudness_very_low|mode_0|valence_very_low
0.02683309574863139,"frozenset({'key_low', 'mode_1', 'valence_low'})",2240,key_low|mode_1|valence_low
0.026821116688029323,"frozenset({'loudness_very_high', 'instrumentalness_medium', 'mode_0'})",2239,instrumentalness_medium|loudness_very_high|mode_0
0.026821116688029323,"frozenset({'mode_0', 'duration_ms_very_high', 'energy_very_high'})",2239,duration_ms_very_high|energy_very_high|mode_0
0.026821116688029323,"frozenset({'instrumentalness_high', 'danceability_high', 'mode_1'})",2239,danceability_high|instrumentalness_high|mode_1
0.026809137627427256,"frozenset({'mode_0', 'danceability_high', 'valence_very_high'})",2238,danceability_high|mode_0|valence_very_high
0.02679715856682519,"frozenset({'mode_0', 'acousticness_low', 'tempo_low'})",2237,acousticness_low|mode_0|tempo_low
0.02679715856682519,"frozenset({'instrumentalness_low', 'energy_very_low', 'mode_1', 'key_very_low'})",2237,energy_very_low|instrumentalness_low|key_very_low|mode_1
0.02679715856682519,"frozenset({'danceability_very_low', 'valence_very_low', 'acousticness_very_low', 'energy_very_high'})",2237,acousticness_very_low|danceability_very_low|energy_very_high|valence_very_low
0.02679715856682519,"frozenset({'valence_very_high', 'energy_very_low'})",2237,energy_very_low|valence_very_high
0.02679715856682519,"frozenset({'mode_0', 'acousticness_low', 'energy_very_high'})",2237,acousticness_low|energy_very_high|mode_0
0.02678517950622312,"frozenset({'speechiness_very_low', 'energy_low', 'duration_ms_very_high'})",2236,duration_ms_very_high|energy_low|speechiness_very_low
0.02678517950622312,"frozenset({'instrumentalness_low', 'energy_low', 'duration_ms_low', 'mode_1'})",2236,duration_ms_low|energy_low|instrumentalness_low|mode_1
0.02678517950622312,"frozenset({'instrumentalness_low', 'liveness_low', 'key_very_high'})",2236,instrumentalness_low|key_very_high|liveness_low
0.026773200445621054,"frozenset({'acousticness_very_low', 'instrumentalness_high', 'loudness_high'})",2235,acousticness_very_low|instrumentalness_high|loudness_high
0.026773200445621054,"frozenset({'key_low', 'liveness_high', 'instrumentalness_low'})",2235,instrumentalness_low|key_low|liveness_high
0.026773200445621054,"frozenset({'speechiness_very_low', 'loudness_low', 'key_very_low'})",2235,key_very_low|loudness_low|speechiness_very_low
0.026773200445621054,"frozenset({'instrumentalness_low', 'liveness_low', 'speechiness_very_high'})",2235,instrumentalness_low|liveness_low|speechiness_very_high
0.026773200445621054,"frozenset({'danceability_low', 'speechiness_very_high', 'energy_very_high'})",2235,danceability_low|energy_very_high|speechiness_very_high
0.026761221385018987,"frozenset({'mode_0', 'instrumentalness_medium', 'acousticness_low'})",2234,acousticness_low|instrumentalness_medium|mode_0
0.026737263263814853,"frozenset({'instrumentalness_low', 'energy_high', 'liveness_low'})",2232,energy_high|instrumentalness_low|liveness_low
0.026737263263814853,"frozenset({'mode_0', 'energy_high', 'duration_ms_high'})",2232,duration_ms_high|energy_high|mode_0
0.026737263263814853,"frozenset({'duration_ms_very_low', 'mode_0', 'instrumentalness_high'})",2232,duration_ms_very_low|instrumentalness_high|mode_0
0.026737263263814853,"frozenset({'instrumentalness_low', 'speechiness_very_low', 'duration_ms_low', 'mode_1'})",2232,duration_ms_low|instrumentalness_low|mode_1|speechiness_very_low
0.026737263263814853,"frozenset({'danceability_low', 'energy_low', 'instrumentalness_low', 'mode_1'})",2232,danceability_low|energy_low|instrumentalness_low|mode_1
0.026725284203212785,"frozenset({'duration_ms_very_high', 'instrumentalness_low', 'loudness_low'})",2231,duration_ms_very_high|instrumentalness_low|loudness_low
0.026725284203212785,"frozenset({'duration_ms_very_low', 'liveness_low', 'instrumentalness_low'})",2231,duration_ms_very_low|instrumentalness_low|liveness_low
0.026725284203212785,"frozenset({'mode_0', 'instrumentalness_medium', 'speechiness_high'})",2231,instrumentalness_medium|mode_0|speechiness_high
0.026713305142610718,"frozenset({'instrumentalness_low', 'energy_high', 'valence_very_high', 'acousticness_high'})",2230,acousticness_high|energy_high|instrumentalness_low|valence_very_high
0.026713305142610718,"frozenset({'tempo_very_low', 'liveness_low', 'energy_very_low', 'mode_1'})",2230,energy_very_low|liveness_low|mode_1|tempo_very_low
0.026713305142610718,"frozenset({'speechiness_low', 'acousticness_very_high', 'loudness_very_low', 'danceability_very_low', 'valence_very_low', 'energy_very_low'})",2230,acousticness_very_high|danceability_very_low|energy_very_low|loudness_very_low|speechiness_low|valence_very_low
0.026701326082008647,"frozenset({'instrumentalness_low', 'loudness_low', 'speechiness_low'})",2229,instrumentalness_low|loudness_low|speechiness_low
0.026701326082008647,"frozenset({'liveness_very_low', 'mode_0', 'tempo_high'})",2229,liveness_very_low|mode_0|tempo_high
0.026701326082008647,"frozenset({'danceability_very_high', 'mode_1', 'key_very_high'})",2229,danceability_very_high|key_very_high|mode_1
0.026701326082008647,"frozenset({'mode_0', 'energy_high', 'speechiness_very_high'})",2229,energy_high|mode_0|speechiness_very_high
0.02668934702140658,"frozenset({'acousticness_very_low', 'mode_1', 'key_very_high'})",2228,acousticness_very_low|key_very_high|mode_1
0.02668934702140658,"frozenset({'danceability_low', 'instrumentalness_low', 'mode_1', 'loudness_high'})",2228,danceability_low|instrumentalness_low|loudness_high|mode_1
0.02668934702140658,"frozenset({'instrumentalness_low', 'liveness_very_low', 'tempo_high'})",2228,instrumentalness_low|liveness_very_low|tempo_high
0.026665388900202446,"frozenset({'instrumentalness_low', 'liveness_high', 'energy_low', 'mode_1'})",2226,energy_low|instrumentalness_low|liveness_high|mode_1
0.026665388900202446,"frozenset({'acousticness_very_low', 'valence_very_high', 'mode_1'})",2226,acousticness_very_low|mode_1|valence_very_high
0.026665388900202446,"frozenset({'speechiness_low', 'energy_high', 'loudness_high'})",2226,energy_high|loudness_high|speechiness_low
0.026653409839600378,"frozenset({'loudness_very_high', 'acousticness_very_low', 'key_very_high'})",2225,acousticness_very_low|key_very_high|loudness_very_high
0.02664143077899831,"frozenset({'mode_0', 'instrumentalness_high', 'loudness_low'})",2224,instrumentalness_high|loudness_low|mode_0
0.02664143077899831,"frozenset({'speechiness_low', 'valence_very_low', 'loudness_very_low', 'mode_1'})",2224,loudness_very_low|mode_1|speechiness_low|valence_very_low
0.026629451718396244,"frozenset({'instrumentalness_high', 'loudness_very_low', 'key_very_high'})",2223,instrumentalness_high|key_very_high|loudness_very_low
0.026629451718396244,"frozenset({'loudness_very_high', 'valence_very_high', 'mode_1', 'energy_very_high'})",2223,energy_very_high|loudness_very_high|mode_1|valence_very_high
0.026629451718396244,"frozenset({'liveness_low', 'speechiness_very_high', 'mode_1'})",2223,liveness_low|mode_1|speechiness_very_high
0.026617472657794176,"frozenset({'liveness_very_low', 'duration_ms_very_high', 'acousticness_very_low'})",2222,acousticness_very_low|duration_ms_very_high|liveness_very_low
0.026617472657794176,"frozenset({'loudness_very_high', 'energy_high', 'duration_ms_low'})",2222,duration_ms_low|energy_high|loudness_very_high
0.026617472657794176,"frozenset({'danceability_very_low', 'valence_very_low', 'instrumentalness_high', 'speechiness_low'})",2222,danceability_very_low|instrumentalness_high|speechiness_low|valence_very_low
0.026617472657794176,"frozenset({'loudness_very_high', 'tempo_very_high', 'mode_1', 'acousticness_very_low'})",2222,acousticness_very_low|loudness_very_high|mode_1|tempo_very_high
0.026617472657794176,"frozenset({'valence_very_low', 'liveness_low', 'key_very_low'})",2222,key_very_low|liveness_low|valence_very_low
0.026617472657794176,"frozenset({'duration_ms_very_low', 'valence_very_low', 'loudness_very_low', 'energy_very_low'})",2222,duration_ms_very_low|energy_very_low|loudness_very_low|valence_very_low
0.02660549359719211,"frozenset({'acousticness_low', 'speechiness_very_high', 'energy_very_high'})",2221,acousticness_low|energy_very_high|speechiness_very_high
0.02660549359719211,"frozenset({'instrumentalness_low', 'speechiness_very_high', 'tempo_high'})",2221,instrumentalness_low|speechiness_very_high|tempo_high
0.02660549359719211,"frozenset({'duration_ms_very_low', 'loudness_very_low', 'speechiness_low'})",2221,duration_ms_very_low|loudness_very_low|speechiness_low
0.02660549359719211,"frozenset({'liveness_very_high', 'energy_very_high', 'duration_ms_high'})",2221,duration_ms_high|energy_very_high|liveness_very_high
0.026593514536590042,"frozenset({'energy_high', 'valence_very_high', 'tempo_low'})",2220,energy_high|tempo_low|valence_very_high
0.026593514536590042,"frozenset({'mode_0', 'instrumentalness_medium', 'loudness_high'})",2220,instrumentalness_medium|loudness_high|mode_0
0.026593514536590042,"frozenset({'instrumentalness_low', 'danceability_low', 'tempo_low'})",2220,danceability_low|instrumentalness_low|tempo_low
0.026593514536590042,"frozenset({'instrumentalness_high', 'valence_very_low', 'liveness_low', 'energy_very_low'})",2220,energy_very_low|instrumentalness_high|liveness_low|valence_very_low
0.026581535475987975,"frozenset({'key_low', 'loudness_very_high', 'energy_very_high'})",2219,energy_very_high|key_low|loudness_very_high
0.026581535475987975,"frozenset({'duration_ms_very_low', 'instrumentalness_low', 'tempo_high'})",2219,duration_ms_very_low|instrumentalness_low|tempo_high
0.026569556415385904,"frozenset({'danceability_very_high', 'loudness_very_low', 'energy_very_low'})",2218,danceability_very_high|energy_very_low|loudness_very_low
0.026569556415385904,"frozenset({'instrumentalness_low', 'mode_0', 'acousticness_very_low'})",2218,acousticness_very_low|instrumentalness_low|mode_0
0.026569556415385904,"frozenset({'mode_0', 'danceability_high', 'tempo_high'})",2218,danceability_high|mode_0|tempo_high
0.026569556415385904,"frozenset({'valence_low', 'mode_0', 'danceability_low'})",2218,danceability_low|mode_0|valence_low
0.026557577354783837,"frozenset({'instrumentalness_high', 'acousticness_very_high', 'key_very_low'})",2217,acousticness_very_high|instrumentalness_high|key_very_low
0.026557577354783837,"frozenset({'danceability_very_low', 'instrumentalness_high', 'energy_very_low', 'speechiness_low'})",2217,danceability_very_low|energy_very_low|instrumentalness_high|speechiness_low
0.026533619233579702,"frozenset({'instrumentalness_low', 'tempo_very_low', 'loudness_very_low'})",2215,instrumentalness_low|loudness_very_low|tempo_very_low
0.026533619233579702,"frozenset({'mode_0', 'duration_ms_low', 'valence_high'})",2215,duration_ms_low|mode_0|valence_high
0.026533619233579702,"frozenset({'duration_ms_very_low', 'tempo_very_low', 'instrumentalness_high'})",2215,duration_ms_very_low|instrumentalness_high|tempo_very_low
0.026533619233579702,"frozenset({'danceability_very_low', 'mode_1', 'tempo_low'})",2215,danceability_very_low|mode_1|tempo_low
0.026533619233579702,"frozenset({'instrumentalness_low', 'liveness_low', 'mode_1', 'key_very_low'})",2215,instrumentalness_low|key_very_low|liveness_low|mode_1
0.026533619233579702,"frozenset({'speechiness_very_low', 'danceability_high', 'loudness_low'})",2215,danceability_high|loudness_low|speechiness_very_low
0.026533619233579702,"frozenset({'duration_ms_very_low', 'mode_0', 'loudness_very_low'})",2215,duration_ms_very_low|loudness_very_low|mode_0
0.026533619233579702,"frozenset({'loudness_very_low', 'valence_very_low', 'tempo_very_low', 'mode_1', 'energy_very_low'})",2215,energy_very_low|loudness_very_low|mode_1|tempo_very_low|valence_very_low
0.026521640172977635,"frozenset({'speechiness_low', 'valence_very_low', 'energy_very_low', 'mode_1'})",2214,energy_very_low|mode_1|speechiness_low|valence_very_low
0.026521640172977635,"frozenset({'speechiness_low', 'instrumentalness_high', 'key_very_low'})",2214,instrumentalness_high|key_very_low|speechiness_low
0.026521640172977635,"frozenset({'duration_ms_very_low', 'instrumentalness_low', 'mode_1', 'acousticness_high'})",2214,acousticness_high|duration_ms_very_low|instrumentalness_low|mode_1
0.026509661112375568,"frozenset({'energy_high', 'duration_ms_high', 'loudness_high'})",2213,duration_ms_high|energy_high|loudness_high
0.026509661112375568,"frozenset({'instrumentalness_low', 'danceability_high', 'mode_1', 'duration_ms_high'})",2213,danceability_high|duration_ms_high|instrumentalness_low|mode_1
0.026509661112375568,"frozenset({'speechiness_low', 'liveness_low', 'energy_very_low', 'acousticness_very_high'})",2213,acousticness_very_high|energy_very_low|liveness_low|speechiness_low
0.026509661112375568,"frozenset({'loudness_very_high', 'mode_0', 'valence_high'})",2213,loudness_very_high|mode_0|valence_high
0.026509661112375568,"frozenset({'danceability_very_high', 'duration_ms_very_high', 'tempo_high'})",2213,danceability_very_high|duration_ms_very_high|tempo_high
0.0264976820517735,"frozenset({'instrumentalness_low', 'acousticness_very_low', 'danceability_low'})",2212,acousticness_very_low|danceability_low|instrumentalness_low
0.0264976820517735,"frozenset({'instrumentalness_low', 'duration_ms_low', 'speechiness_very_high', 'mode_1'})",2212,duration_ms_low|instrumentalness_low|mode_1|speechiness_very_high
0.0264976820517735,"frozenset({'acousticness_very_low', 'liveness_low', 'mode_1'})",2212,acousticness_very_low|liveness_low|mode_1
0.0264976820517735,"frozenset({'mode_0', 'energy_low', 'loudness_high'})",2212,energy_low|loudness_high|mode_0
0.0264976820517735,"frozenset({'mode_0', 'danceability_high', 'acousticness_high'})",2212,acousticness_high|danceability_high|mode_0
0.0264976820517735,"frozenset({'danceability_very_high', 'speechiness_very_high', 'key_very_low'})",2212,danceability_very_high|key_very_low|speechiness_very_high
0.0264976820517735,"frozenset({'acousticness_very_low', 'instrumentalness_medium', 'loudness_high'})",2212,acousticness_very_low|instrumentalness_medium|loudness_high
0.026485702991171433,"frozenset({'energy_high', 'acousticness_low', 'tempo_high'})",2211,acousticness_low|energy_high|tempo_high
0.026485702991171433,"frozenset({'liveness_high', 'energy_very_low', 'mode_1', 'acousticness_very_high'})",2211,acousticness_very_high|energy_very_low|liveness_high|mode_1
0.026485702991171433,"frozenset({'duration_ms_very_low', 'danceability_very_high', 'acousticness_high'})",2211,acousticness_high|danceability_very_high|duration_ms_very_low
0.026473723930569366,"frozenset({'instrumentalness_low', 'liveness_high', 'duration_ms_low', 'mode_1'})",2210,duration_ms_low|instrumentalness_low|liveness_high|mode_1
0.0264617448699673,"frozenset({'duration_ms_very_high', 'loudness_very_low', 'energy_very_low', 'acousticness_very_high'})",2209,acousticness_very_high|duration_ms_very_high|energy_very_low|loudness_very_low
0.0264617448699673,"frozenset({'danceability_very_low', 'mode_1', 'tempo_high'})",2209,danceability_very_low|mode_1|tempo_high
0.0264617448699673,"frozenset({'duration_ms_very_low', 'mode_0', 'key_very_high'})",2209,duration_ms_very_low|key_very_high|mode_0
0.0264617448699673,"frozenset({'danceability_very_low', 'speechiness_very_high', 'mode_1', 'energy_very_high'})",2209,danceability_very_low|energy_very_high|mode_1|speechiness_very_high
0.0264617448699673,"frozenset({'speechiness_low', 'loudness_very_low', 'valence_very_low', 'instrumentalness_high', 'energy_very_low'})",2209,energy_very_low|instrumentalness_high|loudness_very_low|speechiness_low|valence_very_low
0.02644976580936523,"frozenset({'acousticness_very_low', 'energy_high', 'loudness_high'})",2208,acousticness_very_low|energy_high|loudness_high
0.02644976580936523,"frozenset({'danceability_very_high', 'acousticness_low', 'speechiness_high'})",2208,acousticness_low|danceability_very_high|speechiness_high
0.02644976580936523,"frozenset({'instrumentalness_low', 'energy_low', 'acousticness_low', 'mode_1'})",2208,acousticness_low|energy_low|instrumentalness_low|mode_1
0.02644976580936523,"frozenset({'instrumentalness_low', 'tempo_very_high', 'mode_1', 'loudness_high'})",2208,instrumentalness_low|loudness_high|mode_1|tempo_very_high
0.026425807688161093,"frozenset({'loudness_very_low', 'acousticness_very_high', 'danceability_high'})",2206,acousticness_very_high|danceability_high|loudness_very_low
0.026425807688161093,"frozenset({'instrumentalness_low', 'liveness_high', 'energy_very_low'})",2206,energy_very_low|instrumentalness_low|liveness_high
0.026425807688161093,"frozenset({'loudness_very_low', 'speechiness_very_low', 'liveness_low'})",2206,liveness_low|loudness_very_low|speechiness_very_low
0.026425807688161093,"frozenset({'instrumentalness_low', 'valence_very_high', 'mode_1', 'energy_very_high'})",2206,energy_very_high|instrumentalness_low|mode_1|valence_very_high
0.026413828627559026,"frozenset({'speechiness_very_low', 'energy_low', 'loudness_low', 'mode_1'})",2205,energy_low|loudness_low|mode_1|speechiness_very_low
0.026413828627559026,"frozenset({'acousticness_very_low', 'instrumentalness_medium', 'speechiness_high'})",2205,acousticness_very_low|instrumentalness_medium|speechiness_high
0.026413828627559026,"frozenset({'acousticness_very_high', 'loudness_high'})",2205,acousticness_very_high|loudness_high
0.026413828627559026,"frozenset({'speechiness_high', 'tempo_high', 'energy_very_high'})",2205,energy_very_high|speechiness_high|tempo_high
0.02638987050635489,"frozenset({'duration_ms_very_low', 'energy_very_low', 'danceability_very_low', 'acousticness_very_high'})",2203,acousticness_very_high|danceability_very_low|duration_ms_very_low|energy_very_low
0.026377891445752824,"frozenset({'mode_0', 'energy_low', 'valence_high'})",2202,energy_low|mode_0|valence_high
0.026377891445752824,"frozenset({'key_low', 'loudness_very_low', 'energy_very_low', 'mode_1'})",2202,energy_very_low|key_low|loudness_very_low|mode_1
0.026377891445752824,"frozenset({'acousticness_very_low', 'instrumentalness_high', 'speechiness_very_high'})",2202,acousticness_very_low|instrumentalness_high|speechiness_very_high
0.026377891445752824,"frozenset({'instrumentalness_low', 'acousticness_very_low', 'tempo_very_high'})",2202,acousticness_very_low|instrumentalness_low|tempo_very_high
0.026365912385150757,"frozenset({'mode_0', 'energy_low', 'liveness_low'})",2201,energy_low|liveness_low|mode_0
0.026365912385150757,"frozenset({'mode_0', 'instrumentalness_medium', 'danceability_very_high'})",2201,danceability_very_high|instrumentalness_medium|mode_0
0.02635393332454869,"frozenset({'liveness_high', 'valence_very_high', 'danceability_very_high'})",2200,danceability_very_high|liveness_high|valence_very_high
0.02635393332454869,"frozenset({'instrumentalness_low', 'loudness_very_high', 'mode_1', 'speechiness_high'})",2200,instrumentalness_low|loudness_very_high|mode_1|speechiness_high
0.02635393332454869,"frozenset({'instrumentalness_low', 'valence_very_low', 'energy_very_low'})",2200,energy_very_low|instrumentalness_low|valence_very_low
0.026341954263946622,"frozenset({'mode_0', 'tempo_very_high', 'speechiness_high'})",2199,mode_0|speechiness_high|tempo_very_high
0.026341954263946622,"frozenset({'duration_ms_very_low', 'tempo_very_low', 'loudness_very_low', 'acousticness_very_high'})",2199,acousticness_very_high|duration_ms_very_low|loudness_very_low|tempo_very_low
0.026329975203344555,"frozenset({'key_low', 'instrumentalness_low', 'acousticness_very_high'})",2198,acousticness_very_high|instrumentalness_low|key_low
0.026329975203344555,"frozenset({'loudness_very_high', 'acousticness_low', 'danceability_very_high'})",2198,acousticness_low|danceability_very_high|loudness_very_high
0.026329975203344555,"frozenset({'danceability_very_high', 'energy_high', 'acousticness_high'})",2198,acousticness_high|danceability_very_high|energy_high
0.026329975203344555,"frozenset({'mode_0', 'duration_ms_very_high', 'danceability_very_high'})",2198,danceability_very_high|duration_ms_very_high|mode_0
0.026317996142742488,"frozenset({'instrumentalness_low', 'loudness_very_high', 'danceability_very_low'})",2197,danceability_very_low|instrumentalness_low|loudness_very_high
0.026317996142742488,"frozenset({'instrumentalness_high', 'speechiness_high', 'tempo_high'})",2197,instrumentalness_high|speechiness_high|tempo_high
0.026317996142742488,"frozenset({'mode_0', 'valence_high', 'loudness_high'})",2197,loudness_high|mode_0|valence_high
0.026317996142742488,"frozenset({'instrumentalness_low', 'mode_0', 'danceability_very_low'})",2197,danceability_very_low|instrumentalness_low|mode_0
0.026317996142742488,"frozenset({'instrumentalness_low', 'tempo_high', 'energy_very_high'})",2197,energy_very_high|instrumentalness_low|tempo_high
0.026306017082140417,"frozenset({'speechiness_very_low', 'tempo_very_low', 'loudness_very_low'})",2196,loudness_very_low|speechiness_very_low|tempo_very_low
0.026306017082140417,"frozenset({'speechiness_very_low', 'acousticness_very_high', 'key_very_low'})",2196,acousticness_very_high|key_very_low|speechiness_very_low
0.026306017082140417,"frozenset({'instrumentalness_medium', 'speechiness_high', 'energy_very_high'})",2196,energy_very_high|instrumentalness_medium|speechiness_high
0.02629403802153835,"frozenset({'speechiness_low', 'tempo_very_low', 'energy_very_low', 'acousticness_very_high'})",2195,acousticness_very_high|energy_very_low|speechiness_low|tempo_very_low
0.02629403802153835,"frozenset({'instrumentalness_low', 'danceability_very_low', 'duration_ms_high'})",2195,danceability_very_low|duration_ms_high|instrumentalness_low
0.02629403802153835,"frozenset({'loudness_very_high', 'mode_0', 'danceability_low'})",2195,danceability_low|loudness_very_high|mode_0
0.02629403802153835,"frozenset({'danceability_very_low', 'valence_very_low', 'instrumentalness_high', 'mode_1', 'energy_very_low'})",2195,danceability_very_low|energy_very_low|instrumentalness_high|mode_1|valence_very_low
0.02629403802153835,"frozenset({'danceability_very_low', 'mode_1', 'valence_high'})",2195,danceability_very_low|mode_1|valence_high
0.026282058960936282,"frozenset({'danceability_very_low', 'mode_0', 'key_very_high'})",2194,danceability_very_low|key_very_high|mode_0
0.026282058960936282,"frozenset({'instrumentalness_low', 'acousticness_very_high', 'key_high'})",2194,acousticness_very_high|instrumentalness_low|key_high
0.026258100839732148,"frozenset({'valence_very_low', 'liveness_low', 'acousticness_very_high', 'mode_1'})",2192,acousticness_very_high|liveness_low|mode_1|valence_very_low
0.026258100839732148,"frozenset({'instrumentalness_low', 'acousticness_very_high', 'duration_ms_high'})",2192,acousticness_very_high|duration_ms_high|instrumentalness_low
0.026258100839732148,"frozenset({'mode_0', 'speechiness_high', 'valence_high'})",2192,mode_0|speechiness_high|valence_high
0.02624612177913008,"frozenset({'danceability_low', 'loudness_very_low', 'acousticness_very_high', 'mode_1'})",2191,acousticness_very_high|danceability_low|loudness_very_low|mode_1
0.02624612177913008,"frozenset({'instrumentalness_high', 'valence_very_low', 'liveness_low', 'mode_1'})",2191,instrumentalness_high|liveness_low|mode_1|valence_very_low
0.026234142718528013,"frozenset({'valence_very_low', 'duration_ms_very_high', 'speechiness_very_low'})",2190,duration_ms_very_high|speechiness_very_low|valence_very_low
0.026234142718528013,"frozenset({'instrumentalness_low', 'tempo_very_low', 'danceability_very_low'})",2190,danceability_very_low|instrumentalness_low|tempo_very_low
0.026234142718528013,"frozenset({'loudness_very_high', 'mode_0', 'speechiness_very_high', 'energy_very_high'})",2190,energy_very_high|loudness_very_high|mode_0|speechiness_very_high
0.026222163657925946,"frozenset({'mode_0', 'energy_very_high', 'loudness_high'})",2189,energy_very_high|loudness_high|mode_0
0.026222163657925946,"frozenset({'instrumentalness_low', 'liveness_high', 'loudness_very_high', 'mode_1'})",2189,instrumentalness_low|liveness_high|loudness_very_high|mode_1
0.02621018459732388,"frozenset({'valence_very_low', 'tempo_very_low', 'mode_0'})",2188,mode_0|tempo_very_low|valence_very_low
0.02619820553672181,"frozenset({'duration_ms_very_low', 'liveness_very_high', 'speechiness_very_high'})",2187,duration_ms_very_low|liveness_very_high|speechiness_very_high
0.026186226476119744,"frozenset({'key_low', 'energy_high', 'instrumentalness_low'})",2186,energy_high|instrumentalness_low|key_low
0.026186226476119744,"frozenset({'key_low', 'valence_very_high', 'mode_1'})",2186,key_low|mode_1|valence_very_high
0.026186226476119744,"frozenset({'danceability_very_low', 'mode_1', 'acousticness_high'})",2186,acousticness_high|danceability_very_low|mode_1
0.026186226476119744,"frozenset({'valence_low', 'liveness_very_low', 'instrumentalness_low'})",2186,instrumentalness_low|liveness_very_low|valence_low
0.026174247415517674,"frozenset({'danceability_low', 'instrumentalness_low', 'duration_ms_low', 'mode_1'})",2185,danceability_low|duration_ms_low|instrumentalness_low|mode_1
0.026174247415517674,"frozenset({'valence_very_high', 'acousticness_low', 'energy_very_high'})",2185,acousticness_low|energy_very_high|valence_very_high
0.026162268354915606,"frozenset({'valence_very_low', 'mode_0', 'energy_very_high'})",2184,energy_very_high|mode_0|valence_very_low
0.026162268354915606,"frozenset({'acousticness_very_low', 'speechiness_high', 'key_very_low'})",2184,acousticness_very_low|key_very_low|speechiness_high
0.02615028929431354,"frozenset({'loudness_very_high', 'mode_1', 'valence_high', 'energy_very_high'})",2183,energy_very_high|loudness_very_high|mode_1|valence_high
0.02615028929431354,"frozenset({'instrumentalness_low', 'energy_very_low', 'duration_ms_low'})",2183,duration_ms_low|energy_very_low|instrumentalness_low
0.02615028929431354,"frozenset({'acousticness_very_low', 'instrumentalness_medium', 'danceability_low'})",2183,acousticness_very_low|danceability_low|instrumentalness_medium
0.02615028929431354,"frozenset({'energy_very_low', 'loudness_low', 'mode_1', 'acousticness_very_high'})",2183,acousticness_very_high|energy_very_low|loudness_low|mode_1
0.02613831023371147,"frozenset({'liveness_high', 'mode_0', 'acousticness_low'})",2182,acousticness_low|liveness_high|mode_0
0.02613831023371147,"frozenset({'speechiness_very_low', 'liveness_low', 'loudness_low'})",2182,liveness_low|loudness_low|speechiness_very_low
0.02613831023371147,"frozenset({'speechiness_low', 'tempo_very_low', 'loudness_very_low', 'energy_very_low'})",2182,energy_very_low|loudness_very_low|speechiness_low|tempo_very_low
0.026126331173109404,"frozenset({'tempo_very_low', 'instrumentalness_high', 'energy_very_low', 'mode_1'})",2181,energy_very_low|instrumentalness_high|mode_1|tempo_very_low
0.026126331173109404,"frozenset({'instrumentalness_low', 'danceability_high', 'mode_1', 'tempo_low'})",2181,danceability_high|instrumentalness_low|mode_1|tempo_low
0.026126331173109404,"frozenset({'instrumentalness_low', 'acousticness_very_high', 'key_very_high'})",2181,acousticness_very_high|instrumentalness_low|key_very_high
0.026114352112507337,"frozenset({'loudness_very_low', 'valence_very_low', 'liveness_low', 'danceability_very_low'})",2180,danceability_very_low|liveness_low|loudness_very_low|valence_very_low
0.026114352112507337,"frozenset({'energy_low', 'loudness_low', 'key_very_high'})",2180,energy_low|key_very_high|loudness_low
0.026114352112507337,"frozenset({'danceability_very_high', 'acousticness_low', 'valence_high'})",2180,acousticness_low|danceability_very_high|valence_high
0.02610237305190527,"frozenset({'instrumentalness_low', 'energy_low', 'acousticness_high', 'loudness_high'})",2179,acousticness_high|energy_low|instrumentalness_low|loudness_high
0.02610237305190527,"frozenset({'duration_ms_very_low', 'instrumentalness_low', 'energy_very_low', 'mode_1'})",2179,duration_ms_very_low|energy_very_low|instrumentalness_low|mode_1
0.02610237305190527,"frozenset({'danceability_very_low', 'instrumentalness_medium', 'energy_very_high'})",2179,danceability_very_low|energy_very_high|instrumentalness_medium
0.02610237305190527,"frozenset({'valence_very_high', 'key_very_low', 'acousticness_high'})",2179,acousticness_high|key_very_low|valence_very_high
0.02610237305190527,"frozenset({'danceability_very_low', 'valence_very_low', 'instrumentalness_high', 'mode_0'})",2179,danceability_very_low|instrumentalness_high|mode_0|valence_very_low
0.02610237305190527,"frozenset({'speechiness_low', 'mode_0', 'tempo_high'})",2179,mode_0|speechiness_low|tempo_high
0.026090393991303203,"frozenset({'instrumentalness_low', 'mode_1', 'valence_high', 'duration_ms_high'})",2178,duration_ms_high|instrumentalness_low|mode_1|valence_high
0.026090393991303203,"frozenset({'speechiness_very_high', 'energy_very_high', 'duration_ms_high'})",2178,duration_ms_high|energy_very_high|speechiness_very_high
0.026090393991303203,"frozenset({'speechiness_low', 'loudness_very_low', 'danceability_very_low', 'instrumentalness_high', 'energy_very_low'})",2178,danceability_very_low|energy_very_low|instrumentalness_high|loudness_very_low|speechiness_low
0.026078414930701135,"frozenset({'instrumentalness_low', 'loudness_very_high', 'duration_ms_low', 'energy_very_high'})",2177,duration_ms_low|energy_very_high|instrumentalness_low|loudness_very_high
0.026078414930701135,"frozenset({'key_low', 'mode_1', 'duration_ms_high'})",2177,duration_ms_high|key_low|mode_1
0.026078414930701135,"frozenset({'energy_low', 'loudness_low', 'duration_ms_high'})",2177,duration_ms_high|energy_low|loudness_low
0.026066435870099068,"frozenset({'speechiness_low', 'acousticness_very_high', 'key_very_low'})",2176,acousticness_very_high|key_very_low|speechiness_low
0.026066435870099068,"frozenset({'instrumentalness_low', 'energy_high', 'tempo_very_high', 'mode_1'})",2176,energy_high|instrumentalness_low|mode_1|tempo_very_high
0.026066435870099068,"frozenset({'mode_0', 'energy_low', 'speechiness_very_high'})",2176,energy_low|mode_0|speechiness_very_high
0.026054456809497,"frozenset({'instrumentalness_low', 'key_high', 'energy_very_high'})",2175,energy_very_high|instrumentalness_low|key_high
0.026054456809497,"frozenset({'instrumentalness_low', 'energy_low', 'mode_1', 'duration_ms_high'})",2175,duration_ms_high|energy_low|instrumentalness_low|mode_1
0.026054456809497,"frozenset({'acousticness_very_low', 'tempo_very_high', 'speechiness_very_high', 'energy_very_high'})",2175,acousticness_very_low|energy_very_high|speechiness_very_high|tempo_very_high
0.02604247774889493,"frozenset({'liveness_very_high', 'duration_ms_low', 'energy_very_high'})",2174,duration_ms_low|energy_very_high|liveness_very_high
0.02604247774889493,"frozenset({'mode_0', 'valence_very_high', 'loudness_high'})",2174,loudness_high|mode_0|valence_very_high
0.02604247774889493,"frozenset({'key_low', 'danceability_high', 'mode_1'})",2174,danceability_high|key_low|mode_1
0.026030498688292863,"frozenset({'acousticness_very_low', 'instrumentalness_high', 'loudness_low'})",2173,acousticness_very_low|instrumentalness_high|loudness_low
0.026030498688292863,"frozenset({'loudness_very_high', 'liveness_very_high', 'acousticness_low'})",2173,acousticness_low|liveness_very_high|loudness_very_high
0.026030498688292863,"frozenset({'liveness_very_low', 'danceability_very_high', 'acousticness_high'})",2173,acousticness_high|danceability_very_high|liveness_very_low
0.026030498688292863,"frozenset({'liveness_very_low', 'instrumentalness_medium', 'mode_0'})",2173,instrumentalness_medium|liveness_very_low|mode_0
0.026030498688292863,"frozenset({'liveness_high', 'energy_high', 'mode_0'})",2173,energy_high|liveness_high|mode_0
0.026030498688292863,"frozenset({'acousticness_very_high', 'valence_low', 'loudness_very_low', 'mode_1', 'energy_very_low'})",2173,acousticness_very_high|energy_very_low|loudness_very_low|mode_1|valence_low
0.026030498688292863,"frozenset({'loudness_very_low', 'danceability_very_low', 'tempo_very_low', 'instrumentalness_high', 'energy_very_low'})",2173,danceability_very_low|energy_very_low|instrumentalness_high|loudness_very_low|tempo_very_low
0.026018519627690796,"frozenset({'speechiness_low', 'danceability_very_high', 'valence_very_high'})",2172,danceability_very_high|speechiness_low|valence_very_high
0.02600654056708873,"frozenset({'loudness_very_high', 'mode_1', 'key_very_low', 'acousticness_very_low'})",2171,acousticness_very_low|key_very_low|loudness_very_high|mode_1
0.02600654056708873,"frozenset({'speechiness_low', 'valence_very_low', 'instrumentalness_high', 'mode_1'})",2171,instrumentalness_high|mode_1|speechiness_low|valence_very_low
0.025982582445884594,"frozenset({'acousticness_very_high', 'loudness_very_low', 'danceability_very_low', 'tempo_very_low', 'mode_1'})",2169,acousticness_very_high|danceability_very_low|loudness_very_low|mode_1|tempo_very_low
0.025982582445884594,"frozenset({'danceability_very_low', 'valence_very_low', 'liveness_low', 'mode_1'})",2169,danceability_very_low|liveness_low|mode_1|valence_very_low
0.025970603385282526,"frozenset({'instrumentalness_low', 'tempo_very_low', 'speechiness_very_high', 'mode_1'})",2168,instrumentalness_low|mode_1|speechiness_very_high|tempo_very_low
0.025946645264078392,"frozenset({'valence_very_high', 'acousticness_high', 'loudness_high'})",2166,acousticness_high|loudness_high|valence_very_high
0.025946645264078392,"frozenset({'energy_high', 'tempo_low', 'loudness_high'})",2166,energy_high|loudness_high|tempo_low
0.025946645264078392,"frozenset({'danceability_very_low', 'loudness_very_high', 'acousticness_very_low', 'mode_1'})",2166,acousticness_very_low|danceability_very_low|loudness_very_high|mode_1
0.025946645264078392,"frozenset({'duration_ms_very_low', 'speechiness_very_high', 'key_very_low'})",2166,duration_ms_very_low|key_very_low|speechiness_very_high
0.025946645264078392,"frozenset({'mode_0', 'instrumentalness_medium', 'energy_high'})",2166,energy_high|instrumentalness_medium|mode_0
0.025934666203476325,"frozenset({'instrumentalness_low', 'liveness_high', 'mode_1', 'valence_high'})",2165,instrumentalness_low|liveness_high|mode_1|valence_high
0.025934666203476325,"frozenset({'mode_0', 'tempo_very_low', 'acousticness_high'})",2165,acousticness_high|mode_0|tempo_very_low
0.025934666203476325,"frozenset({'liveness_high', 'energy_high', 'loudness_high'})",2165,energy_high|liveness_high|loudness_high
0.025934666203476325,"frozenset({'tempo_very_high', 'speechiness_very_high', 'mode_1', 'energy_very_high'})",2165,energy_very_high|mode_1|speechiness_very_high|tempo_very_high
0.025934666203476325,"frozenset({'mode_0', 'acousticness_high', 'loudness_high'})",2165,acousticness_high|loudness_high|mode_0
0.025934666203476325,"frozenset({'loudness_very_high', 'tempo_very_high', 'duration_ms_high'})",2165,duration_ms_high|loudness_very_high|tempo_very_high
0.025922687142874257,"frozenset({'danceability_very_low', 'valence_very_low', 'speechiness_high'})",2164,danceability_very_low|speechiness_high|valence_very_low
0.025922687142874257,"frozenset({'mode_0', 'speechiness_high', 'loudness_high'})",2164,loudness_high|mode_0|speechiness_high
0.025922687142874257,"frozenset({'speechiness_low', 'acousticness_very_low', 'energy_very_high'})",2164,acousticness_very_low|energy_very_high|speechiness_low
0.025910708082272187,"frozenset({'valence_low', 'tempo_very_low', 'energy_very_low'})",2163,energy_very_low|tempo_very_low|valence_low
0.025910708082272187,"frozenset({'instrumentalness_low', 'energy_high', 'mode_1', 'duration_ms_high'})",2163,duration_ms_high|energy_high|instrumentalness_low|mode_1
0.02589872902167012,"frozenset({'energy_high', 'tempo_high', 'loudness_high'})",2162,energy_high|loudness_high|tempo_high
0.025886749961068052,"frozenset({'instrumentalness_low', 'mode_1', 'key_high', 'valence_high'})",2161,instrumentalness_low|key_high|mode_1|valence_high
0.025886749961068052,"frozenset({'valence_very_low', 'loudness_very_high', 'mode_1'})",2161,loudness_very_high|mode_1|valence_very_low
0.025886749961068052,"frozenset({'valence_very_low', 'energy_very_low', 'key_very_low', 'acousticness_very_high'})",2161,acousticness_very_high|energy_very_low|key_very_low|valence_very_low
0.025886749961068052,"frozenset({'instrumentalness_low', 'energy_high', 'duration_ms_very_high'})",2161,duration_ms_very_high|energy_high|instrumentalness_low
0.025886749961068052,"frozenset({'instrumentalness_low', 'loudness_very_high', 'mode_1', 'key_high'})",2161,instrumentalness_low|key_high|loudness_very_high|mode_1
0.025874770900465985,"frozenset({'liveness_very_high', 'speechiness_very_high', 'key_very_low'})",2160,key_very_low|liveness_very_high|speechiness_very_high
0.025874770900465985,"frozenset({'instrumentalness_low', 'acousticness_very_high', 'speechiness_very_high'})",2160,acousticness_very_high|instrumentalness_low|speechiness_very_high
0.025874770900465985,"frozenset({'loudness_very_high', 'acousticness_low', 'key_very_low'})",2160,acousticness_low|key_very_low|loudness_very_high
0.025874770900465985,"frozenset({'mode_0', 'duration_ms_low', 'loudness_high'})",2160,duration_ms_low|loudness_high|mode_0
0.025862791839863918,"frozenset({'valence_very_low', 'acousticness_very_low', 'speechiness_very_high', 'energy_very_high'})",2159,acousticness_very_low|energy_very_high|speechiness_very_high|valence_very_low
0.025862791839863918,"frozenset({'mode_0', 'danceability_low', 'key_very_high'})",2159,danceability_low|key_very_high|mode_0
0.025862791839863918,"frozenset({'speechiness_very_low', 'loudness_low', 'duration_ms_high'})",2159,duration_ms_high|loudness_low|speechiness_very_low
0.025862791839863918,"frozenset({'mode_0', 'danceability_high', 'loudness_high'})",2159,danceability_high|loudness_high|mode_0
0.025862791839863918,"frozenset({'instrumentalness_low', 'acousticness_low', 'mode_1', 'duration_ms_high'})",2159,acousticness_low|duration_ms_high|instrumentalness_low|mode_1
0.025862791839863918,"frozenset({'liveness_low', 'duration_ms_very_low', 'loudness_very_low', 'acousticness_very_high'})",2159,acousticness_very_high|duration_ms_very_low|liveness_low|loudness_very_low
0.02585081277926185,"frozenset({'loudness_very_low', 'acousticness_very_high', 'duration_ms_high'})",2158,acousticness_very_high|duration_ms_high|loudness_very_low
0.02585081277926185,"frozenset({'speechiness_very_low', 'danceability_high', 'duration_ms_high'})",2158,danceability_high|duration_ms_high|speechiness_very_low
0.02585081277926185,"frozenset({'mode_0', 'loudness_low', 'tempo_low'})",2158,loudness_low|mode_0|tempo_low
0.02585081277926185,"frozenset({'instrumentalness_low', 'valence_very_high', 'loudness_low', 'mode_1'})",2158,instrumentalness_low|loudness_low|mode_1|valence_very_high
0.025838833718659783,"frozenset({'energy_low', 'acousticness_high', 'duration_ms_high'})",2157,acousticness_high|duration_ms_high|energy_low
0.025838833718659783,"frozenset({'valence_very_low', 'loudness_very_high', 'acousticness_very_low', 'energy_very_high'})",2157,acousticness_very_low|energy_very_high|loudness_very_high|valence_very_low
0.025826854658057716,"frozenset({'duration_ms_very_low', 'instrumentalness_high', 'energy_very_low', 'mode_1'})",2156,duration_ms_very_low|energy_very_low|instrumentalness_high|mode_1
0.025826854658057716,"frozenset({'loudness_very_high', 'acousticness_low', 'valence_high'})",2156,acousticness_low|loudness_very_high|valence_high
0.025826854658057716,"frozenset({'acousticness_very_low', 'danceability_very_high', 'tempo_high'})",2156,acousticness_very_low|danceability_very_high|tempo_high
0.025826854658057716,"frozenset({'key_low', 'instrumentalness_low', 'valence_low'})",2156,instrumentalness_low|key_low|valence_low
0.025826854658057716,"frozenset({'instrumentalness_low', 'mode_1', 'key_high', 'loudness_high'})",2156,instrumentalness_low|key_high|loudness_high|mode_1
0.02580289653685358,"frozenset({'instrumentalness_low', 'tempo_very_high', 'speechiness_very_high', 'mode_1'})",2154,instrumentalness_low|mode_1|speechiness_very_high|tempo_very_high
0.02580289653685358,"frozenset({'valence_low', 'liveness_low', 'acousticness_very_high'})",2154,acousticness_very_high|liveness_low|valence_low
0.025790917476251514,"frozenset({'acousticness_very_low', 'instrumentalness_high', 'duration_ms_very_high', 'mode_1'})",2153,acousticness_very_low|duration_ms_very_high|instrumentalness_high|mode_1
0.025790917476251514,"frozenset({'duration_ms_low', 'speechiness_very_high', 'energy_very_high'})",2153,duration_ms_low|energy_very_high|speechiness_very_high
0.025790917476251514,"frozenset({'mode_0', 'energy_low', 'tempo_low'})",2153,energy_low|mode_0|tempo_low
0.025790917476251514,"frozenset({'key_low', 'tempo_very_low', 'instrumentalness_low'})",2153,instrumentalness_low|key_low|tempo_very_low
0.025790917476251514,"frozenset({'valence_very_low', 'instrumentalness_high', 'acousticness_very_low', 'energy_very_high'})",2153,acousticness_very_low|energy_very_high|instrumentalness_high|valence_very_low
0.025790917476251514,"frozenset({'instrumentalness_low', 'liveness_high', 'danceability_high', 'mode_1'})",2153,danceability_high|instrumentalness_low|liveness_high|mode_1
0.025778938415649443,"frozenset({'key_low', 'instrumentalness_low', 'loudness_low'})",2152,instrumentalness_low|key_low|loudness_low
0.025778938415649443,"frozenset({'instrumentalness_low', 'danceability_very_high', 'valence_very_high', 'acousticness_low'})",2152,acousticness_low|danceability_very_high|instrumentalness_low|valence_very_high
0.025778938415649443,"frozenset({'speechiness_very_low', 'energy_very_low', 'duration_ms_high'})",2152,duration_ms_high|energy_very_low|speechiness_very_low
0.025778938415649443,"frozenset({'valence_low', 'speechiness_very_low', 'liveness_low'})",2152,liveness_low|speechiness_very_low|valence_low
0.025766959355047376,"frozenset({'liveness_very_low', 'mode_0', 'tempo_low'})",2151,liveness_very_low|mode_0|tempo_low
0.025766959355047376,"frozenset({'valence_low', 'acousticness_very_low', 'danceability_very_low'})",2151,acousticness_very_low|danceability_very_low|valence_low
0.025766959355047376,"frozenset({'liveness_very_low', 'loudness_very_high', 'acousticness_very_low'})",2151,acousticness_very_low|liveness_very_low|loudness_very_high
0.025766959355047376,"frozenset({'acousticness_very_high', 'valence_very_low', 'tempo_very_low', 'mode_1', 'energy_very_low'})",2151,acousticness_very_high|energy_very_low|mode_1|tempo_very_low|valence_very_low
0.025766959355047376,"frozenset({'acousticness_very_low', 'instrumentalness_medium', 'liveness_very_high'})",2151,acousticness_very_low|instrumentalness_medium|liveness_very_high
0.025766959355047376,"frozenset({'instrumentalness_low', 'tempo_very_high', 'duration_ms_low', 'mode_1'})",2151,duration_ms_low|instrumentalness_low|mode_1|tempo_very_high
0.025766959355047376,"frozenset({'mode_0', 'duration_ms_high', 'loudness_high'})",2151,duration_ms_high|loudness_high|mode_0
0.025766959355047376,"frozenset({'speechiness_very_low', 'acousticness_very_high', 'danceability_low'})",2151,acousticness_very_high|danceability_low|speechiness_very_low
0.02575498029444531,"frozenset({'danceability_very_low', 'instrumentalness_medium', 'tempo_very_high'})",2150,danceability_very_low|instrumentalness_medium|tempo_very_high
0.02575498029444531,"frozenset({'loudness_very_high', 'danceability_high', 'acousticness_low'})",2150,acousticness_low|danceability_high|loudness_very_high
0.02575498029444531,"frozenset({'instrumentalness_low', 'danceability_very_high', 'valence_very_high', 'speechiness_very_high'})",2150,danceability_very_high|instrumentalness_low|speechiness_very_high|valence_very_high
0.02574300123384324,"frozenset({'instrumentalness_low', 'liveness_very_low', 'danceability_low'})",2149,danceability_low|instrumentalness_low|liveness_very_low
0.02574300123384324,"frozenset({'instrumentalness_low', 'tempo_very_low', 'mode_1', 'valence_high'})",2149,instrumentalness_low|mode_1|tempo_very_low|valence_high
0.02574300123384324,"frozenset({'instrumentalness_low', 'duration_ms_very_high', 'danceability_very_low'})",2149,danceability_very_low|duration_ms_very_high|instrumentalness_low
0.025731022173241174,"frozenset({'instrumentalness_low', 'loudness_very_high', 'speechiness_high', 'energy_very_high'})",2148,energy_very_high|instrumentalness_low|loudness_very_high|speechiness_high
0.025731022173241174,"frozenset({'speechiness_very_low', 'danceability_high', 'acousticness_high'})",2148,acousticness_high|danceability_high|speechiness_very_low
0.025731022173241174,"frozenset({'valence_very_low', 'mode_1', 'acousticness_high'})",2148,acousticness_high|mode_1|valence_very_low
0.025731022173241174,"frozenset({'danceability_low', 'tempo_very_low', 'instrumentalness_low', 'mode_1'})",2148,danceability_low|instrumentalness_low|mode_1|tempo_very_low
0.025731022173241174,"frozenset({'instrumentalness_low', 'energy_high', 'speechiness_very_high', 'mode_1'})",2148,energy_high|instrumentalness_low|mode_1|speechiness_very_high
0.025731022173241174,"frozenset({'acousticness_very_low', 'instrumentalness_high', 'key_high'})",2148,acousticness_very_low|instrumentalness_high|key_high
0.025719043112639107,"frozenset({'liveness_high', 'loudness_very_high', 'mode_0'})",2147,liveness_high|loudness_very_high|mode_0
0.025719043112639107,"frozenset({'acousticness_very_low', 'liveness_very_high', 'tempo_very_high'})",2147,acousticness_very_low|liveness_very_high|tempo_very_high
0.02570706405203704,"frozenset({'danceability_very_low', 'mode_0', 'loudness_very_low', 'energy_very_low'})",2146,danceability_very_low|energy_very_low|loudness_very_low|mode_0
0.02570706405203704,"frozenset({'energy_high', 'key_high', 'loudness_high'})",2146,energy_high|key_high|loudness_high
0.025695084991434972,"frozenset({'instrumentalness_low', 'speechiness_low', 'key_very_high'})",2145,instrumentalness_low|key_very_high|speechiness_low
0.025695084991434972,"frozenset({'danceability_very_high', 'energy_low', 'key_very_low'})",2145,danceability_very_high|energy_low|key_very_low
0.025695084991434972,"frozenset({'tempo_very_high', 'energy_very_high', 'duration_ms_high'})",2145,duration_ms_high|energy_very_high|tempo_very_high
0.025695084991434972,"frozenset({'speechiness_very_low', 'key_very_low', 'acousticness_high'})",2145,acousticness_high|key_very_low|speechiness_very_low
0.025695084991434972,"frozenset({'energy_high', 'acousticness_low', 'duration_ms_high'})",2145,acousticness_low|duration_ms_high|energy_high
0.025695084991434972,"frozenset({'instrumentalness_low', 'danceability_high', 'energy_very_low'})",2145,danceability_high|energy_very_low|instrumentalness_low
0.025683105930832905,"frozenset({'speechiness_very_low', 'loudness_low', 'danceability_low'})",2144,danceability_low|loudness_low|speechiness_very_low
0.025683105930832905,"frozenset({'danceability_very_high', 'valence_very_high', 'mode_1', 'key_very_low'})",2144,danceability_very_high|key_very_low|mode_1|valence_very_high
0.025683105930832905,"frozenset({'instrumentalness_low', 'liveness_high', 'mode_1', 'loudness_high'})",2144,instrumentalness_low|liveness_high|loudness_high|mode_1
0.025671126870230838,"frozenset({'instrumentalness_low', 'tempo_very_low', 'energy_very_low', 'mode_1'})",2143,energy_very_low|instrumentalness_low|mode_1|tempo_very_low
0.025671126870230838,"frozenset({'energy_low', 'loudness_low', 'key_high'})",2143,energy_low|key_high|loudness_low
0.025671126870230838,"frozenset({'danceability_very_low', 'tempo_very_low', 'liveness_low'})",2143,danceability_very_low|liveness_low|tempo_very_low
0.025671126870230838,"frozenset({'mode_0', 'valence_high', 'acousticness_high'})",2143,acousticness_high|mode_0|valence_high
0.025671126870230838,"frozenset({'valence_very_low', 'acousticness_low', 'mode_1'})",2143,acousticness_low|mode_1|valence_very_low
0.025671126870230838,"frozenset({'instrumentalness_low', 'tempo_very_low', 'speechiness_high'})",2143,instrumentalness_low|speechiness_high|tempo_very_low
0.02565914780962877,"frozenset({'valence_low', 'mode_0', 'speechiness_very_high'})",2142,mode_0|speechiness_very_high|valence_low
0.0256471687490267,"frozenset({'liveness_very_high', 'tempo_high', 'energy_very_high'})",2141,energy_very_high|liveness_very_high|tempo_high
0.0256471687490267,"frozenset({'mode_0', 'tempo_high', 'loudness_high'})",2141,loudness_high|mode_0|tempo_high
0.025635189688424632,"frozenset({'instrumentalness_low', 'liveness_high', 'energy_very_high'})",2140,energy_very_high|instrumentalness_low|liveness_high
0.025635189688424632,"frozenset({'instrumentalness_low', 'danceability_very_high', 'liveness_very_high'})",2140,danceability_very_high|instrumentalness_low|liveness_very_high
0.025623210627822565,"frozenset({'instrumentalness_low', 'speechiness_very_high', 'mode_1', 'acousticness_high'})",2139,acousticness_high|instrumentalness_low|mode_1|speechiness_very_high
0.025611231567220498,"frozenset({'liveness_very_low', 'valence_very_high', 'mode_1', 'danceability_very_high'})",2138,danceability_very_high|liveness_very_low|mode_1|valence_very_high
0.02559925250661843,"frozenset({'mode_0', 'instrumentalness_high', 'tempo_low'})",2137,instrumentalness_high|mode_0|tempo_low
0.02559925250661843,"frozenset({'valence_low', 'speechiness_very_low', 'loudness_low'})",2137,loudness_low|speechiness_very_low|valence_low
0.025587273446016363,"frozenset({'acousticness_very_high', 'speechiness_very_low', 'mode_1', 'instrumentalness_low', 'energy_very_low'})",2136,acousticness_very_high|energy_very_low|instrumentalness_low|mode_1|speechiness_very_low
0.025587273446016363,"frozenset({'instrumentalness_low', 'mode_1', 'key_very_low', 'speechiness_high'})",2136,instrumentalness_low|key_very_low|mode_1|speechiness_high
0.025575294385414296,"frozenset({'instrumentalness_low', 'energy_very_low', 'valence_high'})",2135,energy_very_low|instrumentalness_low|valence_high
0.025575294385414296,"frozenset({'key_low', 'liveness_very_high', 'mode_1'})",2135,key_low|liveness_very_high|mode_1
0.025575294385414296,"frozenset({'acousticness_low', 'valence_very_high', 'duration_ms_low'})",2135,acousticness_low|duration_ms_low|valence_very_high
0.025575294385414296,"frozenset({'mode_0', 'tempo_low', 'acousticness_high'})",2135,acousticness_high|mode_0|tempo_low
0.025575294385414296,"frozenset({'liveness_very_low', 'valence_very_high', 'acousticness_low'})",2135,acousticness_low|liveness_very_low|valence_very_high
0.025575294385414296,"frozenset({'energy_low', 'loudness_low', 'duration_ms_low'})",2135,duration_ms_low|energy_low|loudness_low
0.02556331532481223,"frozenset({'instrumentalness_low', 'valence_very_high', 'mode_1', 'tempo_high'})",2134,instrumentalness_low|mode_1|tempo_high|valence_very_high
0.02556331532481223,"frozenset({'loudness_very_high', 'speechiness_very_high', 'key_high'})",2134,key_high|loudness_very_high|speechiness_very_high
0.02556331532481223,"frozenset({'acousticness_very_low', 'tempo_very_high', 'danceability_low'})",2134,acousticness_very_low|danceability_low|tempo_very_high
0.02556331532481223,"frozenset({'loudness_very_high', 'speechiness_very_high', 'valence_high'})",2134,loudness_very_high|speechiness_very_high|valence_high
0.02556331532481223,"frozenset({'mode_0', 'valence_very_high', 'speechiness_high'})",2134,mode_0|speechiness_high|valence_very_high
0.02555133626421016,"frozenset({'duration_ms_very_low', 'loudness_very_low', 'acousticness_very_high', 'danceability_very_low'})",2133,acousticness_very_high|danceability_very_low|duration_ms_very_low|loudness_very_low
0.02555133626421016,"frozenset({'liveness_very_high', 'energy_very_high', 'loudness_high'})",2133,energy_very_high|liveness_very_high|loudness_high
0.02555133626421016,"frozenset({'valence_very_high', 'duration_ms_very_high', 'mode_1'})",2133,duration_ms_very_high|mode_1|valence_very_high
0.025539357203608094,"frozenset({'loudness_very_low', 'danceability_very_low', 'valence_very_low', 'instrumentalness_high', 'mode_1', 'energy_very_low'})",2132,danceability_very_low|energy_very_low|instrumentalness_high|loudness_very_low|mode_1|valence_very_low
0.025539357203608094,"frozenset({'instrumentalness_low', 'tempo_very_low', 'duration_ms_very_high'})",2132,duration_ms_very_high|instrumentalness_low|tempo_very_low
0.025527378143006027,"frozenset({'danceability_very_low', 'acousticness_very_low', 'liveness_very_high', 'energy_very_high'})",2131,acousticness_very_low|danceability_very_low|energy_very_high|liveness_very_high
0.025527378143006027,"frozenset({'danceability_very_low', 'tempo_very_high', 'duration_ms_very_high'})",2131,danceability_very_low|duration_ms_very_high|tempo_very_high
0.025527378143006027,"frozenset({'acousticness_very_low', 'liveness_very_high', 'instrumentalness_high'})",2131,acousticness_very_low|instrumentalness_high|liveness_very_high
0.025515399082403956,"frozenset({'energy_low', 'duration_ms_low', 'acousticness_high'})",2130,acousticness_high|duration_ms_low|energy_low
0.025515399082403956,"frozenset({'duration_ms_very_high', 'valence_very_low', 'loudness_very_low', 'energy_very_low'})",2130,duration_ms_very_high|energy_very_low|loudness_very_low|valence_very_low
0.025515399082403956,"frozenset({'acousticness_very_low', 'tempo_very_high', 'key_very_low'})",2130,acousticness_very_low|key_very_low|tempo_very_high
0.025515399082403956,"frozenset({'acousticness_very_low', 'instrumentalness_medium', 'duration_ms_high'})",2130,acousticness_very_low|duration_ms_high|instrumentalness_medium
0.025515399082403956,"frozenset({'acousticness_very_low', 'instrumentalness_high', 'tempo_very_high'})",2130,acousticness_very_low|instrumentalness_high|tempo_very_high
0.025515399082403956,"frozenset({'mode_0', 'liveness_very_high', 'speechiness_high'})",2130,liveness_very_high|mode_0|speechiness_high
0.025515399082403956,"frozenset({'key_low', 'duration_ms_low', 'mode_1'})",2130,duration_ms_low|key_low|mode_1
0.025515399082403956,"frozenset({'acousticness_very_low', 'mode_1', 'danceability_very_high'})",2130,acousticness_very_low|danceability_very_high|mode_1
0.025515399082403956,"frozenset({'instrumentalness_low', 'liveness_low', 'mode_1', 'acousticness_high'})",2130,acousticness_high|instrumentalness_low|liveness_low|mode_1
0.025515399082403956,"frozenset({'instrumentalness_low', 'liveness_very_high', 'acousticness_low', 'mode_1'})",2130,acousticness_low|instrumentalness_low|liveness_very_high|mode_1
0.025515399082403956,"frozenset({'instrumentalness_low', 'loudness_very_high', 'mode_1', 'acousticness_high'})",2130,acousticness_high|instrumentalness_low|loudness_very_high|mode_1
0.02550342002180189,"frozenset({'duration_ms_very_low', 'danceability_very_high', 'energy_low'})",2129,danceability_very_high|duration_ms_very_low|energy_low
0.025491440961199822,"frozenset({'acousticness_low', 'tempo_very_high', 'speechiness_very_high'})",2128,acousticness_low|speechiness_very_high|tempo_very_high
0.025491440961199822,"frozenset({'speechiness_low', 'acousticness_very_high', 'danceability_very_low', 'mode_1', 'energy_very_low'})",2128,acousticness_very_high|danceability_very_low|energy_very_low|mode_1|speechiness_low
0.025491440961199822,"frozenset({'loudness_very_high', 'liveness_very_high', 'key_very_low'})",2128,key_very_low|liveness_very_high|loudness_very_high
0.025491440961199822,"frozenset({'loudness_low', 'key_very_low', 'acousticness_high'})",2128,acousticness_high|key_very_low|loudness_low
0.025491440961199822,"frozenset({'instrumentalness_low', 'speechiness_very_low', 'duration_ms_very_high', 'mode_1'})",2128,duration_ms_very_high|instrumentalness_low|mode_1|speechiness_very_low
0.025491440961199822,"frozenset({'instrumentalness_low', 'mode_1', 'key_very_low', 'speechiness_low'})",2128,instrumentalness_low|key_very_low|mode_1|speechiness_low
0.025479461900597754,"frozenset({'speechiness_very_low', 'energy_low', 'liveness_low'})",2127,energy_low|liveness_low|speechiness_very_low
0.025479461900597754,"frozenset({'valence_low', 'mode_0', 'instrumentalness_medium'})",2127,instrumentalness_medium|mode_0|valence_low
0.025479461900597754,"frozenset({'instrumentalness_low', 'liveness_very_low', 'speechiness_low'})",2127,instrumentalness_low|liveness_very_low|speechiness_low
0.025467482839995687,"frozenset({'mode_0', 'danceability_high', 'loudness_low'})",2126,danceability_high|loudness_low|mode_0
0.02545550377939362,"frozenset({'instrumentalness_low', 'danceability_very_high', 'duration_ms_low', 'mode_1'})",2125,danceability_very_high|duration_ms_low|instrumentalness_low|mode_1
0.02545550377939362,"frozenset({'mode_0', 'danceability_high', 'duration_ms_low'})",2125,danceability_high|duration_ms_low|mode_0
0.02545550377939362,"frozenset({'instrumentalness_low', 'speechiness_very_low', 'loudness_very_low'})",2125,instrumentalness_low|loudness_very_low|speechiness_very_low
0.02545550377939362,"frozenset({'danceability_very_low', 'key_very_low', 'energy_very_high'})",2125,danceability_very_low|energy_very_high|key_very_low
0.02545550377939362,"frozenset({'instrumentalness_low', 'energy_low', 'speechiness_high'})",2125,energy_low|instrumentalness_low|speechiness_high
0.025443524718791553,"frozenset({'instrumentalness_low', 'tempo_very_high', 'mode_1', 'valence_high'})",2124,instrumentalness_low|mode_1|tempo_very_high|valence_high
0.025443524718791553,"frozenset({'loudness_very_low', 'tempo_very_low', 'liveness_low', 'acousticness_very_high'})",2124,acousticness_very_high|liveness_low|loudness_very_low|tempo_very_low
0.025443524718791553,"frozenset({'instrumentalness_low', 'liveness_very_high', 'tempo_very_high', 'mode_1'})",2124,instrumentalness_low|liveness_very_high|mode_1|tempo_very_high
0.025443524718791553,"frozenset({'valence_low', 'instrumentalness_low', 'mode_1', 'acousticness_high'})",2124,acousticness_high|instrumentalness_low|mode_1|valence_low
0.025443524718791553,"frozenset({'loudness_very_high', 'valence_very_high', 'duration_ms_low'})",2124,duration_ms_low|loudness_very_high|valence_very_high
0.025431545658189485,"frozenset({'valence_very_low', 'liveness_very_high', 'energy_very_high'})",2123,energy_very_high|liveness_very_high|valence_very_low
0.025419566597587418,"frozenset({'valence_very_low', 'tempo_very_low', 'instrumentalness_high', 'acousticness_very_high'})",2122,acousticness_very_high|instrumentalness_high|tempo_very_low|valence_very_low
0.02540758753698535,"frozenset({'instrumentalness_low', 'key_very_high', 'energy_very_high'})",2121,energy_very_high|instrumentalness_low|key_very_high
0.02540758753698535,"frozenset({'speechiness_low', 'energy_very_low', 'key_very_low'})",2121,energy_very_low|key_very_low|speechiness_low
0.02540758753698535,"frozenset({'danceability_very_high', 'energy_low', 'valence_high'})",2121,danceability_very_high|energy_low|valence_high
0.02540758753698535,"frozenset({'key_low', 'instrumentalness_low', 'acousticness_low'})",2121,acousticness_low|instrumentalness_low|key_low
0.025395608476383284,"frozenset({'danceability_low', 'liveness_high', 'instrumentalness_low', 'mode_1'})",2120,danceability_low|instrumentalness_low|liveness_high|mode_1
0.025395608476383284,"frozenset({'duration_ms_very_low', 'speechiness_very_low', 'energy_very_low'})",2120,duration_ms_very_low|energy_very_low|speechiness_very_low
0.025395608476383284,"frozenset({'acousticness_very_low', 'energy_high', 'tempo_high'})",2120,acousticness_very_low|energy_high|tempo_high
0.025383629415781213,"frozenset({'valence_very_low', 'instrumentalness_high', 'mode_1', 'acousticness_very_low'})",2119,acousticness_very_low|instrumentalness_high|mode_1|valence_very_low
0.025383629415781213,"frozenset({'instrumentalness_low', 'liveness_very_low', 'mode_1', 'acousticness_high'})",2119,acousticness_high|instrumentalness_low|liveness_very_low|mode_1
0.025383629415781213,"frozenset({'speechiness_low', 'loudness_very_low', 'danceability_very_low', 'mode_1', 'energy_very_low'})",2119,danceability_very_low|energy_very_low|loudness_very_low|mode_1|speechiness_low
0.025371650355179146,"frozenset({'instrumentalness_low', 'energy_low', 'liveness_low', 'mode_1'})",2118,energy_low|instrumentalness_low|liveness_low|mode_1
0.025371650355179146,"frozenset({'instrumentalness_low', 'tempo_very_high', 'acousticness_low', 'mode_1'})",2118,acousticness_low|instrumentalness_low|mode_1|tempo_very_high
0.025371650355179146,"frozenset({'danceability_very_high', 'energy_low', 'loudness_high'})",2118,danceability_very_high|energy_low|loudness_high
0.025371650355179146,"frozenset({'mode_0', 'energy_high', 'liveness_very_high'})",2118,energy_high|liveness_very_high|mode_0
0.025371650355179146,"frozenset({'liveness_high', 'energy_high', 'acousticness_low'})",2118,acousticness_low|energy_high|liveness_high
0.02535967129457708,"frozenset({'loudness_very_high', 'tempo_very_high', 'duration_ms_low'})",2117,duration_ms_low|loudness_very_high|tempo_very_high
0.02535967129457708,"frozenset({'instrumentalness_low', 'liveness_low', 'tempo_high'})",2117,instrumentalness_low|liveness_low|tempo_high
0.02535967129457708,"frozenset({'speechiness_low', 'liveness_very_low', 'mode_0'})",2117,liveness_very_low|mode_0|speechiness_low
0.02534769223397501,"frozenset({'valence_low', 'speechiness_very_low', 'duration_ms_high'})",2116,duration_ms_high|speechiness_very_low|valence_low
0.02534769223397501,"frozenset({'acousticness_very_low', 'instrumentalness_medium', 'speechiness_very_high'})",2116,acousticness_very_low|instrumentalness_medium|speechiness_very_high
0.025335713173372944,"frozenset({'key_very_high', 'speechiness_very_high', 'energy_very_high'})",2115,energy_very_high|key_very_high|speechiness_very_high
0.025335713173372944,"frozenset({'speechiness_very_low', 'tempo_very_low', 'energy_very_low', 'acousticness_very_high'})",2115,acousticness_very_high|energy_very_low|speechiness_very_low|tempo_very_low
0.025323734112770876,"frozenset({'danceability_very_high', 'energy_high', 'key_very_low'})",2114,danceability_very_high|energy_high|key_very_low
0.025323734112770876,"frozenset({'instrumentalness_low', 'speechiness_high', 'tempo_high'})",2114,instrumentalness_low|speechiness_high|tempo_high
0.02531175505216881,"frozenset({'speechiness_low', 'mode_0', 'energy_very_low'})",2113,energy_very_low|mode_0|speechiness_low
0.02531175505216881,"frozenset({'mode_0', 'energy_low', 'duration_ms_very_high'})",2113,duration_ms_very_high|energy_low|mode_0
0.02531175505216881,"frozenset({'duration_ms_very_low', 'energy_low', 'loudness_low'})",2113,duration_ms_very_low|energy_low|loudness_low
0.025299775991566742,"frozenset({'acousticness_very_low', 'liveness_very_high', 'speechiness_high'})",2112,acousticness_very_low|liveness_very_high|speechiness_high
0.025299775991566742,"frozenset({'danceability_very_low', 'tempo_very_high', 'speechiness_very_high'})",2112,danceability_very_low|speechiness_very_high|tempo_very_high
0.025299775991566742,"frozenset({'danceability_very_low', 'liveness_very_high', 'speechiness_very_high'})",2112,danceability_very_low|liveness_very_high|speechiness_very_high
0.025299775991566742,"frozenset({'mode_0', 'valence_very_high', 'speechiness_very_high'})",2112,mode_0|speechiness_very_high|valence_very_high
0.025299775991566742,"frozenset({'duration_ms_very_low', 'liveness_low', 'energy_very_low', 'mode_1'})",2112,duration_ms_very_low|energy_very_low|liveness_low|mode_1
0.025299775991566742,"frozenset({'loudness_very_low', 'instrumentalness_high', 'liveness_low', 'mode_1', 'energy_very_low'})",2112,energy_very_low|instrumentalness_high|liveness_low|loudness_very_low|mode_1
0.025287796930964675,"frozenset({'instrumentalness_low', 'liveness_very_low', 'mode_1', 'danceability_very_high'})",2111,danceability_very_high|instrumentalness_low|liveness_very_low|mode_1
0.025287796930964675,"frozenset({'speechiness_very_low', 'liveness_low', 'duration_ms_high'})",2111,duration_ms_high|liveness_low|speechiness_very_low
0.025275817870362607,"frozenset({'tempo_very_high', 'mode_0', 'acousticness_low'})",2110,acousticness_low|mode_0|tempo_very_high
0.025275817870362607,"frozenset({'valence_low', 'instrumentalness_low', 'energy_very_low', 'acousticness_very_high'})",2110,acousticness_very_high|energy_very_low|instrumentalness_low|valence_low
0.02526383880976054,"frozenset({'instrumentalness_low', 'energy_very_low', 'duration_ms_high'})",2109,duration_ms_high|energy_very_low|instrumentalness_low
0.02526383880976054,"frozenset({'liveness_very_high', 'loudness_very_low', 'acousticness_very_high'})",2109,acousticness_very_high|liveness_very_high|loudness_very_low
0.02526383880976054,"frozenset({'danceability_very_high', 'loudness_low', 'tempo_low'})",2109,danceability_very_high|loudness_low|tempo_low
0.02525185974915847,"frozenset({'instrumentalness_medium', 'energy_high', 'loudness_high'})",2108,energy_high|instrumentalness_medium|loudness_high
0.02525185974915847,"frozenset({'instrumentalness_low', 'loudness_very_high', 'energy_high', 'acousticness_low'})",2108,acousticness_low|energy_high|instrumentalness_low|loudness_very_high
0.02525185974915847,"frozenset({'acousticness_very_low', 'instrumentalness_medium', 'key_very_low'})",2108,acousticness_very_low|instrumentalness_medium|key_very_low
0.02525185974915847,"frozenset({'mode_0', 'energy_low', 'danceability_high'})",2108,danceability_high|energy_low|mode_0
0.025239880688556402,"frozenset({'loudness_very_low', 'valence_very_low', 'liveness_low', 'instrumentalness_high', 'energy_very_low'})",2107,energy_very_low|instrumentalness_high|liveness_low|loudness_very_low|valence_very_low
0.025239880688556402,"frozenset({'danceability_very_high', 'instrumentalness_high', 'speechiness_high'})",2107,danceability_very_high|instrumentalness_high|speechiness_high
0.025239880688556402,"frozenset({'danceability_very_high', 'valence_very_high', 'duration_ms_high'})",2107,danceability_very_high|duration_ms_high|valence_very_high
0.025239880688556402,"frozenset({'instrumentalness_low', 'danceability_very_high', 'mode_1', 'loudness_high'})",2107,danceability_very_high|instrumentalness_low|loudness_high|mode_1
0.025239880688556402,"frozenset({'liveness_very_low', 'energy_low', 'mode_0'})",2107,energy_low|liveness_very_low|mode_0
0.025239880688556402,"frozenset({'speechiness_low', 'valence_very_low', 'tempo_very_low'})",2107,speechiness_low|tempo_very_low|valence_very_low
0.025227901627954335,"frozenset({'loudness_very_low', 'danceability_very_low', 'valence_very_low', 'tempo_very_low', 'instrumentalness_high'})",2106,danceability_very_low|instrumentalness_high|loudness_very_low|tempo_very_low|valence_very_low
0.025227901627954335,"frozenset({'loudness_very_low', 'speechiness_very_high', 'mode_1'})",2106,loudness_very_low|mode_1|speechiness_very_high
0.025227901627954335,"frozenset({'instrumentalness_low', 'duration_ms_low', 'mode_1', 'key_high'})",2106,duration_ms_low|instrumentalness_low|key_high|mode_1
0.025215922567352268,"frozenset({'instrumentalness_low', 'loudness_very_high', 'valence_high', 'energy_very_high'})",2105,energy_very_high|instrumentalness_low|loudness_very_high|valence_high
0.025215922567352268,"frozenset({'liveness_very_low', 'duration_ms_very_high', 'danceability_very_high'})",2105,danceability_very_high|duration_ms_very_high|liveness_very_low
0.025215922567352268,"frozenset({'speechiness_very_low', 'danceability_high', 'key_very_low'})",2105,danceability_high|key_very_low|speechiness_very_low
0.025215922567352268,"frozenset({'valence_very_low', 'energy_very_low', 'mode_1', 'key_very_low'})",2105,energy_very_low|key_very_low|mode_1|valence_very_low
0.025215922567352268,"frozenset({'energy_high', 'acousticness_low', 'speechiness_high'})",2105,acousticness_low|energy_high|speechiness_high
0.025215922567352268,"frozenset({'speechiness_very_low', 'energy_low', 'tempo_low'})",2105,energy_low|speechiness_very_low|tempo_low
0.0252039435067502,"frozenset({'valence_low', 'acousticness_very_low', 'mode_1', 'energy_very_high'})",2104,acousticness_very_low|energy_very_high|mode_1|valence_low
0.0252039435067502,"frozenset({'valence_very_low', 'mode_0', 'energy_very_low', 'acousticness_very_high'})",2104,acousticness_very_high|energy_very_low|mode_0|valence_very_low
0.0252039435067502,"frozenset({'loudness_very_high', 'liveness_very_high', 'duration_ms_low'})",2104,duration_ms_low|liveness_very_high|loudness_very_high
0.0252039435067502,"frozenset({'instrumentalness_low', 'speechiness_very_low', 'mode_1', 'key_high'})",2104,instrumentalness_low|key_high|mode_1|speechiness_very_low
0.0252039435067502,"frozenset({'duration_ms_low', 'loudness_very_low', 'energy_very_low', 'mode_1'})",2104,duration_ms_low|energy_very_low|loudness_very_low|mode_1
0.0252039435067502,"frozenset({'liveness_very_low', 'loudness_low', 'danceability_very_high'})",2104,danceability_very_high|liveness_very_low|loudness_low
0.0252039435067502,"frozenset({'acousticness_very_high', 'energy_very_low', 'mode_1', 'duration_ms_high'})",2104,acousticness_very_high|duration_ms_high|energy_very_low|mode_1
0.0252039435067502,"frozenset({'key_very_low', 'danceability_very_high', 'tempo_high'})",2104,danceability_very_high|key_very_low|tempo_high
0.025191964446148133,"frozenset({'duration_ms_very_low', 'tempo_very_low', 'acousticness_very_high', 'mode_1'})",2103,acousticness_very_high|duration_ms_very_low|mode_1|tempo_very_low
0.025191964446148133,"frozenset({'liveness_very_low', 'energy_high', 'acousticness_low'})",2103,acousticness_low|energy_high|liveness_very_low
0.025191964446148133,"frozenset({'instrumentalness_low', 'tempo_very_low', 'loudness_low', 'mode_1'})",2103,instrumentalness_low|loudness_low|mode_1|tempo_very_low
0.025179985385546066,"frozenset({'liveness_very_low', 'mode_0', 'speechiness_very_high'})",2102,liveness_very_low|mode_0|speechiness_very_high
0.025179985385546066,"frozenset({'key_low', 'mode_1', 'tempo_low'})",2102,key_low|mode_1|tempo_low
0.025168006324944,"frozenset({'instrumentalness_high', 'speechiness_very_high', 'energy_very_high'})",2101,energy_very_high|instrumentalness_high|speechiness_very_high
0.025168006324944,"frozenset({'liveness_very_low', 'mode_0', 'loudness_low'})",2101,liveness_very_low|loudness_low|mode_0
0.02515602726434193,"frozenset({'duration_ms_very_high', 'loudness_low', 'tempo_high'})",2100,duration_ms_very_high|loudness_low|tempo_high
0.02515602726434193,"frozenset({'acousticness_very_low', 'energy_high', 'duration_ms_very_high'})",2100,acousticness_very_low|duration_ms_very_high|energy_high
0.025144048203739864,"frozenset({'danceability_very_low', 'liveness_low', 'acousticness_very_high', 'mode_1'})",2099,acousticness_very_high|danceability_very_low|liveness_low|mode_1
0.025144048203739864,"frozenset({'duration_ms_very_low', 'speechiness_very_high', 'energy_very_high'})",2099,duration_ms_very_low|energy_very_high|speechiness_very_high
0.025132069143137797,"frozenset({'instrumentalness_low', 'danceability_very_high', 'speechiness_low'})",2098,danceability_very_high|instrumentalness_low|speechiness_low
0.025132069143137797,"frozenset({'instrumentalness_low', 'danceability_high', 'mode_1', 'tempo_high'})",2098,danceability_high|instrumentalness_low|mode_1|tempo_high
0.025132069143137797,"frozenset({'mode_0', 'liveness_low', 'acousticness_very_high'})",2098,acousticness_very_high|liveness_low|mode_0
0.025132069143137797,"frozenset({'key_low', 'instrumentalness_low', 'speechiness_very_high'})",2098,instrumentalness_low|key_low|speechiness_very_high
0.025132069143137797,"frozenset({'mode_0', 'danceability_high', 'tempo_low'})",2098,danceability_high|mode_0|tempo_low
0.025120090082535726,"frozenset({'mode_0', 'duration_ms_low', 'speechiness_high'})",2097,duration_ms_low|mode_0|speechiness_high
0.025120090082535726,"frozenset({'danceability_very_low', 'speechiness_very_low', 'loudness_very_low', 'energy_very_low'})",2097,danceability_very_low|energy_very_low|loudness_very_low|speechiness_very_low
0.02510811102193366,"frozenset({'tempo_very_high', 'speechiness_very_high', 'key_very_low'})",2096,key_very_low|speechiness_very_high|tempo_very_high
0.02509613196133159,"frozenset({'liveness_very_low', 'instrumentalness_high', 'energy_very_low'})",2095,energy_very_low|instrumentalness_high|liveness_very_low
0.02509613196133159,"frozenset({'loudness_very_high', 'duration_ms_low', 'key_very_low'})",2095,duration_ms_low|key_very_low|loudness_very_high
0.02509613196133159,"frozenset({'acousticness_low', 'mode_0', 'duration_ms_very_high'})",2095,acousticness_low|duration_ms_very_high|mode_0
0.02509613196133159,"frozenset({'speechiness_high', 'energy_very_high', 'duration_ms_high'})",2095,duration_ms_high|energy_very_high|speechiness_high
0.025084152900729524,"frozenset({'instrumentalness_low', 'loudness_very_high', 'danceability_low', 'energy_very_high'})",2094,danceability_low|energy_very_high|instrumentalness_low|loudness_very_high
0.025084152900729524,"frozenset({'danceability_high', 'acousticness_low', 'valence_very_high'})",2094,acousticness_low|danceability_high|valence_very_high
0.025084152900729524,"frozenset({'mode_0', 'instrumentalness_medium', 'tempo_very_high'})",2094,instrumentalness_medium|mode_0|tempo_very_high
0.025084152900729524,"frozenset({'key_low', 'instrumentalness_low', 'tempo_very_high'})",2094,instrumentalness_low|key_low|tempo_very_high
0.025084152900729524,"frozenset({'liveness_very_low', 'acousticness_very_low', 'tempo_high'})",2094,acousticness_very_low|liveness_very_low|tempo_high
0.025084152900729524,"frozenset({'danceability_very_low', 'tempo_very_low', 'instrumentalness_high', 'acousticness_very_high'})",2094,acousticness_very_high|danceability_very_low|instrumentalness_high|tempo_very_low
0.025084152900729524,"frozenset({'acousticness_very_low', 'mode_1', 'energy_very_high', 'duration_ms_high'})",2094,acousticness_very_low|duration_ms_high|energy_very_high|mode_1
0.025072173840127457,"frozenset({'instrumentalness_low', 'loudness_very_low', 'key_very_low'})",2093,instrumentalness_low|key_very_low|loudness_very_low
0.025072173840127457,"frozenset({'speechiness_very_low', 'key_very_low', 'duration_ms_high'})",2093,duration_ms_high|key_very_low|speechiness_very_low
0.025072173840127457,"frozenset({'acousticness_very_low', 'duration_ms_very_high', 'key_very_low'})",2093,acousticness_very_low|duration_ms_very_high|key_very_low
0.025072173840127457,"frozenset({'valence_low', 'liveness_low', 'mode_1', 'instrumentalness_low'})",2093,instrumentalness_low|liveness_low|mode_1|valence_low
0.025072173840127457,"frozenset({'duration_ms_very_low', 'tempo_very_low', 'energy_very_low', 'mode_1'})",2093,duration_ms_very_low|energy_very_low|mode_1|tempo_very_low
0.02506019477952539,"frozenset({'instrumentalness_low', 'acousticness_very_low', 'duration_ms_high'})",2092,acousticness_very_low|duration_ms_high|instrumentalness_low
0.02506019477952539,"frozenset({'key_low', 'mode_0', 'speechiness_very_high'})",2092,key_low|mode_0|speechiness_very_high
0.02506019477952539,"frozenset({'mode_0', 'valence_high', 'tempo_low'})",2092,mode_0|tempo_low|valence_high
0.025048215718923322,"frozenset({'acousticness_very_high', 'speechiness_very_high', 'mode_1'})",2091,acousticness_very_high|mode_1|speechiness_very_high
0.025036236658321255,"frozenset({'instrumentalness_low', 'mode_0', 'energy_very_low'})",2090,energy_very_low|instrumentalness_low|mode_0
0.025036236658321255,"frozenset({'danceability_very_low', 'valence_very_low', 'liveness_low', 'acousticness_very_high'})",2090,acousticness_very_high|danceability_very_low|liveness_low|valence_very_low
0.025036236658321255,"frozenset({'speechiness_very_low', 'liveness_low', 'acousticness_very_high', 'mode_1'})",2090,acousticness_very_high|liveness_low|mode_1|speechiness_very_low
0.025024257597719188,"frozenset({'danceability_very_high', 'key_very_low', 'acousticness_high'})",2089,acousticness_high|danceability_very_high|key_very_low
0.025024257597719188,"frozenset({'instrumentalness_high', 'valence_very_low', 'loudness_very_low', 'duration_ms_very_high'})",2089,duration_ms_very_high|instrumentalness_high|loudness_very_low|valence_very_low
0.02501227853711712,"frozenset({'instrumentalness_low', 'danceability_high', 'loudness_low', 'mode_1'})",2088,danceability_high|instrumentalness_low|loudness_low|mode_1
0.02501227853711712,"frozenset({'loudness_very_low', 'valence_very_low', 'liveness_low', 'mode_1', 'energy_very_low'})",2088,energy_very_low|liveness_low|loudness_very_low|mode_1|valence_very_low
0.02501227853711712,"frozenset({'instrumentalness_low', 'valence_very_high', 'mode_1', 'speechiness_low'})",2088,instrumentalness_low|mode_1|speechiness_low|valence_very_high
0.025000299476515053,"frozenset({'liveness_high', 'instrumentalness_medium', 'mode_0'})",2087,instrumentalness_medium|liveness_high|mode_0
0.024988320415912983,"frozenset({'loudness_very_high', 'acousticness_low', 'duration_ms_high'})",2086,acousticness_low|duration_ms_high|loudness_very_high
0.024988320415912983,"frozenset({'speechiness_very_low', 'energy_very_low', 'tempo_low'})",2086,energy_very_low|speechiness_very_low|tempo_low
0.024988320415912983,"frozenset({'loudness_very_low', 'acousticness_very_high', 'mode_1', 'tempo_low'})",2086,acousticness_very_high|loudness_very_low|mode_1|tempo_low
0.024976341355310915,"frozenset({'danceability_very_high', 'loudness_low', 'acousticness_high'})",2085,acousticness_high|danceability_very_high|loudness_low
0.024976341355310915,"frozenset({'instrumentalness_low', 'liveness_low', 'acousticness_very_high', 'mode_1'})",2085,acousticness_very_high|instrumentalness_low|liveness_low|mode_1
0.024964362294708848,"frozenset({'acousticness_very_low', 'instrumentalness_high', 'key_very_high'})",2084,acousticness_very_low|instrumentalness_high|key_very_high
0.02495238323410678,"frozenset({'valence_low', 'speechiness_very_low', 'energy_very_low', 'mode_1'})",2083,energy_very_low|mode_1|speechiness_very_low|valence_low
0.02495238323410678,"frozenset({'instrumentalness_low', 'speechiness_very_low', 'tempo_very_high'})",2083,instrumentalness_low|speechiness_very_low|tempo_very_high
0.024940404173504713,"frozenset({'acousticness_very_low', 'speechiness_very_high', 'mode_1', 'energy_very_high', 'loudness_very_high'})",2082,acousticness_very_low|energy_very_high|loudness_very_high|mode_1|speechiness_very_high
0.024928425112902646,"frozenset({'instrumentalness_low', 'tempo_very_low', 'speechiness_low'})",2081,instrumentalness_low|speechiness_low|tempo_very_low
0.024928425112902646,"frozenset({'danceability_very_low', 'duration_ms_very_high', 'acousticness_very_high'})",2081,acousticness_very_high|danceability_very_low|duration_ms_very_high
0.02491644605230058,"frozenset({'mode_0', 'energy_low', 'tempo_very_low'})",2080,energy_low|mode_0|tempo_very_low
0.02491644605230058,"frozenset({'liveness_high', 'mode_0', 'valence_high'})",2080,liveness_high|mode_0|valence_high
0.02491644605230058,"frozenset({'valence_low', 'instrumentalness_low', 'mode_1', 'loudness_high'})",2080,instrumentalness_low|loudness_high|mode_1|valence_low
0.02491644605230058,"frozenset({'danceability_very_low', 'liveness_very_high', 'key_very_low'})",2080,danceability_very_low|key_very_low|liveness_very_high
0.02491644605230058,"frozenset({'duration_ms_very_high', 'loudness_very_low', 'energy_very_low', 'mode_1'})",2080,duration_ms_very_high|energy_very_low|loudness_very_low|mode_1
0.02490446699169851,"frozenset({'duration_ms_very_low', 'danceability_high', 'mode_1', 'instrumentalness_low'})",2079,danceability_high|duration_ms_very_low|instrumentalness_low|mode_1
0.02490446699169851,"frozenset({'danceability_very_high', 'liveness_very_high', 'mode_1'})",2079,danceability_very_high|liveness_very_high|mode_1
0.02490446699169851,"frozenset({'instrumentalness_low', 'mode_0', 'speechiness_very_high', 'danceability_very_high'})",2079,danceability_very_high|instrumentalness_low|mode_0|speechiness_very_high
0.02490446699169851,"frozenset({'instrumentalness_high', 'duration_ms_very_high', 'key_high'})",2079,duration_ms_very_high|instrumentalness_high|key_high
0.024892487931096444,"frozenset({'mode_0', 'instrumentalness_medium', 'loudness_low'})",2078,instrumentalness_medium|loudness_low|mode_0
0.024892487931096444,"frozenset({'instrumentalness_low', 'speechiness_very_low', 'energy_low', 'acousticness_high'})",2078,acousticness_high|energy_low|instrumentalness_low|speechiness_very_low
0.024880508870494377,"frozenset({'valence_very_low', 'tempo_very_low', 'key_very_low'})",2077,key_very_low|tempo_very_low|valence_very_low
0.02486852980989231,"frozenset({'key_low', 'mode_1', 'tempo_high'})",2076,key_low|mode_1|tempo_high
0.02486852980989231,"frozenset({'danceability_very_low', 'loudness_very_high', 'tempo_very_high', 'energy_very_high'})",2076,danceability_very_low|energy_very_high|loudness_very_high|tempo_very_high
0.02486852980989231,"frozenset({'liveness_very_high', 'key_high', 'energy_very_high'})",2076,energy_very_high|key_high|liveness_very_high
0.02485655074929024,"frozenset({'liveness_very_high', 'loudness_very_low', 'energy_very_low'})",2075,energy_very_low|liveness_very_high|loudness_very_low
0.02485655074929024,"frozenset({'instrumentalness_low', 'acousticness_very_low', 'key_very_low'})",2075,acousticness_very_low|instrumentalness_low|key_very_low
0.02485655074929024,"frozenset({'speechiness_low', 'mode_0', 'liveness_low'})",2075,liveness_low|mode_0|speechiness_low
0.02485655074929024,"frozenset({'mode_0', 'duration_ms_very_high', 'tempo_low'})",2075,duration_ms_very_high|mode_0|tempo_low
0.02485655074929024,"frozenset({'danceability_very_high', 'valence_high', 'tempo_low'})",2075,danceability_very_high|tempo_low|valence_high
0.02485655074929024,"frozenset({'valence_very_low', 'acousticness_very_low', 'key_very_low'})",2075,acousticness_very_low|key_very_low|valence_very_low
0.024844571688688172,"frozenset({'energy_high', 'speechiness_high', 'loudness_high'})",2074,energy_high|loudness_high|speechiness_high
0.024844571688688172,"frozenset({'valence_low', 'acousticness_very_low', 'instrumentalness_medium'})",2074,acousticness_very_low|instrumentalness_medium|valence_low
0.024844571688688172,"frozenset({'mode_0', 'instrumentalness_medium', 'tempo_high'})",2074,instrumentalness_medium|mode_0|tempo_high
0.024844571688688172,"frozenset({'speechiness_very_low', 'instrumentalness_medium', 'energy_very_low'})",2074,energy_very_low|instrumentalness_medium|speechiness_very_low
0.024844571688688172,"frozenset({'liveness_very_low', 'energy_high', 'loudness_high'})",2074,energy_high|liveness_very_low|loudness_high
0.024844571688688172,"frozenset({'instrumentalness_high', 'mode_0', 'loudness_very_low', 'acousticness_very_high'})",2074,acousticness_very_high|instrumentalness_high|loudness_very_low|mode_0
0.024844571688688172,"frozenset({'danceability_very_low', 'acousticness_very_low', 'loudness_high'})",2074,acousticness_very_low|danceability_very_low|loudness_high
0.024832592628086105,"frozenset({'danceability_very_low', 'instrumentalness_high', 'acousticness_very_high', 'speechiness_low'})",2073,acousticness_very_high|danceability_very_low|instrumentalness_high|speechiness_low
0.024820613567484037,"frozenset({'mode_0', 'liveness_very_high', 'loudness_high'})",2072,liveness_very_high|loudness_high|mode_0
0.024820613567484037,"frozenset({'liveness_very_low', 'energy_low', 'acousticness_high'})",2072,acousticness_high|energy_low|liveness_very_low
0.02480863450688197,"frozenset({'mode_0', 'speechiness_high', 'tempo_low'})",2071,mode_0|speechiness_high|tempo_low
0.02480863450688197,"frozenset({'key_low', 'tempo_very_high', 'mode_1'})",2071,key_low|mode_1|tempo_very_high
0.02480863450688197,"frozenset({'liveness_very_low', 'valence_very_high', 'acousticness_high'})",2071,acousticness_high|liveness_very_low|valence_very_high
0.024796655446279903,"frozenset({'instrumentalness_high', 'tempo_high', 'energy_very_high'})",2070,energy_very_high|instrumentalness_high|tempo_high
0.024796655446279903,"frozenset({'valence_very_low', 'danceability_very_high'})",2070,danceability_very_high|valence_very_low
0.024784676385677835,"frozenset({'duration_ms_very_low', 'instrumentalness_low', 'mode_1', 'valence_high'})",2069,duration_ms_very_low|instrumentalness_low|mode_1|valence_high
0.024784676385677835,"frozenset({'liveness_high', 'mode_0', 'loudness_high'})",2069,liveness_high|loudness_high|mode_0
0.024772697325075768,"frozenset({'valence_very_low', 'liveness_very_high', 'instrumentalness_high'})",2068,instrumentalness_high|liveness_very_high|valence_very_low
0.024772697325075768,"frozenset({'mode_0', 'liveness_very_high', 'danceability_low'})",2068,danceability_low|liveness_very_high|mode_0
0.024772697325075768,"frozenset({'acousticness_very_low', 'tempo_high', 'loudness_high'})",2068,acousticness_very_low|loudness_high|tempo_high
0.0247607182644737,"frozenset({'danceability_very_low', 'mode_0', 'energy_very_low', 'acousticness_very_high'})",2067,acousticness_very_high|danceability_very_low|energy_very_low|mode_0
0.0247607182644737,"frozenset({'danceability_very_high', 'valence_very_high', 'mode_1', 'acousticness_high'})",2067,acousticness_high|danceability_very_high|mode_1|valence_very_high
0.0247607182644737,"frozenset({'acousticness_very_low', 'liveness_very_high', 'speechiness_very_high', 'energy_very_high'})",2067,acousticness_very_low|energy_very_high|liveness_very_high|speechiness_very_high
0.024748739203871634,"frozenset({'instrumentalness_low', 'loudness_very_high', 'liveness_low'})",2066,instrumentalness_low|liveness_low|loudness_very_high
0.024748739203871634,"frozenset({'valence_low', 'mode_0', 'energy_low'})",2066,energy_low|mode_0|valence_low
0.024748739203871634,"frozenset({'acousticness_very_low', 'instrumentalness_high', 'danceability_very_high'})",2066,acousticness_very_low|danceability_very_high|instrumentalness_high
0.024748739203871634,"frozenset({'valence_low', 'mode_0', 'duration_ms_very_high'})",2066,duration_ms_very_high|mode_0|valence_low
0.024748739203871634,"frozenset({'instrumentalness_low', 'key_high', 'speechiness_low'})",2066,instrumentalness_low|key_high|speechiness_low
0.024748739203871634,"frozenset({'instrumentalness_low', 'energy_low', 'mode_1', 'key_high'})",2066,energy_low|instrumentalness_low|key_high|mode_1
0.024748739203871634,"frozenset({'loudness_very_high', 'instrumentalness_medium', 'tempo_very_high'})",2066,instrumentalness_medium|loudness_very_high|tempo_very_high
0.024736760143269566,"frozenset({'mode_0', 'loudness_low', 'tempo_high'})",2065,loudness_low|mode_0|tempo_high
0.024736760143269566,"frozenset({'instrumentalness_low', 'liveness_low', 'speechiness_low'})",2065,instrumentalness_low|liveness_low|speechiness_low
0.024736760143269566,"frozenset({'energy_high', 'tempo_very_high', 'loudness_high'})",2065,energy_high|loudness_high|tempo_very_high
0.024736760143269566,"frozenset({'acousticness_very_high', 'loudness_very_low', 'danceability_very_low', 'tempo_very_low', 'mode_1', 'energy_very_low'})",2065,acousticness_very_high|danceability_very_low|energy_very_low|loudness_very_low|mode_1|tempo_very_low
0.024724781082667496,"frozenset({'valence_very_low', 'mode_0', 'tempo_high'})",2064,mode_0|tempo_high|valence_very_low
0.024724781082667496,"frozenset({'instrumentalness_high', 'liveness_low', 'key_very_low'})",2064,instrumentalness_high|key_very_low|liveness_low
0.024724781082667496,"frozenset({'energy_low', 'loudness_low', 'tempo_high'})",2064,energy_low|loudness_low|tempo_high
0.024724781082667496,"frozenset({'acousticness_low', 'mode_0', 'loudness_low'})",2064,acousticness_low|loudness_low|mode_0
0.024724781082667496,"frozenset({'instrumentalness_high', 'mode_1', 'duration_ms_high'})",2064,duration_ms_high|instrumentalness_high|mode_1
0.02471280202206543,"frozenset({'key_low', 'mode_0', 'danceability_very_high'})",2063,danceability_very_high|key_low|mode_0
0.02471280202206543,"frozenset({'speechiness_very_low', 'energy_very_low', 'mode_1', 'key_very_low'})",2063,energy_very_low|key_very_low|mode_1|speechiness_very_low
0.02471280202206543,"frozenset({'liveness_high', 'mode_0', 'speechiness_very_high'})",2063,liveness_high|mode_0|speechiness_very_high
0.02471280202206543,"frozenset({'mode_0', 'tempo_very_low', 'liveness_low'})",2063,liveness_low|mode_0|tempo_very_low
0.02470082296146336,"frozenset({'instrumentalness_low', 'speechiness_very_low', 'mode_1', 'valence_high'})",2062,instrumentalness_low|mode_1|speechiness_very_low|valence_high
0.02470082296146336,"frozenset({'key_very_high', 'energy_high', 'loudness_high'})",2062,energy_high|key_very_high|loudness_high
0.02470082296146336,"frozenset({'danceability_very_low', 'acousticness_very_low', 'duration_ms_very_high'})",2062,acousticness_very_low|danceability_very_low|duration_ms_very_high
0.02470082296146336,"frozenset({'liveness_very_low', 'duration_ms_very_high', 'tempo_high'})",2062,duration_ms_very_high|liveness_very_low|tempo_high
0.02470082296146336,"frozenset({'instrumentalness_low', 'liveness_very_low', 'energy_very_low'})",2062,energy_very_low|instrumentalness_low|liveness_very_low
0.024688843900861294,"frozenset({'loudness_very_high', 'liveness_very_high', 'danceability_low'})",2061,danceability_low|liveness_very_high|loudness_very_high
0.024688843900861294,"frozenset({'instrumentalness_low', 'energy_high', 'mode_1', 'key_high'})",2061,energy_high|instrumentalness_low|key_high|mode_1
0.024676864840259227,"frozenset({'energy_high', 'valence_very_high', 'liveness_very_high'})",2060,energy_high|liveness_very_high|valence_very_high
0.024676864840259227,"frozenset({'speechiness_low', 'valence_very_low', 'key_very_low'})",2060,key_very_low|speechiness_low|valence_very_low
0.024676864840259227,"frozenset({'mode_0', 'instrumentalness_medium', 'duration_ms_low'})",2060,duration_ms_low|instrumentalness_medium|mode_0
0.024676864840259227,"frozenset({'instrumentalness_low', 'mode_0', 'valence_very_high', 'danceability_very_high'})",2060,danceability_very_high|instrumentalness_low|mode_0|valence_very_high
0.024676864840259227,"frozenset({'loudness_very_high', 'duration_ms_very_high', 'acousticness_very_low'})",2060,acousticness_very_low|duration_ms_very_high|loudness_very_high
0.02466488577965716,"frozenset({'liveness_very_low', 'acousticness_very_low', 'speechiness_high'})",2059,acousticness_very_low|liveness_very_low|speechiness_high
0.02466488577965716,"frozenset({'valence_very_low', 'liveness_very_high', 'acousticness_very_low'})",2059,acousticness_very_low|liveness_very_high|valence_very_low
0.02466488577965716,"frozenset({'loudness_very_high', 'acousticness_low', 'speechiness_high'})",2059,acousticness_low|loudness_very_high|speechiness_high
0.02466488577965716,"frozenset({'acousticness_very_high', 'valence_very_low', 'liveness_low', 'mode_1', 'energy_very_low'})",2059,acousticness_very_high|energy_very_low|liveness_low|mode_1|valence_very_low
0.02466488577965716,"frozenset({'danceability_very_low', 'valence_very_low', 'instrumentalness_high', 'duration_ms_very_high'})",2059,danceability_very_low|duration_ms_very_high|instrumentalness_high|valence_very_low
0.02466488577965716,"frozenset({'liveness_very_high', 'valence_high', 'energy_very_high'})",2059,energy_very_high|liveness_very_high|valence_high
0.024652906719055092,"frozenset({'duration_ms_very_low', 'valence_very_high', 'key_very_low'})",2058,duration_ms_very_low|key_very_low|valence_very_high
0.024652906719055092,"frozenset({'danceability_low', 'instrumentalness_low', 'loudness_low', 'mode_1'})",2058,danceability_low|instrumentalness_low|loudness_low|mode_1
0.024652906719055092,"frozenset({'loudness_very_high', 'instrumentalness_medium', 'speechiness_very_high'})",2058,instrumentalness_medium|loudness_very_high|speechiness_very_high
0.024652906719055092,"frozenset({'instrumentalness_high', 'mode_1', 'key_very_high'})",2058,instrumentalness_high|key_very_high|mode_1
0.024652906719055092,"frozenset({'danceability_high', 'valence_very_high', 'key_very_low'})",2058,danceability_high|key_very_low|valence_very_high
0.024652906719055092,"frozenset({'instrumentalness_low', 'loudness_very_high', 'mode_1', 'tempo_high'})",2058,instrumentalness_low|loudness_very_high|mode_1|tempo_high
0.024640927658453025,"frozenset({'liveness_very_low', 'valence_very_low', 'duration_ms_very_high'})",2057,duration_ms_very_high|liveness_very_low|valence_very_low
0.024640927658453025,"frozenset({'speechiness_very_low', 'liveness_low', 'key_very_low'})",2057,key_very_low|liveness_low|speechiness_very_low
0.024640927658453025,"frozenset({'valence_low', 'instrumentalness_low', 'loudness_low', 'mode_1'})",2057,instrumentalness_low|loudness_low|mode_1|valence_low
0.024640927658453025,"frozenset({'danceability_very_low', 'mode_0', 'liveness_very_high'})",2057,danceability_very_low|liveness_very_high|mode_0
0.024640927658453025,"frozenset({'duration_ms_very_low', 'danceability_very_high', 'tempo_low'})",2057,danceability_very_high|duration_ms_very_low|tempo_low
0.024640927658453025,"frozenset({'energy_low', 'loudness_low', 'danceability_low'})",2057,danceability_low|energy_low|loudness_low
0.024628948597850957,"frozenset({'speechiness_low', 'loudness_very_high', 'energy_very_high'})",2056,energy_very_high|loudness_very_high|speechiness_low
0.024628948597850957,"frozenset({'instrumentalness_low', 'acousticness_low', 'mode_1', 'key_high'})",2056,acousticness_low|instrumentalness_low|key_high|mode_1
0.024628948597850957,"frozenset({'mode_0', 'valence_very_high', 'tempo_low'})",2056,mode_0|tempo_low|valence_very_high
0.024628948597850957,"frozenset({'liveness_high', 'mode_0', 'acousticness_very_low'})",2056,acousticness_very_low|liveness_high|mode_0
0.02461696953724889,"frozenset({'valence_low', 'danceability_low', 'duration_ms_high'})",2055,danceability_low|duration_ms_high|valence_low
0.02461696953724889,"frozenset({'speechiness_low', 'mode_0', 'acousticness_very_high'})",2055,acousticness_very_high|mode_0|speechiness_low
0.02461696953724889,"frozenset({'speechiness_very_low', 'energy_very_low', 'loudness_low', 'mode_1'})",2055,energy_very_low|loudness_low|mode_1|speechiness_very_low
0.02461696953724889,"frozenset({'instrumentalness_low', 'danceability_very_high', 'acousticness_low', 'speechiness_very_high'})",2055,acousticness_low|danceability_very_high|instrumentalness_low|speechiness_very_high
0.024604990476646823,"frozenset({'speechiness_very_low', 'acousticness_high', 'duration_ms_high'})",2054,acousticness_high|duration_ms_high|speechiness_very_low
0.024604990476646823,"frozenset({'danceability_very_high', 'energy_high', 'duration_ms_low'})",2054,danceability_very_high|duration_ms_low|energy_high
0.024604990476646823,"frozenset({'instrumentalness_low', 'liveness_very_high', 'mode_1', 'tempo_very_low'})",2054,instrumentalness_low|liveness_very_high|mode_1|tempo_very_low
0.024604990476646823,"frozenset({'loudness_very_low', 'acousticness_very_high', 'valence_high'})",2054,acousticness_very_high|loudness_very_low|valence_high
0.024604990476646823,"frozenset({'speechiness_very_low', 'danceability_low', 'duration_ms_high'})",2054,danceability_low|duration_ms_high|speechiness_very_low
0.024604990476646823,"frozenset({'duration_ms_very_low', 'acousticness_very_high', 'loudness_very_low', 'liveness_low', 'energy_very_low'})",2054,acousticness_very_high|duration_ms_very_low|energy_very_low|liveness_low|loudness_very_low
0.024593011416044752,"frozenset({'danceability_low', 'instrumentalness_low', 'mode_1', 'key_high'})",2053,danceability_low|instrumentalness_low|key_high|mode_1
0.024593011416044752,"frozenset({'danceability_very_high', 'energy_high', 'valence_very_high', 'mode_1'})",2053,danceability_very_high|energy_high|mode_1|valence_very_high
0.024593011416044752,"frozenset({'speechiness_very_low', 'loudness_low', 'tempo_low'})",2053,loudness_low|speechiness_very_low|tempo_low
0.024593011416044752,"frozenset({'valence_very_high', 'tempo_low', 'acousticness_high'})",2053,acousticness_high|tempo_low|valence_very_high
0.024593011416044752,"frozenset({'acousticness_very_low', 'energy_high', 'instrumentalness_high'})",2053,acousticness_very_low|energy_high|instrumentalness_high
0.024593011416044752,"frozenset({'key_very_high', 'energy_low', 'acousticness_high'})",2053,acousticness_high|energy_low|key_very_high
0.024593011416044752,"frozenset({'danceability_very_low', 'duration_ms_very_high', 'key_very_low'})",2053,danceability_very_low|duration_ms_very_high|key_very_low
0.024593011416044752,"frozenset({'loudness_very_low', 'danceability_very_low', 'valence_very_low', 'liveness_low', 'energy_very_low'})",2053,danceability_very_low|energy_very_low|liveness_low|loudness_very_low|valence_very_low
0.024581032355442685,"frozenset({'loudness_very_high', 'mode_0', 'tempo_high'})",2052,loudness_very_high|mode_0|tempo_high
0.024581032355442685,"frozenset({'valence_very_low', 'loudness_very_low', 'mode_1', 'key_very_low'})",2052,key_very_low|loudness_very_low|mode_1|valence_very_low
0.024569053294840618,"frozenset({'duration_ms_very_low', 'key_low', 'instrumentalness_low'})",2051,duration_ms_very_low|instrumentalness_low|key_low
0.024569053294840618,"frozenset({'danceability_high', 'loudness_low', 'acousticness_high'})",2051,acousticness_high|danceability_high|loudness_low
0.024569053294840618,"frozenset({'mode_1', 'instrumentalness_low', 'speechiness_very_high', 'key_high'})",2051,instrumentalness_low|key_high|mode_1|speechiness_very_high
0.02455707423423855,"frozenset({'valence_low', 'tempo_very_low', 'instrumentalness_low', 'mode_1'})",2050,instrumentalness_low|mode_1|tempo_very_low|valence_low
0.024545095173636483,"frozenset({'duration_ms_very_low', 'instrumentalness_low', 'energy_very_low', 'acousticness_very_high'})",2049,acousticness_very_high|duration_ms_very_low|energy_very_low|instrumentalness_low
0.024545095173636483,"frozenset({'loudness_very_low', 'energy_very_low', 'tempo_high', 'acousticness_very_high'})",2049,acousticness_very_high|energy_very_low|loudness_very_low|tempo_high
0.024533116113034416,"frozenset({'instrumentalness_low', 'liveness_high', 'energy_high', 'mode_1'})",2048,energy_high|instrumentalness_low|liveness_high|mode_1
0.024533116113034416,"frozenset({'valence_very_low', 'duration_ms_very_high', 'acousticness_very_high'})",2048,acousticness_very_high|duration_ms_very_high|valence_very_low
0.024533116113034416,"frozenset({'danceability_very_low', 'loudness_very_low', 'acousticness_very_high', 'key_very_low'})",2048,acousticness_very_high|danceability_very_low|key_very_low|loudness_very_low
0.02452113705243235,"frozenset({'instrumentalness_low', 'liveness_low', 'valence_very_high'})",2047,instrumentalness_low|liveness_low|valence_very_high
0.02452113705243235,"frozenset({'danceability_very_high', 'speechiness_very_high', 'loudness_high'})",2047,danceability_very_high|loudness_high|speechiness_very_high
0.02450915799183028,"frozenset({'instrumentalness_low', 'energy_high', 'valence_very_high', 'loudness_high'})",2046,energy_high|instrumentalness_low|loudness_high|valence_very_high
0.02450915799183028,"frozenset({'loudness_very_high', 'mode_0', 'danceability_very_high'})",2046,danceability_very_high|loudness_very_high|mode_0
0.02450915799183028,"frozenset({'acousticness_very_low', 'liveness_very_high', 'key_very_low'})",2046,acousticness_very_low|key_very_low|liveness_very_high
0.02450915799183028,"frozenset({'instrumentalness_medium', 'danceability_low', 'energy_very_high'})",2046,danceability_low|energy_very_high|instrumentalness_medium
0.02450915799183028,"frozenset({'valence_low', 'tempo_very_low', 'acousticness_very_high'})",2046,acousticness_very_high|tempo_very_low|valence_low
0.024497178931228214,"frozenset({'liveness_high', 'loudness_very_high', 'mode_1', 'energy_very_high'})",2045,energy_very_high|liveness_high|loudness_very_high|mode_1
0.024497178931228214,"frozenset({'instrumentalness_high', 'liveness_low', 'acousticness_very_high', 'mode_1'})",2045,acousticness_very_high|instrumentalness_high|liveness_low|mode_1
0.024497178931228214,"frozenset({'key_very_high', 'energy_very_low', 'mode_1', 'acousticness_very_high'})",2045,acousticness_very_high|energy_very_low|key_very_high|mode_1
0.024497178931228214,"frozenset({'instrumentalness_low', 'acousticness_low', 'mode_1', 'tempo_high'})",2045,acousticness_low|instrumentalness_low|mode_1|tempo_high
0.024485199870626147,"frozenset({'valence_low', 'mode_0', 'liveness_low'})",2044,liveness_low|mode_0|valence_low
0.02447322081002408,"frozenset({'valence_low', 'mode_0', 'energy_very_high'})",2043,energy_very_high|mode_0|valence_low
0.02447322081002408,"frozenset({'speechiness_low', 'mode_0', 'tempo_low'})",2043,mode_0|speechiness_low|tempo_low
0.02446124174942201,"frozenset({'liveness_high', 'energy_high', 'valence_very_high'})",2042,energy_high|liveness_high|valence_very_high
0.02446124174942201,"frozenset({'acousticness_very_low', 'danceability_high', 'energy_very_high'})",2042,acousticness_very_low|danceability_high|energy_very_high
0.02446124174942201,"frozenset({'key_low', 'instrumentalness_medium', 'mode_1'})",2042,instrumentalness_medium|key_low|mode_1
0.02444926268881994,"frozenset({'instrumentalness_high', 'tempo_very_low', 'liveness_low'})",2041,instrumentalness_high|liveness_low|tempo_very_low
0.02444926268881994,"frozenset({'speechiness_low', 'instrumentalness_high', 'energy_very_low', 'mode_1'})",2041,energy_very_low|instrumentalness_high|mode_1|speechiness_low
0.02444926268881994,"frozenset({'instrumentalness_high', 'speechiness_very_low', 'loudness_very_low'})",2041,instrumentalness_high|loudness_very_low|speechiness_very_low
0.02444926268881994,"frozenset({'loudness_very_high', 'liveness_low', 'mode_1'})",2041,liveness_low|loudness_very_high|mode_1
0.02444926268881994,"frozenset({'instrumentalness_low', 'tempo_very_high', 'mode_1', 'duration_ms_high'})",2041,duration_ms_high|instrumentalness_low|mode_1|tempo_very_high
0.024437283628217874,"frozenset({'duration_ms_very_low', 'energy_low', 'instrumentalness_low', 'mode_1'})",2040,duration_ms_very_low|energy_low|instrumentalness_low|mode_1
0.024437283628217874,"frozenset({'liveness_high', 'loudness_very_low', 'energy_very_low', 'mode_1'})",2040,energy_very_low|liveness_high|loudness_very_low|mode_1
0.024437283628217874,"frozenset({'liveness_very_high', 'speechiness_very_high', 'valence_high'})",2040,liveness_very_high|speechiness_very_high|valence_high
0.024437283628217874,"frozenset({'duration_ms_very_low', 'liveness_very_high', 'instrumentalness_low', 'mode_1'})",2040,duration_ms_very_low|instrumentalness_low|liveness_very_high|mode_1
0.024437283628217874,"frozenset({'key_very_low', 'acousticness_very_low', 'tempo_high'})",2040,acousticness_very_low|key_very_low|tempo_high
0.024437283628217874,"frozenset({'key_low', 'acousticness_very_low', 'energy_very_high'})",2040,acousticness_very_low|energy_very_high|key_low
0.024425304567615807,"frozenset({'mode_0', 'danceability_low', 'duration_ms_high'})",2039,danceability_low|duration_ms_high|mode_0
0.024425304567615807,"frozenset({'mode_0', 'duration_ms_low', 'energy_very_high'})",2039,duration_ms_low|energy_very_high|mode_0
0.024425304567615807,"frozenset({'speechiness_very_low', 'loudness_low', 'duration_ms_very_high'})",2039,duration_ms_very_high|loudness_low|speechiness_very_low
0.02441332550701374,"frozenset({'acousticness_very_high', 'loudness_very_low', 'tempo_very_low', 'liveness_low', 'energy_very_low'})",2038,acousticness_very_high|energy_very_low|liveness_low|loudness_very_low|tempo_very_low
0.02441332550701374,"frozenset({'danceability_very_low', 'tempo_very_low', 'instrumentalness_high', 'mode_1'})",2038,danceability_very_low|instrumentalness_high|mode_1|tempo_very_low
0.024401346446411672,"frozenset({'loudness_very_high', 'danceability_low', 'duration_ms_high'})",2037,danceability_low|duration_ms_high|loudness_very_high
0.024401346446411672,"frozenset({'valence_very_low', 'mode_0', 'loudness_very_low', 'acousticness_very_high'})",2037,acousticness_very_high|loudness_very_low|mode_0|valence_very_low
0.024401346446411672,"frozenset({'danceability_very_high', 'tempo_low', 'loudness_high'})",2037,danceability_very_high|loudness_high|tempo_low
0.024389367385809605,"frozenset({'danceability_very_high', 'duration_ms_low', 'speechiness_very_high'})",2036,danceability_very_high|duration_ms_low|speechiness_very_high
0.024377388325207538,"frozenset({'danceability_very_high', 'loudness_low', 'speechiness_very_high'})",2035,danceability_very_high|loudness_low|speechiness_very_high
0.024377388325207538,"frozenset({'danceability_very_low', 'valence_very_low', 'energy_very_low', 'speechiness_very_low'})",2035,danceability_very_low|energy_very_low|speechiness_very_low|valence_very_low
0.024377388325207538,"frozenset({'mode_0', 'energy_high', 'loudness_low'})",2035,energy_high|loudness_low|mode_0
0.024377388325207538,"frozenset({'instrumentalness_high', 'duration_ms_very_high', 'key_very_high'})",2035,duration_ms_very_high|instrumentalness_high|key_very_high
0.02436540926460547,"frozenset({'danceability_very_low', 'acousticness_very_low', 'tempo_very_high', 'mode_1'})",2034,acousticness_very_low|danceability_very_low|mode_1|tempo_very_high
0.02436540926460547,"frozenset({'danceability_very_low', 'liveness_very_low', 'energy_very_low'})",2034,danceability_very_low|energy_very_low|liveness_very_low
0.02436540926460547,"frozenset({'liveness_high', 'energy_low', 'speechiness_very_low'})",2034,energy_low|liveness_high|speechiness_very_low
0.02436540926460547,"frozenset({'mode_0', 'instrumentalness_high', 'energy_very_low', 'acousticness_very_high'})",2034,acousticness_very_high|energy_very_low|instrumentalness_high|mode_0
0.024353430204003403,"frozenset({'danceability_very_high', 'speechiness_high', 'tempo_low'})",2033,danceability_very_high|speechiness_high|tempo_low
0.024353430204003403,"frozenset({'mode_0', 'energy_low', 'speechiness_very_low'})",2033,energy_low|mode_0|speechiness_very_low
0.024341451143401336,"frozenset({'tempo_very_low', 'liveness_low', 'acousticness_very_high', 'mode_1'})",2032,acousticness_very_high|liveness_low|mode_1|tempo_very_low
0.024341451143401336,"frozenset({'mode_0', 'danceability_high', 'duration_ms_high'})",2032,danceability_high|duration_ms_high|mode_0
0.024341451143401336,"frozenset({'valence_low', 'danceability_very_high', 'mode_1'})",2032,danceability_very_high|mode_1|valence_low
0.024329472082799265,"frozenset({'instrumentalness_low', 'danceability_high', 'acousticness_very_high', 'mode_1'})",2031,acousticness_very_high|danceability_high|instrumentalness_low|mode_1
0.024329472082799265,"frozenset({'acousticness_very_low', 'danceability_low', 'duration_ms_high'})",2031,acousticness_very_low|danceability_low|duration_ms_high
0.024329472082799265,"frozenset({'speechiness_very_low', 'liveness_low', 'danceability_low'})",2031,danceability_low|liveness_low|speechiness_very_low
0.024329472082799265,"frozenset({'loudness_very_high', 'energy_high', 'valence_high'})",2031,energy_high|loudness_very_high|valence_high
0.024317493022197198,"frozenset({'valence_very_low', 'acousticness_very_low', 'tempo_high'})",2030,acousticness_very_low|tempo_high|valence_very_low
0.02430551396159513,"frozenset({'acousticness_very_high', 'loudness_very_low', 'valence_very_low', 'tempo_very_low', 'instrumentalness_high'})",2029,acousticness_very_high|instrumentalness_high|loudness_very_low|tempo_very_low|valence_very_low
0.02430551396159513,"frozenset({'mode_0', 'loudness_low', 'valence_high'})",2029,loudness_low|mode_0|valence_high
0.024293534900993063,"frozenset({'speechiness_low', 'mode_0', 'instrumentalness_medium'})",2028,instrumentalness_medium|mode_0|speechiness_low
0.024281555840390996,"frozenset({'liveness_very_high', 'energy_very_low', 'mode_1'})",2027,energy_very_low|liveness_very_high|mode_1
0.024281555840390996,"frozenset({'liveness_very_low', 'instrumentalness_high', 'tempo_high'})",2027,instrumentalness_high|liveness_very_low|tempo_high
0.02426957677978893,"frozenset({'valence_low', 'mode_0', 'speechiness_high'})",2026,mode_0|speechiness_high|valence_low
0.02426957677978893,"frozenset({'instrumentalness_low', 'acousticness_very_low', 'valence_high'})",2026,acousticness_very_low|instrumentalness_low|valence_high
0.02426957677978893,"frozenset({'mode_0', 'instrumentalness_medium', 'danceability_low'})",2026,danceability_low|instrumentalness_medium|mode_0
0.02426957677978893,"frozenset({'energy_low', 'loudness_low', 'speechiness_very_high'})",2026,energy_low|loudness_low|speechiness_very_high
0.02426957677978893,"frozenset({'danceability_very_high', 'energy_low', 'tempo_high'})",2026,danceability_very_high|energy_low|tempo_high
0.02426957677978893,"frozenset({'acousticness_very_low', 'mode_1', 'energy_very_high', 'loudness_high'})",2026,acousticness_very_low|energy_very_high|loudness_high|mode_1
0.02426957677978893,"frozenset({'valence_very_low', 'loudness_very_low', 'acousticness_very_high', 'key_very_low'})",2026,acousticness_very_high|key_very_low|loudness_very_low|valence_very_low
0.02425759771918686,"frozenset({'valence_very_high', 'loudness_low', 'acousticness_high'})",2025,acousticness_high|loudness_low|valence_very_high
0.02425759771918686,"frozenset({'danceability_very_low', 'mode_0', 'speechiness_low'})",2025,danceability_very_low|mode_0|speechiness_low
0.02425759771918686,"frozenset({'valence_low', 'acousticness_very_low', 'speechiness_high'})",2025,acousticness_very_low|speechiness_high|valence_low
0.024245618658584794,"frozenset({'energy_high', 'acousticness_low', 'key_very_high'})",2024,acousticness_low|energy_high|key_very_high
0.024245618658584794,"frozenset({'danceability_low', 'energy_very_high', 'duration_ms_high'})",2024,danceability_low|duration_ms_high|energy_very_high
0.024245618658584794,"frozenset({'mode_0', 'valence_very_high', 'duration_ms_low'})",2024,duration_ms_low|mode_0|valence_very_high
0.024245618658584794,"frozenset({'mode_0', 'liveness_very_high', 'acousticness_low'})",2024,acousticness_low|liveness_very_high|mode_0
0.024245618658584794,"frozenset({'valence_low', 'instrumentalness_low', 'speechiness_high'})",2024,instrumentalness_low|speechiness_high|valence_low
0.024233639597982727,"frozenset({'instrumentalness_low', 'speechiness_very_low', 'valence_very_high', 'mode_1'})",2023,instrumentalness_low|mode_1|speechiness_very_low|valence_very_high
0.024233639597982727,"frozenset({'instrumentalness_low', 'liveness_low', 'energy_very_low', 'acousticness_very_high'})",2023,acousticness_very_high|energy_very_low|instrumentalness_low|liveness_low
0.024233639597982727,"frozenset({'speechiness_low', 'valence_very_low', 'instrumentalness_high', 'acousticness_very_high'})",2023,acousticness_very_high|instrumentalness_high|speechiness_low|valence_very_low
0.02422166053738066,"frozenset({'liveness_high', 'mode_0', 'speechiness_high'})",2022,liveness_high|mode_0|speechiness_high
0.02422166053738066,"frozenset({'instrumentalness_low', 'liveness_very_high', 'acousticness_very_high', 'mode_1'})",2022,acousticness_very_high|instrumentalness_low|liveness_very_high|mode_1
0.02422166053738066,"frozenset({'energy_low', 'duration_ms_very_high', 'acousticness_high'})",2022,acousticness_high|duration_ms_very_high|energy_low
0.02422166053738066,"frozenset({'danceability_very_low', 'loudness_very_low', 'liveness_low', 'mode_1'})",2022,danceability_very_low|liveness_low|loudness_very_low|mode_1
0.02422166053738066,"frozenset({'instrumentalness_low', 'acousticness_very_low', 'liveness_very_high'})",2022,acousticness_very_low|instrumentalness_low|liveness_very_high
0.024209681476778593,"frozenset({'danceability_very_high', 'loudness_low', 'tempo_high'})",2021,danceability_very_high|loudness_low|tempo_high
0.024209681476778593,"frozenset({'valence_very_low', 'tempo_very_low', 'instrumentalness_high', 'mode_1'})",2021,instrumentalness_high|mode_1|tempo_very_low|valence_very_low
0.024209681476778593,"frozenset({'speechiness_low', 'acousticness_very_high', 'loudness_very_low', 'danceability_very_low', 'instrumentalness_high'})",2021,acousticness_very_high|danceability_very_low|instrumentalness_high|loudness_very_low|speechiness_low
0.024209681476778593,"frozenset({'key_low', 'mode_0', 'energy_high'})",2021,energy_high|key_low|mode_0
0.024209681476778593,"frozenset({'loudness_very_high', 'liveness_very_high', 'valence_high'})",2021,liveness_very_high|loudness_very_high|valence_high
0.024209681476778593,"frozenset({'key_low', 'mode_0', 'acousticness_low'})",2021,acousticness_low|key_low|mode_0
0.024197702416176522,"frozenset({'danceability_very_high', 'tempo_very_low', 'speechiness_very_high'})",2020,danceability_very_high|speechiness_very_high|tempo_very_low
0.024185723355574455,"frozenset({'acousticness_very_low', 'key_very_low', 'loudness_high'})",2019,acousticness_very_low|key_very_low|loudness_high
0.024185723355574455,"frozenset({'loudness_very_low', 'tempo_very_low', 'instrumentalness_high', 'mode_1', 'energy_very_low'})",2019,energy_very_low|instrumentalness_high|loudness_very_low|mode_1|tempo_very_low
0.024185723355574455,"frozenset({'liveness_very_low', 'loudness_very_high', 'mode_0'})",2019,liveness_very_low|loudness_very_high|mode_0
0.024185723355574455,"frozenset({'loudness_very_high', 'danceability_high', 'valence_very_high'})",2019,danceability_high|loudness_very_high|valence_very_high
0.024173744294972387,"frozenset({'valence_low', 'acousticness_very_low', 'instrumentalness_high'})",2018,acousticness_very_low|instrumentalness_high|valence_low
0.024173744294972387,"frozenset({'duration_ms_very_low', 'tempo_very_low', 'danceability_very_low'})",2018,danceability_very_low|duration_ms_very_low|tempo_very_low
0.024173744294972387,"frozenset({'mode_0', 'tempo_very_high', 'duration_ms_high'})",2018,duration_ms_high|mode_0|tempo_very_high
0.024173744294972387,"frozenset({'mode_0', 'instrumentalness_medium', 'speechiness_very_high'})",2018,instrumentalness_medium|mode_0|speechiness_very_high
0.02416176523437032,"frozenset({'key_low', 'mode_0', 'instrumentalness_high'})",2017,instrumentalness_high|key_low|mode_0
0.02416176523437032,"frozenset({'danceability_very_high', 'energy_low', 'liveness_low'})",2017,danceability_very_high|energy_low|liveness_low
0.02416176523437032,"frozenset({'valence_very_low', 'mode_0', 'speechiness_high'})",2017,mode_0|speechiness_high|valence_very_low
0.02416176523437032,"frozenset({'instrumentalness_low', 'liveness_very_high', 'mode_1', 'key_high'})",2017,instrumentalness_low|key_high|liveness_very_high|mode_1
0.02416176523437032,"frozenset({'valence_high', 'speechiness_high', 'energy_very_high'})",2017,energy_very_high|speechiness_high|valence_high
0.024149786173768253,"frozenset({'danceability_very_low', 'tempo_very_high', 'duration_ms_high'})",2016,danceability_very_low|duration_ms_high|tempo_very_high
0.024149786173768253,"frozenset({'danceability_very_high', 'acousticness_low', 'key_very_high'})",2016,acousticness_low|danceability_very_high|key_very_high
0.024149786173768253,"frozenset({'mode_0', 'liveness_very_high', 'valence_high'})",2016,liveness_very_high|mode_0|valence_high
0.024149786173768253,"frozenset({'speechiness_very_low', 'loudness_very_high', 'mode_1'})",2016,loudness_very_high|mode_1|speechiness_very_low
0.024149786173768253,"frozenset({'key_very_high', 'liveness_very_high', 'energy_very_high'})",2016,energy_very_high|key_very_high|liveness_very_high
0.024149786173768253,"frozenset({'danceability_very_low', 'valence_very_low', 'tempo_very_low', 'mode_1', 'energy_very_low'})",2016,danceability_very_low|energy_very_low|mode_1|tempo_very_low|valence_very_low
0.024137807113166185,"frozenset({'instrumentalness_low', 'acousticness_low', 'mode_1', 'energy_very_high'})",2015,acousticness_low|energy_very_high|instrumentalness_low|mode_1
0.024137807113166185,"frozenset({'valence_very_low', 'instrumentalness_medium', 'mode_0'})",2015,instrumentalness_medium|mode_0|valence_very_low
0.024137807113166185,"frozenset({'duration_ms_very_low', 'energy_very_low', 'valence_low'})",2015,duration_ms_very_low|energy_very_low|valence_low
0.024137807113166185,"frozenset({'instrumentalness_low', 'liveness_very_low', 'valence_very_high', 'danceability_very_high'})",2015,danceability_very_high|instrumentalness_low|liveness_very_low|valence_very_high
0.024137807113166185,"frozenset({'danceability_very_low', 'speechiness_very_low', 'tempo_very_low'})",2015,danceability_very_low|speechiness_very_low|tempo_very_low
0.024137807113166185,"frozenset({'acousticness_very_high', 'loudness_very_low', 'danceability_very_low', 'tempo_very_low', 'instrumentalness_high'})",2015,acousticness_very_high|danceability_very_low|instrumentalness_high|loudness_very_low|tempo_very_low
0.024137807113166185,"frozenset({'duration_ms_very_high', 'speechiness_high', 'energy_very_high'})",2015,duration_ms_very_high|energy_very_high|speechiness_high
0.024137807113166185,"frozenset({'speechiness_low', 'instrumentalness_high', 'tempo_high'})",2015,instrumentalness_high|speechiness_low|tempo_high
0.024125828052564118,"frozenset({'danceability_low', 'energy_high', 'instrumentalness_low', 'mode_1'})",2014,danceability_low|energy_high|instrumentalness_low|mode_1
0.024125828052564118,"frozenset({'instrumentalness_low', 'energy_high', 'loudness_low'})",2014,energy_high|instrumentalness_low|loudness_low
0.024125828052564118,"frozenset({'liveness_high', 'duration_ms_low', 'mode_0'})",2014,duration_ms_low|liveness_high|mode_0
0.024125828052564118,"frozenset({'instrumentalness_low', 'key_very_high', 'mode_1', 'acousticness_high'})",2014,acousticness_high|instrumentalness_low|key_very_high|mode_1
0.024125828052564118,"frozenset({'valence_very_high', 'acousticness_low', 'loudness_high'})",2014,acousticness_low|loudness_high|valence_very_high
0.02411384899196205,"frozenset({'key_low', 'mode_0', 'speechiness_high'})",2013,key_low|mode_0|speechiness_high
0.02411384899196205,"frozenset({'loudness_very_high', 'liveness_very_high', 'speechiness_high'})",2013,liveness_very_high|loudness_very_high|speechiness_high
0.024101869931359984,"frozenset({'speechiness_very_low', 'instrumentalness_medium', 'loudness_low'})",2012,instrumentalness_medium|loudness_low|speechiness_very_low
0.024101869931359984,"frozenset({'instrumentalness_low', 'mode_1', 'valence_high', 'tempo_low'})",2012,instrumentalness_low|mode_1|tempo_low|valence_high
0.024089890870757916,"frozenset({'instrumentalness_low', 'liveness_high', 'acousticness_low', 'mode_1'})",2011,acousticness_low|instrumentalness_low|liveness_high|mode_1
0.024089890870757916,"frozenset({'energy_high', 'danceability_low', 'loudness_high'})",2011,danceability_low|energy_high|loudness_high
0.024089890870757916,"frozenset({'danceability_very_low', 'energy_very_low', 'mode_1', 'key_very_low'})",2011,danceability_very_low|energy_very_low|key_very_low|mode_1
0.024089890870757916,"frozenset({'instrumentalness_low', 'tempo_very_low', 'duration_ms_low', 'mode_1'})",2011,duration_ms_low|instrumentalness_low|mode_1|tempo_very_low
0.024089890870757916,"frozenset({'duration_ms_very_low', 'energy_low', 'acousticness_high'})",2011,acousticness_high|duration_ms_very_low|energy_low
0.024089890870757916,"frozenset({'loudness_very_low', 'acousticness_very_high', 'mode_1', 'key_high'})",2011,acousticness_very_high|key_high|loudness_very_low|mode_1
0.02407791181015585,"frozenset({'liveness_high', 'danceability_high', 'mode_0'})",2010,danceability_high|liveness_high|mode_0
0.02407791181015585,"frozenset({'danceability_very_low', 'valence_very_low', 'mode_1', 'speechiness_very_low'})",2010,danceability_very_low|mode_1|speechiness_very_low|valence_very_low
0.02407791181015585,"frozenset({'danceability_very_low', 'tempo_very_high', 'mode_1', 'energy_very_high'})",2010,danceability_very_low|energy_very_high|mode_1|tempo_very_high
0.02407791181015585,"frozenset({'liveness_very_low', 'mode_0', 'valence_high'})",2010,liveness_very_low|mode_0|valence_high
0.02407791181015585,"frozenset({'valence_low', 'instrumentalness_low', 'duration_ms_low', 'mode_1'})",2010,duration_ms_low|instrumentalness_low|mode_1|valence_low
0.02407791181015585,"frozenset({'instrumentalness_low', 'mode_1', 'key_high', 'duration_ms_high'})",2010,duration_ms_high|instrumentalness_low|key_high|mode_1
0.02407791181015585,"frozenset({'key_low', 'loudness_very_high', 'mode_0'})",2010,key_low|loudness_very_high|mode_0
0.02407791181015585,"frozenset({'loudness_very_high', 'duration_ms_low', 'valence_high'})",2010,duration_ms_low|loudness_very_high|valence_high
0.02406593274955378,"frozenset({'duration_ms_very_low', 'mode_0', 'tempo_very_low'})",2009,duration_ms_very_low|mode_0|tempo_very_low
0.02406593274955378,"frozenset({'instrumentalness_medium', 'energy_very_high', 'duration_ms_high'})",2009,duration_ms_high|energy_very_high|instrumentalness_medium
0.02406593274955378,"frozenset({'speechiness_low', 'loudness_very_low', 'liveness_low', 'acousticness_very_high'})",2009,acousticness_very_high|liveness_low|loudness_very_low|speechiness_low
0.02406593274955378,"frozenset({'instrumentalness_low', 'danceability_very_low', 'energy_very_high'})",2009,danceability_very_low|energy_very_high|instrumentalness_low
0.02406593274955378,"frozenset({'danceability_very_low', 'key_very_low', 'speechiness_low'})",2009,danceability_very_low|key_very_low|speechiness_low
0.02405395368895171,"frozenset({'liveness_high', 'mode_0', 'danceability_very_high'})",2008,danceability_very_high|liveness_high|mode_0
0.02405395368895171,"frozenset({'key_low', 'mode_0', 'instrumentalness_medium'})",2008,instrumentalness_medium|key_low|mode_0
0.02405395368895171,"frozenset({'duration_ms_very_low', 'acousticness_very_high', 'tempo_low'})",2008,acousticness_very_high|duration_ms_very_low|tempo_low
0.024041974628349644,"frozenset({'duration_ms_very_low', 'danceability_very_high', 'key_very_low'})",2007,danceability_very_high|duration_ms_very_low|key_very_low
0.024041974628349644,"frozenset({'liveness_very_low', 'mode_0', 'duration_ms_high'})",2007,duration_ms_high|liveness_very_low|mode_0
0.024041974628349644,"frozenset({'instrumentalness_low', 'mode_1', 'tempo_high', 'acousticness_high'})",2007,acousticness_high|instrumentalness_low|mode_1|tempo_high
0.024041974628349644,"frozenset({'speechiness_very_high', 'energy_very_high', 'loudness_high'})",2007,energy_very_high|loudness_high|speechiness_very_high
0.024041974628349644,"frozenset({'energy_high', 'valence_very_high', 'duration_ms_high'})",2007,duration_ms_high|energy_high|valence_very_high
0.024041974628349644,"frozenset({'speechiness_low', 'tempo_very_low', 'loudness_very_low', 'acousticness_very_high'})",2007,acousticness_very_high|loudness_very_low|speechiness_low|tempo_very_low
0.024041974628349644,"frozenset({'acousticness_low', 'tempo_very_high', 'energy_very_high'})",2007,acousticness_low|energy_very_high|tempo_very_high
0.024029995567747577,"frozenset({'instrumentalness_low', 'loudness_very_high', 'key_very_low', 'energy_very_high'})",2006,energy_very_high|instrumentalness_low|key_very_low|loudness_very_high
0.024029995567747577,"frozenset({'acousticness_very_low', 'duration_ms_very_high', 'loudness_high'})",2006,acousticness_very_low|duration_ms_very_high|loudness_high
0.024029995567747577,"frozenset({'mode_0', 'duration_ms_low', 'acousticness_high'})",2006,acousticness_high|duration_ms_low|mode_0
0.024029995567747577,"frozenset({'danceability_very_low', 'tempo_very_high', 'speechiness_high'})",2006,danceability_very_low|speechiness_high|tempo_very_high
0.024029995567747577,"frozenset({'mode_0', 'duration_ms_low', 'tempo_low'})",2006,duration_ms_low|mode_0|tempo_low
0.024029995567747577,"frozenset({'duration_ms_very_low', 'valence_very_low', 'energy_very_low', 'acousticness_very_high'})",2006,acousticness_very_high|duration_ms_very_low|energy_very_low|valence_very_low
0.024029995567747577,"frozenset({'instrumentalness_low', 'mode_1', 'key_very_low', 'energy_very_high'})",2006,energy_very_high|instrumentalness_low|key_very_low|mode_1
0.02401801650714551,"frozenset({'energy_high', 'instrumentalness_high', 'mode_1'})",2005,energy_high|instrumentalness_high|mode_1
0.02401801650714551,"frozenset({'loudness_very_high', 'mode_1', 'tempo_high', 'energy_very_high'})",2005,energy_very_high|loudness_very_high|mode_1|tempo_high
0.02401801650714551,"frozenset({'key_low', 'mode_1', 'valence_high'})",2005,key_low|mode_1|valence_high
0.02401801650714551,"frozenset({'duration_ms_very_low', 'speechiness_very_high', 'valence_high'})",2005,duration_ms_very_low|speechiness_very_high|valence_high
0.02401801650714551,"frozenset({'instrumentalness_low', 'tempo_very_low', 'danceability_high', 'mode_1'})",2005,danceability_high|instrumentalness_low|mode_1|tempo_very_low
0.024006037446543442,"frozenset({'mode_0', 'liveness_low', 'loudness_low'})",2004,liveness_low|loudness_low|mode_0
0.024006037446543442,"frozenset({'instrumentalness_high', 'loudness_very_low', 'acousticness_very_high', 'key_very_low'})",2004,acousticness_very_high|instrumentalness_high|key_very_low|loudness_very_low
0.024006037446543442,"frozenset({'energy_high', 'duration_ms_very_high', 'loudness_high'})",2004,duration_ms_very_high|energy_high|loudness_high
0.023994058385941375,"frozenset({'duration_ms_very_low', 'valence_very_low', 'loudness_very_low', 'acousticness_very_high'})",2003,acousticness_very_high|duration_ms_very_low|loudness_very_low|valence_very_low
0.023994058385941375,"frozenset({'mode_0', 'liveness_low', 'acousticness_high'})",2003,acousticness_high|liveness_low|mode_0
0.023994058385941375,"frozenset({'liveness_very_low', 'mode_0', 'loudness_high'})",2003,liveness_very_low|loudness_high|mode_0
0.023994058385941375,"frozenset({'liveness_very_high', 'instrumentalness_high', 'energy_very_high'})",2003,energy_very_high|instrumentalness_high|liveness_very_high
0.023982079325339307,"frozenset({'duration_ms_very_low', 'instrumentalness_high', 'acousticness_very_high', 'mode_1'})",2002,acousticness_very_high|duration_ms_very_low|instrumentalness_high|mode_1
0.023982079325339307,"frozenset({'mode_0', 'speechiness_high', 'duration_ms_high'})",2002,duration_ms_high|mode_0|speechiness_high
0.023982079325339307,"frozenset({'instrumentalness_low', 'energy_low', 'tempo_very_high', 'mode_1'})",2002,energy_low|instrumentalness_low|mode_1|tempo_very_high
0.023982079325339307,"frozenset({'loudness_very_high', 'energy_high', 'key_very_low'})",2002,energy_high|key_very_low|loudness_very_high
0.023982079325339307,"frozenset({'instrumentalness_low', 'acousticness_very_low', 'duration_ms_low'})",2002,acousticness_very_low|duration_ms_low|instrumentalness_low
0.02397010026473724,"frozenset({'instrumentalness_low', 'mode_1', 'tempo_low', 'loudness_high'})",2001,instrumentalness_low|loudness_high|mode_1|tempo_low
0.02397010026473724,"frozenset({'mode_0', 'duration_ms_very_high', 'loudness_high'})",2001,duration_ms_very_high|loudness_high|mode_0
0.02397010026473724,"frozenset({'speechiness_low', 'energy_high', 'valence_very_high'})",2001,energy_high|speechiness_low|valence_very_high
0.02397010026473724,"frozenset({'valence_low', 'mode_0', 'loudness_high'})",2001,loudness_high|mode_0|valence_low
0.023958121204135173,"frozenset({'liveness_high', 'tempo_very_high', 'energy_very_high'})",2000,energy_very_high|liveness_high|tempo_very_high
0.023958121204135173,"frozenset({'duration_ms_very_low', 'energy_very_low', 'tempo_low'})",2000,duration_ms_very_low|energy_very_low|tempo_low
0.023946142143533106,"frozenset({'instrumentalness_low', 'energy_very_low', 'loudness_low', 'acousticness_very_high'})",1999,acousticness_very_high|energy_very_low|instrumentalness_low|loudness_low
0.023946142143533106,"frozenset({'energy_high', 'acousticness_low', 'speechiness_very_high'})",1999,acousticness_low|energy_high|speechiness_very_high
0.023946142143533106,"frozenset({'acousticness_very_high', 'danceability_very_low', 'valence_very_low', 'liveness_low', 'energy_very_low'})",1999,acousticness_very_high|danceability_very_low|energy_very_low|liveness_low|valence_very_low
0.023946142143533106,"frozenset({'liveness_high', 'loudness_very_high', 'tempo_very_high'})",1999,liveness_high|loudness_very_high|tempo_very_high
0.023946142143533106,"frozenset({'acousticness_very_low', 'mode_1', 'tempo_high', 'energy_very_high'})",1999,acousticness_very_low|energy_very_high|mode_1|tempo_high
0.023946142143533106,"frozenset({'instrumentalness_low', 'danceability_high', 'mode_1', 'key_high'})",1999,danceability_high|instrumentalness_low|key_high|mode_1
0.023934163082931035,"frozenset({'tempo_very_high', 'key_high', 'energy_very_high'})",1998,energy_very_high|key_high|tempo_very_high
0.023934163082931035,"frozenset({'valence_very_high', 'acousticness_low', 'key_very_low'})",1998,acousticness_low|key_very_low|valence_very_high
0.023934163082931035,"frozenset({'speechiness_very_low', 'danceability_low', 'key_very_low'})",1998,danceability_low|key_very_low|speechiness_very_low
0.023934163082931035,"frozenset({'valence_very_low', 'loudness_very_low', 'key_high'})",1998,key_high|loudness_very_low|valence_very_low
0.023922184022328968,"frozenset({'instrumentalness_low', 'liveness_high', 'tempo_very_high', 'mode_1'})",1997,instrumentalness_low|liveness_high|mode_1|tempo_very_high
0.023922184022328968,"frozenset({'speechiness_low', 'acousticness_very_high', 'loudness_very_low', 'danceability_very_low', 'mode_1'})",1997,acousticness_very_high|danceability_very_low|loudness_very_low|mode_1|speechiness_low
0.023922184022328968,"frozenset({'liveness_high', 'mode_0', 'energy_very_high'})",1997,energy_very_high|liveness_high|mode_0
0.023922184022328968,"frozenset({'key_low', 'valence_very_low', 'instrumentalness_high'})",1997,instrumentalness_high|key_low|valence_very_low
0.0239102049617269,"frozenset({'instrumentalness_low', 'energy_low', 'mode_1', 'tempo_low'})",1996,energy_low|instrumentalness_low|mode_1|tempo_low
0.0239102049617269,"frozenset({'tempo_very_high', 'duration_ms_low', 'energy_very_high'})",1996,duration_ms_low|energy_very_high|tempo_very_high
0.0239102049617269,"frozenset({'danceability_very_low', 'liveness_low', 'speechiness_low'})",1996,danceability_very_low|liveness_low|speechiness_low
0.0239102049617269,"frozenset({'duration_ms_very_low', 'instrumentalness_low', 'speechiness_low'})",1996,duration_ms_very_low|instrumentalness_low|speechiness_low
0.0239102049617269,"frozenset({'loudness_very_high', 'instrumentalness_high', 'acousticness_very_low', 'energy_very_high'})",1996,acousticness_very_low|energy_very_high|instrumentalness_high|loudness_very_high
0.023898225901124833,"frozenset({'instrumentalness_low', 'duration_ms_low', 'mode_1', 'tempo_high'})",1995,duration_ms_low|instrumentalness_low|mode_1|tempo_high
0.023898225901124833,"frozenset({'speechiness_very_low', 'danceability_low', 'acousticness_high'})",1995,acousticness_high|danceability_low|speechiness_very_low
0.023898225901124833,"frozenset({'danceability_very_high', 'energy_high', 'speechiness_high'})",1995,danceability_very_high|energy_high|speechiness_high
0.023898225901124833,"frozenset({'instrumentalness_low', 'energy_very_low', 'speechiness_low'})",1995,energy_very_low|instrumentalness_low|speechiness_low
0.023886246840522766,"frozenset({'instrumentalness_high', 'loudness_very_low', 'liveness_low', 'danceability_very_low'})",1994,danceability_very_low|instrumentalness_high|liveness_low|loudness_very_low
0.023886246840522766,"frozenset({'speechiness_low', 'acousticness_very_low', 'instrumentalness_high'})",1994,acousticness_very_low|instrumentalness_high|speechiness_low
0.023886246840522766,"frozenset({'loudness_very_high', 'speechiness_very_high', 'duration_ms_high'})",1994,duration_ms_high|loudness_very_high|speechiness_very_high
0.023886246840522766,"frozenset({'acousticness_very_low', 'speechiness_high', 'loudness_high'})",1994,acousticness_very_low|loudness_high|speechiness_high
0.023886246840522766,"frozenset({'instrumentalness_low', 'tempo_very_low', 'mode_1', 'loudness_high'})",1994,instrumentalness_low|loudness_high|mode_1|tempo_very_low
0.0238742677799207,"frozenset({'liveness_very_low', 'valence_very_high', 'key_very_low'})",1993,key_very_low|liveness_very_low|valence_very_high
0.02386228871931863,"frozenset({'key_low', 'loudness_very_low', 'acousticness_very_high', 'mode_1'})",1992,acousticness_very_high|key_low|loudness_very_low|mode_1
0.02386228871931863,"frozenset({'key_low', 'loudness_very_low', 'instrumentalness_high'})",1992,instrumentalness_high|key_low|loudness_very_low
0.02386228871931863,"frozenset({'duration_ms_very_low', 'danceability_very_high', 'acousticness_low'})",1992,acousticness_low|danceability_very_high|duration_ms_very_low
0.023850309658716564,"frozenset({'key_low', 'instrumentalness_low', 'tempo_low'})",1991,instrumentalness_low|key_low|tempo_low
0.023850309658716564,"frozenset({'liveness_high', 'acousticness_very_low', 'mode_1', 'energy_very_high'})",1991,acousticness_very_low|energy_very_high|liveness_high|mode_1
0.023850309658716564,"frozenset({'duration_ms_very_low', 'acousticness_very_high', 'loudness_very_low', 'danceability_very_low', 'energy_very_low'})",1991,acousticness_very_high|danceability_very_low|duration_ms_very_low|energy_very_low|loudness_very_low
0.023850309658716564,"frozenset({'acousticness_very_low', 'mode_0', 'valence_high'})",1991,acousticness_very_low|mode_0|valence_high
0.023850309658716564,"frozenset({'acousticness_low', 'speechiness_very_high', 'valence_high'})",1991,acousticness_low|speechiness_very_high|valence_high
0.023850309658716564,"frozenset({'instrumentalness_low', 'duration_ms_low', 'mode_1', 'tempo_low'})",1991,duration_ms_low|instrumentalness_low|mode_1|tempo_low
0.023850309658716564,"frozenset({'instrumentalness_low', 'energy_very_low', 'key_high'})",1991,energy_very_low|instrumentalness_low|key_high
0.023850309658716564,"frozenset({'loudness_very_high', 'duration_ms_low', 'speechiness_high'})",1991,duration_ms_low|loudness_very_high|speechiness_high
0.023850309658716564,"frozenset({'mode_0', 'tempo_low', 'loudness_high'})",1991,loudness_high|mode_0|tempo_low
0.023838330598114497,"frozenset({'acousticness_very_high', 'valence_very_low', 'tempo_very_low', 'instrumentalness_high', 'energy_very_low'})",1990,acousticness_very_high|energy_very_low|instrumentalness_high|tempo_very_low|valence_very_low
0.023838330598114497,"frozenset({'instrumentalness_low', 'mode_1', 'speechiness_low', 'acousticness_high'})",1990,acousticness_high|instrumentalness_low|mode_1|speechiness_low
0.023838330598114497,"frozenset({'acousticness_very_high', 'loudness_very_low', 'valence_very_low', 'tempo_very_low', 'mode_1'})",1990,acousticness_very_high|loudness_very_low|mode_1|tempo_very_low|valence_very_low
0.023838330598114497,"frozenset({'valence_low', 'mode_0', 'tempo_high'})",1990,mode_0|tempo_high|valence_low
0.02382635153751243,"frozenset({'mode_0', 'instrumentalness_medium', 'valence_very_high'})",1989,instrumentalness_medium|mode_0|valence_very_high
0.02382635153751243,"frozenset({'duration_ms_very_low', 'instrumentalness_low', 'mode_1', 'tempo_low'})",1989,duration_ms_very_low|instrumentalness_low|mode_1|tempo_low
0.02382635153751243,"frozenset({'speechiness_very_low', 'key_very_low', 'tempo_low'})",1989,key_very_low|speechiness_very_low|tempo_low
0.02382635153751243,"frozenset({'speechiness_low', 'energy_low', 'loudness_low'})",1989,energy_low|loudness_low|speechiness_low
0.023814372476910362,"frozenset({'duration_ms_very_low', 'instrumentalness_low', 'valence_low'})",1988,duration_ms_very_low|instrumentalness_low|valence_low
0.023814372476910362,"frozenset({'duration_ms_very_low', 'instrumentalness_high', 'key_very_low'})",1988,duration_ms_very_low|instrumentalness_high|key_very_low
0.023814372476910362,"frozenset({'tempo_very_high', 'danceability_low', 'key_very_low'})",1988,danceability_low|key_very_low|tempo_very_high
0.023814372476910362,"frozenset({'acousticness_very_high', 'danceability_very_low', 'valence_very_low', 'instrumentalness_high', 'mode_1'})",1988,acousticness_very_high|danceability_very_low|instrumentalness_high|mode_1|valence_very_low
0.023814372476910362,"frozenset({'loudness_very_low', 'tempo_very_high', 'acousticness_very_high'})",1988,acousticness_very_high|loudness_very_low|tempo_very_high
0.023814372476910362,"frozenset({'speechiness_low', 'loudness_very_low', 'valence_very_low', 'mode_1', 'energy_very_low'})",1988,energy_very_low|loudness_very_low|mode_1|speechiness_low|valence_very_low
0.023814372476910362,"frozenset({'mode_0', 'instrumentalness_medium', 'valence_high'})",1988,instrumentalness_medium|mode_0|valence_high
0.023814372476910362,"frozenset({'liveness_very_low', 'danceability_very_high', 'loudness_high'})",1988,danceability_very_high|liveness_very_low|loudness_high
0.02380239341630829,"frozenset({'danceability_very_low', 'valence_very_low', 'tempo_low'})",1987,danceability_very_low|tempo_low|valence_very_low
0.02380239341630829,"frozenset({'speechiness_low', 'acousticness_very_high', 'danceability_very_low', 'instrumentalness_high', 'energy_very_low'})",1987,acousticness_very_high|danceability_very_low|energy_very_low|instrumentalness_high|speechiness_low
0.02380239341630829,"frozenset({'instrumentalness_low', 'tempo_very_low', 'mode_1', 'duration_ms_high'})",1987,duration_ms_high|instrumentalness_low|mode_1|tempo_very_low
0.02380239341630829,"frozenset({'instrumentalness_low', 'energy_high', 'mode_1', 'speechiness_low'})",1987,energy_high|instrumentalness_low|mode_1|speechiness_low
0.02380239341630829,"frozenset({'tempo_very_low', 'instrumentalness_high', 'acousticness_very_high', 'mode_1'})",1987,acousticness_very_high|instrumentalness_high|mode_1|tempo_very_low
0.023790414355706224,"frozenset({'mode_0', 'liveness_very_high', 'tempo_very_high'})",1986,liveness_very_high|mode_0|tempo_very_high
0.023790414355706224,"frozenset({'danceability_high', 'duration_ms_low', 'valence_very_high'})",1986,danceability_high|duration_ms_low|valence_very_high
0.023790414355706224,"frozenset({'energy_very_low', 'mode_1', 'tempo_high', 'acousticness_very_high'})",1986,acousticness_very_high|energy_very_low|mode_1|tempo_high
0.023790414355706224,"frozenset({'danceability_very_low', 'tempo_very_low', 'duration_ms_very_high'})",1986,danceability_very_low|duration_ms_very_high|tempo_very_low
0.023790414355706224,"frozenset({'valence_low', 'danceability_low', 'key_very_low'})",1986,danceability_low|key_very_low|valence_low
0.023790414355706224,"frozenset({'speechiness_low', 'energy_high', 'acousticness_low'})",1986,acousticness_low|energy_high|speechiness_low
0.023778435295104157,"frozenset({'liveness_very_high', 'danceability_high', 'valence_very_high'})",1985,danceability_high|liveness_very_high|valence_very_high
0.02376645623450209,"frozenset({'speechiness_low', 'liveness_very_low', 'instrumentalness_high'})",1984,instrumentalness_high|liveness_very_low|speechiness_low
0.023754477173900022,"frozenset({'mode_0', 'tempo_very_high', 'loudness_high'})",1983,loudness_high|mode_0|tempo_very_high
0.023754477173900022,"frozenset({'danceability_very_low', 'duration_ms_very_high', 'speechiness_low'})",1983,danceability_very_low|duration_ms_very_high|speechiness_low
0.023754477173900022,"frozenset({'liveness_very_low', 'mode_0', 'acousticness_high'})",1983,acousticness_high|liveness_very_low|mode_0
0.023754477173900022,"frozenset({'danceability_very_low', 'instrumentalness_high', 'speechiness_high'})",1983,danceability_very_low|instrumentalness_high|speechiness_high
0.023754477173900022,"frozenset({'energy_low', 'danceability_low', 'acousticness_high'})",1983,acousticness_high|danceability_low|energy_low
0.023742498113297955,"frozenset({'danceability_very_low', 'valence_very_low', 'instrumentalness_high', 'key_very_low'})",1982,danceability_very_low|instrumentalness_high|key_very_low|valence_very_low
0.023742498113297955,"frozenset({'valence_low', 'mode_0', 'instrumentalness_high'})",1982,instrumentalness_high|mode_0|valence_low
0.023742498113297955,"frozenset({'instrumentalness_low', 'acousticness_very_high', 'tempo_high'})",1982,acousticness_very_high|instrumentalness_low|tempo_high
0.023742498113297955,"frozenset({'loudness_very_high', 'duration_ms_low', 'acousticness_very_low', 'energy_very_high'})",1982,acousticness_very_low|duration_ms_low|energy_very_high|loudness_very_high
0.023730519052695888,"frozenset({'duration_ms_very_low', 'speechiness_very_low', 'acousticness_very_high'})",1981,acousticness_very_high|duration_ms_very_low|speechiness_very_low
0.023730519052695888,"frozenset({'danceability_very_high', 'speechiness_very_high', 'key_high'})",1981,danceability_very_high|key_high|speechiness_very_high
0.02371853999209382,"frozenset({'loudness_very_high', 'acousticness_very_low', 'key_high', 'energy_very_high'})",1980,acousticness_very_low|energy_very_high|key_high|loudness_very_high
0.023706560931491753,"frozenset({'energy_high', 'speechiness_very_high', 'loudness_high'})",1979,energy_high|loudness_high|speechiness_very_high
0.023706560931491753,"frozenset({'energy_high', 'valence_very_high', 'key_high'})",1979,energy_high|key_high|valence_very_high
0.023706560931491753,"frozenset({'loudness_low', 'energy_very_high'})",1979,energy_very_high|loudness_low
0.023706560931491753,"frozenset({'instrumentalness_high', 'energy_very_low', 'duration_ms_very_high'})",1979,duration_ms_very_high|energy_very_low|instrumentalness_high
0.023694581870889686,"frozenset({'instrumentalness_low', 'energy_very_low', 'key_very_high'})",1978,energy_very_low|instrumentalness_low|key_very_high
0.023694581870889686,"frozenset({'valence_low', 'mode_0', 'loudness_low'})",1978,loudness_low|mode_0|valence_low
0.023694581870889686,"frozenset({'duration_ms_very_low', 'liveness_low', 'acousticness_very_high', 'mode_1'})",1978,acousticness_very_high|duration_ms_very_low|liveness_low|mode_1
0.02368260281028762,"frozenset({'key_very_low', 'speechiness_very_high', 'mode_1', 'energy_very_high'})",1977,energy_very_high|key_very_low|mode_1|speechiness_very_high
0.02368260281028762,"frozenset({'loudness_very_high', 'acousticness_low', 'tempo_high'})",1977,acousticness_low|loudness_very_high|tempo_high
0.02368260281028762,"frozenset({'danceability_very_low', 'acousticness_very_low', 'instrumentalness_high', 'energy_very_high'})",1977,acousticness_very_low|danceability_very_low|energy_very_high|instrumentalness_high
0.023670623749685548,"frozenset({'liveness_very_high', 'energy_very_low', 'acousticness_very_high'})",1976,acousticness_very_high|energy_very_low|liveness_very_high
0.023670623749685548,"frozenset({'mode_0', 'tempo_high', 'valence_high'})",1976,mode_0|tempo_high|valence_high
0.023670623749685548,"frozenset({'valence_very_low', 'tempo_very_low', 'speechiness_very_low'})",1976,speechiness_very_low|tempo_very_low|valence_very_low
0.023670623749685548,"frozenset({'speechiness_low', 'valence_very_low', 'acousticness_very_high', 'mode_1'})",1976,acousticness_very_high|mode_1|speechiness_low|valence_very_low
0.023670623749685548,"frozenset({'energy_low', 'instrumentalness_high', 'mode_1'})",1976,energy_low|instrumentalness_high|mode_1
0.02365864468908348,"frozenset({'valence_low', 'loudness_very_low', 'liveness_low'})",1975,liveness_low|loudness_very_low|valence_low
0.02365864468908348,"frozenset({'acousticness_very_low', 'instrumentalness_high', 'mode_1', 'key_very_low'})",1975,acousticness_very_low|instrumentalness_high|key_very_low|mode_1
0.02365864468908348,"frozenset({'liveness_high', 'speechiness_very_high', 'energy_very_high'})",1975,energy_very_high|liveness_high|speechiness_very_high
0.02365864468908348,"frozenset({'danceability_very_high', 'acousticness_high', 'loudness_high'})",1975,acousticness_high|danceability_very_high|loudness_high
0.02365864468908348,"frozenset({'duration_ms_very_low', 'tempo_very_high', 'speechiness_very_high'})",1975,duration_ms_very_low|speechiness_very_high|tempo_very_high
0.02365864468908348,"frozenset({'liveness_high', 'energy_low', 'mode_0'})",1975,energy_low|liveness_high|mode_0
0.023646665628481413,"frozenset({'duration_ms_very_low', 'tempo_very_low', 'loudness_very_low', 'mode_1'})",1974,duration_ms_very_low|loudness_very_low|mode_1|tempo_very_low
0.023646665628481413,"frozenset({'key_low', 'acousticness_very_low', 'mode_0'})",1974,acousticness_very_low|key_low|mode_0
0.023646665628481413,"frozenset({'mode_0', 'instrumentalness_medium', 'liveness_very_high'})",1974,instrumentalness_medium|liveness_very_high|mode_0
0.023634686567879346,"frozenset({'danceability_very_low', 'loudness_very_high', 'liveness_very_high'})",1973,danceability_very_low|liveness_very_high|loudness_very_high
0.023634686567879346,"frozenset({'duration_ms_very_low', 'liveness_high', 'instrumentalness_low', 'mode_1'})",1973,duration_ms_very_low|instrumentalness_low|liveness_high|mode_1
0.023634686567879346,"frozenset({'valence_very_low', 'energy_very_low', 'key_high'})",1973,energy_very_low|key_high|valence_very_low
0.023634686567879346,"frozenset({'liveness_low', 'energy_very_low', 'mode_1', 'key_very_low'})",1973,energy_very_low|key_very_low|liveness_low|mode_1
0.023634686567879346,"frozenset({'danceability_very_high', 'valence_very_high', 'acousticness_low', 'mode_1'})",1973,acousticness_low|danceability_very_high|mode_1|valence_very_high
0.02362270750727728,"frozenset({'mode_0', 'tempo_very_low', 'instrumentalness_high'})",1972,instrumentalness_high|mode_0|tempo_very_low
0.02361072844667521,"frozenset({'speechiness_low', 'tempo_very_low', 'instrumentalness_high'})",1971,instrumentalness_high|speechiness_low|tempo_very_low
0.02361072844667521,"frozenset({'valence_very_low', 'loudness_very_low', 'tempo_low'})",1971,loudness_very_low|tempo_low|valence_very_low
0.023598749386073144,"frozenset({'valence_low', 'mode_0', 'tempo_very_high'})",1970,mode_0|tempo_very_high|valence_low
0.023598749386073144,"frozenset({'mode_0', 'liveness_low', 'duration_ms_very_high'})",1970,duration_ms_very_high|liveness_low|mode_0
0.023598749386073144,"frozenset({'valence_low', 'mode_0', 'duration_ms_high'})",1970,duration_ms_high|mode_0|valence_low
0.023598749386073144,"frozenset({'liveness_very_low', 'instrumentalness_high', 'speechiness_high'})",1970,instrumentalness_high|liveness_very_low|speechiness_high
0.023598749386073144,"frozenset({'danceability_very_high', 'instrumentalness_medium', 'tempo_low'})",1970,danceability_very_high|instrumentalness_medium|tempo_low
0.023586770325471077,"frozenset({'valence_low', 'loudness_very_high', 'mode_0'})",1969,loudness_very_high|mode_0|valence_low
0.02357479126486901,"frozenset({'acousticness_very_high', 'danceability_very_low', 'tempo_very_low', 'instrumentalness_high', 'energy_very_low'})",1968,acousticness_very_high|danceability_very_low|energy_very_low|instrumentalness_high|tempo_very_low
0.02357479126486901,"frozenset({'liveness_very_low', 'valence_very_low', 'mode_0'})",1968,liveness_very_low|mode_0|valence_very_low
0.02357479126486901,"frozenset({'speechiness_very_low', 'tempo_very_low', 'loudness_very_low', 'energy_very_low'})",1968,energy_very_low|loudness_very_low|speechiness_very_low|tempo_very_low
0.02357479126486901,"frozenset({'valence_very_low', 'mode_0', 'key_very_low'})",1968,key_very_low|mode_0|valence_very_low
0.02357479126486901,"frozenset({'danceability_very_low', 'mode_0', 'acousticness_very_low', 'energy_very_high'})",1968,acousticness_very_low|danceability_very_low|energy_very_high|mode_0
0.023562812204266943,"frozenset({'loudness_very_high', 'liveness_very_high', 'duration_ms_high'})",1967,duration_ms_high|liveness_very_high|loudness_very_high
0.023562812204266943,"frozenset({'speechiness_very_low', 'energy_very_low', 'acousticness_high'})",1967,acousticness_high|energy_very_low|speechiness_very_low
0.023562812204266943,"frozenset({'loudness_very_high', 'liveness_very_high', 'tempo_very_high', 'energy_very_high'})",1967,energy_very_high|liveness_very_high|loudness_very_high|tempo_very_high
0.023562812204266943,"frozenset({'energy_high', 'acousticness_low', 'key_high'})",1967,acousticness_low|energy_high|key_high
0.023550833143664875,"frozenset({'energy_low', 'loudness_low', 'mode_1', 'key_very_low'})",1966,energy_low|key_very_low|loudness_low|mode_1
0.023550833143664875,"frozenset({'speechiness_low', 'acousticness_very_high', 'loudness_very_low', 'danceability_very_low', 'instrumentalness_high', 'energy_very_low'})",1966,acousticness_very_high|danceability_very_low|energy_very_low|instrumentalness_high|loudness_very_low|speechiness_low
0.023550833143664875,"frozenset({'duration_ms_very_low', 'acousticness_very_high', 'loudness_very_low', 'tempo_very_low', 'energy_very_low'})",1966,acousticness_very_high|duration_ms_very_low|energy_very_low|loudness_very_low|tempo_very_low
0.023550833143664875,"frozenset({'instrumentalness_low', 'tempo_very_low', 'energy_very_low', 'acousticness_very_high'})",1966,acousticness_very_high|energy_very_low|instrumentalness_low|tempo_very_low
0.023550833143664875,"frozenset({'key_low', 'duration_ms_very_high', 'mode_1'})",1966,duration_ms_very_high|key_low|mode_1
0.023550833143664875,"frozenset({'speechiness_low', 'acousticness_very_high', 'loudness_very_low', 'valence_very_low', 'instrumentalness_high'})",1966,acousticness_very_high|instrumentalness_high|loudness_very_low|speechiness_low|valence_very_low
0.023550833143664875,"frozenset({'instrumentalness_low', 'liveness_very_high', 'mode_1', 'duration_ms_high'})",1966,duration_ms_high|instrumentalness_low|liveness_very_high|mode_1
0.023550833143664875,"frozenset({'liveness_high', 'loudness_very_high', 'acousticness_very_low', 'energy_very_high'})",1966,acousticness_very_low|energy_very_high|liveness_high|loudness_very_high
0.023550833143664875,"frozenset({'instrumentalness_low', 'speechiness_very_low', 'loudness_very_high'})",1966,instrumentalness_low|loudness_very_high|speechiness_very_low
0.023538854083062805,"frozenset({'instrumentalness_high', 'valence_very_low', 'loudness_very_low', 'key_very_low'})",1965,instrumentalness_high|key_very_low|loudness_very_low|valence_very_low
0.023538854083062805,"frozenset({'danceability_very_high', 'valence_very_high', 'mode_1', 'tempo_low'})",1965,danceability_very_high|mode_1|tempo_low|valence_very_high
0.023538854083062805,"frozenset({'key_low', 'mode_0', 'duration_ms_very_high'})",1965,duration_ms_very_high|key_low|mode_0
0.023538854083062805,"frozenset({'instrumentalness_low', 'liveness_low', 'loudness_low', 'mode_1'})",1965,instrumentalness_low|liveness_low|loudness_low|mode_1
0.023538854083062805,"frozenset({'key_low', 'mode_0', 'energy_very_high'})",1965,energy_very_high|key_low|mode_0
0.023538854083062805,"frozenset({'loudness_very_high', 'danceability_high', 'mode_0'})",1965,danceability_high|loudness_very_high|mode_0
0.023538854083062805,"frozenset({'duration_ms_very_low', 'speechiness_very_low', 'instrumentalness_low'})",1965,duration_ms_very_low|instrumentalness_low|speechiness_very_low
0.023538854083062805,"frozenset({'speechiness_low', 'loudness_very_low', 'duration_ms_very_high'})",1965,duration_ms_very_high|loudness_very_low|speechiness_low
0.023526875022460737,"frozenset({'danceability_very_high', 'speechiness_very_high', 'key_very_high'})",1964,danceability_very_high|key_very_high|speechiness_very_high
0.023526875022460737,"frozenset({'speechiness_low', 'loudness_very_low', 'danceability_very_low', 'valence_very_low', 'instrumentalness_high'})",1964,danceability_very_low|instrumentalness_high|loudness_very_low|speechiness_low|valence_very_low
0.02351489596185867,"frozenset({'duration_ms_very_high', 'valence_very_low', 'loudness_low'})",1963,duration_ms_very_high|loudness_low|valence_very_low
0.02351489596185867,"frozenset({'acousticness_very_low', 'instrumentalness_medium', 'duration_ms_very_high'})",1963,acousticness_very_low|duration_ms_very_high|instrumentalness_medium
0.02351489596185867,"frozenset({'speechiness_low', 'loudness_very_low', 'instrumentalness_high', 'mode_1', 'energy_very_low'})",1963,energy_very_low|instrumentalness_high|loudness_very_low|mode_1|speechiness_low
0.023502916901256603,"frozenset({'danceability_very_low', 'valence_very_low', 'loudness_very_low', 'mode_0'})",1962,danceability_very_low|loudness_very_low|mode_0|valence_very_low
0.023502916901256603,"frozenset({'instrumentalness_low', 'loudness_low', 'mode_1', 'duration_ms_high'})",1962,duration_ms_high|instrumentalness_low|loudness_low|mode_1
0.023502916901256603,"frozenset({'duration_ms_very_low', 'danceability_very_high', 'instrumentalness_low', 'valence_very_high'})",1962,danceability_very_high|duration_ms_very_low|instrumentalness_low|valence_very_high
0.023502916901256603,"frozenset({'energy_low', 'key_high', 'acousticness_high'})",1962,acousticness_high|energy_low|key_high
0.023490937840654535,"frozenset({'danceability_very_high', 'acousticness_low', 'key_high'})",1961,acousticness_low|danceability_very_high|key_high
0.023490937840654535,"frozenset({'duration_ms_very_low', 'energy_very_low', 'speechiness_low', 'acousticness_very_high'})",1961,acousticness_very_high|duration_ms_very_low|energy_very_low|speechiness_low
0.023490937840654535,"frozenset({'danceability_very_low', 'loudness_very_low', 'mode_1', 'key_very_low'})",1961,danceability_very_low|key_very_low|loudness_very_low|mode_1
0.023490937840654535,"frozenset({'acousticness_low', 'instrumentalness_low', 'duration_ms_very_high'})",1961,acousticness_low|duration_ms_very_high|instrumentalness_low
0.023490937840654535,"frozenset({'danceability_low', 'loudness_very_high', 'mode_1', 'acousticness_very_low'})",1961,acousticness_very_low|danceability_low|loudness_very_high|mode_1
0.023478958780052468,"frozenset({'liveness_very_low', 'speechiness_very_low', 'instrumentalness_low', 'mode_1'})",1960,instrumentalness_low|liveness_very_low|mode_1|speechiness_very_low
0.023478958780052468,"frozenset({'liveness_very_low', 'instrumentalness_high', 'danceability_very_high'})",1960,danceability_very_high|instrumentalness_high|liveness_very_low
0.023478958780052468,"frozenset({'energy_high', 'danceability_high', 'key_very_low'})",1960,danceability_high|energy_high|key_very_low
0.023478958780052468,"frozenset({'instrumentalness_high', 'duration_ms_low', 'mode_1'})",1960,duration_ms_low|instrumentalness_high|mode_1
0.023478958780052468,"frozenset({'key_low', 'danceability_very_high', 'instrumentalness_low'})",1960,danceability_very_high|instrumentalness_low|key_low
0.023478958780052468,"frozenset({'speechiness_low', 'mode_0', 'danceability_high'})",1960,danceability_high|mode_0|speechiness_low
0.023478958780052468,"frozenset({'liveness_very_low', 'loudness_very_low', 'acousticness_very_high', 'mode_1'})",1960,acousticness_very_high|liveness_very_low|loudness_very_low|mode_1
0.023478958780052468,"frozenset({'loudness_very_high', 'tempo_very_high', 'valence_high'})",1960,loudness_very_high|tempo_very_high|valence_high
0.0234669797194504,"frozenset({'valence_very_low', 'instrumentalness_high', 'tempo_very_high'})",1959,instrumentalness_high|tempo_very_high|valence_very_low
0.0234669797194504,"frozenset({'energy_low', 'acousticness_low', 'loudness_high'})",1959,acousticness_low|energy_low|loudness_high
0.0234669797194504,"frozenset({'liveness_high', 'mode_0', 'duration_ms_high'})",1959,duration_ms_high|liveness_high|mode_0
0.023455000658848334,"frozenset({'danceability_very_high', 'energy_high', 'valence_high'})",1958,danceability_very_high|energy_high|valence_high
0.023455000658848334,"frozenset({'liveness_low', 'energy_very_low', 'tempo_low'})",1958,energy_very_low|liveness_low|tempo_low
0.023455000658848334,"frozenset({'instrumentalness_low', 'loudness_very_high', 'energy_very_high', 'duration_ms_high'})",1958,duration_ms_high|energy_very_high|instrumentalness_low|loudness_very_high
0.023455000658848334,"frozenset({'acousticness_very_low', 'speechiness_very_high', 'key_very_low'})",1958,acousticness_very_low|key_very_low|speechiness_very_high
0.023455000658848334,"frozenset({'danceability_high', 'energy_very_low', 'mode_1', 'acousticness_very_high'})",1958,acousticness_very_high|danceability_high|energy_very_low|mode_1
0.023443021598246266,"frozenset({'liveness_very_low', 'danceability_very_high', 'valence_high'})",1957,danceability_very_high|liveness_very_low|valence_high
0.023443021598246266,"frozenset({'energy_high', 'valence_very_high', 'speechiness_very_high'})",1957,energy_high|speechiness_very_high|valence_very_high
0.023443021598246266,"frozenset({'acousticness_very_low', 'duration_ms_very_high', 'mode_1', 'energy_very_high'})",1957,acousticness_very_low|duration_ms_very_high|energy_very_high|mode_1
0.0234310425376442,"frozenset({'duration_ms_very_low', 'loudness_very_low', 'instrumentalness_high', 'mode_1', 'energy_very_low'})",1956,duration_ms_very_low|energy_very_low|instrumentalness_high|loudness_very_low|mode_1
0.0234310425376442,"frozenset({'tempo_very_high', 'speechiness_very_high', 'valence_high'})",1956,speechiness_very_high|tempo_very_high|valence_high
0.0234310425376442,"frozenset({'speechiness_high', 'energy_very_high', 'loudness_high'})",1956,energy_very_high|loudness_high|speechiness_high
0.0234310425376442,"frozenset({'instrumentalness_low', 'tempo_very_high', 'mode_1', 'energy_very_high'})",1956,energy_very_high|instrumentalness_low|mode_1|tempo_very_high
0.023419063477042132,"frozenset({'danceability_very_low', 'valence_very_low', 'loudness_very_low', 'key_very_low'})",1955,danceability_very_low|key_very_low|loudness_very_low|valence_very_low
0.023419063477042132,"frozenset({'loudness_very_high', 'energy_high', 'acousticness_high'})",1955,acousticness_high|energy_high|loudness_very_high
0.023419063477042132,"frozenset({'duration_ms_very_low', 'loudness_very_high', 'speechiness_very_high'})",1955,duration_ms_very_low|loudness_very_high|speechiness_very_high
0.023419063477042132,"frozenset({'mode_0', 'valence_high', 'energy_very_high'})",1955,energy_very_high|mode_0|valence_high
0.023419063477042132,"frozenset({'mode_0', 'energy_low', 'duration_ms_low'})",1955,duration_ms_low|energy_low|mode_0
0.023419063477042132,"frozenset({'valence_very_high', 'acousticness_low', 'tempo_high'})",1955,acousticness_low|tempo_high|valence_very_high
0.023419063477042132,"frozenset({'mode_0', 'danceability_high', 'speechiness_very_high'})",1955,danceability_high|mode_0|speechiness_very_high
0.023419063477042132,"frozenset({'loudness_very_high', 'mode_0', 'tempo_very_high', 'energy_very_high'})",1955,energy_very_high|loudness_very_high|mode_0|tempo_very_high
0.023419063477042132,"frozenset({'instrumentalness_high', 'valence_very_low', 'liveness_high'})",1955,instrumentalness_high|liveness_high|valence_very_low
0.02340708441644006,"frozenset({'duration_ms_very_low', 'instrumentalness_low', 'loudness_low', 'mode_1'})",1954,duration_ms_very_low|instrumentalness_low|loudness_low|mode_1
0.02340708441644006,"frozenset({'energy_low', 'key_very_low', 'loudness_high'})",1954,energy_low|key_very_low|loudness_high
0.02340708441644006,"frozenset({'instrumentalness_high', 'energy_very_low', 'key_very_low', 'acousticness_very_high'})",1954,acousticness_very_high|energy_very_low|instrumentalness_high|key_very_low
0.023395105355837994,"frozenset({'energy_high', 'danceability_high', 'valence_high'})",1953,danceability_high|energy_high|valence_high
0.023395105355837994,"frozenset({'valence_very_high', 'acousticness_low', 'speechiness_very_high'})",1953,acousticness_low|speechiness_very_high|valence_very_high
0.023395105355837994,"frozenset({'instrumentalness_low', 'energy_high', 'acousticness_low', 'loudness_high'})",1953,acousticness_low|energy_high|instrumentalness_low|loudness_high
0.023383126295235927,"frozenset({'instrumentalness_low', 'speechiness_very_high', 'mode_1', 'loudness_high'})",1952,instrumentalness_low|loudness_high|mode_1|speechiness_very_high
0.023383126295235927,"frozenset({'loudness_very_low', 'danceability_very_low', 'valence_very_low', 'tempo_very_low', 'mode_1'})",1952,danceability_very_low|loudness_very_low|mode_1|tempo_very_low|valence_very_low
0.023383126295235927,"frozenset({'valence_very_high', 'speechiness_high', 'energy_very_high'})",1952,energy_very_high|speechiness_high|valence_very_high
0.02337114723463386,"frozenset({'danceability_very_low', 'mode_0', 'instrumentalness_medium'})",1951,danceability_very_low|instrumentalness_medium|mode_0
0.023359168174031792,"frozenset({'speechiness_low', 'mode_0', 'acousticness_very_low'})",1950,acousticness_very_low|mode_0|speechiness_low
0.023359168174031792,"frozenset({'loudness_very_high', 'speechiness_very_high', 'key_very_high'})",1950,key_very_high|loudness_very_high|speechiness_very_high
0.023359168174031792,"frozenset({'acousticness_very_low', 'tempo_very_high', 'duration_ms_high'})",1950,acousticness_very_low|duration_ms_high|tempo_very_high
0.023359168174031792,"frozenset({'instrumentalness_low', 'danceability_very_high', 'valence_very_high', 'tempo_low'})",1950,danceability_very_high|instrumentalness_low|tempo_low|valence_very_high
0.023359168174031792,"frozenset({'instrumentalness_low', 'liveness_very_low', 'energy_low', 'mode_1'})",1950,energy_low|instrumentalness_low|liveness_very_low|mode_1
0.023359168174031792,"frozenset({'danceability_very_high', 'duration_ms_low', 'tempo_low'})",1950,danceability_very_high|duration_ms_low|tempo_low
0.023347189113429725,"frozenset({'duration_ms_very_low', 'acousticness_very_high', 'danceability_low'})",1949,acousticness_very_high|danceability_low|duration_ms_very_low
0.023347189113429725,"frozenset({'liveness_high', 'mode_0', 'tempo_low'})",1949,liveness_high|mode_0|tempo_low
0.023335210052827658,"frozenset({'valence_very_low', 'tempo_very_high', 'acousticness_very_low'})",1948,acousticness_very_low|tempo_very_high|valence_very_low
0.023335210052827658,"frozenset({'danceability_very_high', 'mode_1', 'energy_very_high'})",1948,danceability_very_high|energy_very_high|mode_1
0.02332323099222559,"frozenset({'mode_0', 'valence_high', 'duration_ms_high'})",1947,duration_ms_high|mode_0|valence_high
0.02332323099222559,"frozenset({'instrumentalness_low', 'liveness_very_low', 'acousticness_low', 'mode_1'})",1947,acousticness_low|instrumentalness_low|liveness_very_low|mode_1
0.02332323099222559,"frozenset({'acousticness_low', 'duration_ms_low', 'loudness_high'})",1947,acousticness_low|duration_ms_low|loudness_high
0.023311251931623523,"frozenset({'energy_high', 'valence_very_high', 'loudness_low'})",1946,energy_high|loudness_low|valence_very_high
0.023311251931623523,"frozenset({'liveness_very_high', 'mode_1', 'key_very_low', 'energy_very_high'})",1946,energy_very_high|key_very_low|liveness_very_high|mode_1
0.023311251931623523,"frozenset({'valence_very_high', 'tempo_very_high', 'acousticness_high'})",1946,acousticness_high|tempo_very_high|valence_very_high
0.023311251931623523,"frozenset({'valence_very_low', 'instrumentalness_high', 'speechiness_very_low'})",1946,instrumentalness_high|speechiness_very_low|valence_very_low
0.023311251931623523,"frozenset({'acousticness_low', 'duration_ms_low', 'speechiness_very_high'})",1946,acousticness_low|duration_ms_low|speechiness_very_high
0.023299272871021456,"frozenset({'instrumentalness_low', 'acousticness_very_low', 'speechiness_very_high'})",1945,acousticness_very_low|instrumentalness_low|speechiness_very_high
0.023299272871021456,"frozenset({'loudness_very_high', 'liveness_very_high', 'mode_1', 'acousticness_very_low'})",1945,acousticness_very_low|liveness_very_high|loudness_very_high|mode_1
0.02328729381041939,"frozenset({'valence_low', 'liveness_very_high', 'energy_very_high'})",1944,energy_very_high|liveness_very_high|valence_low
0.02328729381041939,"frozenset({'instrumentalness_low', 'energy_low', 'liveness_very_high', 'mode_1'})",1944,energy_low|instrumentalness_low|liveness_very_high|mode_1
0.023275314749817318,"frozenset({'instrumentalness_low', 'loudness_low', 'speechiness_high'})",1943,instrumentalness_low|loudness_low|speechiness_high
0.023275314749817318,"frozenset({'acousticness_low', 'danceability_very_high', 'loudness_low'})",1943,acousticness_low|danceability_very_high|loudness_low
0.023275314749817318,"frozenset({'danceability_very_high', 'speechiness_very_high', 'tempo_high'})",1943,danceability_very_high|speechiness_very_high|tempo_high
0.023275314749817318,"frozenset({'acousticness_very_low', 'danceability_low', 'speechiness_high'})",1943,acousticness_very_low|danceability_low|speechiness_high
0.02326333568921525,"frozenset({'valence_low', 'danceability_very_low', 'energy_very_high'})",1942,danceability_very_low|energy_very_high|valence_low
0.02326333568921525,"frozenset({'loudness_very_low', 'energy_very_low', 'mode_1', 'speechiness_high'})",1942,energy_very_low|loudness_very_low|mode_1|speechiness_high
0.02326333568921525,"frozenset({'duration_ms_very_low', 'energy_low', 'valence_very_high'})",1942,duration_ms_very_low|energy_low|valence_very_high
0.02326333568921525,"frozenset({'acousticness_low', 'key_very_low', 'loudness_high'})",1942,acousticness_low|key_very_low|loudness_high
0.02326333568921525,"frozenset({'acousticness_very_high', 'danceability_very_low', 'liveness_low', 'mode_1', 'energy_very_low'})",1942,acousticness_very_high|danceability_very_low|energy_very_low|liveness_low|mode_1
0.02326333568921525,"frozenset({'energy_low', 'loudness_low', 'tempo_very_high'})",1942,energy_low|loudness_low|tempo_very_high
0.023251356628613183,"frozenset({'speechiness_very_low', 'tempo_very_low', 'liveness_low'})",1941,liveness_low|speechiness_very_low|tempo_very_low
0.023251356628613183,"frozenset({'valence_low', 'loudness_very_low', 'instrumentalness_high'})",1941,instrumentalness_high|loudness_very_low|valence_low
0.023251356628613183,"frozenset({'speechiness_very_low', 'tempo_low', 'acousticness_high'})",1941,acousticness_high|speechiness_very_low|tempo_low
0.023251356628613183,"frozenset({'valence_low', 'acousticness_very_low', 'tempo_very_high'})",1941,acousticness_very_low|tempo_very_high|valence_low
0.023251356628613183,"frozenset({'mode_0', 'instrumentalness_medium', 'danceability_high'})",1941,danceability_high|instrumentalness_medium|mode_0
0.023251356628613183,"frozenset({'speechiness_low', 'acousticness_very_high', 'loudness_very_low', 'danceability_very_low', 'mode_1', 'energy_very_low'})",1941,acousticness_very_high|danceability_very_low|energy_very_low|loudness_very_low|mode_1|speechiness_low
0.023239377568011116,"frozenset({'loudness_very_high', 'speechiness_high', 'key_very_low'})",1940,key_very_low|loudness_very_high|speechiness_high
0.023239377568011116,"frozenset({'mode_0', 'tempo_low', 'duration_ms_high'})",1940,duration_ms_high|mode_0|tempo_low
0.023239377568011116,"frozenset({'danceability_very_low', 'mode_0', 'loudness_very_low', 'acousticness_very_high'})",1940,acousticness_very_high|danceability_very_low|loudness_very_low|mode_0
0.02322739850740905,"frozenset({'instrumentalness_low', 'tempo_very_high', 'duration_ms_very_high'})",1939,duration_ms_very_high|instrumentalness_low|tempo_very_high
0.02322739850740905,"frozenset({'danceability_very_low', 'instrumentalness_high', 'mode_1', 'key_very_low'})",1939,danceability_very_low|instrumentalness_high|key_very_low|mode_1
0.02321541944680698,"frozenset({'speechiness_very_low', 'mode_0', 'energy_very_low'})",1938,energy_very_low|mode_0|speechiness_very_low
0.02321541944680698,"frozenset({'valence_low', 'energy_very_low', 'key_very_low'})",1938,energy_very_low|key_very_low|valence_low
0.02321541944680698,"frozenset({'danceability_very_low', 'acousticness_low', 'mode_1'})",1938,acousticness_low|danceability_very_low|mode_1
0.023203440386204914,"frozenset({'speechiness_low', 'mode_0', 'acousticness_low'})",1937,acousticness_low|mode_0|speechiness_low
0.023203440386204914,"frozenset({'instrumentalness_high', 'valence_very_low', 'liveness_low', 'danceability_very_low'})",1937,danceability_very_low|instrumentalness_high|liveness_low|valence_very_low
0.023191461325602847,"frozenset({'instrumentalness_high', 'speechiness_high', 'key_very_low'})",1936,instrumentalness_high|key_very_low|speechiness_high
0.023191461325602847,"frozenset({'duration_ms_very_low', 'danceability_high', 'valence_very_high'})",1936,danceability_high|duration_ms_very_low|valence_very_high
0.023191461325602847,"frozenset({'energy_high', 'valence_very_high', 'key_very_high'})",1936,energy_high|key_very_high|valence_very_high
0.023191461325602847,"frozenset({'mode_0', 'energy_high', 'tempo_very_high'})",1936,energy_high|mode_0|tempo_very_high
0.023191461325602847,"frozenset({'speechiness_low', 'acousticness_very_high', 'valence_very_low', 'instrumentalness_high', 'energy_very_low'})",1936,acousticness_very_high|energy_very_low|instrumentalness_high|speechiness_low|valence_very_low
0.02317948226500078,"frozenset({'valence_low', 'mode_0', 'acousticness_low'})",1935,acousticness_low|mode_0|valence_low
0.02317948226500078,"frozenset({'instrumentalness_low', 'liveness_high', 'danceability_very_low'})",1935,danceability_very_low|instrumentalness_low|liveness_high
0.02317948226500078,"frozenset({'acousticness_very_high', 'loudness_very_low', 'valence_very_low', 'tempo_very_low', 'instrumentalness_high', 'energy_very_low'})",1935,acousticness_very_high|energy_very_low|instrumentalness_high|loudness_very_low|tempo_very_low|valence_very_low
0.023167503204398712,"frozenset({'key_very_high', 'tempo_very_high', 'energy_very_high'})",1934,energy_very_high|key_very_high|tempo_very_high
0.023155524143796645,"frozenset({'instrumentalness_low', 'tempo_very_low', 'valence_very_high', 'mode_1'})",1933,instrumentalness_low|mode_1|tempo_very_low|valence_very_high
0.023155524143796645,"frozenset({'mode_0', 'loudness_low', 'speechiness_high'})",1933,loudness_low|mode_0|speechiness_high
0.023155524143796645,"frozenset({'acousticness_very_high', 'loudness_very_low', 'energy_very_low', 'duration_ms_high'})",1933,acousticness_very_high|duration_ms_high|energy_very_low|loudness_very_low
0.023155524143796645,"frozenset({'valence_very_low', 'energy_very_low', 'duration_ms_high'})",1933,duration_ms_high|energy_very_low|valence_very_low
0.023155524143796645,"frozenset({'speechiness_very_low', 'tempo_very_low', 'danceability_low'})",1933,danceability_low|speechiness_very_low|tempo_very_low
0.023143545083194574,"frozenset({'danceability_very_low', 'valence_very_low', 'mode_1', 'acousticness_very_low'})",1932,acousticness_very_low|danceability_very_low|mode_1|valence_very_low
0.023143545083194574,"frozenset({'duration_ms_very_low', 'loudness_very_low', 'energy_very_low', 'key_very_low'})",1932,duration_ms_very_low|energy_very_low|key_very_low|loudness_very_low
0.023143545083194574,"frozenset({'tempo_very_low', 'loudness_very_low', 'energy_very_low', 'key_very_low'})",1932,energy_very_low|key_very_low|loudness_very_low|tempo_very_low
0.023143545083194574,"frozenset({'loudness_very_low', 'energy_very_low', 'mode_1', 'tempo_high'})",1932,energy_very_low|loudness_very_low|mode_1|tempo_high
0.023143545083194574,"frozenset({'instrumentalness_low', 'loudness_low', 'danceability_very_low'})",1932,danceability_very_low|instrumentalness_low|loudness_low
0.023143545083194574,"frozenset({'mode_0', 'liveness_very_high', 'duration_ms_very_high'})",1932,duration_ms_very_high|liveness_very_high|mode_0
0.023131566022592507,"frozenset({'loudness_very_high', 'instrumentalness_medium', 'acousticness_very_low', 'mode_1'})",1931,acousticness_very_low|instrumentalness_medium|loudness_very_high|mode_1
0.023131566022592507,"frozenset({'danceability_very_low', 'valence_very_low', 'energy_very_low', 'key_very_low'})",1931,danceability_very_low|energy_very_low|key_very_low|valence_very_low
0.02311958696199044,"frozenset({'mode_0', 'liveness_very_high', 'duration_ms_high'})",1930,duration_ms_high|liveness_very_high|mode_0
0.02311958696199044,"frozenset({'tempo_very_high', 'mode_0', 'duration_ms_low'})",1930,duration_ms_low|mode_0|tempo_very_high
0.02311958696199044,"frozenset({'speechiness_low', 'mode_0', 'danceability_very_high'})",1930,danceability_very_high|mode_0|speechiness_low
0.023107607901388372,"frozenset({'instrumentalness_low', 'mode_0', 'energy_low', 'acousticness_high'})",1929,acousticness_high|energy_low|instrumentalness_low|mode_0
0.023107607901388372,"frozenset({'tempo_very_low', 'loudness_low', 'acousticness_high'})",1929,acousticness_high|loudness_low|tempo_very_low
0.023107607901388372,"frozenset({'mode_0', 'danceability_high', 'speechiness_high'})",1929,danceability_high|mode_0|speechiness_high
0.023107607901388372,"frozenset({'speechiness_low', 'acousticness_very_high', 'loudness_very_low', 'liveness_low', 'energy_very_low'})",1929,acousticness_very_high|energy_very_low|liveness_low|loudness_very_low|speechiness_low
0.023095628840786305,"frozenset({'valence_low', 'mode_0', 'duration_ms_low'})",1928,duration_ms_low|mode_0|valence_low
0.023095628840786305,"frozenset({'speechiness_very_low', 'loudness_very_low', 'key_very_low'})",1928,key_very_low|loudness_very_low|speechiness_very_low
0.023083649780184238,"frozenset({'mode_0', 'liveness_very_high', 'danceability_high'})",1927,danceability_high|liveness_very_high|mode_0
0.023083649780184238,"frozenset({'mode_0', 'duration_ms_very_high', 'danceability_low'})",1927,danceability_low|duration_ms_very_high|mode_0
0.023083649780184238,"frozenset({'acousticness_very_high', 'loudness_very_low', 'danceability_very_low', 'tempo_very_low', 'instrumentalness_high', 'energy_very_low'})",1927,acousticness_very_high|danceability_very_low|energy_very_low|instrumentalness_high|loudness_very_low|tempo_very_low
0.023083649780184238,"frozenset({'energy_high', 'danceability_high', 'duration_ms_low'})",1927,danceability_high|duration_ms_low|energy_high
0.023083649780184238,"frozenset({'speechiness_very_low', 'energy_low', 'acousticness_low'})",1927,acousticness_low|energy_low|speechiness_very_low
0.02307167071958217,"frozenset({'energy_high', 'valence_very_high', 'tempo_high'})",1926,energy_high|tempo_high|valence_very_high
0.02307167071958217,"frozenset({'acousticness_very_high', 'loudness_very_low', 'danceability_very_low', 'valence_very_low', 'instrumentalness_high', 'mode_1'})",1926,acousticness_very_high|danceability_very_low|instrumentalness_high|loudness_very_low|mode_1|valence_very_low
0.02307167071958217,"frozenset({'acousticness_very_low', 'instrumentalness_medium', 'tempo_high'})",1926,acousticness_very_low|instrumentalness_medium|tempo_high
0.02307167071958217,"frozenset({'valence_very_low', 'energy_very_low', 'key_very_high'})",1926,energy_very_low|key_very_high|valence_very_low
0.023059691658980103,"frozenset({'instrumentalness_low', 'liveness_high', 'mode_1', 'duration_ms_high'})",1925,duration_ms_high|instrumentalness_low|liveness_high|mode_1
0.023059691658980103,"frozenset({'danceability_very_low', 'instrumentalness_high', 'tempo_very_high'})",1925,danceability_very_low|instrumentalness_high|tempo_very_high
0.023059691658980103,"frozenset({'speechiness_low', 'acousticness_very_low', 'energy_high'})",1925,acousticness_very_low|energy_high|speechiness_low
0.023059691658980103,"frozenset({'danceability_very_low', 'valence_very_low', 'tempo_very_low', 'instrumentalness_high', 'energy_very_low'})",1925,danceability_very_low|energy_very_low|instrumentalness_high|tempo_very_low|valence_very_low
0.023047712598378036,"frozenset({'key_low', 'mode_0', 'tempo_low'})",1924,key_low|mode_0|tempo_low
0.023047712598378036,"frozenset({'energy_high', 'valence_very_high', 'tempo_very_high'})",1924,energy_high|tempo_very_high|valence_very_high
0.023047712598378036,"frozenset({'speechiness_very_low', 'liveness_low', 'acousticness_high'})",1924,acousticness_high|liveness_low|speechiness_very_low
0.023047712598378036,"frozenset({'key_low', 'valence_very_low', 'mode_0'})",1924,key_low|mode_0|valence_very_low
0.02303573353777597,"frozenset({'energy_high', 'valence_very_high', 'speechiness_high'})",1923,energy_high|speechiness_high|valence_very_high
0.02303573353777597,"frozenset({'loudness_very_high', 'tempo_very_high', 'speechiness_very_high', 'mode_1'})",1923,loudness_very_high|mode_1|speechiness_very_high|tempo_very_high
0.02303573353777597,"frozenset({'speechiness_very_low', 'tempo_very_low', 'acousticness_very_high', 'mode_1'})",1923,acousticness_very_high|mode_1|speechiness_very_low|tempo_very_low
0.02303573353777597,"frozenset({'liveness_very_high', 'valence_very_high', 'energy_very_high'})",1923,energy_very_high|liveness_very_high|valence_very_high
0.0230237544771739,"frozenset({'loudness_very_low', 'speechiness_very_low', 'liveness_low', 'energy_very_low'})",1922,energy_very_low|liveness_low|loudness_very_low|speechiness_very_low
0.02301177541657183,"frozenset({'valence_low', 'tempo_very_high', 'energy_very_high'})",1921,energy_very_high|tempo_very_high|valence_low
0.02301177541657183,"frozenset({'duration_ms_very_high', 'speechiness_high', 'tempo_high'})",1921,duration_ms_very_high|speechiness_high|tempo_high
0.02301177541657183,"frozenset({'loudness_very_low', 'energy_very_low', 'mode_1', 'key_very_high'})",1921,energy_very_low|key_very_high|loudness_very_low|mode_1
0.02301177541657183,"frozenset({'danceability_very_low', 'acousticness_very_low', 'speechiness_very_high', 'mode_1'})",1921,acousticness_very_low|danceability_very_low|mode_1|speechiness_very_high
0.022999796355969764,"frozenset({'duration_ms_very_low', 'loudness_very_low', 'energy_very_low', 'speechiness_low'})",1920,duration_ms_very_low|energy_very_low|loudness_very_low|speechiness_low
0.022999796355969764,"frozenset({'instrumentalness_high', 'valence_very_low', 'liveness_low', 'acousticness_very_high'})",1920,acousticness_very_high|instrumentalness_high|liveness_low|valence_very_low
0.022999796355969764,"frozenset({'danceability_high', 'valence_very_high', 'energy_very_high'})",1920,danceability_high|energy_very_high|valence_very_high
0.022999796355969764,"frozenset({'speechiness_very_low', 'danceability_high', 'tempo_high'})",1920,danceability_high|speechiness_very_low|tempo_high
0.022999796355969764,"frozenset({'acousticness_low', 'danceability_high', 'duration_ms_low'})",1920,acousticness_low|danceability_high|duration_ms_low
0.022987817295367696,"frozenset({'speechiness_low', 'acousticness_very_high', 'loudness_very_low', 'tempo_very_low', 'energy_very_low'})",1919,acousticness_very_high|energy_very_low|loudness_very_low|speechiness_low|tempo_very_low
0.022987817295367696,"frozenset({'key_low', 'valence_very_low', 'energy_very_low'})",1919,energy_very_low|key_low|valence_very_low
0.022987817295367696,"frozenset({'instrumentalness_low', 'valence_very_high', 'mode_1', 'duration_ms_high'})",1919,duration_ms_high|instrumentalness_low|mode_1|valence_very_high
0.022987817295367696,"frozenset({'instrumentalness_low', 'mode_1', 'danceability_very_low', 'valence_low'})",1919,danceability_very_low|instrumentalness_low|mode_1|valence_low
0.022987817295367696,"frozenset({'tempo_very_high', 'danceability_low', 'duration_ms_high'})",1919,danceability_low|duration_ms_high|tempo_very_high
0.022987817295367696,"frozenset({'energy_high', 'danceability_high', 'acousticness_high'})",1919,acousticness_high|danceability_high|energy_high
0.02297583823476563,"frozenset({'instrumentalness_low', 'valence_very_low', 'key_very_low'})",1918,instrumentalness_low|key_very_low|valence_very_low
0.02297583823476563,"frozenset({'instrumentalness_high', 'liveness_very_low', 'loudness_very_low', 'energy_very_low'})",1918,energy_very_low|instrumentalness_high|liveness_very_low|loudness_very_low
0.02296385917416356,"frozenset({'duration_ms_very_low', 'valence_very_low', 'loudness_very_low', 'instrumentalness_high'})",1917,duration_ms_very_low|instrumentalness_high|loudness_very_low|valence_very_low
0.02296385917416356,"frozenset({'speechiness_very_low', 'energy_very_low', 'duration_ms_very_high'})",1917,duration_ms_very_high|energy_very_low|speechiness_very_low
0.02296385917416356,"frozenset({'instrumentalness_low', 'acousticness_very_low', 'energy_high'})",1917,acousticness_very_low|energy_high|instrumentalness_low
0.02296385917416356,"frozenset({'valence_low', 'speechiness_very_low', 'key_very_low'})",1917,key_very_low|speechiness_very_low|valence_low
0.02296385917416356,"frozenset({'instrumentalness_low', 'liveness_low', 'mode_1', 'duration_ms_high'})",1917,duration_ms_high|instrumentalness_low|liveness_low|mode_1
0.022951880113561494,"frozenset({'danceability_very_high', 'acousticness_very_high', 'mode_1'})",1916,acousticness_very_high|danceability_very_high|mode_1
0.022951880113561494,"frozenset({'danceability_very_low', 'liveness_very_high', 'instrumentalness_high'})",1916,danceability_very_low|instrumentalness_high|liveness_very_high
0.022951880113561494,"frozenset({'duration_ms_very_low', 'danceability_very_high', 'valence_very_high', 'mode_1'})",1916,danceability_very_high|duration_ms_very_low|mode_1|valence_very_high
0.022951880113561494,"frozenset({'instrumentalness_low', 'energy_very_low', 'tempo_high'})",1916,energy_very_low|instrumentalness_low|tempo_high
0.022951880113561494,"frozenset({'danceability_very_low', 'acousticness_very_low', 'instrumentalness_low'})",1916,acousticness_very_low|danceability_very_low|instrumentalness_low
0.022951880113561494,"frozenset({'danceability_very_low', 'liveness_high', 'tempo_very_high'})",1916,danceability_very_low|liveness_high|tempo_very_high
0.022951880113561494,"frozenset({'liveness_very_low', 'loudness_very_low', 'mode_0'})",1916,liveness_very_low|loudness_very_low|mode_0
0.022951880113561494,"frozenset({'instrumentalness_low', 'duration_ms_very_high', 'mode_1', 'acousticness_high'})",1916,acousticness_high|duration_ms_very_high|instrumentalness_low|mode_1
0.022939901052959427,"frozenset({'mode_0', 'liveness_low', 'acousticness_low'})",1915,acousticness_low|liveness_low|mode_0
0.022939901052959427,"frozenset({'liveness_very_low', 'mode_0', 'danceability_high'})",1915,danceability_high|liveness_very_low|mode_0
0.022939901052959427,"frozenset({'mode_0', 'speechiness_very_high', 'duration_ms_high'})",1915,duration_ms_high|mode_0|speechiness_very_high
0.022939901052959427,"frozenset({'key_low', 'mode_1', 'loudness_high'})",1915,key_low|loudness_high|mode_1
0.022939901052959427,"frozenset({'loudness_very_low', 'liveness_low', 'energy_very_low', 'key_very_low'})",1915,energy_very_low|key_very_low|liveness_low|loudness_very_low
0.02292792199235736,"frozenset({'liveness_high', 'mode_0', 'tempo_very_high'})",1914,liveness_high|mode_0|tempo_very_high
0.022915942931755293,"frozenset({'danceability_very_high', 'valence_high', 'acousticness_high'})",1913,acousticness_high|danceability_very_high|valence_high
0.022915942931755293,"frozenset({'liveness_high', 'energy_very_low', 'speechiness_very_low'})",1913,energy_very_low|liveness_high|speechiness_very_low
0.022903963871153225,"frozenset({'instrumentalness_low', 'valence_very_low', 'danceability_low'})",1912,danceability_low|instrumentalness_low|valence_very_low
0.022903963871153225,"frozenset({'mode_0', 'liveness_very_high', 'tempo_high'})",1912,liveness_very_high|mode_0|tempo_high
0.022903963871153225,"frozenset({'liveness_high', 'loudness_very_high', 'speechiness_very_high'})",1912,liveness_high|loudness_very_high|speechiness_very_high
0.022903963871153225,"frozenset({'liveness_very_low', 'valence_very_low', 'loudness_very_low', 'energy_very_low'})",1912,energy_very_low|liveness_very_low|loudness_very_low|valence_very_low
0.022903963871153225,"frozenset({'mode_0', 'liveness_very_high', 'duration_ms_low'})",1912,duration_ms_low|liveness_very_high|mode_0
0.022903963871153225,"frozenset({'valence_low', 'acousticness_very_low', 'danceability_low'})",1912,acousticness_very_low|danceability_low|valence_low
0.022903963871153225,"frozenset({'speechiness_very_low', 'danceability_high', 'valence_very_high'})",1912,danceability_high|speechiness_very_low|valence_very_high
0.022903963871153225,"frozenset({'instrumentalness_low', 'speechiness_very_low', 'acousticness_low', 'mode_1'})",1912,acousticness_low|instrumentalness_low|mode_1|speechiness_very_low
0.022903963871153225,"frozenset({'acousticness_very_high', 'loudness_very_low', 'danceability_low', 'mode_1', 'energy_very_low'})",1912,acousticness_very_high|danceability_low|energy_very_low|loudness_very_low|mode_1
0.022903963871153225,"frozenset({'instrumentalness_medium', 'key_very_low', 'energy_very_high'})",1912,energy_very_high|instrumentalness_medium|key_very_low
0.022891984810551158,"frozenset({'liveness_very_low', 'mode_0', 'duration_ms_low'})",1911,duration_ms_low|liveness_very_low|mode_0
0.022891984810551158,"frozenset({'duration_ms_very_low', 'tempo_very_low', 'liveness_low'})",1911,duration_ms_very_low|liveness_low|tempo_very_low
0.022891984810551158,"frozenset({'liveness_very_low', 'danceability_very_high', 'key_very_high'})",1911,danceability_very_high|key_very_high|liveness_very_low
0.022891984810551158,"frozenset({'mode_0', 'valence_very_high', 'energy_very_high'})",1911,energy_very_high|mode_0|valence_very_high
0.022880005749949087,"frozenset({'duration_ms_very_low', 'mode_0', 'liveness_low'})",1910,duration_ms_very_low|liveness_low|mode_0
0.022880005749949087,"frozenset({'liveness_very_high', 'tempo_very_high', 'danceability_low'})",1910,danceability_low|liveness_very_high|tempo_very_high
0.022880005749949087,"frozenset({'valence_low', 'acousticness_very_low', 'duration_ms_very_high'})",1910,acousticness_very_low|duration_ms_very_high|valence_low
0.02286802668934702,"frozenset({'speechiness_low', 'acousticness_very_high', 'loudness_very_low', 'valence_very_low', 'instrumentalness_high', 'energy_very_low'})",1909,acousticness_very_high|energy_very_low|instrumentalness_high|loudness_very_low|speechiness_low|valence_very_low
0.02286802668934702,"frozenset({'speechiness_low', 'instrumentalness_high', 'acousticness_very_high', 'mode_1'})",1909,acousticness_very_high|instrumentalness_high|mode_1|speechiness_low
0.02286802668934702,"frozenset({'danceability_low', 'instrumentalness_low', 'energy_very_low', 'mode_1'})",1909,danceability_low|energy_very_low|instrumentalness_low|mode_1
0.02286802668934702,"frozenset({'loudness_low', 'tempo_low', 'acousticness_high'})",1909,acousticness_high|loudness_low|tempo_low
0.02286802668934702,"frozenset({'valence_very_low', 'loudness_very_low', 'key_very_high'})",1909,key_very_high|loudness_very_low|valence_very_low
0.02286802668934702,"frozenset({'instrumentalness_medium', 'loudness_very_low', 'acousticness_very_high', 'mode_1'})",1909,acousticness_very_high|instrumentalness_medium|loudness_very_low|mode_1
0.022856047628744953,"frozenset({'acousticness_low', 'speechiness_high', 'energy_very_high'})",1908,acousticness_low|energy_very_high|speechiness_high
0.022856047628744953,"frozenset({'speechiness_very_low', 'mode_1', 'danceability_very_high'})",1908,danceability_very_high|mode_1|speechiness_very_low
0.022856047628744953,"frozenset({'liveness_low', 'energy_very_low', 'key_very_low', 'acousticness_very_high'})",1908,acousticness_very_high|energy_very_low|key_very_low|liveness_low
0.022856047628744953,"frozenset({'tempo_very_high', 'valence_high', 'energy_very_high'})",1908,energy_very_high|tempo_very_high|valence_high
0.022856047628744953,"frozenset({'danceability_very_low', 'liveness_high', 'acousticness_very_low'})",1908,acousticness_very_low|danceability_very_low|liveness_high
0.022844068568142886,"frozenset({'loudness_very_high', 'danceability_low', 'speechiness_high'})",1907,danceability_low|loudness_very_high|speechiness_high
0.022844068568142886,"frozenset({'liveness_high', 'mode_0', 'acousticness_high'})",1907,acousticness_high|liveness_high|mode_0
0.022844068568142886,"frozenset({'valence_very_low', 'acousticness_very_low', 'loudness_high'})",1907,acousticness_very_low|loudness_high|valence_very_low
0.022844068568142886,"frozenset({'duration_ms_very_low', 'loudness_very_low', 'mode_1', 'danceability_very_low'})",1907,danceability_very_low|duration_ms_very_low|loudness_very_low|mode_1
0.022832089507540818,"frozenset({'loudness_very_high', 'valence_very_high', 'speechiness_high'})",1906,loudness_very_high|speechiness_high|valence_very_high
0.022832089507540818,"frozenset({'loudness_very_high', 'valence_very_high', 'key_very_low'})",1906,key_very_low|loudness_very_high|valence_very_high
0.022832089507540818,"frozenset({'liveness_very_low', 'duration_ms_very_high', 'key_very_low'})",1906,duration_ms_very_high|key_very_low|liveness_very_low
0.022832089507540818,"frozenset({'energy_very_low', 'duration_ms_very_high', 'mode_1', 'acousticness_very_high'})",1906,acousticness_very_high|duration_ms_very_high|energy_very_low|mode_1
0.02282011044693875,"frozenset({'instrumentalness_low', 'danceability_very_high', 'mode_1', 'valence_high'})",1905,danceability_very_high|instrumentalness_low|mode_1|valence_high
0.022808131386336684,"frozenset({'danceability_very_low', 'loudness_very_high', 'speechiness_very_high', 'acousticness_very_low'})",1904,acousticness_very_low|danceability_very_low|loudness_very_high|speechiness_very_high
0.022808131386336684,"frozenset({'duration_ms_very_low', 'valence_very_high', 'speechiness_very_high'})",1904,duration_ms_very_low|speechiness_very_high|valence_very_high
0.022796152325734616,"frozenset({'liveness_low', 'loudness_low', 'acousticness_high'})",1903,acousticness_high|liveness_low|loudness_low
0.022796152325734616,"frozenset({'speechiness_very_low', 'instrumentalness_medium', 'duration_ms_high'})",1903,duration_ms_high|instrumentalness_medium|speechiness_very_low
0.022796152325734616,"frozenset({'duration_ms_very_low', 'mode_0', 'valence_high'})",1903,duration_ms_very_low|mode_0|valence_high
0.022796152325734616,"frozenset({'danceability_very_low', 'liveness_very_high', 'duration_ms_very_high'})",1903,danceability_very_low|duration_ms_very_high|liveness_very_high
0.02278417326513255,"frozenset({'instrumentalness_high', 'acousticness_low', 'mode_1'})",1902,acousticness_low|instrumentalness_high|mode_1
0.02278417326513255,"frozenset({'key_low', 'mode_0', 'loudness_high'})",1902,key_low|loudness_high|mode_0
0.02278417326513255,"frozenset({'danceability_high', 'acousticness_low', 'loudness_high'})",1902,acousticness_low|danceability_high|loudness_high
0.02278417326513255,"frozenset({'instrumentalness_low', 'energy_low', 'speechiness_very_high', 'mode_1'})",1902,energy_low|instrumentalness_low|mode_1|speechiness_very_high
0.02278417326513255,"frozenset({'speechiness_very_low', 'liveness_low', 'danceability_high'})",1902,danceability_high|liveness_low|speechiness_very_low
0.02278417326513255,"frozenset({'duration_ms_very_low', 'valence_very_high', 'acousticness_very_high'})",1902,acousticness_very_high|duration_ms_very_low|valence_very_high
0.02278417326513255,"frozenset({'acousticness_very_high', 'loudness_very_low', 'key_very_low', 'danceability_very_low', 'energy_very_low'})",1902,acousticness_very_high|danceability_very_low|energy_very_low|key_very_low|loudness_very_low
0.022772194204530482,"frozenset({'valence_low', 'energy_low', 'loudness_high'})",1901,energy_low|loudness_high|valence_low
0.022772194204530482,"frozenset({'loudness_very_high', 'valence_very_high', 'tempo_very_high'})",1901,loudness_very_high|tempo_very_high|valence_very_high
0.022772194204530482,"frozenset({'loudness_very_high', 'acousticness_very_low', 'tempo_low'})",1901,acousticness_very_low|loudness_very_high|tempo_low
0.022772194204530482,"frozenset({'valence_very_low', 'energy_very_low', 'tempo_low'})",1901,energy_very_low|tempo_low|valence_very_low
0.022772194204530482,"frozenset({'acousticness_very_low', 'danceability_very_low', 'mode_1', 'energy_very_high', 'loudness_very_high'})",1901,acousticness_very_low|danceability_very_low|energy_very_high|loudness_very_high|mode_1
0.022760215143928415,"frozenset({'danceability_very_high', 'loudness_low', 'key_very_low'})",1900,danceability_very_high|key_very_low|loudness_low
0.022760215143928415,"frozenset({'speechiness_very_high', 'valence_high', 'energy_very_high'})",1900,energy_very_high|speechiness_very_high|valence_high
0.022760215143928415,"frozenset({'acousticness_low', 'speechiness_very_high', 'key_very_low'})",1900,acousticness_low|key_very_low|speechiness_very_high
0.022760215143928415,"frozenset({'danceability_very_low', 'mode_0', 'speechiness_high'})",1900,danceability_very_low|mode_0|speechiness_high
0.022748236083326344,"frozenset({'instrumentalness_high', 'tempo_very_high', 'energy_very_high'})",1899,energy_very_high|instrumentalness_high|tempo_very_high
0.022748236083326344,"frozenset({'instrumentalness_low', 'loudness_low', 'mode_1', 'valence_high'})",1899,instrumentalness_low|loudness_low|mode_1|valence_high
0.022748236083326344,"frozenset({'liveness_very_low', 'mode_0', 'energy_very_high'})",1899,energy_very_high|liveness_very_low|mode_0
0.022736257022724277,"frozenset({'speechiness_low', 'energy_high', 'key_very_low'})",1898,energy_high|key_very_low|speechiness_low
0.022736257022724277,"frozenset({'energy_high', 'instrumentalness_high', 'duration_ms_very_high'})",1898,duration_ms_very_high|energy_high|instrumentalness_high
0.022736257022724277,"frozenset({'energy_low', 'tempo_very_high', 'acousticness_high'})",1898,acousticness_high|energy_low|tempo_very_high
0.022736257022724277,"frozenset({'valence_very_low', 'key_very_low', 'speechiness_very_low'})",1898,key_very_low|speechiness_very_low|valence_very_low
0.02272427796212221,"frozenset({'valence_very_high', 'duration_ms_low', 'acousticness_high'})",1897,acousticness_high|duration_ms_low|valence_very_high
0.02272427796212221,"frozenset({'key_low', 'energy_very_low', 'danceability_very_low'})",1897,danceability_very_low|energy_very_low|key_low
0.02272427796212221,"frozenset({'danceability_very_high', 'tempo_high', 'key_very_high'})",1897,danceability_very_high|key_very_high|tempo_high
0.02272427796212221,"frozenset({'liveness_high', 'loudness_very_high', 'acousticness_low'})",1897,acousticness_low|liveness_high|loudness_very_high
0.02272427796212221,"frozenset({'acousticness_very_high', 'loudness_very_low', 'instrumentalness_high', 'liveness_low', 'mode_1'})",1897,acousticness_very_high|instrumentalness_high|liveness_low|loudness_very_low|mode_1
0.02272427796212221,"frozenset({'instrumentalness_low', 'loudness_very_high', 'valence_very_high', 'acousticness_low'})",1897,acousticness_low|instrumentalness_low|loudness_very_high|valence_very_high
0.022712298901520142,"frozenset({'tempo_very_high', 'mode_0', 'duration_ms_very_high'})",1896,duration_ms_very_high|mode_0|tempo_very_high
0.022712298901520142,"frozenset({'speechiness_low', 'mode_0', 'loudness_low'})",1896,loudness_low|mode_0|speechiness_low
0.022712298901520142,"frozenset({'mode_0', 'acousticness_high', 'duration_ms_high'})",1896,acousticness_high|duration_ms_high|mode_0
0.022712298901520142,"frozenset({'loudness_very_high', 'speechiness_high', 'valence_high'})",1896,loudness_very_high|speechiness_high|valence_high
0.022700319840918075,"frozenset({'loudness_very_high', 'acousticness_very_low', 'valence_high', 'energy_very_high'})",1895,acousticness_very_low|energy_very_high|loudness_very_high|valence_high
0.022700319840918075,"frozenset({'instrumentalness_medium', 'acousticness_low', 'energy_high'})",1895,acousticness_low|energy_high|instrumentalness_medium
0.022700319840918075,"frozenset({'danceability_low', 'loudness_very_high', 'speechiness_very_high'})",1895,danceability_low|loudness_very_high|speechiness_very_high
0.022700319840918075,"frozenset({'danceability_very_high', 'duration_ms_low', 'acousticness_high'})",1895,acousticness_high|danceability_very_high|duration_ms_low
0.022700319840918075,"frozenset({'liveness_very_low', 'speechiness_very_low', 'energy_very_low'})",1895,energy_very_low|liveness_very_low|speechiness_very_low
0.022700319840918075,"frozenset({'energy_low', 'speechiness_very_low', 'instrumentalness_medium'})",1895,energy_low|instrumentalness_medium|speechiness_very_low
0.022688340780316008,"frozenset({'danceability_very_high', 'speechiness_very_high', 'tempo_low'})",1894,danceability_very_high|speechiness_very_high|tempo_low
0.022688340780316008,"frozenset({'danceability_very_high', 'tempo_high', 'loudness_high'})",1894,danceability_very_high|loudness_high|tempo_high
0.022688340780316008,"frozenset({'instrumentalness_low', 'acousticness_very_low', 'speechiness_high'})",1894,acousticness_very_low|instrumentalness_low|speechiness_high
0.022688340780316008,"frozenset({'duration_ms_very_high', 'speechiness_very_high', 'energy_very_high'})",1894,duration_ms_very_high|energy_very_high|speechiness_very_high
0.02267636171971394,"frozenset({'instrumentalness_low', 'tempo_very_low', 'mode_1', 'key_high'})",1893,instrumentalness_low|key_high|mode_1|tempo_very_low
0.02267636171971394,"frozenset({'instrumentalness_low', 'valence_very_high', 'mode_1', 'key_very_high'})",1893,instrumentalness_low|key_very_high|mode_1|valence_very_high
0.02267636171971394,"frozenset({'loudness_very_high', 'valence_very_high', 'acousticness_high'})",1893,acousticness_high|loudness_very_high|valence_very_high
0.02267636171971394,"frozenset({'loudness_very_high', 'energy_high', 'danceability_high'})",1893,danceability_high|energy_high|loudness_very_high
0.02267636171971394,"frozenset({'instrumentalness_low', 'energy_low', 'mode_1', 'tempo_high'})",1893,energy_low|instrumentalness_low|mode_1|tempo_high
0.022664382659111873,"frozenset({'speechiness_very_low', 'duration_ms_very_high', 'danceability_low'})",1892,danceability_low|duration_ms_very_high|speechiness_very_low
0.022664382659111873,"frozenset({'mode_0', 'loudness_very_low', 'tempo_low'})",1892,loudness_very_low|mode_0|tempo_low
0.022664382659111873,"frozenset({'speechiness_low', 'mode_0', 'duration_ms_high'})",1892,duration_ms_high|mode_0|speechiness_low
0.022664382659111873,"frozenset({'acousticness_low', 'loudness_very_high', 'instrumentalness_low', 'duration_ms_low'})",1892,acousticness_low|duration_ms_low|instrumentalness_low|loudness_very_high
0.022664382659111873,"frozenset({'liveness_high', 'mode_0', 'tempo_high'})",1892,liveness_high|mode_0|tempo_high
0.022664382659111873,"frozenset({'key_very_high', 'speechiness_high', 'energy_very_high'})",1892,energy_very_high|key_very_high|speechiness_high
0.022664382659111873,"frozenset({'key_low', 'instrumentalness_low', 'tempo_high'})",1892,instrumentalness_low|key_low|tempo_high
0.022664382659111873,"frozenset({'tempo_very_low', 'energy_very_low', 'key_very_low', 'acousticness_very_high'})",1892,acousticness_very_high|energy_very_low|key_very_low|tempo_very_low
0.022664382659111873,"frozenset({'acousticness_very_high', 'tempo_low', 'loudness_very_low', 'mode_1', 'energy_very_low'})",1892,acousticness_very_high|energy_very_low|loudness_very_low|mode_1|tempo_low
0.022664382659111873,"frozenset({'duration_ms_very_low', 'valence_very_high', 'tempo_very_high'})",1892,duration_ms_very_low|tempo_very_high|valence_very_high
0.022664382659111873,"frozenset({'mode_0', 'energy_low', 'duration_ms_high'})",1892,duration_ms_high|energy_low|mode_0
0.022652403598509806,"frozenset({'instrumentalness_low', 'speechiness_very_low', 'mode_1', 'key_very_high'})",1891,instrumentalness_low|key_very_high|mode_1|speechiness_very_low
0.022652403598509806,"frozenset({'key_low', 'mode_0', 'energy_low'})",1891,energy_low|key_low|mode_0
0.022652403598509806,"frozenset({'valence_very_high', 'speechiness_very_high', 'acousticness_high'})",1891,acousticness_high|speechiness_very_high|valence_very_high
0.022652403598509806,"frozenset({'mode_0', 'duration_ms_low', 'tempo_high'})",1891,duration_ms_low|mode_0|tempo_high
0.022652403598509806,"frozenset({'danceability_very_high', 'instrumentalness_medium', 'acousticness_low'})",1891,acousticness_low|danceability_very_high|instrumentalness_medium
0.022652403598509806,"frozenset({'acousticness_very_high', 'loudness_very_low', 'valence_very_low', 'mode_0', 'energy_very_low'})",1891,acousticness_very_high|energy_very_low|loudness_very_low|mode_0|valence_very_low
0.022652403598509806,"frozenset({'mode_0', 'tempo_high', 'duration_ms_high'})",1891,duration_ms_high|mode_0|tempo_high
0.02264042453790774,"frozenset({'acousticness_very_low', 'liveness_very_high', 'danceability_low'})",1890,acousticness_very_low|danceability_low|liveness_very_high
0.02264042453790774,"frozenset({'instrumentalness_low', 'speechiness_very_low', 'mode_1', 'danceability_very_low'})",1890,danceability_very_low|instrumentalness_low|mode_1|speechiness_very_low
0.02264042453790774,"frozenset({'valence_low', 'acousticness_very_high', 'danceability_low'})",1890,acousticness_very_high|danceability_low|valence_low
0.02264042453790774,"frozenset({'tempo_very_high', 'duration_ms_low', 'speechiness_very_high'})",1890,duration_ms_low|speechiness_very_high|tempo_very_high
0.02262844547730567,"frozenset({'valence_very_low', 'loudness_very_high', 'speechiness_very_high'})",1889,loudness_very_high|speechiness_very_high|valence_very_low
0.02262844547730567,"frozenset({'instrumentalness_low', 'loudness_very_high', 'mode_0', 'acousticness_low'})",1889,acousticness_low|instrumentalness_low|loudness_very_high|mode_0
0.02262844547730567,"frozenset({'danceability_low', 'key_very_low', 'energy_very_high'})",1889,danceability_low|energy_very_high|key_very_low
0.02262844547730567,"frozenset({'valence_very_low', 'mode_0', 'tempo_low'})",1889,mode_0|tempo_low|valence_very_low
0.02262844547730567,"frozenset({'liveness_very_high', 'danceability_low', 'valence_high'})",1889,danceability_low|liveness_very_high|valence_high
0.0226164664167036,"frozenset({'key_very_low', 'instrumentalness_high', 'tempo_high'})",1888,instrumentalness_high|key_very_low|tempo_high
0.0226164664167036,"frozenset({'instrumentalness_low', 'danceability_very_low', 'mode_1', 'key_very_low'})",1888,danceability_very_low|instrumentalness_low|key_very_low|mode_1
0.0226164664167036,"frozenset({'acousticness_very_high', 'danceability_very_low', 'valence_very_low', 'instrumentalness_high', 'mode_1', 'energy_very_low'})",1888,acousticness_very_high|danceability_very_low|energy_very_low|instrumentalness_high|mode_1|valence_very_low
0.0226164664167036,"frozenset({'duration_ms_very_low', 'energy_very_low', 'mode_1', 'key_very_low'})",1888,duration_ms_very_low|energy_very_low|key_very_low|mode_1
0.0226164664167036,"frozenset({'instrumentalness_low', 'speechiness_very_low', 'energy_low', 'loudness_high'})",1888,energy_low|instrumentalness_low|loudness_high|speechiness_very_low
0.0226164664167036,"frozenset({'liveness_high', 'valence_very_high', 'acousticness_high'})",1888,acousticness_high|liveness_high|valence_very_high
0.0226164664167036,"frozenset({'acousticness_very_high', 'loudness_very_low', 'valence_very_low', 'tempo_very_low', 'mode_1', 'energy_very_low'})",1888,acousticness_very_high|energy_very_low|loudness_very_low|mode_1|tempo_very_low|valence_very_low
0.022604487356101533,"frozenset({'duration_ms_very_low', 'loudness_very_low', 'liveness_low', 'mode_1'})",1887,duration_ms_very_low|liveness_low|loudness_very_low|mode_1
0.022604487356101533,"frozenset({'key_low', 'instrumentalness_low', 'energy_very_low'})",1887,energy_very_low|instrumentalness_low|key_low
0.022604487356101533,"frozenset({'acousticness_very_low', 'tempo_very_high', 'loudness_high'})",1887,acousticness_very_low|loudness_high|tempo_very_high
0.022604487356101533,"frozenset({'energy_low', 'mode_1', 'key_very_low', 'acousticness_high'})",1887,acousticness_high|energy_low|key_very_low|mode_1
0.022592508295499466,"frozenset({'mode_0', 'speechiness_very_high', 'key_high'})",1886,key_high|mode_0|speechiness_very_high
0.022592508295499466,"frozenset({'valence_low', 'liveness_high', 'mode_0'})",1886,liveness_high|mode_0|valence_low
0.022592508295499466,"frozenset({'liveness_very_low', 'tempo_very_low', 'energy_very_low'})",1886,energy_very_low|liveness_very_low|tempo_very_low
0.022592508295499466,"frozenset({'duration_ms_very_low', 'loudness_very_low', 'tempo_low'})",1886,duration_ms_very_low|loudness_very_low|tempo_low
0.022592508295499466,"frozenset({'duration_ms_very_low', 'liveness_very_high', 'energy_very_high'})",1886,duration_ms_very_low|energy_very_high|liveness_very_high
0.0225805292348974,"frozenset({'key_very_low', 'duration_ms_very_high', 'tempo_high'})",1885,duration_ms_very_high|key_very_low|tempo_high
0.0225805292348974,"frozenset({'acousticness_very_low', 'tempo_very_high', 'mode_1', 'energy_very_high', 'loudness_very_high'})",1885,acousticness_very_low|energy_very_high|loudness_very_high|mode_1|tempo_very_high
0.0225805292348974,"frozenset({'acousticness_very_low', 'speechiness_high', 'valence_high'})",1885,acousticness_very_low|speechiness_high|valence_high
0.0225805292348974,"frozenset({'key_low', 'mode_0', 'duration_ms_high'})",1885,duration_ms_high|key_low|mode_0
0.0225805292348974,"frozenset({'mode_0', 'instrumentalness_medium', 'liveness_low'})",1885,instrumentalness_medium|liveness_low|mode_0
0.02256855017429533,"frozenset({'mode_0', 'liveness_low', 'tempo_low'})",1884,liveness_low|mode_0|tempo_low
0.02256855017429533,"frozenset({'mode_0', 'liveness_low', 'speechiness_high'})",1884,liveness_low|mode_0|speechiness_high
0.02256855017429533,"frozenset({'danceability_low', 'liveness_very_high', 'speechiness_very_high'})",1884,danceability_low|liveness_very_high|speechiness_very_high
0.02256855017429533,"frozenset({'instrumentalness_low', 'loudness_low', 'duration_ms_low', 'mode_1'})",1884,duration_ms_low|instrumentalness_low|loudness_low|mode_1
0.02256855017429533,"frozenset({'speechiness_low', 'mode_0', 'key_very_low'})",1884,key_very_low|mode_0|speechiness_low
0.02256855017429533,"frozenset({'liveness_low', 'energy_very_low', 'danceability_low'})",1884,danceability_low|energy_very_low|liveness_low
0.022556571113693264,"frozenset({'danceability_very_low', 'instrumentalness_low', 'speechiness_low'})",1883,danceability_very_low|instrumentalness_low|speechiness_low
0.022556571113693264,"frozenset({'speechiness_low', 'liveness_high', 'mode_0'})",1883,liveness_high|mode_0|speechiness_low
0.022556571113693264,"frozenset({'liveness_very_high', 'valence_very_high', 'acousticness_high'})",1883,acousticness_high|liveness_very_high|valence_very_high
0.022556571113693264,"frozenset({'energy_low', 'speechiness_very_high', 'acousticness_high'})",1883,acousticness_high|energy_low|speechiness_very_high
0.022544592053091197,"frozenset({'danceability_very_low', 'acousticness_very_high', 'mode_1', 'key_very_low'})",1882,acousticness_very_high|danceability_very_low|key_very_low|mode_1
0.022544592053091197,"frozenset({'mode_0', 'loudness_low', 'speechiness_very_high'})",1882,loudness_low|mode_0|speechiness_very_high
0.022544592053091197,"frozenset({'valence_low', 'loudness_very_high', 'tempo_very_high'})",1882,loudness_very_high|tempo_very_high|valence_low
0.022544592053091197,"frozenset({'instrumentalness_low', 'loudness_very_high', 'mode_1', 'danceability_very_high'})",1882,danceability_very_high|instrumentalness_low|loudness_very_high|mode_1
0.022544592053091197,"frozenset({'danceability_high', 'valence_very_high', 'loudness_high'})",1882,danceability_high|loudness_high|valence_very_high
0.022544592053091197,"frozenset({'danceability_high', 'key_very_low', 'acousticness_high'})",1882,acousticness_high|danceability_high|key_very_low
0.022544592053091197,"frozenset({'mode_0', 'energy_low', 'valence_very_high'})",1882,energy_low|mode_0|valence_very_high
0.022544592053091197,"frozenset({'danceability_very_low', 'valence_very_low', 'mode_0', 'energy_very_low'})",1882,danceability_very_low|energy_very_low|mode_0|valence_very_low
0.02253261299248913,"frozenset({'acousticness_very_high', 'loudness_very_low', 'instrumentalness_high', 'mode_0', 'energy_very_low'})",1881,acousticness_very_high|energy_very_low|instrumentalness_high|loudness_very_low|mode_0
0.02253261299248913,"frozenset({'acousticness_very_high', 'loudness_very_low', 'key_very_low', 'valence_very_low', 'energy_very_low'})",1881,acousticness_very_high|energy_very_low|key_very_low|loudness_very_low|valence_very_low
0.02253261299248913,"frozenset({'instrumentalness_low', 'mode_1', 'speechiness_high', 'valence_high'})",1881,instrumentalness_low|mode_1|speechiness_high|valence_high
0.02253261299248913,"frozenset({'instrumentalness_low', 'energy_high', 'mode_1', 'tempo_low'})",1881,energy_high|instrumentalness_low|mode_1|tempo_low
0.02253261299248913,"frozenset({'liveness_very_low', 'valence_very_high', 'speechiness_high'})",1881,liveness_very_low|speechiness_high|valence_very_high
0.02253261299248913,"frozenset({'instrumentalness_low', 'loudness_very_high', 'valence_very_high', 'danceability_very_high'})",1881,danceability_very_high|instrumentalness_low|loudness_very_high|valence_very_high
0.022520633931887062,"frozenset({'valence_low', 'loudness_very_high', 'speechiness_very_high'})",1880,loudness_very_high|speechiness_very_high|valence_low
0.022520633931887062,"frozenset({'danceability_very_low', 'valence_very_low', 'tempo_high'})",1880,danceability_very_low|tempo_high|valence_very_low
0.022520633931887062,"frozenset({'instrumentalness_high', 'duration_ms_very_high', 'tempo_low'})",1880,duration_ms_very_high|instrumentalness_high|tempo_low
0.022520633931887062,"frozenset({'danceability_very_low', 'valence_very_low', 'energy_very_low', 'duration_ms_very_high'})",1880,danceability_very_low|duration_ms_very_high|energy_very_low|valence_very_low
0.022520633931887062,"frozenset({'valence_very_low', 'acousticness_very_low', 'speechiness_high'})",1880,acousticness_very_low|speechiness_high|valence_very_low
0.022508654871284995,"frozenset({'speechiness_very_low', 'duration_ms_very_high', 'acousticness_high'})",1879,acousticness_high|duration_ms_very_high|speechiness_very_low
0.022508654871284995,"frozenset({'instrumentalness_high', 'liveness_low', 'energy_very_low', 'danceability_very_low'})",1879,danceability_very_low|energy_very_low|instrumentalness_high|liveness_low
0.022508654871284995,"frozenset({'mode_0', 'danceability_high', 'energy_very_high'})",1879,danceability_high|energy_very_high|mode_0
0.022508654871284995,"frozenset({'valence_very_high', 'key_very_low', 'loudness_high'})",1879,key_very_low|loudness_high|valence_very_high
0.022508654871284995,"frozenset({'acousticness_very_low', 'duration_ms_very_high', 'key_high'})",1879,acousticness_very_low|duration_ms_very_high|key_high
0.022496675810682928,"frozenset({'acousticness_very_low', 'speechiness_high', 'key_high'})",1878,acousticness_very_low|key_high|speechiness_high
0.022496675810682928,"frozenset({'instrumentalness_low', 'duration_ms_very_high', 'valence_high'})",1878,duration_ms_very_high|instrumentalness_low|valence_high
0.022496675810682928,"frozenset({'danceability_very_low', 'speechiness_very_low', 'acousticness_very_high', 'mode_1'})",1878,acousticness_very_high|danceability_very_low|mode_1|speechiness_very_low
0.022496675810682928,"frozenset({'valence_low', 'energy_very_low', 'danceability_very_low'})",1878,danceability_very_low|energy_very_low|valence_low
0.022484696750080857,"frozenset({'liveness_very_low', 'mode_0', 'tempo_very_high'})",1877,liveness_very_low|mode_0|tempo_very_high
0.022484696750080857,"frozenset({'instrumentalness_medium', 'energy_very_high', 'loudness_high'})",1877,energy_very_high|instrumentalness_medium|loudness_high
0.022484696750080857,"frozenset({'duration_ms_very_high', 'loudness_very_low', 'energy_very_low', 'danceability_very_low'})",1877,danceability_very_low|duration_ms_very_high|energy_very_low|loudness_very_low
0.02247271768947879,"frozenset({'mode_0', 'tempo_very_low', 'duration_ms_low'})",1876,duration_ms_low|mode_0|tempo_very_low
0.02247271768947879,"frozenset({'instrumentalness_low', 'duration_ms_low', 'mode_1', 'speechiness_high'})",1876,duration_ms_low|instrumentalness_low|mode_1|speechiness_high
0.02247271768947879,"frozenset({'liveness_high', 'loudness_low', 'mode_0'})",1876,liveness_high|loudness_low|mode_0
0.02247271768947879,"frozenset({'duration_ms_very_low', 'instrumentalness_high', 'mode_1', 'danceability_very_low'})",1876,danceability_very_low|duration_ms_very_low|instrumentalness_high|mode_1
0.02247271768947879,"frozenset({'speechiness_very_low', 'energy_high', 'loudness_high'})",1876,energy_high|loudness_high|speechiness_very_low
0.022460738628876722,"frozenset({'duration_ms_low', 'key_very_low', 'valence_high'})",1875,duration_ms_low|key_very_low|valence_high
0.022460738628876722,"frozenset({'mode_0', 'loudness_low', 'speechiness_very_low'})",1875,loudness_low|mode_0|speechiness_very_low
0.022460738628876722,"frozenset({'valence_very_low', 'instrumentalness_high', 'speechiness_very_high'})",1875,instrumentalness_high|speechiness_very_high|valence_very_low
0.022460738628876722,"frozenset({'danceability_low', 'speechiness_very_low', 'energy_very_low', 'mode_1'})",1875,danceability_low|energy_very_low|mode_1|speechiness_very_low
0.022460738628876722,"frozenset({'instrumentalness_medium', 'valence_very_high', 'energy_high'})",1875,energy_high|instrumentalness_medium|valence_very_high
0.022448759568274655,"frozenset({'acousticness_very_low', 'liveness_very_high', 'loudness_high'})",1874,acousticness_very_low|liveness_very_high|loudness_high
0.022448759568274655,"frozenset({'key_low', 'mode_1', 'speechiness_high'})",1874,key_low|mode_1|speechiness_high
0.022448759568274655,"frozenset({'mode_0', 'danceability_very_high', 'key_high'})",1874,danceability_very_high|key_high|mode_0
0.022436780507672588,"frozenset({'key_low', 'tempo_very_low', 'acousticness_very_high'})",1873,acousticness_very_high|key_low|tempo_very_low
0.022436780507672588,"frozenset({'acousticness_very_high', 'instrumentalness_high', 'liveness_low', 'mode_1', 'energy_very_low'})",1873,acousticness_very_high|energy_very_low|instrumentalness_high|liveness_low|mode_1
0.022436780507672588,"frozenset({'instrumentalness_low', 'loudness_very_low', 'danceability_low'})",1873,danceability_low|instrumentalness_low|loudness_very_low
0.022436780507672588,"frozenset({'liveness_low', 'energy_very_low', 'key_high'})",1873,energy_very_low|key_high|liveness_low
0.022436780507672588,"frozenset({'mode_0', 'valence_very_high', 'duration_ms_high'})",1873,duration_ms_high|mode_0|valence_very_high
0.02242480144707052,"frozenset({'instrumentalness_high', 'mode_1', 'loudness_high'})",1872,instrumentalness_high|loudness_high|mode_1
0.02242480144707052,"frozenset({'duration_ms_low', 'speechiness_high', 'energy_very_high'})",1872,duration_ms_low|energy_very_high|speechiness_high
0.02242480144707052,"frozenset({'instrumentalness_low', 'mode_0', 'energy_high', 'acousticness_low'})",1872,acousticness_low|energy_high|instrumentalness_low|mode_0
0.02242480144707052,"frozenset({'key_low', 'mode_0', 'valence_low'})",1872,key_low|mode_0|valence_low
0.02242480144707052,"frozenset({'danceability_very_high', 'energy_low', 'speechiness_high'})",1872,danceability_very_high|energy_low|speechiness_high
0.02242480144707052,"frozenset({'energy_high', 'valence_very_high', 'mode_1', 'acousticness_high'})",1872,acousticness_high|energy_high|mode_1|valence_very_high
0.02242480144707052,"frozenset({'speechiness_low', 'acousticness_very_high', 'valence_very_low', 'mode_1', 'energy_very_low'})",1872,acousticness_very_high|energy_very_low|mode_1|speechiness_low|valence_very_low
0.02242480144707052,"frozenset({'instrumentalness_high', 'danceability_very_high', 'loudness_very_low'})",1872,danceability_very_high|instrumentalness_high|loudness_very_low
0.02242480144707052,"frozenset({'duration_ms_very_low', 'liveness_high', 'mode_0'})",1872,duration_ms_very_low|liveness_high|mode_0
0.022412822386468453,"frozenset({'mode_0', 'duration_ms_very_high', 'acousticness_high'})",1871,acousticness_high|duration_ms_very_high|mode_0
0.022412822386468453,"frozenset({'key_low', 'mode_0', 'danceability_high'})",1871,danceability_high|key_low|mode_0
0.022412822386468453,"frozenset({'instrumentalness_low', 'danceability_very_high', 'speechiness_very_high', 'acousticness_high'})",1871,acousticness_high|danceability_very_high|instrumentalness_low|speechiness_very_high
0.022412822386468453,"frozenset({'loudness_very_low', 'danceability_very_low', 'liveness_low', 'mode_1', 'energy_very_low'})",1871,danceability_very_low|energy_very_low|liveness_low|loudness_very_low|mode_1
0.022412822386468453,"frozenset({'loudness_very_low', 'danceability_very_low', 'valence_very_low', 'tempo_very_low', 'instrumentalness_high', 'energy_very_low'})",1871,danceability_very_low|energy_very_low|instrumentalness_high|loudness_very_low|tempo_very_low|valence_very_low
0.022412822386468453,"frozenset({'danceability_low', 'key_very_low', 'duration_ms_high'})",1871,danceability_low|duration_ms_high|key_very_low
0.022412822386468453,"frozenset({'valence_low', 'loudness_very_low', 'instrumentalness_low'})",1871,instrumentalness_low|loudness_very_low|valence_low
0.022412822386468453,"frozenset({'key_low', 'liveness_low', 'instrumentalness_low'})",1871,instrumentalness_low|key_low|liveness_low
0.022412822386468453,"frozenset({'valence_very_low', 'duration_ms_very_high', 'key_high'})",1871,duration_ms_very_high|key_high|valence_very_low
0.022400843325866386,"frozenset({'energy_high', 'valence_very_high', 'mode_1', 'loudness_high'})",1870,energy_high|loudness_high|mode_1|valence_very_high
0.022400843325866386,"frozenset({'instrumentalness_high', 'mode_0', 'danceability_high'})",1870,danceability_high|instrumentalness_high|mode_0
0.022400843325866386,"frozenset({'speechiness_low', 'mode_0', 'duration_ms_low'})",1870,duration_ms_low|mode_0|speechiness_low
0.022400843325866386,"frozenset({'speechiness_low', 'acousticness_very_low', 'tempo_high'})",1870,acousticness_very_low|speechiness_low|tempo_high
0.022400843325866386,"frozenset({'liveness_high', 'valence_very_high', 'mode_0'})",1870,liveness_high|mode_0|valence_very_high
0.02238886426526432,"frozenset({'liveness_very_low', 'valence_very_low', 'acousticness_very_high'})",1869,acousticness_very_high|liveness_very_low|valence_very_low
0.02238886426526432,"frozenset({'danceability_very_low', 'liveness_very_low', 'loudness_very_low'})",1869,danceability_very_low|liveness_very_low|loudness_very_low
0.02238886426526432,"frozenset({'valence_very_low', 'mode_0', 'danceability_low'})",1869,danceability_low|mode_0|valence_very_low
0.02238886426526432,"frozenset({'loudness_very_high', 'key_very_low', 'valence_high'})",1869,key_very_low|loudness_very_high|valence_high
0.02237688520466225,"frozenset({'mode_0', 'valence_very_high', 'tempo_high'})",1868,mode_0|tempo_high|valence_very_high
0.02237688520466225,"frozenset({'instrumentalness_low', 'key_low', 'speechiness_low'})",1868,instrumentalness_low|key_low|speechiness_low
0.022364906144060184,"frozenset({'loudness_very_high', 'energy_high', 'duration_ms_high'})",1867,duration_ms_high|energy_high|loudness_very_high
0.022364906144060184,"frozenset({'instrumentalness_low', 'acousticness_very_high', 'mode_1', 'valence_high'})",1867,acousticness_very_high|instrumentalness_low|mode_1|valence_high
0.022364906144060184,"frozenset({'instrumentalness_low', 'liveness_very_high', 'mode_1', 'tempo_high'})",1867,instrumentalness_low|liveness_very_high|mode_1|tempo_high
0.022364906144060184,"frozenset({'danceability_very_low', 'energy_high', 'mode_1'})",1867,danceability_very_low|energy_high|mode_1
0.022364906144060184,"frozenset({'instrumentalness_low', 'danceability_very_low', 'loudness_high'})",1867,danceability_very_low|instrumentalness_low|loudness_high
0.022364906144060184,"frozenset({'acousticness_very_low', 'instrumentalness_high', 'duration_ms_very_high', 'tempo_high'})",1867,acousticness_very_low|duration_ms_very_high|instrumentalness_high|tempo_high
0.022364906144060184,"frozenset({'speechiness_very_low', 'acousticness_very_high', 'duration_ms_high'})",1867,acousticness_very_high|duration_ms_high|speechiness_very_low
0.022352927083458114,"frozenset({'valence_very_high', 'acousticness_low', 'tempo_low'})",1866,acousticness_low|tempo_low|valence_very_high
0.022352927083458114,"frozenset({'duration_ms_very_low', 'energy_high', 'valence_very_high'})",1866,duration_ms_very_low|energy_high|valence_very_high
0.022352927083458114,"frozenset({'mode_0', 'liveness_low', 'duration_ms_low'})",1866,duration_ms_low|liveness_low|mode_0
0.022352927083458114,"frozenset({'liveness_very_low', 'instrumentalness_high', 'key_very_low'})",1866,instrumentalness_high|key_very_low|liveness_very_low
0.022352927083458114,"frozenset({'duration_ms_very_low', 'tempo_very_low', 'key_very_low'})",1866,duration_ms_very_low|key_very_low|tempo_very_low
0.022352927083458114,"frozenset({'loudness_very_high', 'tempo_very_high', 'key_high'})",1866,key_high|loudness_very_high|tempo_very_high
0.022352927083458114,"frozenset({'liveness_very_high', 'speechiness_very_high', 'tempo_very_low'})",1866,liveness_very_high|speechiness_very_high|tempo_very_low
0.022352927083458114,"frozenset({'duration_ms_very_low', 'valence_very_low', 'instrumentalness_high', 'danceability_very_low'})",1866,danceability_very_low|duration_ms_very_low|instrumentalness_high|valence_very_low
0.022352927083458114,"frozenset({'duration_ms_very_low', 'tempo_very_low', 'speechiness_very_high'})",1866,duration_ms_very_low|speechiness_very_high|tempo_very_low
0.022340948022856046,"frozenset({'liveness_very_low', 'loudness_very_high', 'valence_very_high'})",1865,liveness_very_low|loudness_very_high|valence_very_high
0.022340948022856046,"frozenset({'mode_0', 'liveness_low', 'tempo_high'})",1865,liveness_low|mode_0|tempo_high
0.022340948022856046,"frozenset({'mode_0', 'energy_very_low', 'key_very_high'})",1865,energy_very_low|key_very_high|mode_0
0.022340948022856046,"frozenset({'mode_0', 'danceability_low', 'speechiness_high'})",1865,danceability_low|mode_0|speechiness_high
0.022340948022856046,"frozenset({'instrumentalness_low', 'mode_0', 'energy_high', 'loudness_high'})",1865,energy_high|instrumentalness_low|loudness_high|mode_0
0.022340948022856046,"frozenset({'speechiness_very_low', 'acousticness_very_high', 'tempo_low'})",1865,acousticness_very_high|speechiness_very_low|tempo_low
0.02232896896225398,"frozenset({'instrumentalness_low', 'duration_ms_very_high', 'key_very_high'})",1864,duration_ms_very_high|instrumentalness_low|key_very_high
0.02232896896225398,"frozenset({'duration_ms_very_low', 'loudness_very_low', 'mode_1', 'key_very_low'})",1864,duration_ms_very_low|key_very_low|loudness_very_low|mode_1
0.02232896896225398,"frozenset({'mode_0', 'danceability_very_high', 'duration_ms_high'})",1864,danceability_very_high|duration_ms_high|mode_0
0.02232896896225398,"frozenset({'instrumentalness_high', 'liveness_low', 'tempo_high'})",1864,instrumentalness_high|liveness_low|tempo_high
0.022316989901651912,"frozenset({'speechiness_low', 'danceability_very_low', 'valence_very_low', 'instrumentalness_high', 'energy_very_low'})",1863,danceability_very_low|energy_very_low|instrumentalness_high|speechiness_low|valence_very_low
0.022316989901651912,"frozenset({'mode_0', 'tempo_very_high', 'valence_high'})",1863,mode_0|tempo_very_high|valence_high
0.022316989901651912,"frozenset({'key_low', 'liveness_very_low', 'mode_1'})",1863,key_low|liveness_very_low|mode_1
0.022316989901651912,"frozenset({'mode_0', 'danceability_high', 'duration_ms_very_high'})",1863,danceability_high|duration_ms_very_high|mode_0
0.022316989901651912,"frozenset({'valence_low', 'mode_0', 'danceability_very_low'})",1863,danceability_very_low|mode_0|valence_low
0.022316989901651912,"frozenset({'acousticness_low', 'duration_ms_low', 'key_very_low'})",1863,acousticness_low|duration_ms_low|key_very_low
0.022305010841049844,"frozenset({'energy_very_low', 'mode_1', 'speechiness_high', 'acousticness_very_high'})",1862,acousticness_very_high|energy_very_low|mode_1|speechiness_high
0.022305010841049844,"frozenset({'tempo_very_high', 'duration_ms_very_high', 'acousticness_very_low'})",1862,acousticness_very_low|duration_ms_very_high|tempo_very_high
0.022293031780447777,"frozenset({'tempo_very_low', 'energy_very_low', 'mode_1', 'key_very_low'})",1861,energy_very_low|key_very_low|mode_1|tempo_very_low
0.022293031780447777,"frozenset({'energy_very_low', 'liveness_low', 'loudness_low'})",1861,energy_very_low|liveness_low|loudness_low
0.022293031780447777,"frozenset({'instrumentalness_high', 'energy_very_high', 'loudness_high'})",1861,energy_very_high|instrumentalness_high|loudness_high
0.022293031780447777,"frozenset({'duration_ms_very_low', 'danceability_high', 'acousticness_very_high'})",1861,acousticness_very_high|danceability_high|duration_ms_very_low
0.022293031780447777,"frozenset({'instrumentalness_low', 'acousticness_very_high', 'mode_1', 'tempo_low'})",1861,acousticness_very_high|instrumentalness_low|mode_1|tempo_low
0.022293031780447777,"frozenset({'acousticness_low', 'tempo_high', 'energy_very_high'})",1861,acousticness_low|energy_very_high|tempo_high
0.022293031780447777,"frozenset({'valence_low', 'speechiness_very_low', 'tempo_very_low'})",1861,speechiness_very_low|tempo_very_low|valence_low
0.02228105271984571,"frozenset({'duration_ms_very_high', 'liveness_very_low', 'loudness_low'})",1860,duration_ms_very_high|liveness_very_low|loudness_low
0.02228105271984571,"frozenset({'acousticness_very_low', 'energy_high', 'key_very_low'})",1860,acousticness_very_low|energy_high|key_very_low
0.02228105271984571,"frozenset({'acousticness_very_low', 'danceability_low', 'key_very_low'})",1860,acousticness_very_low|danceability_low|key_very_low
0.02228105271984571,"frozenset({'key_low', 'liveness_high', 'mode_0'})",1860,key_low|liveness_high|mode_0
0.02228105271984571,"frozenset({'mode_0', 'danceability_low', 'loudness_high'})",1860,danceability_low|loudness_high|mode_0
0.02228105271984571,"frozenset({'liveness_high', 'energy_high', 'loudness_very_high'})",1860,energy_high|liveness_high|loudness_very_high
0.022269073659243643,"frozenset({'liveness_very_low', 'mode_0', 'key_low'})",1859,key_low|liveness_very_low|mode_0
0.022269073659243643,"frozenset({'duration_ms_very_low', 'instrumentalness_high', 'speechiness_low'})",1859,duration_ms_very_low|instrumentalness_high|speechiness_low
0.022269073659243643,"frozenset({'acousticness_very_high', 'danceability_very_low', 'valence_very_low', 'tempo_very_low', 'mode_1'})",1859,acousticness_very_high|danceability_very_low|mode_1|tempo_very_low|valence_very_low
0.022257094598641575,"frozenset({'instrumentalness_low', 'liveness_high', 'loudness_low', 'mode_1'})",1858,instrumentalness_low|liveness_high|loudness_low|mode_1
0.022257094598641575,"frozenset({'loudness_very_low', 'energy_very_low', 'mode_1', 'duration_ms_high'})",1858,duration_ms_high|energy_very_low|loudness_very_low|mode_1
0.022257094598641575,"frozenset({'instrumentalness_low', 'tempo_very_high', 'mode_1', 'key_high'})",1858,instrumentalness_low|key_high|mode_1|tempo_very_high
0.022257094598641575,"frozenset({'liveness_very_high', 'danceability_low', 'key_very_low'})",1858,danceability_low|key_very_low|liveness_very_high
0.022257094598641575,"frozenset({'mode_0', 'valence_very_high', 'loudness_low'})",1858,loudness_low|mode_0|valence_very_high
0.022257094598641575,"frozenset({'speechiness_very_low', 'instrumentalness_medium', 'tempo_low'})",1858,instrumentalness_medium|speechiness_very_low|tempo_low
0.022257094598641575,"frozenset({'duration_ms_very_low', 'acousticness_very_high', 'mode_1', 'key_very_low'})",1858,acousticness_very_high|duration_ms_very_low|key_very_low|mode_1
0.022257094598641575,"frozenset({'duration_ms_very_low', 'liveness_high', 'acousticness_very_high'})",1858,acousticness_very_high|duration_ms_very_low|liveness_high
0.022245115538039508,"frozenset({'valence_low', 'mode_0', 'danceability_high'})",1857,danceability_high|mode_0|valence_low
0.022245115538039508,"frozenset({'loudness_very_low', 'tempo_very_low', 'liveness_low', 'mode_1'})",1857,liveness_low|loudness_very_low|mode_1|tempo_very_low
0.022245115538039508,"frozenset({'instrumentalness_low', 'mode_1', 'tempo_high', 'duration_ms_high'})",1857,duration_ms_high|instrumentalness_low|mode_1|tempo_high
0.022245115538039508,"frozenset({'duration_ms_very_low', 'acousticness_very_high', 'loudness_very_low', 'valence_very_low', 'energy_very_low'})",1857,acousticness_very_high|duration_ms_very_low|energy_very_low|loudness_very_low|valence_very_low
0.022245115538039508,"frozenset({'speechiness_high', 'key_high', 'energy_very_high'})",1857,energy_very_high|key_high|speechiness_high
0.022245115538039508,"frozenset({'tempo_very_low', 'liveness_low', 'key_very_low'})",1857,key_very_low|liveness_low|tempo_very_low
0.022245115538039508,"frozenset({'mode_0', 'liveness_very_high', 'valence_very_high'})",1857,liveness_very_high|mode_0|valence_very_high
0.02223313647743744,"frozenset({'acousticness_very_low', 'speechiness_very_high', 'danceability_very_low', 'energy_very_high', 'loudness_very_high'})",1856,acousticness_very_low|danceability_very_low|energy_very_high|loudness_very_high|speechiness_very_high
0.02223313647743744,"frozenset({'mode_0', 'acousticness_very_low', 'speechiness_very_high', 'energy_very_high'})",1856,acousticness_very_low|energy_very_high|mode_0|speechiness_very_high
0.02223313647743744,"frozenset({'acousticness_very_high', 'loudness_very_low', 'danceability_very_low', 'valence_very_low', 'liveness_low'})",1856,acousticness_very_high|danceability_very_low|liveness_low|loudness_very_low|valence_very_low
0.02223313647743744,"frozenset({'instrumentalness_low', 'mode_1', 'speechiness_high', 'energy_very_high'})",1856,energy_very_high|instrumentalness_low|mode_1|speechiness_high
0.02223313647743744,"frozenset({'valence_very_low', 'loudness_very_low', 'speechiness_high'})",1856,loudness_very_low|speechiness_high|valence_very_low
0.02223313647743744,"frozenset({'speechiness_very_low', 'mode_0', 'tempo_low'})",1856,mode_0|speechiness_very_low|tempo_low
0.02223313647743744,"frozenset({'danceability_very_low', 'instrumentalness_high', 'mode_1', 'speechiness_low'})",1856,danceability_very_low|instrumentalness_high|mode_1|speechiness_low
0.02223313647743744,"frozenset({'speechiness_very_low', 'instrumentalness_high', 'energy_very_low'})",1856,energy_very_low|instrumentalness_high|speechiness_very_low
0.02222115741683537,"frozenset({'mode_0', 'danceability_low', 'valence_high'})",1855,danceability_low|mode_0|valence_high
0.02222115741683537,"frozenset({'mode_0', 'tempo_very_low', 'valence_high'})",1855,mode_0|tempo_very_low|valence_high
0.02222115741683537,"frozenset({'tempo_very_low', 'acousticness_very_high', 'danceability_low'})",1855,acousticness_very_high|danceability_low|tempo_very_low
0.02222115741683537,"frozenset({'duration_ms_very_low', 'energy_very_low', 'key_very_low', 'acousticness_very_high'})",1855,acousticness_very_high|duration_ms_very_low|energy_very_low|key_very_low
0.02222115741683537,"frozenset({'instrumentalness_low', 'energy_high', 'mode_1', 'tempo_very_low'})",1855,energy_high|instrumentalness_low|mode_1|tempo_very_low
0.022209178356233303,"frozenset({'acousticness_very_high', 'loudness_very_low', 'liveness_very_low', 'mode_1', 'energy_very_low'})",1854,acousticness_very_high|energy_very_low|liveness_very_low|loudness_very_low|mode_1
0.022209178356233303,"frozenset({'speechiness_very_low', 'tempo_very_low', 'key_very_low'})",1854,key_very_low|speechiness_very_low|tempo_very_low
0.022209178356233303,"frozenset({'instrumentalness_low', 'liveness_very_high', 'mode_1', 'tempo_low'})",1854,instrumentalness_low|liveness_very_high|mode_1|tempo_low
0.022197199295631236,"frozenset({'instrumentalness_high', 'liveness_low', 'speechiness_high'})",1853,instrumentalness_high|liveness_low|speechiness_high
0.022197199295631236,"frozenset({'danceability_very_low', 'energy_very_low', 'key_high'})",1853,danceability_very_low|energy_very_low|key_high
0.022197199295631236,"frozenset({'energy_high', 'mode_1', 'key_very_low', 'loudness_high'})",1853,energy_high|key_very_low|loudness_high|mode_1
0.022197199295631236,"frozenset({'danceability_very_low', 'liveness_very_high', 'mode_1', 'energy_very_high'})",1853,danceability_very_low|energy_very_high|liveness_very_high|mode_1
0.022197199295631236,"frozenset({'acousticness_very_low', 'instrumentalness_high', 'duration_ms_very_high', 'energy_very_high'})",1853,acousticness_very_low|duration_ms_very_high|energy_very_high|instrumentalness_high
0.022197199295631236,"frozenset({'liveness_high', 'speechiness_high', 'energy_very_high'})",1853,energy_very_high|liveness_high|speechiness_high
0.02218522023502917,"frozenset({'speechiness_very_low', 'tempo_very_low', 'loudness_low'})",1852,loudness_low|speechiness_very_low|tempo_very_low
0.02218522023502917,"frozenset({'danceability_very_low', 'valence_very_low', 'loudness_very_high'})",1852,danceability_very_low|loudness_very_high|valence_very_low
0.02218522023502917,"frozenset({'speechiness_low', 'liveness_low', 'key_very_low'})",1852,key_very_low|liveness_low|speechiness_low
0.02218522023502917,"frozenset({'valence_low', 'acousticness_very_low', 'liveness_very_high'})",1852,acousticness_very_low|liveness_very_high|valence_low
0.02218522023502917,"frozenset({'valence_low', 'mode_0', 'liveness_very_high'})",1852,liveness_very_high|mode_0|valence_low
0.02218522023502917,"frozenset({'loudness_very_high', 'liveness_very_high', 'mode_0', 'energy_very_high'})",1852,energy_very_high|liveness_very_high|loudness_very_high|mode_0
0.02218522023502917,"frozenset({'energy_low', 'mode_0', 'instrumentalness_medium'})",1852,energy_low|instrumentalness_medium|mode_0
0.0221732411744271,"frozenset({'mode_0', 'energy_low', 'tempo_high'})",1851,energy_low|mode_0|tempo_high
0.0221732411744271,"frozenset({'mode_0', 'acousticness_very_low', 'tempo_low'})",1851,acousticness_very_low|mode_0|tempo_low
0.0221732411744271,"frozenset({'speechiness_very_low', 'energy_low', 'tempo_very_low'})",1851,energy_low|speechiness_very_low|tempo_very_low
0.0221732411744271,"frozenset({'acousticness_very_high', 'loudness_very_low', 'danceability_very_low', 'valence_very_low', 'instrumentalness_high', 'mode_1', 'energy_very_low'})",1851,acousticness_very_high|danceability_very_low|energy_very_low|instrumentalness_high|loudness_very_low|mode_1|valence_very_low
0.0221732411744271,"frozenset({'valence_low', 'danceability_high', 'mode_1', 'instrumentalness_low'})",1851,danceability_high|instrumentalness_low|mode_1|valence_low
0.022161262113825034,"frozenset({'instrumentalness_low', 'tempo_very_high', 'acousticness_very_high'})",1850,acousticness_very_high|instrumentalness_low|tempo_very_high
0.022161262113825034,"frozenset({'acousticness_very_low', 'mode_1', 'valence_high', 'energy_very_high'})",1850,acousticness_very_low|energy_very_high|mode_1|valence_high
0.022161262113825034,"frozenset({'loudness_very_high', 'key_very_low', 'duration_ms_high'})",1850,duration_ms_high|key_very_low|loudness_very_high
0.022161262113825034,"frozenset({'valence_very_low', 'loudness_low', 'speechiness_very_low'})",1850,loudness_low|speechiness_very_low|valence_very_low
0.022149283053222966,"frozenset({'liveness_low', 'loudness_very_low', 'duration_ms_very_high'})",1849,duration_ms_very_high|liveness_low|loudness_very_low
0.022149283053222966,"frozenset({'duration_ms_very_low', 'liveness_high', 'energy_very_low'})",1849,duration_ms_very_low|energy_very_low|liveness_high
0.022149283053222966,"frozenset({'liveness_very_low', 'valence_very_high', 'tempo_low'})",1849,liveness_very_low|tempo_low|valence_very_high
0.022149283053222966,"frozenset({'speechiness_low', 'liveness_low', 'energy_very_low', 'mode_1'})",1849,energy_very_low|liveness_low|mode_1|speechiness_low
0.022149283053222966,"frozenset({'acousticness_very_high', 'loudness_very_low', 'key_very_low', 'instrumentalness_high', 'energy_very_low'})",1849,acousticness_very_high|energy_very_low|instrumentalness_high|key_very_low|loudness_very_low
0.0221373039926209,"frozenset({'valence_very_low', 'instrumentalness_high', 'duration_ms_very_high', 'acousticness_very_low'})",1848,acousticness_very_low|duration_ms_very_high|instrumentalness_high|valence_very_low
0.022125324932018832,"frozenset({'instrumentalness_low', 'energy_high', 'valence_very_high', 'acousticness_low'})",1847,acousticness_low|energy_high|instrumentalness_low|valence_very_high
0.022125324932018832,"frozenset({'instrumentalness_low', 'tempo_very_high', 'mode_1', 'speechiness_high'})",1847,instrumentalness_low|mode_1|speechiness_high|tempo_very_high
0.022125324932018832,"frozenset({'duration_ms_very_low', 'key_low', 'acousticness_very_high'})",1847,acousticness_very_high|duration_ms_very_low|key_low
0.022125324932018832,"frozenset({'danceability_very_low', 'instrumentalness_high', 'key_high'})",1847,danceability_very_low|instrumentalness_high|key_high
0.022125324932018832,"frozenset({'instrumentalness_low', 'liveness_high', 'tempo_very_low', 'mode_1'})",1847,instrumentalness_low|liveness_high|mode_1|tempo_very_low
0.022125324932018832,"frozenset({'duration_ms_very_low', 'mode_0', 'speechiness_high'})",1847,duration_ms_very_low|mode_0|speechiness_high
0.022113345871416765,"frozenset({'loudness_very_high', 'danceability_high', 'duration_ms_low'})",1846,danceability_high|duration_ms_low|loudness_very_high
0.022113345871416765,"frozenset({'instrumentalness_high', 'loudness_very_low', 'duration_ms_very_high', 'mode_1'})",1846,duration_ms_very_high|instrumentalness_high|loudness_very_low|mode_1
0.022101366810814697,"frozenset({'valence_low', 'acousticness_very_low', 'speechiness_very_high'})",1845,acousticness_very_low|speechiness_very_high|valence_low
0.022101366810814697,"frozenset({'valence_low', 'liveness_low', 'key_very_low'})",1845,key_very_low|liveness_low|valence_low
0.022101366810814697,"frozenset({'tempo_very_high', 'speechiness_very_high', 'key_high'})",1845,key_high|speechiness_very_high|tempo_very_high
0.022101366810814697,"frozenset({'instrumentalness_low', 'loudness_very_high', 'energy_high', 'valence_very_high'})",1845,energy_high|instrumentalness_low|loudness_very_high|valence_very_high
0.022101366810814697,"frozenset({'liveness_very_high', 'speechiness_very_high', 'key_high'})",1845,key_high|liveness_very_high|speechiness_very_high
0.022101366810814697,"frozenset({'danceability_very_high', 'energy_low', 'duration_ms_low'})",1845,danceability_very_high|duration_ms_low|energy_low
0.022101366810814697,"frozenset({'energy_high', 'duration_ms_low', 'valence_high'})",1845,duration_ms_low|energy_high|valence_high
0.022089387750212627,"frozenset({'liveness_high', 'mode_0', 'danceability_low'})",1844,danceability_low|liveness_high|mode_0
0.022089387750212627,"frozenset({'instrumentalness_low', 'liveness_high', 'mode_1', 'key_high'})",1844,instrumentalness_low|key_high|liveness_high|mode_1
0.022089387750212627,"frozenset({'energy_high', 'key_very_low', 'valence_high'})",1844,energy_high|key_very_low|valence_high
0.022089387750212627,"frozenset({'liveness_low', 'energy_very_low', 'key_very_high'})",1844,energy_very_low|key_very_high|liveness_low
0.02207740868961056,"frozenset({'danceability_high', 'duration_ms_low', 'key_very_low'})",1843,danceability_high|duration_ms_low|key_very_low
0.02207740868961056,"frozenset({'valence_very_low', 'mode_0', 'duration_ms_high'})",1843,duration_ms_high|mode_0|valence_very_low
0.02207740868961056,"frozenset({'danceability_low', 'valence_high', 'energy_very_high'})",1843,danceability_low|energy_very_high|valence_high
0.02207740868961056,"frozenset({'speechiness_very_low', 'danceability_high', 'mode_0'})",1843,danceability_high|mode_0|speechiness_very_low
0.02207740868961056,"frozenset({'danceability_high', 'acousticness_low', 'key_very_low'})",1843,acousticness_low|danceability_high|key_very_low
0.02207740868961056,"frozenset({'speechiness_very_low', 'acousticness_high', 'loudness_high'})",1843,acousticness_high|loudness_high|speechiness_very_low
0.02207740868961056,"frozenset({'speechiness_low', 'mode_0', 'tempo_very_low'})",1843,mode_0|speechiness_low|tempo_very_low
0.022065429629008492,"frozenset({'instrumentalness_low', 'danceability_very_high', 'valence_very_high', 'loudness_high'})",1842,danceability_very_high|instrumentalness_low|loudness_high|valence_very_high
0.022065429629008492,"frozenset({'key_low', 'mode_0', 'tempo_high'})",1842,key_low|mode_0|tempo_high
0.022065429629008492,"frozenset({'instrumentalness_low', 'mode_0', 'danceability_very_high', 'acousticness_high'})",1842,acousticness_high|danceability_very_high|instrumentalness_low|mode_0
0.022065429629008492,"frozenset({'speechiness_very_low', 'liveness_low', 'tempo_low'})",1842,liveness_low|speechiness_very_low|tempo_low
0.022065429629008492,"frozenset({'liveness_very_low', 'duration_ms_low', 'danceability_very_high'})",1842,danceability_very_high|duration_ms_low|liveness_very_low
0.022065429629008492,"frozenset({'mode_0', 'duration_ms_low', 'acousticness_very_low'})",1842,acousticness_very_low|duration_ms_low|mode_0
0.022065429629008492,"frozenset({'speechiness_very_low', 'instrumentalness_medium', 'mode_0'})",1842,instrumentalness_medium|mode_0|speechiness_very_low
0.022065429629008492,"frozenset({'instrumentalness_low', 'liveness_very_low', 'duration_ms_low', 'mode_1'})",1842,duration_ms_low|instrumentalness_low|liveness_very_low|mode_1
0.022065429629008492,"frozenset({'valence_low', 'speechiness_very_low', 'energy_very_low', 'acousticness_very_high'})",1842,acousticness_very_high|energy_very_low|speechiness_very_low|valence_low
0.022053450568406425,"frozenset({'mode_0', 'tempo_very_low', 'loudness_very_low', 'energy_very_low'})",1841,energy_very_low|loudness_very_low|mode_0|tempo_very_low
0.022053450568406425,"frozenset({'instrumentalness_high', 'energy_very_low', 'loudness_very_low', 'duration_ms_very_high'})",1841,duration_ms_very_high|energy_very_low|instrumentalness_high|loudness_very_low
0.022041471507804358,"frozenset({'danceability_very_low', 'tempo_very_high', 'loudness_high'})",1840,danceability_very_low|loudness_high|tempo_very_high
0.022041471507804358,"frozenset({'loudness_very_high', 'speechiness_high', 'duration_ms_high'})",1840,duration_ms_high|loudness_very_high|speechiness_high
0.022041471507804358,"frozenset({'valence_very_low', 'mode_0', 'tempo_very_high'})",1840,mode_0|tempo_very_high|valence_very_low
0.02202949244720229,"frozenset({'liveness_very_high', 'tempo_very_high', 'key_very_low'})",1839,key_very_low|liveness_very_high|tempo_very_high
0.02202949244720229,"frozenset({'loudness_very_high', 'danceability_low', 'valence_high'})",1839,danceability_low|loudness_very_high|valence_high
0.02202949244720229,"frozenset({'key_low', 'instrumentalness_high', 'mode_1'})",1839,instrumentalness_high|key_low|mode_1
0.022017513386600223,"frozenset({'instrumentalness_high', 'key_very_low', 'energy_very_high'})",1838,energy_very_high|instrumentalness_high|key_very_low
0.022017513386600223,"frozenset({'danceability_high', 'tempo_very_high', 'valence_very_high'})",1838,danceability_high|tempo_very_high|valence_very_high
0.022017513386600223,"frozenset({'acousticness_very_low', 'valence_very_high', 'energy_very_high'})",1838,acousticness_very_low|energy_very_high|valence_very_high
0.022017513386600223,"frozenset({'duration_ms_very_low', 'liveness_low', 'key_very_low'})",1838,duration_ms_very_low|key_very_low|liveness_low
0.022005534325998156,"frozenset({'instrumentalness_low', 'danceability_high', 'speechiness_very_high', 'mode_1'})",1837,danceability_high|instrumentalness_low|mode_1|speechiness_very_high
0.022005534325998156,"frozenset({'instrumentalness_low', 'loudness_very_high', 'mode_0', 'speechiness_very_high'})",1837,instrumentalness_low|loudness_very_high|mode_0|speechiness_very_high
0.02199355526539609,"frozenset({'key_low', 'mode_0', 'acousticness_high'})",1836,acousticness_high|key_low|mode_0
0.02199355526539609,"frozenset({'valence_very_low', 'duration_ms_very_high', 'energy_very_high'})",1836,duration_ms_very_high|energy_very_high|valence_very_low
0.02198157620479402,"frozenset({'liveness_very_high', 'tempo_very_high', 'mode_1', 'energy_very_high'})",1835,energy_very_high|liveness_very_high|mode_1|tempo_very_high
0.02198157620479402,"frozenset({'speechiness_low', 'liveness_very_low', 'loudness_very_low'})",1835,liveness_very_low|loudness_very_low|speechiness_low
0.02198157620479402,"frozenset({'liveness_high', 'danceability_high', 'valence_very_high'})",1835,danceability_high|liveness_high|valence_very_high
0.02198157620479402,"frozenset({'mode_0', 'speechiness_very_high', 'tempo_low'})",1835,mode_0|speechiness_very_high|tempo_low
0.02198157620479402,"frozenset({'mode_0', 'liveness_low', 'danceability_high'})",1835,danceability_high|liveness_low|mode_0
0.021969597144191954,"frozenset({'mode_0', 'instrumentalness_high', 'acousticness_very_low', 'energy_very_high'})",1834,acousticness_very_low|energy_very_high|instrumentalness_high|mode_0
0.021969597144191954,"frozenset({'mode_0', 'acousticness_very_low', 'speechiness_high', 'energy_very_high'})",1834,acousticness_very_low|energy_very_high|mode_0|speechiness_high
0.021969597144191954,"frozenset({'valence_very_low', 'instrumentalness_high', 'loudness_low'})",1834,instrumentalness_high|loudness_low|valence_very_low
0.021969597144191954,"frozenset({'liveness_high', 'instrumentalness_high', 'acousticness_very_low'})",1834,acousticness_very_low|instrumentalness_high|liveness_high
0.021969597144191954,"frozenset({'valence_low', 'energy_very_low', 'danceability_low'})",1834,danceability_low|energy_very_low|valence_low
0.021969597144191954,"frozenset({'energy_high', 'acousticness_low', 'liveness_very_high'})",1834,acousticness_low|energy_high|liveness_very_high
0.021969597144191954,"frozenset({'acousticness_very_high', 'loudness_very_low', 'valence_very_low', 'liveness_low', 'instrumentalness_high'})",1834,acousticness_very_high|instrumentalness_high|liveness_low|loudness_very_low|valence_very_low
0.021969597144191954,"frozenset({'key_low', 'liveness_low', 'energy_very_low'})",1834,energy_very_low|key_low|liveness_low
0.021969597144191954,"frozenset({'valence_very_high', 'acousticness_low', 'speechiness_high'})",1834,acousticness_low|speechiness_high|valence_very_high
0.021969597144191954,"frozenset({'liveness_very_low', 'danceability_very_high', 'key_high'})",1834,danceability_very_high|key_high|liveness_very_low
0.021969597144191954,"frozenset({'speechiness_low', 'loudness_very_low', 'danceability_very_low', 'valence_very_low', 'instrumentalness_high', 'energy_very_low'})",1834,danceability_very_low|energy_very_low|instrumentalness_high|loudness_very_low|speechiness_low|valence_very_low
0.021969597144191954,"frozenset({'instrumentalness_low', 'loudness_very_high', 'acousticness_low', 'speechiness_very_high'})",1834,acousticness_low|instrumentalness_low|loudness_very_high|speechiness_very_high
0.021957618083589883,"frozenset({'instrumentalness_low', 'tempo_low', 'energy_very_high'})",1833,energy_very_high|instrumentalness_low|tempo_low
0.021957618083589883,"frozenset({'instrumentalness_high', 'loudness_low', 'tempo_high'})",1833,instrumentalness_high|loudness_low|tempo_high
0.021957618083589883,"frozenset({'key_low', 'mode_0', 'liveness_very_high'})",1833,key_low|liveness_very_high|mode_0
0.021957618083589883,"frozenset({'danceability_very_high', 'energy_low', 'key_very_high'})",1833,danceability_very_high|energy_low|key_very_high
0.021957618083589883,"frozenset({'duration_ms_very_high', 'loudness_low', 'key_very_low'})",1833,duration_ms_very_high|key_very_low|loudness_low
0.021957618083589883,"frozenset({'danceability_low', 'liveness_low', 'mode_1', 'instrumentalness_low'})",1833,danceability_low|instrumentalness_low|liveness_low|mode_1
0.021957618083589883,"frozenset({'tempo_very_low', 'mode_1', 'energy_very_high'})",1833,energy_very_high|mode_1|tempo_very_low
0.021957618083589883,"frozenset({'speechiness_low', 'mode_0', 'loudness_high'})",1833,loudness_high|mode_0|speechiness_low
0.021957618083589883,"frozenset({'duration_ms_very_low', 'liveness_high', 'valence_very_high'})",1833,duration_ms_very_low|liveness_high|valence_very_high
0.021957618083589883,"frozenset({'loudness_very_high', 'mode_1', 'speechiness_high', 'acousticness_very_low'})",1833,acousticness_very_low|loudness_very_high|mode_1|speechiness_high
0.021945639022987816,"frozenset({'danceability_low', 'instrumentalness_low', 'mode_1', 'energy_very_high'})",1832,danceability_low|energy_very_high|instrumentalness_low|mode_1
0.021945639022987816,"frozenset({'danceability_low', 'instrumentalness_low', 'acousticness_low', 'mode_1'})",1832,acousticness_low|danceability_low|instrumentalness_low|mode_1
0.021945639022987816,"frozenset({'speechiness_very_low', 'tempo_low', 'duration_ms_high'})",1832,duration_ms_high|speechiness_very_low|tempo_low
0.021945639022987816,"frozenset({'loudness_very_high', 'tempo_very_high', 'danceability_low', 'energy_very_high'})",1832,danceability_low|energy_very_high|loudness_very_high|tempo_very_high
0.021945639022987816,"frozenset({'valence_low', 'loudness_very_high', 'mode_1', 'energy_very_high'})",1832,energy_very_high|loudness_very_high|mode_1|valence_low
0.02193365996238575,"frozenset({'duration_ms_very_low', 'instrumentalness_low', 'tempo_very_high', 'mode_1'})",1831,duration_ms_very_low|instrumentalness_low|mode_1|tempo_very_high
0.02193365996238575,"frozenset({'danceability_very_high', 'energy_high', 'key_very_high'})",1831,danceability_very_high|energy_high|key_very_high
0.02193365996238575,"frozenset({'instrumentalness_low', 'danceability_very_high', 'valence_very_high', 'key_very_low'})",1831,danceability_very_high|instrumentalness_low|key_very_low|valence_very_high
0.02193365996238575,"frozenset({'loudness_very_low', 'energy_very_low', 'danceability_high', 'acousticness_very_high'})",1831,acousticness_very_high|danceability_high|energy_very_low|loudness_very_low
0.02193365996238575,"frozenset({'danceability_very_high', 'speechiness_high', 'key_very_low'})",1831,danceability_very_high|key_very_low|speechiness_high
0.02193365996238575,"frozenset({'loudness_very_low', 'danceability_very_low', 'liveness_low', 'instrumentalness_high', 'energy_very_low'})",1831,danceability_very_low|energy_very_low|instrumentalness_high|liveness_low|loudness_very_low
0.02192168090178368,"frozenset({'loudness_very_low', 'duration_ms_low', 'mode_1', 'acousticness_very_high'})",1830,acousticness_very_high|duration_ms_low|loudness_very_low|mode_1
0.02192168090178368,"frozenset({'valence_very_low', 'mode_0', 'instrumentalness_high', 'duration_ms_very_high'})",1830,duration_ms_very_high|instrumentalness_high|mode_0|valence_very_low
0.02192168090178368,"frozenset({'valence_very_high', 'tempo_very_high', 'energy_very_high'})",1830,energy_very_high|tempo_very_high|valence_very_high
0.021909701841181614,"frozenset({'instrumentalness_low', 'mode_0', 'energy_high', 'valence_very_high'})",1829,energy_high|instrumentalness_low|mode_0|valence_very_high
0.021909701841181614,"frozenset({'loudness_very_low', 'energy_very_low', 'speechiness_very_high'})",1829,energy_very_low|loudness_very_low|speechiness_very_high
0.021897722780579547,"frozenset({'liveness_very_high', 'acousticness_low', 'speechiness_very_high'})",1828,acousticness_low|liveness_very_high|speechiness_very_high
0.021897722780579547,"frozenset({'instrumentalness_low', 'duration_ms_low', 'mode_1', 'speechiness_low'})",1828,duration_ms_low|instrumentalness_low|mode_1|speechiness_low
0.021897722780579547,"frozenset({'instrumentalness_low', 'mode_1', 'tempo_high', 'loudness_high'})",1828,instrumentalness_low|loudness_high|mode_1|tempo_high
0.021897722780579547,"frozenset({'energy_very_low', 'mode_1', 'valence_high', 'acousticness_very_high'})",1828,acousticness_very_high|energy_very_low|mode_1|valence_high
0.021897722780579547,"frozenset({'acousticness_very_high', 'loudness_very_low', 'mode_1', 'key_low', 'energy_very_low'})",1828,acousticness_very_high|energy_very_low|key_low|loudness_very_low|mode_1
0.021897722780579547,"frozenset({'danceability_very_low', 'valence_very_low', 'loudness_very_low', 'duration_ms_very_high'})",1828,danceability_very_low|duration_ms_very_high|loudness_very_low|valence_very_low
0.021897722780579547,"frozenset({'valence_low', 'liveness_low', 'energy_very_low', 'mode_1'})",1828,energy_very_low|liveness_low|mode_1|valence_low
0.02188574371997748,"frozenset({'instrumentalness_low', 'duration_ms_low', 'danceability_very_low'})",1827,danceability_very_low|duration_ms_low|instrumentalness_low
0.02188574371997748,"frozenset({'valence_low', 'instrumentalness_low', 'tempo_very_high', 'mode_1'})",1827,instrumentalness_low|mode_1|tempo_very_high|valence_low
0.02188574371997748,"frozenset({'acousticness_high', 'key_very_low', 'loudness_high'})",1827,acousticness_high|key_very_low|loudness_high
0.02188574371997748,"frozenset({'duration_ms_very_low', 'loudness_very_low', 'danceability_very_low', 'instrumentalness_high'})",1827,danceability_very_low|duration_ms_very_low|instrumentalness_high|loudness_very_low
0.02188574371997748,"frozenset({'loudness_very_high', 'danceability_low', 'key_very_low'})",1827,danceability_low|key_very_low|loudness_very_high
0.021873764659375412,"frozenset({'instrumentalness_low', 'loudness_very_high', 'energy_high', 'mode_0'})",1826,energy_high|instrumentalness_low|loudness_very_high|mode_0
0.021873764659375412,"frozenset({'danceability_very_low', 'acousticness_very_low', 'duration_ms_high'})",1826,acousticness_very_low|danceability_very_low|duration_ms_high
0.021873764659375412,"frozenset({'danceability_high', 'key_very_low', 'valence_high'})",1826,danceability_high|key_very_low|valence_high
0.021873764659375412,"frozenset({'danceability_very_low', 'liveness_very_low', 'instrumentalness_high'})",1826,danceability_very_low|instrumentalness_high|liveness_very_low
0.021873764659375412,"frozenset({'liveness_high', 'tempo_very_high', 'acousticness_very_low'})",1826,acousticness_very_low|liveness_high|tempo_very_high
0.021873764659375412,"frozenset({'loudness_very_low', 'duration_ms_very_high', 'key_very_low'})",1826,duration_ms_very_high|key_very_low|loudness_very_low
0.021873764659375412,"frozenset({'speechiness_very_low', 'energy_low', 'tempo_high'})",1826,energy_low|speechiness_very_low|tempo_high
0.021873764659375412,"frozenset({'danceability_very_high', 'tempo_high', 'valence_high'})",1826,danceability_very_high|tempo_high|valence_high
0.021873764659375412,"frozenset({'liveness_high', 'instrumentalness_high', 'mode_0'})",1826,instrumentalness_high|liveness_high|mode_0
0.021861785598773345,"frozenset({'key_very_low', 'acousticness_low', 'tempo_high'})",1825,acousticness_low|key_very_low|tempo_high
0.021861785598773345,"frozenset({'loudness_very_high', 'acousticness_low', 'key_high'})",1825,acousticness_low|key_high|loudness_very_high
0.021861785598773345,"frozenset({'instrumentalness_low', 'valence_very_low', 'mode_1', 'speechiness_very_low'})",1825,instrumentalness_low|mode_1|speechiness_very_low|valence_very_low
0.021861785598773345,"frozenset({'loudness_very_high', 'liveness_very_high', 'speechiness_very_high', 'mode_1'})",1825,liveness_very_high|loudness_very_high|mode_1|speechiness_very_high
0.021861785598773345,"frozenset({'valence_low', 'acousticness_very_low', 'key_very_low'})",1825,acousticness_very_low|key_very_low|valence_low
0.021861785598773345,"frozenset({'duration_ms_very_low', 'danceability_very_low', 'energy_very_high'})",1825,danceability_very_low|duration_ms_very_low|energy_very_high
0.021861785598773345,"frozenset({'danceability_very_low', 'valence_very_low', 'speechiness_very_high', 'energy_very_high'})",1825,danceability_very_low|energy_very_high|speechiness_very_high|valence_very_low
0.021861785598773345,"frozenset({'loudness_very_high', 'speechiness_very_high', 'danceability_very_high'})",1825,danceability_very_high|loudness_very_high|speechiness_very_high
0.021861785598773345,"frozenset({'instrumentalness_low', 'loudness_low', 'mode_1', 'tempo_low'})",1825,instrumentalness_low|loudness_low|mode_1|tempo_low
0.021849806538171278,"frozenset({'speechiness_very_low', 'mode_0', 'duration_ms_high'})",1824,duration_ms_high|mode_0|speechiness_very_low
0.021849806538171278,"frozenset({'loudness_very_low', 'key_very_low', 'tempo_low'})",1824,key_very_low|loudness_very_low|tempo_low
0.021849806538171278,"frozenset({'mode_0', 'tempo_very_low', 'loudness_low'})",1824,loudness_low|mode_0|tempo_very_low
0.021849806538171278,"frozenset({'instrumentalness_high', 'mode_1', 'valence_high'})",1824,instrumentalness_high|mode_1|valence_high
0.021849806538171278,"frozenset({'instrumentalness_low', 'liveness_very_low', 'acousticness_very_high'})",1824,acousticness_very_high|instrumentalness_low|liveness_very_low
0.021849806538171278,"frozenset({'duration_ms_very_low', 'mode_0', 'valence_very_high'})",1824,duration_ms_very_low|mode_0|valence_very_high
0.021849806538171278,"frozenset({'acousticness_very_high', 'loudness_very_low', 'tempo_very_low', 'instrumentalness_high', 'mode_1'})",1824,acousticness_very_high|instrumentalness_high|loudness_very_low|mode_1|tempo_very_low
0.02183782747756921,"frozenset({'instrumentalness_low', 'energy_very_low', 'mode_1', 'danceability_very_low'})",1823,danceability_very_low|energy_very_low|instrumentalness_low|mode_1
0.02183782747756921,"frozenset({'valence_very_low', 'tempo_very_high', 'energy_very_high'})",1823,energy_very_high|tempo_very_high|valence_very_low
0.02183782747756921,"frozenset({'speechiness_very_low', 'loudness_low', 'tempo_high'})",1823,loudness_low|speechiness_very_low|tempo_high
0.02183782747756921,"frozenset({'liveness_high', 'tempo_very_low', 'mode_0'})",1823,liveness_high|mode_0|tempo_very_low
0.02183782747756921,"frozenset({'danceability_very_low', 'tempo_very_high', 'mode_1', 'key_very_low'})",1823,danceability_very_low|key_very_low|mode_1|tempo_very_high
0.02183782747756921,"frozenset({'valence_low', 'mode_0', 'tempo_very_low'})",1823,mode_0|tempo_very_low|valence_low
0.02183782747756921,"frozenset({'instrumentalness_low', 'liveness_very_high', 'speechiness_very_high', 'energy_very_high'})",1823,energy_very_high|instrumentalness_low|liveness_very_high|speechiness_very_high
0.02182584841696714,"frozenset({'danceability_very_low', 'loudness_very_high', 'mode_0'})",1822,danceability_very_low|loudness_very_high|mode_0
0.02182584841696714,"frozenset({'valence_very_low', 'acousticness_very_high', 'mode_1', 'speechiness_very_low'})",1822,acousticness_very_high|mode_1|speechiness_very_low|valence_very_low
0.02182584841696714,"frozenset({'instrumentalness_low', 'valence_very_low', 'liveness_low'})",1822,instrumentalness_low|liveness_low|valence_very_low
0.02182584841696714,"frozenset({'instrumentalness_low', 'energy_high', 'acousticness_high', 'loudness_high'})",1822,acousticness_high|energy_high|instrumentalness_low|loudness_high
0.02182584841696714,"frozenset({'instrumentalness_low', 'acousticness_very_low', 'loudness_high'})",1822,acousticness_very_low|instrumentalness_low|loudness_high
0.02182584841696714,"frozenset({'liveness_very_high', 'duration_ms_low', 'speechiness_very_high'})",1822,duration_ms_low|liveness_very_high|speechiness_very_high
0.02182584841696714,"frozenset({'danceability_very_low', 'acousticness_very_low', 'instrumentalness_medium', 'energy_very_high'})",1822,acousticness_very_low|danceability_very_low|energy_very_high|instrumentalness_medium
0.02182584841696714,"frozenset({'liveness_high', 'danceability_low', 'speechiness_very_low'})",1822,danceability_low|liveness_high|speechiness_very_low
0.021813869356365072,"frozenset({'duration_ms_very_low', 'instrumentalness_low', 'energy_very_high'})",1821,duration_ms_very_low|energy_very_high|instrumentalness_low
0.021813869356365072,"frozenset({'mode_0', 'liveness_very_high', 'tempo_low'})",1821,liveness_very_high|mode_0|tempo_low
0.021801890295763005,"frozenset({'energy_low', 'liveness_low', 'loudness_high'})",1820,energy_low|liveness_low|loudness_high
0.021801890295763005,"frozenset({'acousticness_low', 'valence_high', 'loudness_high'})",1820,acousticness_low|loudness_high|valence_high
0.021801890295763005,"frozenset({'danceability_very_high', 'key_high', 'tempo_low'})",1820,danceability_very_high|key_high|tempo_low
0.021801890295763005,"frozenset({'acousticness_very_high', 'tempo_very_low', 'instrumentalness_high', 'mode_1', 'energy_very_low'})",1820,acousticness_very_high|energy_very_low|instrumentalness_high|mode_1|tempo_very_low
0.021801890295763005,"frozenset({'acousticness_very_high', 'key_high', 'loudness_very_low', 'mode_1', 'energy_very_low'})",1820,acousticness_very_high|energy_very_low|key_high|loudness_very_low|mode_1
0.021801890295763005,"frozenset({'tempo_very_low', 'energy_very_low', 'key_high'})",1820,energy_very_low|key_high|tempo_very_low
0.021801890295763005,"frozenset({'duration_ms_very_high', 'acousticness_very_low', 'loudness_low'})",1820,acousticness_very_low|duration_ms_very_high|loudness_low
0.021801890295763005,"frozenset({'tempo_very_low', 'acousticness_very_high', 'mode_1', 'key_very_low'})",1820,acousticness_very_high|key_very_low|mode_1|tempo_very_low
0.021789911235160938,"frozenset({'tempo_very_high', 'danceability_low', 'speechiness_high'})",1819,danceability_low|speechiness_high|tempo_very_high
0.021789911235160938,"frozenset({'acousticness_very_low', 'speechiness_high', 'duration_ms_high'})",1819,acousticness_very_low|duration_ms_high|speechiness_high
0.021789911235160938,"frozenset({'danceability_high', 'valence_high', 'acousticness_high'})",1819,acousticness_high|danceability_high|valence_high
0.021789911235160938,"frozenset({'acousticness_very_low', 'duration_ms_very_high', 'danceability_very_high'})",1819,acousticness_very_low|danceability_very_high|duration_ms_very_high
0.021789911235160938,"frozenset({'loudness_very_high', 'tempo_very_high', 'key_very_high'})",1819,key_very_high|loudness_very_high|tempo_very_high
0.021789911235160938,"frozenset({'instrumentalness_low', 'mode_1', 'speechiness_low', 'loudness_high'})",1819,instrumentalness_low|loudness_high|mode_1|speechiness_low
0.02177793217455887,"frozenset({'speechiness_very_low', 'energy_low', 'mode_1', 'loudness_high'})",1818,energy_low|loudness_high|mode_1|speechiness_very_low
0.02177793217455887,"frozenset({'instrumentalness_low', 'liveness_low', 'danceability_high', 'mode_1'})",1818,danceability_high|instrumentalness_low|liveness_low|mode_1
0.02177793217455887,"frozenset({'liveness_very_low', 'duration_ms_very_high', 'speechiness_high'})",1818,duration_ms_very_high|liveness_very_low|speechiness_high
0.02177793217455887,"frozenset({'danceability_very_low', 'tempo_very_high', 'key_very_high'})",1818,danceability_very_low|key_very_high|tempo_very_high
0.02177793217455887,"frozenset({'instrumentalness_low', 'mode_1', 'speechiness_high', 'acousticness_high'})",1818,acousticness_high|instrumentalness_low|mode_1|speechiness_high
0.021765953113956803,"frozenset({'energy_low', 'acousticness_low', 'key_very_low'})",1817,acousticness_low|energy_low|key_very_low
0.021765953113956803,"frozenset({'speechiness_very_low', 'danceability_high', 'valence_high'})",1817,danceability_high|speechiness_very_low|valence_high
0.021765953113956803,"frozenset({'instrumentalness_low', 'duration_ms_low', 'mode_1', 'acousticness_very_high'})",1817,acousticness_very_high|duration_ms_low|instrumentalness_low|mode_1
0.021765953113956803,"frozenset({'mode_0', 'instrumentalness_high', 'key_very_low'})",1817,instrumentalness_high|key_very_low|mode_0
0.021753974053354736,"frozenset({'valence_low', 'acousticness_very_high', 'danceability_very_low'})",1816,acousticness_very_high|danceability_very_low|valence_low
0.021753974053354736,"frozenset({'speechiness_low', 'energy_low', 'acousticness_high'})",1816,acousticness_high|energy_low|speechiness_low
0.021753974053354736,"frozenset({'instrumentalness_low', 'liveness_very_high', 'loudness_low', 'mode_1'})",1816,instrumentalness_low|liveness_very_high|loudness_low|mode_1
0.021753974053354736,"frozenset({'speechiness_very_low', 'duration_ms_high', 'loudness_high'})",1816,duration_ms_high|loudness_high|speechiness_very_low
0.021753974053354736,"frozenset({'duration_ms_very_high', 'tempo_very_high', 'energy_very_high'})",1816,duration_ms_very_high|energy_very_high|tempo_very_high
0.02174199499275267,"frozenset({'valence_low', 'liveness_low', 'energy_very_low', 'acousticness_very_high'})",1815,acousticness_very_high|energy_very_low|liveness_low|valence_low
0.02174199499275267,"frozenset({'key_low', 'acousticness_very_high', 'danceability_very_low'})",1815,acousticness_very_high|danceability_very_low|key_low
0.02174199499275267,"frozenset({'speechiness_low', 'danceability_very_high', 'tempo_low'})",1815,danceability_very_high|speechiness_low|tempo_low
0.02174199499275267,"frozenset({'duration_ms_very_low', 'acousticness_very_high', 'speechiness_high'})",1815,acousticness_very_high|duration_ms_very_low|speechiness_high
0.0217300159321506,"frozenset({'acousticness_very_low', 'instrumentalness_medium', 'energy_high'})",1814,acousticness_very_low|energy_high|instrumentalness_medium
0.0217300159321506,"frozenset({'danceability_low', 'instrumentalness_low', 'mode_1', 'tempo_high'})",1814,danceability_low|instrumentalness_low|mode_1|tempo_high
0.0217300159321506,"frozenset({'loudness_very_high', 'danceability_very_high', 'energy_very_high'})",1814,danceability_very_high|energy_very_high|loudness_very_high
0.0217300159321506,"frozenset({'instrumentalness_low', 'mode_0', 'speechiness_very_high', 'valence_high'})",1814,instrumentalness_low|mode_0|speechiness_very_high|valence_high
0.0217300159321506,"frozenset({'danceability_very_high', 'energy_high', 'key_high'})",1814,danceability_very_high|energy_high|key_high
0.0217300159321506,"frozenset({'key_low', 'loudness_very_high', 'mode_1'})",1814,key_low|loudness_very_high|mode_1
0.0217300159321506,"frozenset({'danceability_high', 'acousticness_low', 'valence_high'})",1814,acousticness_low|danceability_high|valence_high
0.0217300159321506,"frozenset({'key_low', 'mode_0', 'valence_high'})",1814,key_low|mode_0|valence_high
0.021718036871548534,"frozenset({'speechiness_very_low', 'instrumentalness_medium', 'acousticness_very_high'})",1813,acousticness_very_high|instrumentalness_medium|speechiness_very_low
0.021718036871548534,"frozenset({'instrumentalness_low', 'energy_very_low', 'key_very_low', 'acousticness_very_high'})",1813,acousticness_very_high|energy_very_low|instrumentalness_low|key_very_low
0.021718036871548534,"frozenset({'duration_ms_very_low', 'acousticness_very_high', 'valence_low'})",1813,acousticness_very_high|duration_ms_very_low|valence_low
0.021718036871548534,"frozenset({'instrumentalness_low', 'speechiness_very_low', 'loudness_very_low', 'energy_very_low'})",1813,energy_very_low|instrumentalness_low|loudness_very_low|speechiness_very_low
0.021718036871548534,"frozenset({'duration_ms_very_low', 'valence_very_high', 'loudness_low'})",1813,duration_ms_very_low|loudness_low|valence_very_high
0.021718036871548534,"frozenset({'tempo_very_high', 'energy_very_high', 'loudness_high'})",1813,energy_very_high|loudness_high|tempo_very_high
0.021706057810946467,"frozenset({'instrumentalness_low', 'danceability_very_low', 'key_very_high'})",1812,danceability_very_low|instrumentalness_low|key_very_high
0.021706057810946467,"frozenset({'danceability_very_high', 'liveness_low', 'tempo_low'})",1812,danceability_very_high|liveness_low|tempo_low
0.021694078750344396,"frozenset({'danceability_very_low', 'valence_very_low', 'duration_ms_low'})",1811,danceability_very_low|duration_ms_low|valence_very_low
0.021694078750344396,"frozenset({'speechiness_very_low', 'loudness_low', 'mode_1', 'acousticness_high'})",1811,acousticness_high|loudness_low|mode_1|speechiness_very_low
0.021694078750344396,"frozenset({'instrumentalness_low', 'loudness_very_high', 'duration_ms_very_high'})",1811,duration_ms_very_high|instrumentalness_low|loudness_very_high
0.021694078750344396,"frozenset({'loudness_very_low', 'energy_very_low', 'mode_1', 'danceability_high'})",1811,danceability_high|energy_very_low|loudness_very_low|mode_1
0.021694078750344396,"frozenset({'valence_low', 'speechiness_very_low', 'acousticness_high'})",1811,acousticness_high|speechiness_very_low|valence_low
0.021694078750344396,"frozenset({'speechiness_low', 'duration_ms_very_high', 'key_very_low'})",1811,duration_ms_very_high|key_very_low|speechiness_low
0.021694078750344396,"frozenset({'loudness_very_high', 'key_very_high', 'acousticness_very_low', 'energy_very_high'})",1811,acousticness_very_low|energy_very_high|key_very_high|loudness_very_high
0.02168209968974233,"frozenset({'duration_ms_very_low', 'acousticness_very_high', 'valence_high'})",1810,acousticness_very_high|duration_ms_very_low|valence_high
0.02168209968974233,"frozenset({'speechiness_very_low', 'tempo_very_low', 'acousticness_high'})",1810,acousticness_high|speechiness_very_low|tempo_very_low
0.02168209968974233,"frozenset({'danceability_very_high', 'liveness_low', 'speechiness_very_high'})",1810,danceability_very_high|liveness_low|speechiness_very_high
0.02168209968974233,"frozenset({'valence_very_low', 'duration_ms_very_high', 'speechiness_high'})",1810,duration_ms_very_high|speechiness_high|valence_very_low
0.021670120629140262,"frozenset({'valence_very_low', 'instrumentalness_medium', 'energy_very_low'})",1809,energy_very_low|instrumentalness_medium|valence_very_low
0.021670120629140262,"frozenset({'duration_ms_very_low', 'tempo_very_low', 'instrumentalness_low', 'mode_1'})",1809,duration_ms_very_low|instrumentalness_low|mode_1|tempo_very_low
0.021670120629140262,"frozenset({'valence_very_low', 'tempo_very_low', 'duration_ms_very_high'})",1809,duration_ms_very_high|tempo_very_low|valence_very_low
0.021670120629140262,"frozenset({'mode_0', 'loudness_low', 'duration_ms_high'})",1809,duration_ms_high|loudness_low|mode_0
0.021670120629140262,"frozenset({'energy_high', 'acousticness_low', 'mode_1', 'loudness_high'})",1809,acousticness_low|energy_high|loudness_high|mode_1
0.021670120629140262,"frozenset({'danceability_high', 'acousticness_low', 'duration_ms_high'})",1809,acousticness_low|danceability_high|duration_ms_high
0.021670120629140262,"frozenset({'valence_low', 'instrumentalness_low', 'mode_1', 'key_high'})",1809,instrumentalness_low|key_high|mode_1|valence_low
0.021658141568538194,"frozenset({'mode_0', 'acousticness_low', 'key_high'})",1808,acousticness_low|key_high|mode_0
0.021658141568538194,"frozenset({'acousticness_very_high', 'valence_very_low', 'instrumentalness_high', 'liveness_low', 'energy_very_low'})",1808,acousticness_very_high|energy_very_low|instrumentalness_high|liveness_low|valence_very_low
0.021658141568538194,"frozenset({'speechiness_low', 'mode_0', 'valence_very_high'})",1808,mode_0|speechiness_low|valence_very_high
0.021658141568538194,"frozenset({'loudness_very_high', 'tempo_very_low', 'energy_very_high'})",1808,energy_very_high|loudness_very_high|tempo_very_low
0.021658141568538194,"frozenset({'acousticness_very_low', 'duration_ms_low', 'mode_1', 'energy_very_high'})",1808,acousticness_very_low|duration_ms_low|energy_very_high|mode_1
0.021646162507936127,"frozenset({'instrumentalness_low', 'liveness_low', 'mode_1', 'loudness_high'})",1807,instrumentalness_low|liveness_low|loudness_high|mode_1
0.021646162507936127,"frozenset({'instrumentalness_low', 'energy_low', 'acousticness_very_high', 'mode_1'})",1807,acousticness_very_high|energy_low|instrumentalness_low|mode_1
0.021646162507936127,"frozenset({'duration_ms_very_low', 'mode_0', 'acousticness_high'})",1807,acousticness_high|duration_ms_very_low|mode_0
0.021646162507936127,"frozenset({'loudness_very_high', 'valence_high', 'duration_ms_high'})",1807,duration_ms_high|loudness_very_high|valence_high
0.021646162507936127,"frozenset({'acousticness_very_high', 'loudness_very_low', 'danceability_very_low', 'valence_very_low', 'liveness_low', 'energy_very_low'})",1807,acousticness_very_high|danceability_very_low|energy_very_low|liveness_low|loudness_very_low|valence_very_low
0.021646162507936127,"frozenset({'liveness_high', 'loudness_low', 'speechiness_very_low'})",1807,liveness_high|loudness_low|speechiness_very_low
0.021646162507936127,"frozenset({'speechiness_low', 'liveness_very_low', 'key_very_low'})",1807,key_very_low|liveness_very_low|speechiness_low
0.021646162507936127,"frozenset({'duration_ms_low', 'speechiness_very_high', 'valence_high'})",1807,duration_ms_low|speechiness_very_high|valence_high
0.021646162507936127,"frozenset({'instrumentalness_medium', 'tempo_very_high', 'speechiness_very_high'})",1807,instrumentalness_medium|speechiness_very_high|tempo_very_high
0.02163418344733406,"frozenset({'instrumentalness_low', 'duration_ms_very_high', 'key_high'})",1806,duration_ms_very_high|instrumentalness_low|key_high
0.02163418344733406,"frozenset({'instrumentalness_low', 'liveness_very_low', 'mode_1', 'loudness_high'})",1806,instrumentalness_low|liveness_very_low|loudness_high|mode_1
0.02163418344733406,"frozenset({'instrumentalness_low', 'valence_very_low', 'duration_ms_high'})",1806,duration_ms_high|instrumentalness_low|valence_very_low
0.02163418344733406,"frozenset({'duration_ms_very_high', 'energy_high', 'loudness_low'})",1806,duration_ms_very_high|energy_high|loudness_low
0.02163418344733406,"frozenset({'key_low', 'valence_very_low', 'loudness_very_low'})",1806,key_low|loudness_very_low|valence_very_low
0.02163418344733406,"frozenset({'energy_high', 'duration_ms_very_high', 'tempo_high'})",1806,duration_ms_very_high|energy_high|tempo_high
0.02163418344733406,"frozenset({'danceability_high', 'key_very_low', 'tempo_low'})",1806,danceability_high|key_very_low|tempo_low
0.02163418344733406,"frozenset({'duration_ms_very_low', 'energy_very_low', 'valence_high'})",1806,duration_ms_very_low|energy_very_low|valence_high
0.021622204386731993,"frozenset({'loudness_very_high', 'liveness_very_high', 'valence_very_high'})",1805,liveness_very_high|loudness_very_high|valence_very_high
0.021622204386731993,"frozenset({'instrumentalness_low', 'danceability_very_high', 'energy_low', 'speechiness_very_high'})",1805,danceability_very_high|energy_low|instrumentalness_low|speechiness_very_high
0.021622204386731993,"frozenset({'instrumentalness_low', 'danceability_very_high', 'mode_1', 'tempo_high'})",1805,danceability_very_high|instrumentalness_low|mode_1|tempo_high
0.021622204386731993,"frozenset({'tempo_very_low', 'acousticness_very_high', 'key_very_high'})",1805,acousticness_very_high|key_very_high|tempo_very_low
0.021610225326129925,"frozenset({'valence_low', 'acousticness_very_low', 'loudness_high'})",1804,acousticness_very_low|loudness_high|valence_low
0.021610225326129925,"frozenset({'duration_ms_very_low', 'loudness_very_low', 'speechiness_high'})",1804,duration_ms_very_low|loudness_very_low|speechiness_high
0.021610225326129925,"frozenset({'liveness_high', 'key_very_low', 'speechiness_very_low'})",1804,key_very_low|liveness_high|speechiness_very_low
0.021610225326129925,"frozenset({'speechiness_very_low', 'energy_high', 'valence_very_high'})",1804,energy_high|speechiness_very_low|valence_very_high
0.021610225326129925,"frozenset({'mode_0', 'duration_ms_low', 'danceability_low'})",1804,danceability_low|duration_ms_low|mode_0
0.021610225326129925,"frozenset({'valence_low', 'liveness_high', 'instrumentalness_low', 'mode_1'})",1804,instrumentalness_low|liveness_high|mode_1|valence_low
0.021610225326129925,"frozenset({'speechiness_very_low', 'danceability_high', 'energy_very_low'})",1804,danceability_high|energy_very_low|speechiness_very_low
0.021610225326129925,"frozenset({'acousticness_very_high', 'loudness_very_low', 'valence_very_low', 'liveness_low', 'mode_1'})",1804,acousticness_very_high|liveness_low|loudness_very_low|mode_1|valence_very_low
0.021598246265527858,"frozenset({'key_low', 'mode_0', 'loudness_low'})",1803,key_low|loudness_low|mode_0
0.021598246265527858,"frozenset({'instrumentalness_low', 'danceability_very_high', 'valence_very_high', 'duration_ms_low'})",1803,danceability_very_high|duration_ms_low|instrumentalness_low|valence_very_high
0.021598246265527858,"frozenset({'energy_high', 'duration_ms_low', 'acousticness_high'})",1803,acousticness_high|duration_ms_low|energy_high
0.021598246265527858,"frozenset({'loudness_very_high', 'acousticness_very_low', 'tempo_high', 'energy_very_high'})",1803,acousticness_very_low|energy_very_high|loudness_very_high|tempo_high
0.021598246265527858,"frozenset({'duration_ms_very_low', 'danceability_very_high', 'valence_high'})",1803,danceability_very_high|duration_ms_very_low|valence_high
0.021598246265527858,"frozenset({'acousticness_very_high', 'loudness_very_low', 'liveness_low', 'instrumentalness_high', 'mode_1', 'energy_very_low'})",1803,acousticness_very_high|energy_very_low|instrumentalness_high|liveness_low|loudness_very_low|mode_1
0.02158626720492579,"frozenset({'danceability_high', 'acousticness_low', 'energy_very_high'})",1802,acousticness_low|danceability_high|energy_very_high
0.02158626720492579,"frozenset({'instrumentalness_low', 'speechiness_very_low', 'energy_very_low', 'loudness_low'})",1802,energy_very_low|instrumentalness_low|loudness_low|speechiness_very_low
0.02158626720492579,"frozenset({'speechiness_low', 'loudness_very_low', 'liveness_low', 'mode_1'})",1802,liveness_low|loudness_very_low|mode_1|speechiness_low
0.02158626720492579,"frozenset({'instrumentalness_low', 'energy_high', 'mode_1', 'speechiness_high'})",1802,energy_high|instrumentalness_low|mode_1|speechiness_high
0.021574288144323724,"frozenset({'valence_low', 'danceability_very_low', 'key_very_low'})",1801,danceability_very_low|key_very_low|valence_low
0.021574288144323724,"frozenset({'tempo_very_high', 'danceability_low', 'valence_high'})",1801,danceability_low|tempo_very_high|valence_high
0.021574288144323724,"frozenset({'energy_low', 'loudness_low', 'acousticness_very_high'})",1801,acousticness_very_high|energy_low|loudness_low
0.021574288144323724,"frozenset({'liveness_high', 'danceability_high', 'speechiness_very_low'})",1801,danceability_high|liveness_high|speechiness_very_low
0.021574288144323724,"frozenset({'instrumentalness_low', 'liveness_very_high', 'mode_1', 'speechiness_high'})",1801,instrumentalness_low|liveness_very_high|mode_1|speechiness_high
0.021562309083721653,"frozenset({'danceability_high', 'duration_ms_low', 'valence_high'})",1800,danceability_high|duration_ms_low|valence_high
0.021562309083721653,"frozenset({'liveness_low', 'acousticness_very_high', 'danceability_low'})",1800,acousticness_very_high|danceability_low|liveness_low
0.021562309083721653,"frozenset({'duration_ms_very_low', 'valence_very_low', 'tempo_very_low'})",1800,duration_ms_very_low|tempo_very_low|valence_very_low
0.021562309083721653,"frozenset({'speechiness_low', 'energy_high', 'duration_ms_very_high'})",1800,duration_ms_very_high|energy_high|speechiness_low
0.021562309083721653,"frozenset({'instrumentalness_low', 'danceability_very_high', 'mode_1', 'key_high'})",1800,danceability_very_high|instrumentalness_low|key_high|mode_1
0.021562309083721653,"frozenset({'danceability_high', 'key_very_low', 'loudness_high'})",1800,danceability_high|key_very_low|loudness_high
0.021550330023119586,"frozenset({'acousticness_low', 'speechiness_very_high', 'loudness_high'})",1799,acousticness_low|loudness_high|speechiness_very_high
0.021550330023119586,"frozenset({'duration_ms_very_low', 'danceability_very_high', 'liveness_low'})",1799,danceability_very_high|duration_ms_very_low|liveness_low
0.021550330023119586,"frozenset({'danceability_very_low', 'liveness_very_low', 'acousticness_very_high'})",1799,acousticness_very_high|danceability_very_low|liveness_very_low
0.021550330023119586,"frozenset({'valence_low', 'liveness_very_high', 'instrumentalness_low', 'mode_1'})",1799,instrumentalness_low|liveness_very_high|mode_1|valence_low
0.021550330023119586,"frozenset({'valence_low', 'acousticness_very_low', 'instrumentalness_low'})",1799,acousticness_very_low|instrumentalness_low|valence_low
0.021550330023119586,"frozenset({'key_low', 'mode_0', 'duration_ms_low'})",1799,duration_ms_low|key_low|mode_0
0.021550330023119586,"frozenset({'duration_ms_very_low', 'energy_very_low', 'mode_1', 'danceability_very_low'})",1799,danceability_very_low|duration_ms_very_low|energy_very_low|mode_1
0.021550330023119586,"frozenset({'speechiness_very_low', 'instrumentalness_medium', 'liveness_low'})",1799,instrumentalness_medium|liveness_low|speechiness_very_low
0.021550330023119586,"frozenset({'energy_high', 'key_very_low', 'acousticness_high'})",1799,acousticness_high|energy_high|key_very_low
0.021550330023119586,"frozenset({'valence_very_high', 'key_very_low', 'tempo_low'})",1799,key_very_low|tempo_low|valence_very_high
0.02153835096251752,"frozenset({'valence_very_high', 'acousticness_low', 'duration_ms_high'})",1798,acousticness_low|duration_ms_high|valence_very_high
0.02153835096251752,"frozenset({'instrumentalness_low', 'valence_very_low', 'mode_0'})",1798,instrumentalness_low|mode_0|valence_very_low
0.02153835096251752,"frozenset({'acousticness_high', 'loudness_low', 'duration_ms_high'})",1798,acousticness_high|duration_ms_high|loudness_low
0.02153835096251752,"frozenset({'key_low', 'mode_0', 'speechiness_low'})",1798,key_low|mode_0|speechiness_low
0.02153835096251752,"frozenset({'valence_very_low', 'energy_very_low', 'duration_ms_very_high', 'acousticness_very_high'})",1798,acousticness_very_high|duration_ms_very_high|energy_very_low|valence_very_low
0.02153835096251752,"frozenset({'instrumentalness_low', 'energy_very_high', 'loudness_high'})",1798,energy_very_high|instrumentalness_low|loudness_high
0.02153835096251752,"frozenset({'valence_low', 'duration_ms_very_high', 'danceability_low'})",1798,danceability_low|duration_ms_very_high|valence_low
0.02152637190191545,"frozenset({'mode_0', 'energy_high', 'key_high'})",1797,energy_high|key_high|mode_0
0.02152637190191545,"frozenset({'instrumentalness_low', 'energy_very_low', 'danceability_very_low', 'acousticness_very_high'})",1797,acousticness_very_high|danceability_very_low|energy_very_low|instrumentalness_low
0.02152637190191545,"frozenset({'energy_low', 'valence_high', 'loudness_high'})",1797,energy_low|loudness_high|valence_high
0.021514392841313384,"frozenset({'valence_very_low', 'mode_0', 'speechiness_very_low'})",1796,mode_0|speechiness_very_low|valence_very_low
0.021514392841313384,"frozenset({'loudness_very_high', 'energy_high', 'tempo_very_high'})",1796,energy_high|loudness_very_high|tempo_very_high
0.021514392841313384,"frozenset({'instrumentalness_low', 'liveness_very_low', 'energy_high', 'mode_1'})",1796,energy_high|instrumentalness_low|liveness_very_low|mode_1
0.021514392841313384,"frozenset({'speechiness_very_low', 'mode_1', 'acousticness_very_low'})",1796,acousticness_very_low|mode_1|speechiness_very_low
0.021514392841313384,"frozenset({'key_low', 'speechiness_very_low', 'energy_very_low'})",1796,energy_very_low|key_low|speechiness_very_low
0.021514392841313384,"frozenset({'speechiness_very_low', 'duration_ms_very_high', 'key_very_low'})",1796,duration_ms_very_high|key_very_low|speechiness_very_low
0.021514392841313384,"frozenset({'speechiness_very_low', 'instrumentalness_medium', 'key_very_low'})",1796,instrumentalness_medium|key_very_low|speechiness_very_low
0.021514392841313384,"frozenset({'danceability_high', 'loudness_low', 'key_very_low'})",1796,danceability_high|key_very_low|loudness_low
0.021502413780711317,"frozenset({'mode_0', 'speechiness_high', 'key_high'})",1795,key_high|mode_0|speechiness_high
0.021502413780711317,"frozenset({'valence_very_low', 'instrumentalness_medium', 'acousticness_very_low'})",1795,acousticness_very_low|instrumentalness_medium|valence_very_low
0.021502413780711317,"frozenset({'danceability_very_low', 'valence_very_low', 'instrumentalness_low', 'mode_1'})",1795,danceability_very_low|instrumentalness_low|mode_1|valence_very_low
0.021502413780711317,"frozenset({'danceability_very_low', 'tempo_very_low', 'energy_very_low', 'speechiness_low'})",1795,danceability_very_low|energy_very_low|speechiness_low|tempo_very_low
0.021502413780711317,"frozenset({'key_low', 'mode_0', 'tempo_very_high'})",1795,key_low|mode_0|tempo_very_high
0.021502413780711317,"frozenset({'danceability_very_low', 'energy_very_high', 'loudness_high'})",1795,danceability_very_low|energy_very_high|loudness_high
0.021502413780711317,"frozenset({'loudness_very_low', 'mode_0', 'liveness_low', 'energy_very_low'})",1795,energy_very_low|liveness_low|loudness_very_low|mode_0
0.02149043472010925,"frozenset({'duration_ms_very_low', 'energy_very_low', 'speechiness_high'})",1794,duration_ms_very_low|energy_very_low|speechiness_high
0.02149043472010925,"frozenset({'instrumentalness_low', 'duration_ms_low', 'mode_1', 'energy_very_high'})",1794,duration_ms_low|energy_very_high|instrumentalness_low|mode_1
0.02149043472010925,"frozenset({'danceability_very_low', 'speechiness_very_low', 'liveness_low'})",1794,danceability_very_low|liveness_low|speechiness_very_low
0.02149043472010925,"frozenset({'speechiness_low', 'acousticness_very_high', 'loudness_very_low', 'instrumentalness_high', 'mode_1'})",1794,acousticness_very_high|instrumentalness_high|loudness_very_low|mode_1|speechiness_low
0.021478455659507182,"frozenset({'duration_ms_high', 'acousticness_low', 'loudness_high'})",1793,acousticness_low|duration_ms_high|loudness_high
0.021478455659507182,"frozenset({'danceability_high', 'tempo_high', 'energy_very_high'})",1793,danceability_high|energy_very_high|tempo_high
0.021478455659507182,"frozenset({'energy_high', 'danceability_high', 'tempo_high'})",1793,danceability_high|energy_high|tempo_high
0.021478455659507182,"frozenset({'valence_very_high', 'duration_ms_low', 'loudness_high'})",1793,duration_ms_low|loudness_high|valence_very_high
0.021478455659507182,"frozenset({'key_very_low', 'danceability_high', 'tempo_high'})",1793,danceability_high|key_very_low|tempo_high
0.021478455659507182,"frozenset({'energy_high', 'danceability_high', 'duration_ms_high'})",1793,danceability_high|duration_ms_high|energy_high
0.021466476598905115,"frozenset({'danceability_very_low', 'liveness_very_high', 'tempo_very_low'})",1792,danceability_very_low|liveness_very_high|tempo_very_low
0.021466476598905115,"frozenset({'danceability_high', 'acousticness_low', 'tempo_high'})",1792,acousticness_low|danceability_high|tempo_high
0.021466476598905115,"frozenset({'valence_very_low', 'danceability_low', 'speechiness_very_low'})",1792,danceability_low|speechiness_very_low|valence_very_low
0.021466476598905115,"frozenset({'duration_ms_very_low', 'acousticness_very_high', 'loudness_very_low', 'instrumentalness_high', 'mode_1'})",1792,acousticness_very_high|duration_ms_very_low|instrumentalness_high|loudness_very_low|mode_1
0.021454497538303047,"frozenset({'valence_low', 'loudness_very_high', 'danceability_low'})",1791,danceability_low|loudness_very_high|valence_low
0.021454497538303047,"frozenset({'mode_0', 'loudness_very_low', 'speechiness_high'})",1791,loudness_very_low|mode_0|speechiness_high
0.021454497538303047,"frozenset({'liveness_very_high', 'speechiness_very_high', 'key_very_high'})",1791,key_very_high|liveness_very_high|speechiness_very_high
0.021454497538303047,"frozenset({'danceability_very_high', 'loudness_low', 'speechiness_high'})",1791,danceability_very_high|loudness_low|speechiness_high
0.021454497538303047,"frozenset({'acousticness_very_low', 'speechiness_very_high', 'danceability_very_low', 'mode_1', 'energy_very_high'})",1791,acousticness_very_low|danceability_very_low|energy_very_high|mode_1|speechiness_very_high
0.02144251847770098,"frozenset({'danceability_very_high', 'duration_ms_very_high', 'speechiness_high'})",1790,danceability_very_high|duration_ms_very_high|speechiness_high
0.02144251847770098,"frozenset({'key_low', 'tempo_very_low', 'energy_very_low'})",1790,energy_very_low|key_low|tempo_very_low
0.02144251847770098,"frozenset({'energy_high', 'danceability_high', 'tempo_low'})",1790,danceability_high|energy_high|tempo_low
0.02144251847770098,"frozenset({'liveness_very_low', 'loudness_very_high', 'energy_high'})",1790,energy_high|liveness_very_low|loudness_very_high
0.02144251847770098,"frozenset({'liveness_high', 'loudness_very_high', 'duration_ms_low'})",1790,duration_ms_low|liveness_high|loudness_very_high
0.02144251847770098,"frozenset({'danceability_very_low', 'loudness_very_low', 'key_high'})",1790,danceability_very_low|key_high|loudness_very_low
0.02144251847770098,"frozenset({'instrumentalness_low', 'liveness_high', 'duration_ms_very_high'})",1790,duration_ms_very_high|instrumentalness_low|liveness_high
0.02144251847770098,"frozenset({'danceability_very_low', 'acousticness_very_low', 'key_high'})",1790,acousticness_very_low|danceability_very_low|key_high
0.02143053941709891,"frozenset({'instrumentalness_low', 'liveness_low', 'speechiness_high'})",1789,instrumentalness_low|liveness_low|speechiness_high
0.02143053941709891,"frozenset({'acousticness_very_low', 'tempo_high', 'key_very_high'})",1789,acousticness_very_low|key_very_high|tempo_high
0.02143053941709891,"frozenset({'danceability_very_high', 'tempo_very_low', 'valence_very_high'})",1789,danceability_very_high|tempo_very_low|valence_very_high
0.02143053941709891,"frozenset({'acousticness_very_high', 'loudness_very_low', 'danceability_very_low', 'mode_0', 'energy_very_low'})",1789,acousticness_very_high|danceability_very_low|energy_very_low|loudness_very_low|mode_0
0.02143053941709891,"frozenset({'energy_very_low', 'key_very_low', 'tempo_low'})",1789,energy_very_low|key_very_low|tempo_low
0.021418560356496842,"frozenset({'liveness_high', 'energy_high', 'danceability_high'})",1788,danceability_high|energy_high|liveness_high
0.021418560356496842,"frozenset({'instrumentalness_medium', 'key_very_low', 'tempo_low'})",1788,instrumentalness_medium|key_very_low|tempo_low
0.021418560356496842,"frozenset({'mode_0', 'tempo_very_low', 'danceability_very_high'})",1788,danceability_very_high|mode_0|tempo_very_low
0.021418560356496842,"frozenset({'acousticness_low', 'duration_ms_low', 'valence_high'})",1788,acousticness_low|duration_ms_low|valence_high
0.021418560356496842,"frozenset({'danceability_very_low', 'speechiness_very_low', 'duration_ms_very_high'})",1788,danceability_very_low|duration_ms_very_high|speechiness_very_low
0.021406581295894775,"frozenset({'danceability_very_low', 'tempo_very_high', 'speechiness_low'})",1787,danceability_very_low|speechiness_low|tempo_very_high
0.021406581295894775,"frozenset({'valence_low', 'speechiness_high', 'energy_very_high'})",1787,energy_very_high|speechiness_high|valence_low
0.021406581295894775,"frozenset({'energy_high', 'liveness_very_high', 'key_very_low'})",1787,energy_high|key_very_low|liveness_very_high
0.021406581295894775,"frozenset({'key_very_high', 'danceability_very_high', 'tempo_low'})",1787,danceability_very_high|key_very_high|tempo_low
0.021406581295894775,"frozenset({'key_low', 'mode_0', 'liveness_low'})",1787,key_low|liveness_low|mode_0
0.021406581295894775,"frozenset({'liveness_very_low', 'acousticness_very_low', 'key_very_low'})",1787,acousticness_very_low|key_very_low|liveness_very_low
0.021406581295894775,"frozenset({'instrumentalness_low', 'energy_low', 'duration_ms_very_high', 'mode_1'})",1787,duration_ms_very_high|energy_low|instrumentalness_low|mode_1
0.021406581295894775,"frozenset({'speechiness_low', 'liveness_low', 'acousticness_very_high', 'mode_1'})",1787,acousticness_very_high|liveness_low|mode_1|speechiness_low
0.021394602235292708,"frozenset({'instrumentalness_low', 'loudness_very_low', 'liveness_low'})",1786,instrumentalness_low|liveness_low|loudness_very_low
0.021394602235292708,"frozenset({'duration_ms_very_low', 'danceability_very_high', 'energy_very_low'})",1786,danceability_very_high|duration_ms_very_low|energy_very_low
0.021394602235292708,"frozenset({'duration_ms_very_low', 'danceability_very_high', 'instrumentalness_low', 'speechiness_very_high'})",1786,danceability_very_high|duration_ms_very_low|instrumentalness_low|speechiness_very_high
0.02138262317469064,"frozenset({'liveness_high', 'acousticness_very_high', 'speechiness_very_low'})",1785,acousticness_very_high|liveness_high|speechiness_very_low
0.02138262317469064,"frozenset({'duration_ms_very_low', 'valence_very_high', 'tempo_low'})",1785,duration_ms_very_low|tempo_low|valence_very_high
0.02138262317469064,"frozenset({'tempo_very_high', 'speechiness_high', 'key_very_low'})",1785,key_very_low|speechiness_high|tempo_very_high
0.021370644114088573,"frozenset({'mode_0', 'tempo_very_low', 'duration_ms_high'})",1784,duration_ms_high|mode_0|tempo_very_low
0.021370644114088573,"frozenset({'duration_ms_very_low', 'mode_0', 'tempo_low'})",1784,duration_ms_very_low|mode_0|tempo_low
0.021370644114088573,"frozenset({'liveness_very_high', 'danceability_high', 'energy_very_high'})",1784,danceability_high|energy_very_high|liveness_very_high
0.021370644114088573,"frozenset({'danceability_very_low', 'loudness_very_high', 'tempo_very_high', 'acousticness_very_low'})",1784,acousticness_very_low|danceability_very_low|loudness_very_high|tempo_very_high
0.021370644114088573,"frozenset({'tempo_very_high', 'duration_ms_low', 'danceability_low'})",1784,danceability_low|duration_ms_low|tempo_very_high
0.021370644114088573,"frozenset({'energy_low', 'liveness_low', 'key_very_low'})",1784,energy_low|key_very_low|liveness_low
0.021370644114088573,"frozenset({'acousticness_very_low', 'speechiness_high', 'key_very_high'})",1784,acousticness_very_low|key_very_high|speechiness_high
0.021370644114088573,"frozenset({'liveness_very_low', 'instrumentalness_medium', 'acousticness_very_low'})",1784,acousticness_very_low|instrumentalness_medium|liveness_very_low
0.021370644114088573,"frozenset({'mode_0', 'tempo_very_high', 'acousticness_very_low', 'energy_very_high'})",1784,acousticness_very_low|energy_very_high|mode_0|tempo_very_high
0.021370644114088573,"frozenset({'duration_ms_very_low', 'liveness_very_low', 'danceability_very_high'})",1784,danceability_very_high|duration_ms_very_low|liveness_very_low
0.021370644114088573,"frozenset({'speechiness_very_low', 'energy_very_low', 'key_very_high'})",1784,energy_very_low|key_very_high|speechiness_very_low
0.021358665053486506,"frozenset({'instrumentalness_low', 'energy_low', 'danceability_very_low'})",1783,danceability_very_low|energy_low|instrumentalness_low
0.021358665053486506,"frozenset({'liveness_low', 'loudness_very_low', 'tempo_low'})",1783,liveness_low|loudness_very_low|tempo_low
0.021358665053486506,"frozenset({'key_very_low', 'tempo_high', 'energy_very_high'})",1783,energy_very_high|key_very_low|tempo_high
0.021358665053486506,"frozenset({'danceability_very_low', 'mode_0', 'key_very_low'})",1783,danceability_very_low|key_very_low|mode_0
0.02134668599288444,"frozenset({'mode_0', 'speechiness_very_high', 'tempo_high'})",1782,mode_0|speechiness_very_high|tempo_high
0.02134668599288444,"frozenset({'instrumentalness_low', 'liveness_very_low', 'mode_1', 'duration_ms_high'})",1782,duration_ms_high|instrumentalness_low|liveness_very_low|mode_1
0.02134668599288444,"frozenset({'duration_ms_low', 'valence_high', 'loudness_high'})",1782,duration_ms_low|loudness_high|valence_high
0.02134668599288444,"frozenset({'liveness_very_low', 'loudness_very_high', 'instrumentalness_low', 'mode_1'})",1782,instrumentalness_low|liveness_very_low|loudness_very_high|mode_1
0.02134668599288444,"frozenset({'instrumentalness_low', 'danceability_very_high', 'energy_low', 'acousticness_high'})",1782,acousticness_high|danceability_very_high|energy_low|instrumentalness_low
0.02134668599288444,"frozenset({'danceability_very_high', 'energy_low', 'key_high'})",1782,danceability_very_high|energy_low|key_high
0.02134668599288444,"frozenset({'tempo_very_high', 'mode_1', 'key_very_low', 'energy_very_high'})",1782,energy_very_high|key_very_low|mode_1|tempo_very_high
0.02134668599288444,"frozenset({'liveness_very_low', 'mode_0', 'tempo_very_low'})",1782,liveness_very_low|mode_0|tempo_very_low
0.02133470693228237,"frozenset({'danceability_very_low', 'acousticness_very_low', 'speechiness_high', 'energy_very_high'})",1781,acousticness_very_low|danceability_very_low|energy_very_high|speechiness_high
0.02133470693228237,"frozenset({'instrumentalness_low', 'energy_low', 'key_very_low', 'acousticness_high'})",1781,acousticness_high|energy_low|instrumentalness_low|key_very_low
0.02133470693228237,"frozenset({'energy_low', 'danceability_high', 'valence_high'})",1781,danceability_high|energy_low|valence_high
0.02133470693228237,"frozenset({'loudness_very_high', 'danceability_high', 'mode_1', 'energy_very_high'})",1781,danceability_high|energy_very_high|loudness_very_high|mode_1
0.02133470693228237,"frozenset({'liveness_very_high', 'speechiness_high', 'key_very_low'})",1781,key_very_low|liveness_very_high|speechiness_high
0.02133470693228237,"frozenset({'speechiness_very_low', 'instrumentalness_medium', 'loudness_very_low'})",1781,instrumentalness_medium|loudness_very_low|speechiness_very_low
0.02133470693228237,"frozenset({'speechiness_low', 'duration_ms_very_high', 'tempo_high'})",1781,duration_ms_very_high|speechiness_low|tempo_high
0.02133470693228237,"frozenset({'instrumentalness_low', 'danceability_very_high', 'energy_high', 'acousticness_low'})",1781,acousticness_low|danceability_very_high|energy_high|instrumentalness_low
0.021322727871680304,"frozenset({'loudness_low', 'key_very_low', 'tempo_low'})",1780,key_very_low|loudness_low|tempo_low
0.021322727871680304,"frozenset({'liveness_high', 'speechiness_very_low', 'acousticness_high'})",1780,acousticness_high|liveness_high|speechiness_very_low
0.021322727871680304,"frozenset({'key_very_low', 'liveness_very_low', 'tempo_high'})",1780,key_very_low|liveness_very_low|tempo_high
0.021310748811078237,"frozenset({'acousticness_very_low', 'liveness_very_high', 'tempo_high'})",1779,acousticness_very_low|liveness_very_high|tempo_high
0.021310748811078237,"frozenset({'acousticness_very_low', 'duration_ms_very_high', 'key_very_high'})",1779,acousticness_very_low|duration_ms_very_high|key_very_high
0.021310748811078237,"frozenset({'liveness_very_low', 'instrumentalness_medium', 'danceability_very_high'})",1779,danceability_very_high|instrumentalness_medium|liveness_very_low
0.021310748811078237,"frozenset({'instrumentalness_high', 'energy_very_low', 'speechiness_high'})",1779,energy_very_low|instrumentalness_high|speechiness_high
0.021310748811078237,"frozenset({'duration_ms_low', 'speechiness_very_high', 'key_very_low'})",1779,duration_ms_low|key_very_low|speechiness_very_high
0.021298769750476166,"frozenset({'duration_ms_very_low', 'speechiness_very_high', 'acousticness_high'})",1778,acousticness_high|duration_ms_very_low|speechiness_very_high
0.021298769750476166,"frozenset({'key_low', 'mode_0', 'tempo_very_low'})",1778,key_low|mode_0|tempo_very_low
0.021298769750476166,"frozenset({'danceability_very_high', 'loudness_low', 'valence_high'})",1778,danceability_very_high|loudness_low|valence_high
0.021298769750476166,"frozenset({'energy_high', 'valence_high', 'acousticness_high'})",1778,acousticness_high|energy_high|valence_high
0.021298769750476166,"frozenset({'key_very_low', 'energy_high', 'tempo_high'})",1778,energy_high|key_very_low|tempo_high
0.021298769750476166,"frozenset({'key_low', 'instrumentalness_low', 'speechiness_high'})",1778,instrumentalness_low|key_low|speechiness_high
0.021298769750476166,"frozenset({'valence_very_low', 'mode_0', 'instrumentalness_high', 'energy_very_low'})",1778,energy_very_low|instrumentalness_high|mode_0|valence_very_low
0.021298769750476166,"frozenset({'tempo_very_high', 'key_very_low', 'loudness_high'})",1778,key_very_low|loudness_high|tempo_very_high
0.021298769750476166,"frozenset({'instrumentalness_low', 'mode_0', 'acousticness_low', 'speechiness_very_high'})",1778,acousticness_low|instrumentalness_low|mode_0|speechiness_very_high
0.0212867906898741,"frozenset({'acousticness_very_low', 'tempo_very_low', 'mode_1'})",1777,acousticness_very_low|mode_1|tempo_very_low
0.0212867906898741,"frozenset({'key_low', 'speechiness_very_low', 'instrumentalness_low', 'mode_1'})",1777,instrumentalness_low|key_low|mode_1|speechiness_very_low
0.0212867906898741,"frozenset({'liveness_very_high', 'key_very_low', 'loudness_high'})",1777,key_very_low|liveness_very_high|loudness_high
0.0212867906898741,"frozenset({'valence_very_low', 'danceability_high', 'mode_1'})",1777,danceability_high|mode_1|valence_very_low
0.0212867906898741,"frozenset({'loudness_very_low', 'liveness_low', 'mode_1', 'key_very_low'})",1777,key_very_low|liveness_low|loudness_very_low|mode_1
0.0212867906898741,"frozenset({'acousticness_very_high', 'tempo_very_low', 'liveness_low', 'mode_1', 'energy_very_low'})",1777,acousticness_very_high|energy_very_low|liveness_low|mode_1|tempo_very_low
0.0212867906898741,"frozenset({'acousticness_very_low', 'key_very_low', 'mode_1', 'energy_very_high', 'loudness_very_high'})",1777,acousticness_very_low|energy_very_high|key_very_low|loudness_very_high|mode_1
0.0212867906898741,"frozenset({'speechiness_very_low', 'instrumentalness_medium', 'danceability_high'})",1777,danceability_high|instrumentalness_medium|speechiness_very_low
0.0212867906898741,"frozenset({'instrumentalness_low', 'duration_ms_very_high', 'mode_1', 'key_very_low'})",1777,duration_ms_very_high|instrumentalness_low|key_very_low|mode_1
0.0212867906898741,"frozenset({'acousticness_very_low', 'key_very_low', 'duration_ms_high'})",1777,acousticness_very_low|duration_ms_high|key_very_low
0.0212867906898741,"frozenset({'valence_low', 'mode_0', 'energy_high'})",1777,energy_high|mode_0|valence_low
0.02127481162927203,"frozenset({'speechiness_very_high', 'key_very_low', 'valence_high'})",1776,key_very_low|speechiness_very_high|valence_high
0.02127481162927203,"frozenset({'acousticness_very_low', 'instrumentalness_medium', 'key_high'})",1776,acousticness_very_low|instrumentalness_medium|key_high
0.02127481162927203,"frozenset({'instrumentalness_low', 'loudness_low', 'mode_1', 'key_high'})",1776,instrumentalness_low|key_high|loudness_low|mode_1
0.02127481162927203,"frozenset({'mode_0', 'instrumentalness_high', 'tempo_very_high'})",1776,instrumentalness_high|mode_0|tempo_very_high
0.021262832568669964,"frozenset({'valence_low', 'key_very_low', 'duration_ms_high'})",1775,duration_ms_high|key_very_low|valence_low
0.021262832568669964,"frozenset({'instrumentalness_low', 'mode_0', 'acousticness_low', 'danceability_very_high'})",1775,acousticness_low|danceability_very_high|instrumentalness_low|mode_0
0.021262832568669964,"frozenset({'liveness_very_low', 'key_very_low', 'tempo_low'})",1775,key_very_low|liveness_very_low|tempo_low
0.021262832568669964,"frozenset({'danceability_very_low', 'mode_0', 'liveness_low'})",1775,danceability_very_low|liveness_low|mode_0
0.021262832568669964,"frozenset({'danceability_very_high', 'liveness_low', 'acousticness_high'})",1775,acousticness_high|danceability_very_high|liveness_low
0.021262832568669964,"frozenset({'instrumentalness_low', 'liveness_low', 'duration_ms_low', 'mode_1'})",1775,duration_ms_low|instrumentalness_low|liveness_low|mode_1
0.021262832568669964,"frozenset({'mode_0', 'valence_very_high', 'tempo_very_high'})",1775,mode_0|tempo_very_high|valence_very_high
0.021262832568669964,"frozenset({'mode_0', 'key_very_low', 'acousticness_high'})",1775,acousticness_high|key_very_low|mode_0
0.021250853508067897,"frozenset({'mode_0', 'liveness_low', 'speechiness_very_high'})",1774,liveness_low|mode_0|speechiness_very_high
0.021250853508067897,"frozenset({'duration_ms_very_low', 'key_very_low', 'tempo_low'})",1774,duration_ms_very_low|key_very_low|tempo_low
0.021250853508067897,"frozenset({'instrumentalness_low', 'mode_0', 'speechiness_very_high', 'acousticness_high'})",1774,acousticness_high|instrumentalness_low|mode_0|speechiness_very_high
0.021250853508067897,"frozenset({'key_very_low', 'tempo_high', 'speechiness_low'})",1774,key_very_low|speechiness_low|tempo_high
0.021250853508067897,"frozenset({'instrumentalness_low', 'mode_0', 'valence_very_high', 'acousticness_high'})",1774,acousticness_high|instrumentalness_low|mode_0|valence_very_high
0.021250853508067897,"frozenset({'tempo_very_high', 'energy_high', 'acousticness_low'})",1774,acousticness_low|energy_high|tempo_very_high
0.021250853508067897,"frozenset({'valence_low', 'energy_low', 'liveness_low'})",1774,energy_low|liveness_low|valence_low
0.021250853508067897,"frozenset({'liveness_very_low', 'speechiness_high', 'energy_very_high'})",1774,energy_very_high|liveness_very_low|speechiness_high
0.021250853508067897,"frozenset({'mode_0', 'energy_low', 'speechiness_high'})",1774,energy_low|mode_0|speechiness_high
0.02123887444746583,"frozenset({'mode_0', 'energy_high', 'danceability_low'})",1773,danceability_low|energy_high|mode_0
0.02123887444746583,"frozenset({'energy_high', 'duration_ms_low', 'key_very_low'})",1773,duration_ms_low|energy_high|key_very_low
0.02123887444746583,"frozenset({'danceability_very_low', 'liveness_low', 'key_very_low'})",1773,danceability_very_low|key_very_low|liveness_low
0.02123887444746583,"frozenset({'valence_low', 'tempo_very_high', 'speechiness_very_high'})",1773,speechiness_very_high|tempo_very_high|valence_low
0.02123887444746583,"frozenset({'acousticness_very_low', 'tempo_very_high', 'key_high'})",1773,acousticness_very_low|key_high|tempo_very_high
0.021226895386863762,"frozenset({'tempo_very_low', 'key_very_low', 'acousticness_high'})",1772,acousticness_high|key_very_low|tempo_very_low
0.021226895386863762,"frozenset({'mode_0', 'tempo_very_low', 'loudness_high'})",1772,loudness_high|mode_0|tempo_very_low
0.021226895386863762,"frozenset({'valence_very_low', 'duration_ms_very_high', 'key_very_high'})",1772,duration_ms_very_high|key_very_high|valence_very_low
0.021226895386863762,"frozenset({'liveness_very_low', 'energy_high', 'acousticness_very_low'})",1772,acousticness_very_low|energy_high|liveness_very_low
0.021226895386863762,"frozenset({'instrumentalness_low', 'danceability_very_low', 'acousticness_high'})",1772,acousticness_high|danceability_very_low|instrumentalness_low
0.021226895386863762,"frozenset({'valence_low', 'liveness_low', 'danceability_low'})",1772,danceability_low|liveness_low|valence_low
0.021226895386863762,"frozenset({'instrumentalness_low', 'valence_very_low', 'acousticness_very_high'})",1772,acousticness_very_high|instrumentalness_low|valence_very_low
0.021226895386863762,"frozenset({'instrumentalness_low', 'acousticness_low', 'mode_1', 'speechiness_high'})",1772,acousticness_low|instrumentalness_low|mode_1|speechiness_high
0.021226895386863762,"frozenset({'key_very_low', 'tempo_low', 'acousticness_high'})",1772,acousticness_high|key_very_low|tempo_low
0.021226895386863762,"frozenset({'speechiness_very_low', 'energy_very_low', 'duration_ms_low'})",1772,duration_ms_low|energy_very_low|speechiness_very_low
0.021226895386863762,"frozenset({'key_low', 'energy_low', 'loudness_low'})",1772,energy_low|key_low|loudness_low
0.021226895386863762,"frozenset({'energy_low', 'danceability_high', 'key_very_low'})",1772,danceability_high|energy_low|key_very_low
0.021214916326261695,"frozenset({'valence_low', 'energy_high', 'loudness_high'})",1771,energy_high|loudness_high|valence_low
0.021214916326261695,"frozenset({'valence_low', 'speechiness_very_low', 'acousticness_very_high', 'mode_1'})",1771,acousticness_very_high|mode_1|speechiness_very_low|valence_low
0.021214916326261695,"frozenset({'speechiness_low', 'acousticness_very_high', 'loudness_very_low', 'valence_very_low', 'mode_1'})",1771,acousticness_very_high|loudness_very_low|mode_1|speechiness_low|valence_very_low
0.021214916326261695,"frozenset({'danceability_very_high', 'duration_ms_low', 'loudness_high'})",1771,danceability_very_high|duration_ms_low|loudness_high
0.021214916326261695,"frozenset({'danceability_very_high', 'duration_ms_low', 'tempo_high'})",1771,danceability_very_high|duration_ms_low|tempo_high
0.021214916326261695,"frozenset({'tempo_very_low', 'energy_very_low', 'key_very_high'})",1771,energy_very_low|key_very_high|tempo_very_low
0.021214916326261695,"frozenset({'instrumentalness_high', 'duration_ms_very_high', 'mode_1', 'key_very_low'})",1771,duration_ms_very_high|instrumentalness_high|key_very_low|mode_1
0.021214916326261695,"frozenset({'danceability_very_high', 'liveness_very_high', 'valence_very_high'})",1771,danceability_very_high|liveness_very_high|valence_very_high
0.021202937265659628,"frozenset({'duration_ms_very_low', 'loudness_very_low', 'acousticness_very_high', 'speechiness_low'})",1770,acousticness_very_high|duration_ms_very_low|loudness_very_low|speechiness_low
0.021202937265659628,"frozenset({'valence_low', 'tempo_very_high', 'danceability_low'})",1770,danceability_low|tempo_very_high|valence_low
0.021202937265659628,"frozenset({'speechiness_low', 'valence_very_high', 'acousticness_high'})",1770,acousticness_high|speechiness_low|valence_very_high
0.021202937265659628,"frozenset({'loudness_very_high', 'liveness_very_high', 'tempo_high'})",1770,liveness_very_high|loudness_very_high|tempo_high
0.021202937265659628,"frozenset({'duration_ms_very_low', 'valence_very_high', 'speechiness_high'})",1770,duration_ms_very_low|speechiness_high|valence_very_high
0.02119095820505756,"frozenset({'danceability_very_high', 'valence_very_high', 'mode_1', 'tempo_high'})",1769,danceability_very_high|mode_1|tempo_high|valence_very_high
0.02119095820505756,"frozenset({'instrumentalness_low', 'mode_1', 'valence_high', 'energy_very_high'})",1769,energy_very_high|instrumentalness_low|mode_1|valence_high
0.02119095820505756,"frozenset({'energy_high', 'valence_very_high', 'mode_1', 'key_very_low'})",1769,energy_high|key_very_low|mode_1|valence_very_high
0.02119095820505756,"frozenset({'duration_ms_very_low', 'energy_low', 'speechiness_very_high'})",1769,duration_ms_very_low|energy_low|speechiness_very_high
0.02119095820505756,"frozenset({'valence_low', 'liveness_very_low', 'mode_0'})",1769,liveness_very_low|mode_0|valence_low
0.021178979144455493,"frozenset({'speechiness_very_low', 'energy_low', 'valence_high'})",1768,energy_low|speechiness_very_low|valence_high
0.021178979144455493,"frozenset({'liveness_high', 'loudness_low', 'acousticness_high'})",1768,acousticness_high|liveness_high|loudness_low
0.021178979144455493,"frozenset({'valence_low', 'mode_0', 'tempo_low'})",1768,mode_0|tempo_low|valence_low
0.021178979144455493,"frozenset({'danceability_very_high', 'valence_very_high', 'energy_very_high'})",1768,danceability_very_high|energy_very_high|valence_very_high
0.021178979144455493,"frozenset({'instrumentalness_low', 'tempo_very_low', 'liveness_low', 'mode_1'})",1768,instrumentalness_low|liveness_low|mode_1|tempo_very_low
0.021178979144455493,"frozenset({'valence_low', 'tempo_very_low', 'danceability_low'})",1768,danceability_low|tempo_very_low|valence_low
0.021178979144455493,"frozenset({'energy_low', 'loudness_low', 'liveness_very_high'})",1768,energy_low|liveness_very_high|loudness_low
0.021178979144455493,"frozenset({'valence_very_low', 'loudness_very_low', 'duration_ms_very_high', 'mode_1'})",1768,duration_ms_very_high|loudness_very_low|mode_1|valence_very_low
0.021178979144455493,"frozenset({'danceability_very_high', 'key_high', 'tempo_high'})",1768,danceability_very_high|key_high|tempo_high
0.021178979144455493,"frozenset({'liveness_very_high', 'duration_ms_very_high', 'energy_very_high'})",1768,duration_ms_very_high|energy_very_high|liveness_very_high
0.021167000083853423,"frozenset({'loudness_very_low', 'danceability_very_low', 'valence_very_low', 'tempo_very_low', 'mode_1', 'energy_very_low'})",1767,danceability_very_low|energy_very_low|loudness_very_low|mode_1|tempo_very_low|valence_very_low
0.021167000083853423,"frozenset({'liveness_very_low', 'instrumentalness_high', 'acousticness_very_high'})",1767,acousticness_very_high|instrumentalness_high|liveness_very_low
0.021167000083853423,"frozenset({'danceability_very_low', 'instrumentalness_high', 'key_very_high'})",1767,danceability_very_low|instrumentalness_high|key_very_high
0.021167000083853423,"frozenset({'speechiness_very_low', 'energy_very_low', 'key_high'})",1767,energy_very_low|key_high|speechiness_very_low
0.021155021023251355,"frozenset({'valence_low', 'loudness_low', 'key_very_low'})",1766,key_very_low|loudness_low|valence_low
0.021155021023251355,"frozenset({'speechiness_low', 'liveness_very_low', 'duration_ms_very_high'})",1766,duration_ms_very_high|liveness_very_low|speechiness_low
0.021155021023251355,"frozenset({'valence_very_low', 'tempo_very_high', 'duration_ms_very_high'})",1766,duration_ms_very_high|tempo_very_high|valence_very_low
0.021155021023251355,"frozenset({'speechiness_low', 'tempo_very_low', 'acousticness_very_high', 'mode_1'})",1766,acousticness_very_high|mode_1|speechiness_low|tempo_very_low
0.021155021023251355,"frozenset({'danceability_very_low', 'energy_very_low', 'key_very_high'})",1766,danceability_very_low|energy_very_low|key_very_high
0.021155021023251355,"frozenset({'loudness_low', 'valence_high', 'acousticness_high'})",1766,acousticness_high|loudness_low|valence_high
0.021155021023251355,"frozenset({'acousticness_very_low', 'danceability_low', 'loudness_high'})",1766,acousticness_very_low|danceability_low|loudness_high
0.021143041962649288,"frozenset({'duration_ms_very_low', 'valence_very_low', 'instrumentalness_high', 'mode_1'})",1765,duration_ms_very_low|instrumentalness_high|mode_1|valence_very_low
0.021143041962649288,"frozenset({'danceability_very_high', 'liveness_low', 'acousticness_low'})",1765,acousticness_low|danceability_very_high|liveness_low
0.021143041962649288,"frozenset({'energy_low', 'duration_ms_low', 'loudness_high'})",1765,duration_ms_low|energy_low|loudness_high
0.021143041962649288,"frozenset({'tempo_very_high', 'duration_ms_low', 'key_very_low'})",1765,duration_ms_low|key_very_low|tempo_very_high
0.02113106290204722,"frozenset({'duration_ms_very_low', 'instrumentalness_low', 'mode_1', 'loudness_high'})",1764,duration_ms_very_low|instrumentalness_low|loudness_high|mode_1
0.02113106290204722,"frozenset({'loudness_very_high', 'mode_0', 'tempo_low'})",1764,loudness_very_high|mode_0|tempo_low
0.021119083841445153,"frozenset({'speechiness_low', 'acousticness_very_low', 'duration_ms_very_high'})",1763,acousticness_very_low|duration_ms_very_high|speechiness_low
0.021119083841445153,"frozenset({'acousticness_very_low', 'instrumentalness_medium', 'valence_high'})",1763,acousticness_very_low|instrumentalness_medium|valence_high
0.021119083841445153,"frozenset({'instrumentalness_low', 'danceability_very_low', 'key_high'})",1763,danceability_very_low|instrumentalness_low|key_high
0.021119083841445153,"frozenset({'speechiness_very_low', 'instrumentalness_medium', 'danceability_low'})",1763,danceability_low|instrumentalness_medium|speechiness_very_low
0.021119083841445153,"frozenset({'mode_0', 'energy_high', 'tempo_very_low'})",1763,energy_high|mode_0|tempo_very_low
0.021107104780843086,"frozenset({'instrumentalness_low', 'duration_ms_very_high', 'tempo_high'})",1762,duration_ms_very_high|instrumentalness_low|tempo_high
0.021107104780843086,"frozenset({'valence_low', 'liveness_very_high', 'speechiness_very_high'})",1762,liveness_very_high|speechiness_very_high|valence_low
0.021107104780843086,"frozenset({'energy_high', 'tempo_very_low', 'loudness_high'})",1762,energy_high|loudness_high|tempo_very_low
0.021107104780843086,"frozenset({'duration_ms_very_low', 'acousticness_very_high', 'instrumentalness_high', 'mode_1', 'energy_very_low'})",1762,acousticness_very_high|duration_ms_very_low|energy_very_low|instrumentalness_high|mode_1
0.02109512572024102,"frozenset({'acousticness_very_high', 'danceability_low', 'key_very_low'})",1761,acousticness_very_high|danceability_low|key_very_low
0.02109512572024102,"frozenset({'key_very_low', 'energy_very_high', 'duration_ms_high'})",1761,duration_ms_high|energy_very_high|key_very_low
0.02109512572024102,"frozenset({'speechiness_low', 'acousticness_very_high', 'instrumentalness_high', 'mode_1', 'energy_very_low'})",1761,acousticness_very_high|energy_very_low|instrumentalness_high|mode_1|speechiness_low
0.02109512572024102,"frozenset({'mode_0', 'tempo_very_low', 'key_very_low'})",1761,key_very_low|mode_0|tempo_very_low
0.02109512572024102,"frozenset({'danceability_very_high', 'key_very_low', 'valence_high'})",1761,danceability_very_high|key_very_low|valence_high
0.02109512572024102,"frozenset({'valence_very_high', 'duration_ms_low', 'key_very_low'})",1761,duration_ms_low|key_very_low|valence_very_high
0.02109512572024102,"frozenset({'acousticness_very_high', 'danceability_very_low', 'valence_very_low', 'tempo_very_low', 'instrumentalness_high'})",1761,acousticness_very_high|danceability_very_low|instrumentalness_high|tempo_very_low|valence_very_low
0.02109512572024102,"frozenset({'instrumentalness_low', 'loudness_very_high', 'energy_high', 'duration_ms_low'})",1761,duration_ms_low|energy_high|instrumentalness_low|loudness_very_high
0.02109512572024102,"frozenset({'duration_ms_very_low', 'acousticness_very_high', 'mode_1', 'danceability_very_low'})",1761,acousticness_very_high|danceability_very_low|duration_ms_very_low|mode_1
0.02109512572024102,"frozenset({'instrumentalness_low', 'liveness_very_high', 'mode_1', 'danceability_very_low'})",1761,danceability_very_low|instrumentalness_low|liveness_very_high|mode_1
0.02109512572024102,"frozenset({'loudness_very_high', 'instrumentalness_medium', 'speechiness_very_high', 'energy_very_high'})",1761,energy_very_high|instrumentalness_medium|loudness_very_high|speechiness_very_high
0.02109512572024102,"frozenset({'instrumentalness_high', 'energy_very_low', 'mode_1', 'key_very_low'})",1761,energy_very_low|instrumentalness_high|key_very_low|mode_1
0.02109512572024102,"frozenset({'danceability_very_high', 'key_very_low', 'loudness_high'})",1761,danceability_very_high|key_very_low|loudness_high
0.02108314665963895,"frozenset({'liveness_very_low', 'loudness_very_low', 'duration_ms_very_high'})",1760,duration_ms_very_high|liveness_very_low|loudness_very_low
0.02108314665963895,"frozenset({'duration_ms_very_high', 'danceability_very_high', 'loudness_low'})",1760,danceability_very_high|duration_ms_very_high|loudness_low
0.02108314665963895,"frozenset({'duration_ms_very_low', 'acousticness_very_low', 'danceability_very_low'})",1760,acousticness_very_low|danceability_very_low|duration_ms_very_low
0.021071167599036884,"frozenset({'tempo_very_low', 'energy_very_low', 'duration_ms_low'})",1759,duration_ms_low|energy_very_low|tempo_very_low
0.021071167599036884,"frozenset({'duration_ms_very_low', 'valence_very_low', 'loudness_very_low', 'danceability_very_low'})",1759,danceability_very_low|duration_ms_very_low|loudness_very_low|valence_very_low
0.021071167599036884,"frozenset({'valence_very_low', 'mode_0', 'speechiness_very_high'})",1759,mode_0|speechiness_very_high|valence_very_low
0.021071167599036884,"frozenset({'valence_low', 'acousticness_very_low', 'tempo_high'})",1759,acousticness_very_low|tempo_high|valence_low
0.021071167599036884,"frozenset({'duration_ms_very_low', 'acousticness_very_high', 'key_very_high'})",1759,acousticness_very_high|duration_ms_very_low|key_very_high
0.021059188538434817,"frozenset({'key_very_high', 'valence_very_high', 'acousticness_high'})",1758,acousticness_high|key_very_high|valence_very_high
0.021059188538434817,"frozenset({'duration_ms_very_low', 'danceability_very_low', 'key_very_low'})",1758,danceability_very_low|duration_ms_very_low|key_very_low
0.021059188538434817,"frozenset({'speechiness_very_low', 'loudness_low', 'mode_1', 'acousticness_very_high'})",1758,acousticness_very_high|loudness_low|mode_1|speechiness_very_low
0.021059188538434817,"frozenset({'danceability_very_low', 'tempo_very_low', 'acousticness_very_high', 'speechiness_low'})",1758,acousticness_very_high|danceability_very_low|speechiness_low|tempo_very_low
0.021059188538434817,"frozenset({'liveness_low', 'loudness_low', 'key_very_low'})",1758,key_very_low|liveness_low|loudness_low
0.021059188538434817,"frozenset({'speechiness_very_low', 'tempo_very_low', 'duration_ms_high'})",1758,duration_ms_high|speechiness_very_low|tempo_very_low
0.02104720947783275,"frozenset({'danceability_high', 'valence_high', 'tempo_low'})",1757,danceability_high|tempo_low|valence_high
0.02104720947783275,"frozenset({'acousticness_very_high', 'loudness_very_low', 'valence_very_low', 'liveness_low', 'mode_1', 'energy_very_low'})",1757,acousticness_very_high|energy_very_low|liveness_low|loudness_very_low|mode_1|valence_very_low
0.02104720947783275,"frozenset({'energy_very_low', 'liveness_low', 'duration_ms_low'})",1757,duration_ms_low|energy_very_low|liveness_low
0.02104720947783275,"frozenset({'loudness_very_high', 'instrumentalness_medium', 'liveness_very_high'})",1757,instrumentalness_medium|liveness_very_high|loudness_very_high
0.02103523041723068,"frozenset({'acousticness_very_high', 'loudness_very_low', 'valence_very_low', 'liveness_low', 'instrumentalness_high', 'energy_very_low'})",1756,acousticness_very_high|energy_very_low|instrumentalness_high|liveness_low|loudness_very_low|valence_very_low
0.02103523041723068,"frozenset({'liveness_very_high', 'speechiness_very_high', 'loudness_high'})",1756,liveness_very_high|loudness_high|speechiness_very_high
0.02103523041723068,"frozenset({'valence_low', 'mode_0', 'speechiness_low'})",1756,mode_0|speechiness_low|valence_low
0.02103523041723068,"frozenset({'acousticness_low', 'duration_ms_low', 'energy_very_high'})",1756,acousticness_low|duration_ms_low|energy_very_high
0.02103523041723068,"frozenset({'key_very_low', 'loudness_very_high', 'speechiness_very_high', 'mode_1'})",1756,key_very_low|loudness_very_high|mode_1|speechiness_very_high
0.02103523041723068,"frozenset({'liveness_low', 'acousticness_very_high', 'tempo_low'})",1756,acousticness_very_high|liveness_low|tempo_low
0.02103523041723068,"frozenset({'danceability_very_high', 'valence_very_high', 'duration_ms_very_high'})",1756,danceability_very_high|duration_ms_very_high|valence_very_high
0.021023251356628612,"frozenset({'mode_0', 'liveness_very_high', 'tempo_very_low'})",1755,liveness_very_high|mode_0|tempo_very_low
0.021023251356628612,"frozenset({'instrumentalness_low', 'energy_low', 'mode_1', 'key_very_high'})",1755,energy_low|instrumentalness_low|key_very_high|mode_1
0.021023251356628612,"frozenset({'instrumentalness_low', 'valence_very_low', 'energy_low'})",1755,energy_low|instrumentalness_low|valence_very_low
0.021023251356628612,"frozenset({'danceability_very_low', 'valence_very_low', 'liveness_very_high', 'mode_1'})",1755,danceability_very_low|liveness_very_high|mode_1|valence_very_low
0.021023251356628612,"frozenset({'liveness_high', 'instrumentalness_medium', 'acousticness_very_low'})",1755,acousticness_very_low|instrumentalness_medium|liveness_high
0.021023251356628612,"frozenset({'valence_low', 'energy_very_low', 'loudness_low'})",1755,energy_very_low|loudness_low|valence_low
0.021011272296026545,"frozenset({'instrumentalness_low', 'mode_1', 'danceability_low', 'speechiness_low'})",1754,danceability_low|instrumentalness_low|mode_1|speechiness_low
0.021011272296026545,"frozenset({'danceability_very_low', 'valence_very_low', 'loudness_low'})",1754,danceability_very_low|loudness_low|valence_very_low
0.021011272296026545,"frozenset({'instrumentalness_low', 'speechiness_very_low', 'liveness_very_high', 'mode_1'})",1754,instrumentalness_low|liveness_very_high|mode_1|speechiness_very_low
0.021011272296026545,"frozenset({'speechiness_low', 'mode_0', 'danceability_low'})",1754,danceability_low|mode_0|speechiness_low
0.021011272296026545,"frozenset({'mode_0', 'tempo_very_low', 'duration_ms_very_high'})",1754,duration_ms_very_high|mode_0|tempo_very_low
0.020999293235424477,"frozenset({'valence_low', 'instrumentalness_medium', 'energy_very_high'})",1753,energy_very_high|instrumentalness_medium|valence_low
0.020999293235424477,"frozenset({'danceability_high', 'acousticness_high', 'loudness_high'})",1753,acousticness_high|danceability_high|loudness_high
0.020999293235424477,"frozenset({'speechiness_low', 'tempo_very_low', 'energy_very_low', 'mode_1'})",1753,energy_very_low|mode_1|speechiness_low|tempo_very_low
0.020999293235424477,"frozenset({'danceability_high', 'loudness_low', 'valence_very_high'})",1753,danceability_high|loudness_low|valence_very_high
0.020999293235424477,"frozenset({'valence_very_high', 'acousticness_low', 'key_very_high'})",1753,acousticness_low|key_very_high|valence_very_high
0.020999293235424477,"frozenset({'instrumentalness_low', 'valence_very_high', 'mode_1', 'danceability_low'})",1753,danceability_low|instrumentalness_low|mode_1|valence_very_high
0.020999293235424477,"frozenset({'valence_low', 'speechiness_very_low', 'danceability_high'})",1753,danceability_high|speechiness_very_low|valence_low
0.02098731417482241,"frozenset({'valence_low', 'liveness_very_high', 'danceability_very_low'})",1752,danceability_very_low|liveness_very_high|valence_low
0.02098731417482241,"frozenset({'liveness_very_low', 'valence_very_low', 'energy_very_low', 'acousticness_very_high'})",1752,acousticness_very_high|energy_very_low|liveness_very_low|valence_very_low
0.02098731417482241,"frozenset({'liveness_very_low', 'energy_high', 'key_very_low'})",1752,energy_high|key_very_low|liveness_very_low
0.02098731417482241,"frozenset({'energy_high', 'speechiness_very_high', 'acousticness_high'})",1752,acousticness_high|energy_high|speechiness_very_high
0.02098731417482241,"frozenset({'tempo_very_low', 'acousticness_very_high', 'key_high'})",1752,acousticness_very_high|key_high|tempo_very_low
0.02098731417482241,"frozenset({'energy_high', 'liveness_very_high', 'acousticness_high'})",1752,acousticness_high|energy_high|liveness_very_high
0.02098731417482241,"frozenset({'duration_ms_very_low', 'energy_very_low', 'key_high'})",1752,duration_ms_very_low|energy_very_low|key_high
0.02098731417482241,"frozenset({'liveness_high', 'loudness_very_high', 'key_very_low'})",1752,key_very_low|liveness_high|loudness_very_high
0.02098731417482241,"frozenset({'loudness_very_high', 'valence_very_high', 'speechiness_very_high'})",1752,loudness_very_high|speechiness_very_high|valence_very_high
0.02098731417482241,"frozenset({'liveness_very_high', 'key_very_low', 'valence_high'})",1752,key_very_low|liveness_very_high|valence_high
0.020975335114220343,"frozenset({'instrumentalness_high', 'liveness_low', 'acousticness_very_high', 'danceability_very_low'})",1751,acousticness_very_high|danceability_very_low|instrumentalness_high|liveness_low
0.020975335114220343,"frozenset({'danceability_high', 'valence_high', 'loudness_high'})",1751,danceability_high|loudness_high|valence_high
0.020975335114220343,"frozenset({'danceability_very_high', 'instrumentalness_high', 'loudness_low'})",1751,danceability_very_high|instrumentalness_high|loudness_low
0.020975335114220343,"frozenset({'liveness_very_low', 'mode_0', 'key_very_low'})",1751,key_very_low|liveness_very_low|mode_0
0.020975335114220343,"frozenset({'mode_0', 'tempo_very_high', 'acousticness_high'})",1751,acousticness_high|mode_0|tempo_very_high
0.020963356053618275,"frozenset({'mode_0', 'key_very_high', 'acousticness_very_low', 'energy_very_high'})",1750,acousticness_very_low|energy_very_high|key_very_high|mode_0
0.020963356053618275,"frozenset({'speechiness_very_low', 'mode_0', 'duration_ms_very_high'})",1750,duration_ms_very_high|mode_0|speechiness_very_low
0.020963356053618275,"frozenset({'speechiness_very_low', 'energy_low', 'mode_1', 'key_very_low'})",1750,energy_low|key_very_low|mode_1|speechiness_very_low
0.020963356053618275,"frozenset({'mode_0', 'instrumentalness_high', 'key_high'})",1750,instrumentalness_high|key_high|mode_0
0.020963356053618275,"frozenset({'mode_0', 'energy_high', 'liveness_low'})",1750,energy_high|liveness_low|mode_0
0.020963356053618275,"frozenset({'speechiness_very_low', 'liveness_low', 'mode_0'})",1750,liveness_low|mode_0|speechiness_very_low
0.020963356053618275,"frozenset({'instrumentalness_low', 'mode_1', 'tempo_high', 'valence_high'})",1750,instrumentalness_low|mode_1|tempo_high|valence_high
0.020951376993016208,"frozenset({'valence_very_low', 'liveness_very_high', 'mode_0'})",1749,liveness_very_high|mode_0|valence_very_low
0.020951376993016208,"frozenset({'danceability_low', 'key_very_low', 'valence_high'})",1749,danceability_low|key_very_low|valence_high
0.020951376993016208,"frozenset({'duration_ms_very_low', 'danceability_very_high', 'loudness_low'})",1749,danceability_very_high|duration_ms_very_low|loudness_low
0.020951376993016208,"frozenset({'duration_ms_very_low', 'liveness_high', 'key_very_low'})",1749,duration_ms_very_low|key_very_low|liveness_high
0.020951376993016208,"frozenset({'instrumentalness_low', 'energy_high', 'mode_1', 'tempo_high'})",1749,energy_high|instrumentalness_low|mode_1|tempo_high
0.020951376993016208,"frozenset({'danceability_very_low', 'mode_0', 'speechiness_very_high'})",1749,danceability_very_low|mode_0|speechiness_very_high
0.02093939793241414,"frozenset({'instrumentalness_medium', 'key_very_low', 'duration_ms_high'})",1748,duration_ms_high|instrumentalness_medium|key_very_low
0.02093939793241414,"frozenset({'valence_very_low', 'loudness_very_high', 'speechiness_very_high', 'energy_very_high'})",1748,energy_very_high|loudness_very_high|speechiness_very_high|valence_very_low
0.02093939793241414,"frozenset({'mode_0', 'energy_high', 'key_very_low'})",1748,energy_high|key_very_low|mode_0
0.02093939793241414,"frozenset({'acousticness_low', 'tempo_high', 'loudness_high'})",1748,acousticness_low|loudness_high|tempo_high
0.02093939793241414,"frozenset({'danceability_high', 'duration_ms_low', 'acousticness_high'})",1748,acousticness_high|danceability_high|duration_ms_low
0.02093939793241414,"frozenset({'danceability_very_low', 'energy_very_low', 'duration_ms_very_high', 'acousticness_very_high'})",1748,acousticness_very_high|danceability_very_low|duration_ms_very_high|energy_very_low
0.020927418871812074,"frozenset({'danceability_very_low', 'valence_very_low', 'tempo_very_high', 'mode_1'})",1747,danceability_very_low|mode_1|tempo_very_high|valence_very_low
0.020927418871812074,"frozenset({'duration_ms_very_low', 'mode_0', 'energy_low'})",1747,duration_ms_very_low|energy_low|mode_0
0.020927418871812074,"frozenset({'liveness_low', 'acousticness_very_high', 'mode_1', 'key_very_low'})",1747,acousticness_very_high|key_very_low|liveness_low|mode_1
0.020927418871812074,"frozenset({'instrumentalness_low', 'mode_0', 'loudness_very_low'})",1747,instrumentalness_low|loudness_very_low|mode_0
0.020927418871812074,"frozenset({'valence_low', 'acousticness_very_high', 'key_very_low'})",1747,acousticness_very_high|key_very_low|valence_low
0.020927418871812074,"frozenset({'valence_low', 'danceability_low', 'energy_very_high'})",1747,danceability_low|energy_very_high|valence_low
0.020927418871812074,"frozenset({'liveness_high', 'acousticness_low', 'danceability_very_high'})",1747,acousticness_low|danceability_very_high|liveness_high
0.020927418871812074,"frozenset({'speechiness_low', 'danceability_high', 'valence_very_high'})",1747,danceability_high|speechiness_low|valence_very_high
0.020927418871812074,"frozenset({'liveness_very_low', 'energy_low', 'valence_very_high'})",1747,energy_low|liveness_very_low|valence_very_high
0.020927418871812074,"frozenset({'speechiness_very_low', 'energy_high', 'danceability_high'})",1747,danceability_high|energy_high|speechiness_very_low
0.020927418871812074,"frozenset({'tempo_very_low', 'speechiness_very_high', 'valence_high'})",1747,speechiness_very_high|tempo_very_low|valence_high
0.020927418871812074,"frozenset({'instrumentalness_low', 'danceability_very_high', 'energy_low', 'valence_very_high'})",1747,danceability_very_high|energy_low|instrumentalness_low|valence_very_high
0.020927418871812074,"frozenset({'acousticness_very_low', 'instrumentalness_medium', 'speechiness_very_high', 'energy_very_high'})",1747,acousticness_very_low|energy_very_high|instrumentalness_medium|speechiness_very_high
0.020915439811210006,"frozenset({'danceability_very_low', 'acousticness_very_low', 'mode_1', 'key_very_low'})",1746,acousticness_very_low|danceability_very_low|key_very_low|mode_1
0.020903460750607936,"frozenset({'speechiness_very_low', 'loudness_very_low', 'danceability_low'})",1745,danceability_low|loudness_very_low|speechiness_very_low
0.020903460750607936,"frozenset({'duration_ms_very_low', 'valence_very_low', 'loudness_very_low', 'mode_1'})",1745,duration_ms_very_low|loudness_very_low|mode_1|valence_very_low
0.020903460750607936,"frozenset({'speechiness_low', 'energy_high', 'tempo_high'})",1745,energy_high|speechiness_low|tempo_high
0.020903460750607936,"frozenset({'speechiness_very_low', 'danceability_high', 'loudness_high'})",1745,danceability_high|loudness_high|speechiness_very_low
0.020903460750607936,"frozenset({'valence_low', 'acousticness_very_low', 'duration_ms_high'})",1745,acousticness_very_low|duration_ms_high|valence_low
0.020903460750607936,"frozenset({'liveness_very_low', 'acousticness_very_low', 'danceability_very_high'})",1745,acousticness_very_low|danceability_very_high|liveness_very_low
0.020903460750607936,"frozenset({'instrumentalness_medium', 'liveness_low', 'energy_very_low'})",1745,energy_very_low|instrumentalness_medium|liveness_low
0.02089148169000587,"frozenset({'danceability_very_low', 'acousticness_very_high', 'key_high'})",1744,acousticness_very_high|danceability_very_low|key_high
0.02089148169000587,"frozenset({'valence_very_high', 'speechiness_high', 'acousticness_high'})",1744,acousticness_high|speechiness_high|valence_very_high
0.02089148169000587,"frozenset({'tempo_very_low', 'loudness_low', 'acousticness_very_high'})",1744,acousticness_very_high|loudness_low|tempo_very_low
0.0208795026294038,"frozenset({'mode_0', 'liveness_low', 'loudness_high'})",1743,liveness_low|loudness_high|mode_0
0.0208795026294038,"frozenset({'mode_0', 'tempo_very_low', 'energy_very_low', 'acousticness_very_high'})",1743,acousticness_very_high|energy_very_low|mode_0|tempo_very_low
0.0208795026294038,"frozenset({'valence_low', 'instrumentalness_low', 'energy_very_high'})",1743,energy_very_high|instrumentalness_low|valence_low
0.0208795026294038,"frozenset({'danceability_very_low', 'tempo_very_high', 'key_high'})",1743,danceability_very_low|key_high|tempo_very_high
0.0208795026294038,"frozenset({'key_low', 'liveness_low', 'acousticness_very_high'})",1743,acousticness_very_high|key_low|liveness_low
0.0208795026294038,"frozenset({'mode_0', 'energy_low', 'instrumentalness_high'})",1743,energy_low|instrumentalness_high|mode_0
0.0208795026294038,"frozenset({'energy_high', 'liveness_very_high', 'valence_high'})",1743,energy_high|liveness_very_high|valence_high
0.020867523568801734,"frozenset({'duration_ms_very_low', 'instrumentalness_high', 'speechiness_high'})",1742,duration_ms_very_low|instrumentalness_high|speechiness_high
0.020867523568801734,"frozenset({'speechiness_very_low', 'loudness_low', 'mode_1', 'key_very_low'})",1742,key_very_low|loudness_low|mode_1|speechiness_very_low
0.020867523568801734,"frozenset({'energy_low', 'key_very_low', 'tempo_low'})",1742,energy_low|key_very_low|tempo_low
0.020867523568801734,"frozenset({'tempo_very_low', 'instrumentalness_high', 'key_very_low'})",1742,instrumentalness_high|key_very_low|tempo_very_low
0.020867523568801734,"frozenset({'valence_very_low', 'liveness_high', 'mode_0'})",1742,liveness_high|mode_0|valence_very_low
0.020867523568801734,"frozenset({'instrumentalness_low', 'liveness_very_low', 'duration_ms_very_high'})",1742,duration_ms_very_high|instrumentalness_low|liveness_very_low
0.020867523568801734,"frozenset({'speechiness_very_low', 'tempo_high', 'duration_ms_high'})",1742,duration_ms_high|speechiness_very_low|tempo_high
0.020867523568801734,"frozenset({'loudness_very_high', 'duration_ms_low', 'tempo_high'})",1742,duration_ms_low|loudness_very_high|tempo_high
0.020867523568801734,"frozenset({'acousticness_very_high', 'loudness_very_low', 'tempo_very_low', 'instrumentalness_high', 'mode_1', 'energy_very_low'})",1742,acousticness_very_high|energy_very_low|instrumentalness_high|loudness_very_low|mode_1|tempo_very_low
0.020867523568801734,"frozenset({'tempo_very_low', 'valence_very_high', 'acousticness_high'})",1742,acousticness_high|tempo_very_low|valence_very_high
0.020867523568801734,"frozenset({'mode_0', 'instrumentalness_medium', 'key_high'})",1742,instrumentalness_medium|key_high|mode_0
0.020867523568801734,"frozenset({'key_very_low', 'liveness_very_low', 'mode_1', 'danceability_very_high'})",1742,danceability_very_high|key_very_low|liveness_very_low|mode_1
0.020855544508199667,"frozenset({'energy_high', 'key_very_low', 'tempo_low'})",1741,energy_high|key_very_low|tempo_low
0.020855544508199667,"frozenset({'liveness_high', 'tempo_very_high', 'key_very_low'})",1741,key_very_low|liveness_high|tempo_very_high
0.020855544508199667,"frozenset({'liveness_very_low', 'acousticness_low', 'key_very_low'})",1741,acousticness_low|key_very_low|liveness_very_low
0.020855544508199667,"frozenset({'instrumentalness_low', 'key_very_high', 'mode_1', 'valence_high'})",1741,instrumentalness_low|key_very_high|mode_1|valence_high
0.020855544508199667,"frozenset({'duration_ms_very_low', 'loudness_very_low', 'energy_very_low', 'instrumentalness_low'})",1741,duration_ms_very_low|energy_very_low|instrumentalness_low|loudness_very_low
0.020855544508199667,"frozenset({'duration_ms_very_low', 'instrumentalness_low', 'mode_1', 'key_high'})",1741,duration_ms_very_low|instrumentalness_low|key_high|mode_1
0.020855544508199667,"frozenset({'valence_very_low', 'energy_low', 'duration_ms_very_high'})",1741,duration_ms_very_high|energy_low|valence_very_low
0.0208435654475976,"frozenset({'mode_0', 'key_very_low', 'tempo_low'})",1740,key_very_low|mode_0|tempo_low
0.0208435654475976,"frozenset({'acousticness_high', 'valence_high', 'loudness_high'})",1740,acousticness_high|loudness_high|valence_high
0.0208435654475976,"frozenset({'energy_low', 'tempo_high', 'acousticness_high'})",1740,acousticness_high|energy_low|tempo_high
0.0208435654475976,"frozenset({'valence_very_low', 'acousticness_very_high', 'mode_1', 'key_very_low'})",1740,acousticness_very_high|key_very_low|mode_1|valence_very_low
0.0208435654475976,"frozenset({'speechiness_low', 'loudness_very_low', 'energy_very_low', 'key_very_low'})",1740,energy_very_low|key_very_low|loudness_very_low|speechiness_low
0.0208435654475976,"frozenset({'liveness_very_low', 'loudness_low', 'key_very_low'})",1740,key_very_low|liveness_very_low|loudness_low
0.020831586386995532,"frozenset({'valence_low', 'instrumentalness_medium', 'danceability_low'})",1739,danceability_low|instrumentalness_medium|valence_low
0.020831586386995532,"frozenset({'loudness_very_high', 'instrumentalness_high', 'mode_1'})",1739,instrumentalness_high|loudness_very_high|mode_1
0.020831586386995532,"frozenset({'instrumentalness_low', 'danceability_very_high', 'loudness_low', 'mode_1'})",1739,danceability_very_high|instrumentalness_low|loudness_low|mode_1
0.020831586386995532,"frozenset({'acousticness_very_low', 'instrumentalness_medium', 'key_very_high'})",1739,acousticness_very_low|instrumentalness_medium|key_very_high
0.020831586386995532,"frozenset({'danceability_very_low', 'tempo_very_high', 'speechiness_very_high', 'energy_very_high'})",1739,danceability_very_low|energy_very_high|speechiness_very_high|tempo_very_high
0.020831586386995532,"frozenset({'instrumentalness_low', 'energy_very_low', 'mode_1', 'tempo_low'})",1739,energy_very_low|instrumentalness_low|mode_1|tempo_low
0.020819607326393465,"frozenset({'danceability_very_low', 'loudness_very_low', 'key_very_high'})",1738,danceability_very_low|key_very_high|loudness_very_low
0.020819607326393465,"frozenset({'acousticness_very_low', 'liveness_low', 'energy_very_high'})",1738,acousticness_very_low|energy_very_high|liveness_low
0.020819607326393465,"frozenset({'danceability_very_high', 'duration_ms_low', 'key_very_low'})",1738,danceability_very_high|duration_ms_low|key_very_low
0.020819607326393465,"frozenset({'valence_very_low', 'energy_very_low', 'duration_ms_very_high', 'mode_1'})",1738,duration_ms_very_high|energy_very_low|mode_1|valence_very_low
0.020819607326393465,"frozenset({'duration_ms_high', 'key_very_low', 'loudness_high'})",1738,duration_ms_high|key_very_low|loudness_high
0.020819607326393465,"frozenset({'liveness_very_high', 'duration_ms_low', 'key_very_low'})",1738,duration_ms_low|key_very_low|liveness_very_high
0.020819607326393465,"frozenset({'mode_0', 'energy_very_low', 'key_very_low'})",1738,energy_very_low|key_very_low|mode_0
0.020819607326393465,"frozenset({'speechiness_low', 'acousticness_very_high', 'loudness_very_low', 'valence_very_low', 'mode_1', 'energy_very_low'})",1738,acousticness_very_high|energy_very_low|loudness_very_low|mode_1|speechiness_low|valence_very_low
0.020819607326393465,"frozenset({'instrumentalness_low', 'danceability_high', 'mode_1', 'key_very_high'})",1738,danceability_high|instrumentalness_low|key_very_high|mode_1
0.020819607326393465,"frozenset({'duration_ms_low', 'key_very_low', 'loudness_high'})",1738,duration_ms_low|key_very_low|loudness_high
0.020807628265791397,"frozenset({'speechiness_very_high', 'tempo_high', 'energy_very_high'})",1737,energy_very_high|speechiness_very_high|tempo_high
0.020807628265791397,"frozenset({'valence_very_high', 'tempo_high', 'energy_very_high'})",1737,energy_very_high|tempo_high|valence_very_high
0.020807628265791397,"frozenset({'loudness_very_high', 'valence_very_high', 'tempo_high'})",1737,loudness_very_high|tempo_high|valence_very_high
0.020807628265791397,"frozenset({'mode_0', 'liveness_low', 'duration_ms_high'})",1737,duration_ms_high|liveness_low|mode_0
0.020807628265791397,"frozenset({'duration_ms_very_low', 'loudness_very_low', 'valence_low'})",1737,duration_ms_very_low|loudness_very_low|valence_low
0.020807628265791397,"frozenset({'danceability_very_low', 'instrumentalness_medium', 'liveness_very_high'})",1737,danceability_very_low|instrumentalness_medium|liveness_very_high
0.020807628265791397,"frozenset({'danceability_low', 'speechiness_very_low', 'mode_1', 'valence_low'})",1737,danceability_low|mode_1|speechiness_very_low|valence_low
0.020807628265791397,"frozenset({'instrumentalness_low', 'liveness_high', 'mode_1', 'tempo_high'})",1737,instrumentalness_low|liveness_high|mode_1|tempo_high
0.020807628265791397,"frozenset({'instrumentalness_low', 'energy_very_low', 'danceability_low', 'acousticness_very_high'})",1737,acousticness_very_high|danceability_low|energy_very_low|instrumentalness_low
0.020807628265791397,"frozenset({'tempo_very_high', 'loudness_very_low', 'energy_very_low', 'acousticness_very_high'})",1737,acousticness_very_high|energy_very_low|loudness_very_low|tempo_very_high
0.020807628265791397,"frozenset({'danceability_very_low', 'tempo_very_low', 'loudness_very_low', 'speechiness_low'})",1737,danceability_very_low|loudness_very_low|speechiness_low|tempo_very_low
0.020807628265791397,"frozenset({'speechiness_low', 'loudness_very_high', 'energy_high'})",1737,energy_high|loudness_very_high|speechiness_low
0.020807628265791397,"frozenset({'instrumentalness_low', 'mode_1', 'speechiness_low', 'duration_ms_high'})",1737,duration_ms_high|instrumentalness_low|mode_1|speechiness_low
0.020807628265791397,"frozenset({'tempo_very_low', 'duration_ms_low', 'acousticness_very_high'})",1737,acousticness_very_high|duration_ms_low|tempo_very_low
0.02079564920518933,"frozenset({'acousticness_very_high', 'speechiness_very_low', 'liveness_low', 'mode_1', 'energy_very_low'})",1736,acousticness_very_high|energy_very_low|liveness_low|mode_1|speechiness_very_low
0.02079564920518933,"frozenset({'valence_low', 'instrumentalness_high', 'duration_ms_very_high'})",1736,duration_ms_very_high|instrumentalness_high|valence_low
0.02079564920518933,"frozenset({'instrumentalness_low', 'acousticness_low', 'mode_1', 'tempo_low'})",1736,acousticness_low|instrumentalness_low|mode_1|tempo_low
0.02079564920518933,"frozenset({'speechiness_very_low', 'mode_0', 'acousticness_high'})",1736,acousticness_high|mode_0|speechiness_very_low
0.020783670144587263,"frozenset({'danceability_very_low', 'liveness_very_high', 'speechiness_high'})",1735,danceability_very_low|liveness_very_high|speechiness_high
0.020783670144587263,"frozenset({'instrumentalness_low', 'mode_1', 'key_high', 'tempo_low'})",1735,instrumentalness_low|key_high|mode_1|tempo_low
0.020783670144587263,"frozenset({'speechiness_very_low', 'acousticness_very_high', 'mode_1', 'key_very_low'})",1735,acousticness_very_high|key_very_low|mode_1|speechiness_very_low
0.020783670144587263,"frozenset({'duration_ms_very_low', 'liveness_very_high', 'valence_very_high'})",1735,duration_ms_very_low|liveness_very_high|valence_very_high
0.020783670144587263,"frozenset({'acousticness_very_high', 'danceability_very_low', 'valence_very_low', 'tempo_very_low', 'mode_1', 'energy_very_low'})",1735,acousticness_very_high|danceability_very_low|energy_very_low|mode_1|tempo_very_low|valence_very_low
0.020783670144587263,"frozenset({'mode_0', 'speechiness_high', 'acousticness_high'})",1735,acousticness_high|mode_0|speechiness_high
0.020783670144587263,"frozenset({'danceability_high', 'tempo_low', 'acousticness_high'})",1735,acousticness_high|danceability_high|tempo_low
0.020783670144587263,"frozenset({'mode_0', 'loudness_very_low', 'key_very_low'})",1735,key_very_low|loudness_very_low|mode_0
0.020771691083985192,"frozenset({'speechiness_very_high', 'valence_high', 'acousticness_high'})",1734,acousticness_high|speechiness_very_high|valence_high
0.020771691083985192,"frozenset({'liveness_very_low', 'speechiness_high', 'key_very_low'})",1734,key_very_low|liveness_very_low|speechiness_high
0.020771691083985192,"frozenset({'valence_very_low', 'tempo_very_low', 'liveness_low', 'energy_very_low'})",1734,energy_very_low|liveness_low|tempo_very_low|valence_very_low
0.020771691083985192,"frozenset({'danceability_high', 'valence_very_high', 'tempo_high'})",1734,danceability_high|tempo_high|valence_very_high
0.020759712023383125,"frozenset({'duration_ms_very_low', 'acousticness_low', 'speechiness_very_high'})",1733,acousticness_low|duration_ms_very_low|speechiness_very_high
0.020759712023383125,"frozenset({'loudness_very_high', 'acousticness_very_low', 'mode_1', 'duration_ms_high'})",1733,acousticness_very_low|duration_ms_high|loudness_very_high|mode_1
0.020759712023383125,"frozenset({'energy_low', 'acousticness_high', 'mode_1', 'loudness_high'})",1733,acousticness_high|energy_low|loudness_high|mode_1
0.020759712023383125,"frozenset({'liveness_very_low', 'speechiness_high', 'tempo_high'})",1733,liveness_very_low|speechiness_high|tempo_high
0.020759712023383125,"frozenset({'acousticness_low', 'key_very_low', 'valence_high'})",1733,acousticness_low|key_very_low|valence_high
0.020759712023383125,"frozenset({'liveness_high', 'mode_0', 'duration_ms_very_high'})",1733,duration_ms_very_high|liveness_high|mode_0
0.020759712023383125,"frozenset({'duration_ms_very_low', 'speechiness_very_high', 'key_high'})",1733,duration_ms_very_low|key_high|speechiness_very_high
0.020759712023383125,"frozenset({'duration_ms_very_low', 'valence_very_low', 'mode_1', 'danceability_very_low'})",1733,danceability_very_low|duration_ms_very_low|mode_1|valence_very_low
0.020747732962781058,"frozenset({'acousticness_very_low', 'liveness_very_high', 'duration_ms_high'})",1732,acousticness_very_low|duration_ms_high|liveness_very_high
0.020747732962781058,"frozenset({'liveness_very_high', 'valence_very_high', 'key_very_low'})",1732,key_very_low|liveness_very_high|valence_very_high
0.020747732962781058,"frozenset({'valence_very_high', 'key_high', 'acousticness_high'})",1732,acousticness_high|key_high|valence_very_high
0.020747732962781058,"frozenset({'acousticness_very_high', 'instrumentalness_medium', 'loudness_very_low', 'mode_1', 'energy_very_low'})",1732,acousticness_very_high|energy_very_low|instrumentalness_medium|loudness_very_low|mode_1
0.020747732962781058,"frozenset({'instrumentalness_low', 'speechiness_high', 'danceability_very_low'})",1732,danceability_very_low|instrumentalness_low|speechiness_high
0.02073575390217899,"frozenset({'key_low', 'energy_high', 'mode_1'})",1731,energy_high|key_low|mode_1
0.02073575390217899,"frozenset({'tempo_very_high', 'speechiness_very_high', 'key_very_high'})",1731,key_very_high|speechiness_very_high|tempo_very_high
0.02073575390217899,"frozenset({'liveness_very_low', 'valence_very_high', 'loudness_high'})",1731,liveness_very_low|loudness_high|valence_very_high
0.020723774841576923,"frozenset({'danceability_very_low', 'valence_very_low', 'mode_1', 'key_high'})",1730,danceability_very_low|key_high|mode_1|valence_very_low
0.020723774841576923,"frozenset({'danceability_very_high', 'liveness_low', 'loudness_low'})",1730,danceability_very_high|liveness_low|loudness_low
0.020723774841576923,"frozenset({'valence_low', 'liveness_low', 'loudness_low'})",1730,liveness_low|loudness_low|valence_low
0.020723774841576923,"frozenset({'acousticness_low', 'key_very_low', 'energy_very_high'})",1730,acousticness_low|energy_very_high|key_very_low
0.020723774841576923,"frozenset({'instrumentalness_low', 'liveness_high', 'mode_1', 'tempo_low'})",1730,instrumentalness_low|liveness_high|mode_1|tempo_low
0.020723774841576923,"frozenset({'loudness_very_low', 'energy_very_low', 'valence_high', 'acousticness_very_high'})",1730,acousticness_very_high|energy_very_low|loudness_very_low|valence_high
0.020723774841576923,"frozenset({'instrumentalness_low', 'acousticness_very_high', 'mode_1', 'danceability_very_low'})",1730,acousticness_very_high|danceability_very_low|instrumentalness_low|mode_1
0.020723774841576923,"frozenset({'duration_ms_very_low', 'liveness_high', 'speechiness_very_high'})",1730,duration_ms_very_low|liveness_high|speechiness_very_high
0.020723774841576923,"frozenset({'tempo_very_high', 'danceability_low', 'loudness_high'})",1730,danceability_low|loudness_high|tempo_very_high
0.020723774841576923,"frozenset({'instrumentalness_low', 'danceability_high', 'valence_very_high', 'acousticness_high'})",1730,acousticness_high|danceability_high|instrumentalness_low|valence_very_high
0.020723774841576923,"frozenset({'energy_high', 'acousticness_low', 'mode_1', 'key_very_low'})",1730,acousticness_low|energy_high|key_very_low|mode_1
0.020711795780974856,"frozenset({'loudness_very_high', 'liveness_very_high', 'key_high'})",1729,key_high|liveness_very_high|loudness_very_high
0.020711795780974856,"frozenset({'instrumentalness_low', 'liveness_very_low', 'loudness_low', 'mode_1'})",1729,instrumentalness_low|liveness_very_low|loudness_low|mode_1
0.020711795780974856,"frozenset({'key_low', 'mode_0', 'valence_very_high'})",1729,key_low|mode_0|valence_very_high
0.020711795780974856,"frozenset({'liveness_very_low', 'energy_low', 'key_very_low'})",1729,energy_low|key_very_low|liveness_very_low
0.020711795780974856,"frozenset({'instrumentalness_high', 'loudness_very_low', 'liveness_low', 'speechiness_low'})",1729,instrumentalness_high|liveness_low|loudness_very_low|speechiness_low
0.020711795780974856,"frozenset({'liveness_high', 'tempo_very_high', 'speechiness_very_high'})",1729,liveness_high|speechiness_very_high|tempo_very_high
0.020711795780974856,"frozenset({'duration_ms_very_high', 'tempo_high', 'energy_very_high'})",1729,duration_ms_very_high|energy_very_high|tempo_high
0.020711795780974856,"frozenset({'instrumentalness_medium', 'tempo_very_high', 'danceability_low'})",1729,danceability_low|instrumentalness_medium|tempo_very_high
0.020711795780974856,"frozenset({'valence_very_high', 'key_very_low', 'energy_very_high'})",1729,energy_very_high|key_very_low|valence_very_high
0.020711795780974856,"frozenset({'duration_ms_low', 'key_very_low', 'energy_very_high'})",1729,duration_ms_low|energy_very_high|key_very_low
0.02069981672037279,"frozenset({'liveness_very_high', 'acousticness_very_high', 'tempo_very_low'})",1728,acousticness_very_high|liveness_very_high|tempo_very_low
0.02069981672037279,"frozenset({'duration_ms_very_low', 'loudness_very_low', 'mode_1', 'instrumentalness_low'})",1728,duration_ms_very_low|instrumentalness_low|loudness_very_low|mode_1
0.02069981672037279,"frozenset({'instrumentalness_low', 'energy_very_low', 'mode_1', 'acousticness_high'})",1728,acousticness_high|energy_very_low|instrumentalness_low|mode_1
0.02069981672037279,"frozenset({'valence_very_low', 'duration_ms_very_high', 'danceability_low'})",1728,danceability_low|duration_ms_very_high|valence_very_low
0.02069981672037279,"frozenset({'liveness_high', 'valence_very_high', 'acousticness_low'})",1728,acousticness_low|liveness_high|valence_very_high
0.02069981672037279,"frozenset({'instrumentalness_low', 'speechiness_very_low', 'loudness_very_low', 'mode_1'})",1728,instrumentalness_low|loudness_very_low|mode_1|speechiness_very_low
0.02068783765977072,"frozenset({'mode_0', 'instrumentalness_high', 'duration_ms_very_high', 'acousticness_very_low'})",1727,acousticness_very_low|duration_ms_very_high|instrumentalness_high|mode_0
0.02068783765977072,"frozenset({'speechiness_low', 'danceability_very_high', 'tempo_high'})",1727,danceability_very_high|speechiness_low|tempo_high
0.02068783765977072,"frozenset({'acousticness_very_low', 'duration_ms_high', 'loudness_high'})",1727,acousticness_very_low|duration_ms_high|loudness_high
0.02068783765977072,"frozenset({'acousticness_very_low', 'liveness_very_high', 'mode_1', 'energy_very_high', 'loudness_very_high'})",1727,acousticness_very_low|energy_very_high|liveness_very_high|loudness_very_high|mode_1
0.02068783765977072,"frozenset({'speechiness_low', 'mode_0', 'acousticness_high'})",1727,acousticness_high|mode_0|speechiness_low
0.02068783765977072,"frozenset({'acousticness_very_low', 'key_high', 'tempo_high'})",1727,acousticness_very_low|key_high|tempo_high
0.02068783765977072,"frozenset({'key_low', 'loudness_very_low', 'danceability_very_low'})",1727,danceability_very_low|key_low|loudness_very_low
0.02068783765977072,"frozenset({'liveness_very_low', 'energy_low', 'acousticness_low'})",1727,acousticness_low|energy_low|liveness_very_low
0.020675858599168654,"frozenset({'mode_0', 'acousticness_very_high', 'key_very_high'})",1726,acousticness_very_high|key_very_high|mode_0
0.020675858599168654,"frozenset({'instrumentalness_low', 'tempo_very_high', 'loudness_low', 'mode_1'})",1726,instrumentalness_low|loudness_low|mode_1|tempo_very_high
0.020675858599168654,"frozenset({'valence_very_low', 'instrumentalness_high', 'danceability_low'})",1726,danceability_low|instrumentalness_high|valence_very_low
0.020663879538566587,"frozenset({'mode_0', 'liveness_very_high', 'acousticness_very_low', 'energy_very_high'})",1725,acousticness_very_low|energy_very_high|liveness_very_high|mode_0
0.020663879538566587,"frozenset({'mode_0', 'acousticness_very_low', 'key_high'})",1725,acousticness_very_low|key_high|mode_0
0.020663879538566587,"frozenset({'danceability_low', 'instrumentalness_low', 'duration_ms_very_high', 'mode_1'})",1725,danceability_low|duration_ms_very_high|instrumentalness_low|mode_1
0.020663879538566587,"frozenset({'danceability_very_low', 'acousticness_very_low', 'key_very_high'})",1725,acousticness_very_low|danceability_very_low|key_very_high
0.020663879538566587,"frozenset({'liveness_low', 'energy_very_low', 'duration_ms_high'})",1725,duration_ms_high|energy_very_low|liveness_low
0.02065190047796452,"frozenset({'speechiness_low', 'mode_0', 'energy_low'})",1724,energy_low|mode_0|speechiness_low
0.02065190047796452,"frozenset({'energy_high', 'danceability_high', 'liveness_very_high'})",1724,danceability_high|energy_high|liveness_very_high
0.02065190047796452,"frozenset({'acousticness_very_low', 'instrumentalness_high', 'speechiness_very_high', 'energy_very_high'})",1724,acousticness_very_low|energy_very_high|instrumentalness_high|speechiness_very_high
0.02065190047796452,"frozenset({'speechiness_low', 'danceability_very_low', 'valence_very_low', 'mode_1', 'energy_very_low'})",1724,danceability_very_low|energy_very_low|mode_1|speechiness_low|valence_very_low
0.02065190047796452,"frozenset({'instrumentalness_low', 'speechiness_very_low', 'energy_high', 'mode_1'})",1724,energy_high|instrumentalness_low|mode_1|speechiness_very_low
0.02065190047796452,"frozenset({'loudness_very_high', 'duration_ms_low', 'danceability_very_high'})",1724,danceability_very_high|duration_ms_low|loudness_very_high
0.02065190047796452,"frozenset({'danceability_low', 'speechiness_very_low', 'energy_low', 'mode_1'})",1724,danceability_low|energy_low|mode_1|speechiness_very_low
0.02063992141736245,"frozenset({'loudness_high', 'energy_low', 'duration_ms_high'})",1723,duration_ms_high|energy_low|loudness_high
0.02063992141736245,"frozenset({'loudness_very_high', 'mode_0', 'key_high'})",1723,key_high|loudness_very_high|mode_0
0.02063992141736245,"frozenset({'energy_high', 'key_very_low', 'duration_ms_high'})",1723,duration_ms_high|energy_high|key_very_low
0.02063992141736245,"frozenset({'acousticness_low', 'energy_high', 'instrumentalness_low', 'duration_ms_low'})",1723,acousticness_low|duration_ms_low|energy_high|instrumentalness_low
0.02063992141736245,"frozenset({'key_very_low', 'speechiness_very_low', 'tempo_high'})",1723,key_very_low|speechiness_very_low|tempo_high
0.02062794235676038,"frozenset({'danceability_very_low', 'instrumentalness_medium', 'duration_ms_very_high'})",1722,danceability_very_low|duration_ms_very_high|instrumentalness_medium
0.02062794235676038,"frozenset({'acousticness_low', 'key_very_low', 'duration_ms_high'})",1722,acousticness_low|duration_ms_high|key_very_low
0.02062794235676038,"frozenset({'duration_ms_very_low', 'acousticness_very_high', 'liveness_low', 'mode_1', 'energy_very_low'})",1722,acousticness_very_high|duration_ms_very_low|energy_very_low|liveness_low|mode_1
0.02062794235676038,"frozenset({'key_very_low', 'mode_1', 'speechiness_high', 'energy_very_high'})",1722,energy_very_high|key_very_low|mode_1|speechiness_high
0.02062794235676038,"frozenset({'valence_very_high', 'tempo_very_high', 'key_very_low'})",1722,key_very_low|tempo_very_high|valence_very_high
0.02062794235676038,"frozenset({'mode_0', 'key_very_low', 'duration_ms_high'})",1722,duration_ms_high|key_very_low|mode_0
0.02062794235676038,"frozenset({'tempo_very_high', 'energy_very_low', 'mode_1', 'acousticness_very_high'})",1722,acousticness_very_high|energy_very_low|mode_1|tempo_very_high
0.020615963296158314,"frozenset({'valence_very_low', 'mode_0', 'loudness_low'})",1721,loudness_low|mode_0|valence_very_low
0.020615963296158314,"frozenset({'valence_very_low', 'duration_ms_very_high', 'mode_1', 'key_very_low'})",1721,duration_ms_very_high|key_very_low|mode_1|valence_very_low
0.020615963296158314,"frozenset({'energy_low', 'tempo_very_low', 'loudness_high'})",1721,energy_low|loudness_high|tempo_very_low
0.020615963296158314,"frozenset({'mode_0', 'duration_ms_very_high', 'valence_high'})",1721,duration_ms_very_high|mode_0|valence_high
0.020615963296158314,"frozenset({'acousticness_very_low', 'danceability_high', 'tempo_high'})",1721,acousticness_very_low|danceability_high|tempo_high
0.020615963296158314,"frozenset({'speechiness_low', 'acousticness_very_high', 'loudness_very_low', 'instrumentalness_high', 'mode_1', 'energy_very_low'})",1721,acousticness_very_high|energy_very_low|instrumentalness_high|loudness_very_low|mode_1|speechiness_low
0.020603984235556247,"frozenset({'loudness_very_high', 'instrumentalness_medium', 'duration_ms_high'})",1720,duration_ms_high|instrumentalness_medium|loudness_very_high
0.020603984235556247,"frozenset({'valence_low', 'loudness_low', 'acousticness_high'})",1720,acousticness_high|loudness_low|valence_low
0.020603984235556247,"frozenset({'instrumentalness_low', 'duration_ms_very_high', 'acousticness_very_high'})",1720,acousticness_very_high|duration_ms_very_high|instrumentalness_low
0.020603984235556247,"frozenset({'speechiness_very_low', 'mode_0', 'key_very_high'})",1720,key_very_high|mode_0|speechiness_very_low
0.020603984235556247,"frozenset({'key_low', 'mode_0', 'danceability_low'})",1720,danceability_low|key_low|mode_0
0.020603984235556247,"frozenset({'acousticness_very_high', 'key_very_low', 'tempo_low'})",1720,acousticness_very_high|key_very_low|tempo_low
0.020603984235556247,"frozenset({'valence_low', 'energy_low', 'key_very_low'})",1720,energy_low|key_very_low|valence_low
0.020603984235556247,"frozenset({'instrumentalness_low', 'valence_very_high', 'acousticness_very_high', 'mode_1'})",1720,acousticness_very_high|instrumentalness_low|mode_1|valence_very_high
0.02059200517495418,"frozenset({'speechiness_very_low', 'energy_very_low', 'key_very_low', 'acousticness_very_high'})",1719,acousticness_very_high|energy_very_low|key_very_low|speechiness_very_low
0.02059200517495418,"frozenset({'instrumentalness_low', 'liveness_high', 'acousticness_very_low'})",1719,acousticness_very_low|instrumentalness_low|liveness_high
0.02059200517495418,"frozenset({'tempo_very_low', 'loudness_very_low', 'mode_1', 'key_very_low'})",1719,key_very_low|loudness_very_low|mode_1|tempo_very_low
0.02059200517495418,"frozenset({'key_low', 'acousticness_low', 'mode_1'})",1719,acousticness_low|key_low|mode_1
0.02059200517495418,"frozenset({'loudness_very_low', 'liveness_low', 'key_high'})",1719,key_high|liveness_low|loudness_very_low
0.020580026114352112,"frozenset({'instrumentalness_low', 'valence_very_low', 'loudness_low'})",1718,instrumentalness_low|loudness_low|valence_very_low
0.020580026114352112,"frozenset({'liveness_high', 'tempo_very_low', 'energy_very_low'})",1718,energy_very_low|liveness_high|tempo_very_low
0.020580026114352112,"frozenset({'acousticness_very_low', 'mode_1', 'energy_very_high', 'instrumentalness_low', 'loudness_very_high'})",1718,acousticness_very_low|energy_very_high|instrumentalness_low|loudness_very_high|mode_1
0.020580026114352112,"frozenset({'speechiness_low', 'loudness_very_low', 'tempo_low'})",1718,loudness_very_low|speechiness_low|tempo_low
0.020580026114352112,"frozenset({'acousticness_very_high', 'loudness_very_low', 'danceability_very_low', 'liveness_low', 'mode_1'})",1718,acousticness_very_high|danceability_very_low|liveness_low|loudness_very_low|mode_1
0.020568047053750045,"frozenset({'duration_ms_very_low', 'loudness_very_high', 'mode_1', 'energy_very_high'})",1717,duration_ms_very_low|energy_very_high|loudness_very_high|mode_1
0.020568047053750045,"frozenset({'mode_0', 'instrumentalness_high', 'acousticness_low'})",1717,acousticness_low|instrumentalness_high|mode_0
0.020568047053750045,"frozenset({'loudness_very_high', 'tempo_very_high', 'mode_1', 'key_very_low'})",1717,key_very_low|loudness_very_high|mode_1|tempo_very_high
0.020568047053750045,"frozenset({'acousticness_very_low', 'speechiness_very_high', 'key_high'})",1717,acousticness_very_low|key_high|speechiness_very_high
0.020568047053750045,"frozenset({'duration_ms_very_low', 'acousticness_very_high', 'key_high'})",1717,acousticness_very_high|duration_ms_very_low|key_high
0.020568047053750045,"frozenset({'speechiness_low', 'mode_0', 'loudness_very_low', 'energy_very_low'})",1717,energy_very_low|loudness_very_low|mode_0|speechiness_low
0.020556067993147978,"frozenset({'speechiness_low', 'energy_high', 'danceability_high'})",1716,danceability_high|energy_high|speechiness_low
0.020556067993147978,"frozenset({'danceability_high', 'loudness_low', 'tempo_low'})",1716,danceability_high|loudness_low|tempo_low
0.020556067993147978,"frozenset({'mode_0', 'acousticness_low', 'key_very_low'})",1716,acousticness_low|key_very_low|mode_0
0.020556067993147978,"frozenset({'danceability_high', 'duration_ms_low', 'loudness_high'})",1716,danceability_high|duration_ms_low|loudness_high
0.020556067993147978,"frozenset({'danceability_very_low', 'liveness_high', 'mode_0'})",1716,danceability_very_low|liveness_high|mode_0
0.020556067993147978,"frozenset({'liveness_high', 'energy_low', 'loudness_high'})",1716,energy_low|liveness_high|loudness_high
0.020556067993147978,"frozenset({'duration_ms_very_low', 'speechiness_very_high', 'key_very_high'})",1716,duration_ms_very_low|key_very_high|speechiness_very_high
0.020556067993147978,"frozenset({'speechiness_very_low', 'valence_very_low', 'duration_ms_high'})",1716,duration_ms_high|speechiness_very_low|valence_very_low
0.020556067993147978,"frozenset({'valence_low', 'tempo_very_low', 'loudness_very_low'})",1716,loudness_very_low|tempo_very_low|valence_low
0.02054408893254591,"frozenset({'acousticness_very_high', 'loudness_very_low', 'danceability_very_low', 'valence_very_low', 'tempo_very_low', 'instrumentalness_high'})",1715,acousticness_very_high|danceability_very_low|instrumentalness_high|loudness_very_low|tempo_very_low|valence_very_low
0.02054408893254591,"frozenset({'instrumentalness_low', 'valence_very_low', 'duration_ms_very_high'})",1715,duration_ms_very_high|instrumentalness_low|valence_very_low
0.02054408893254591,"frozenset({'speechiness_very_low', 'mode_0', 'danceability_low'})",1715,danceability_low|mode_0|speechiness_very_low
0.02054408893254591,"frozenset({'mode_0', 'duration_ms_low', 'key_very_low'})",1715,duration_ms_low|key_very_low|mode_0
0.02054408893254591,"frozenset({'mode_0', 'loudness_low', 'duration_ms_low'})",1715,duration_ms_low|loudness_low|mode_0
0.02054408893254591,"frozenset({'speechiness_low', 'tempo_very_low', 'liveness_low'})",1715,liveness_low|speechiness_low|tempo_very_low
0.02054408893254591,"frozenset({'instrumentalness_low', 'duration_ms_low', 'mode_1', 'key_very_high'})",1715,duration_ms_low|instrumentalness_low|key_very_high|mode_1
0.020532109871943843,"frozenset({'valence_very_low', 'loudness_very_low', 'acousticness_very_high', 'speechiness_very_low'})",1714,acousticness_very_high|loudness_very_low|speechiness_very_low|valence_very_low
0.020532109871943843,"frozenset({'instrumentalness_low', 'loudness_low', 'mode_1', 'tempo_high'})",1714,instrumentalness_low|loudness_low|mode_1|tempo_high
0.020532109871943843,"frozenset({'danceability_very_low', 'loudness_very_low', 'key_very_low', 'instrumentalness_high'})",1714,danceability_very_low|instrumentalness_high|key_very_low|loudness_very_low
0.020532109871943843,"frozenset({'acousticness_low', 'energy_high', 'duration_ms_very_high'})",1714,acousticness_low|duration_ms_very_high|energy_high
0.020532109871943843,"frozenset({'speechiness_low', 'energy_very_low', 'key_very_low', 'acousticness_very_high'})",1714,acousticness_very_high|energy_very_low|key_very_low|speechiness_low
0.020532109871943843,"frozenset({'mode_0', 'tempo_very_low', 'speechiness_high'})",1714,mode_0|speechiness_high|tempo_very_low
0.020532109871943843,"frozenset({'danceability_very_low', 'liveness_high', 'energy_very_high'})",1714,danceability_very_low|energy_very_high|liveness_high
0.020532109871943843,"frozenset({'duration_ms_very_low', 'speechiness_very_low', 'loudness_very_low'})",1714,duration_ms_very_low|loudness_very_low|speechiness_very_low
0.020532109871943843,"frozenset({'valence_high', 'key_very_low', 'loudness_high'})",1714,key_very_low|loudness_high|valence_high
0.020532109871943843,"frozenset({'valence_very_low', 'acousticness_very_low', 'key_high'})",1714,acousticness_very_low|key_high|valence_very_low
0.020520130811341776,"frozenset({'duration_ms_very_low', 'key_low', 'energy_very_low'})",1713,duration_ms_very_low|energy_very_low|key_low
0.020520130811341776,"frozenset({'key_very_low', 'energy_very_high', 'loudness_high'})",1713,energy_very_high|key_very_low|loudness_high
0.020520130811341776,"frozenset({'danceability_very_low', 'energy_very_low', 'duration_ms_high'})",1713,danceability_very_low|duration_ms_high|energy_very_low
0.020520130811341776,"frozenset({'acousticness_very_low', 'instrumentalness_high', 'tempo_low'})",1713,acousticness_very_low|instrumentalness_high|tempo_low
0.020520130811341776,"frozenset({'instrumentalness_high', 'energy_very_low', 'key_high'})",1713,energy_very_low|instrumentalness_high|key_high
0.020520130811341776,"frozenset({'liveness_very_high', 'tempo_low', 'energy_very_high'})",1713,energy_very_high|liveness_very_high|tempo_low
0.020508151750739705,"frozenset({'duration_ms_very_low', 'danceability_very_high', 'tempo_high'})",1712,danceability_very_high|duration_ms_very_low|tempo_high
0.020508151750739705,"frozenset({'energy_low', 'speechiness_very_high', 'valence_high'})",1712,energy_low|speechiness_very_high|valence_high
0.020508151750739705,"frozenset({'instrumentalness_low', 'liveness_very_low', 'danceability_high', 'mode_1'})",1712,danceability_high|instrumentalness_low|liveness_very_low|mode_1
0.020508151750739705,"frozenset({'energy_high', 'duration_ms_very_high', 'key_very_low'})",1712,duration_ms_very_high|energy_high|key_very_low
0.020508151750739705,"frozenset({'valence_low', 'tempo_very_high', 'key_very_low'})",1712,key_very_low|tempo_very_high|valence_low
0.020508151750739705,"frozenset({'instrumentalness_low', 'loudness_very_low', 'tempo_low'})",1712,instrumentalness_low|loudness_very_low|tempo_low
0.020496172690137638,"frozenset({'liveness_high', 'danceability_high', 'valence_high'})",1711,danceability_high|liveness_high|valence_high
0.020496172690137638,"frozenset({'loudness_very_high', 'acousticness_low', 'key_very_high'})",1711,acousticness_low|key_very_high|loudness_very_high
0.020496172690137638,"frozenset({'liveness_very_low', 'loudness_very_low', 'key_very_low'})",1711,key_very_low|liveness_very_low|loudness_very_low
0.020496172690137638,"frozenset({'instrumentalness_low', 'liveness_high', 'acousticness_very_high', 'mode_1'})",1711,acousticness_very_high|instrumentalness_low|liveness_high|mode_1
0.020496172690137638,"frozenset({'mode_0', 'speechiness_high', 'key_very_low'})",1711,key_very_low|mode_0|speechiness_high
0.020496172690137638,"frozenset({'duration_ms_very_low', 'mode_0', 'loudness_very_low', 'energy_very_low'})",1711,duration_ms_very_low|energy_very_low|loudness_very_low|mode_0
0.02048419362953557,"frozenset({'instrumentalness_low', 'liveness_low', 'danceability_very_low'})",1710,danceability_very_low|instrumentalness_low|liveness_low
0.02048419362953557,"frozenset({'danceability_low', 'instrumentalness_low', 'speechiness_very_high', 'mode_1'})",1710,danceability_low|instrumentalness_low|mode_1|speechiness_very_high
0.02048419362953557,"frozenset({'instrumentalness_low', 'loudness_very_high', 'energy_high', 'danceability_very_high'})",1710,danceability_very_high|energy_high|instrumentalness_low|loudness_very_high
0.02048419362953557,"frozenset({'mode_0', 'energy_low', 'key_very_low'})",1710,energy_low|key_very_low|mode_0
0.02048419362953557,"frozenset({'mode_0', 'key_high', 'loudness_high'})",1710,key_high|loudness_high|mode_0
0.02048419362953557,"frozenset({'mode_0', 'duration_ms_very_high', 'key_high'})",1710,duration_ms_very_high|key_high|mode_0
0.02048419362953557,"frozenset({'danceability_very_low', 'instrumentalness_medium', 'energy_very_low'})",1710,danceability_very_low|energy_very_low|instrumentalness_medium
0.02048419362953557,"frozenset({'loudness_very_high', 'duration_ms_low', 'danceability_low'})",1710,danceability_low|duration_ms_low|loudness_very_high
0.02048419362953557,"frozenset({'liveness_very_low', 'loudness_very_high', 'acousticness_low'})",1710,acousticness_low|liveness_very_low|loudness_very_high
0.020472214568933503,"frozenset({'mode_0', 'duration_ms_very_high', 'key_very_low'})",1709,duration_ms_very_high|key_very_low|mode_0
0.020472214568933503,"frozenset({'mode_0', 'danceability_high', 'tempo_very_high'})",1709,danceability_high|mode_0|tempo_very_high
0.020472214568933503,"frozenset({'mode_0', 'duration_ms_low', 'key_high'})",1709,duration_ms_low|key_high|mode_0
0.020472214568933503,"frozenset({'key_low', 'valence_very_low', 'acousticness_very_high'})",1709,acousticness_very_high|key_low|valence_very_low
0.020472214568933503,"frozenset({'instrumentalness_low', 'acousticness_very_high', 'loudness_high'})",1709,acousticness_very_high|instrumentalness_low|loudness_high
0.020460235508331436,"frozenset({'energy_low', 'instrumentalness_medium', 'acousticness_high'})",1708,acousticness_high|energy_low|instrumentalness_medium
0.020460235508331436,"frozenset({'duration_ms_very_low', 'instrumentalness_low', 'valence_very_high', 'acousticness_high'})",1708,acousticness_high|duration_ms_very_low|instrumentalness_low|valence_very_high
0.020460235508331436,"frozenset({'valence_very_low', 'liveness_low', 'tempo_high'})",1708,liveness_low|tempo_high|valence_very_low
0.020460235508331436,"frozenset({'liveness_high', 'tempo_very_high', 'danceability_low'})",1708,danceability_low|liveness_high|tempo_very_high
0.020460235508331436,"frozenset({'liveness_very_low', 'danceability_high', 'valence_very_high'})",1708,danceability_high|liveness_very_low|valence_very_high
0.02044825644772937,"frozenset({'liveness_high', 'loudness_very_low', 'acousticness_very_high', 'mode_1'})",1707,acousticness_very_high|liveness_high|loudness_very_low|mode_1
0.02044825644772937,"frozenset({'speechiness_high', 'key_very_low', 'valence_high'})",1707,key_very_low|speechiness_high|valence_high
0.02044825644772937,"frozenset({'speechiness_very_low', 'liveness_low', 'duration_ms_very_high'})",1707,duration_ms_very_high|liveness_low|speechiness_very_low
0.02044825644772937,"frozenset({'danceability_very_high', 'valence_high', 'loudness_high'})",1707,danceability_very_high|loudness_high|valence_high
0.02044825644772937,"frozenset({'danceability_very_high', 'key_high', 'acousticness_high'})",1707,acousticness_high|danceability_very_high|key_high
0.02044825644772937,"frozenset({'loudness_very_high', 'mode_0', 'key_very_low'})",1707,key_very_low|loudness_very_high|mode_0
0.02044825644772937,"frozenset({'danceability_low', 'tempo_very_high', 'speechiness_very_high'})",1707,danceability_low|speechiness_very_high|tempo_very_high
0.02044825644772937,"frozenset({'energy_low', 'key_very_low', 'valence_high'})",1707,energy_low|key_very_low|valence_high
0.02044825644772937,"frozenset({'liveness_very_low', 'energy_very_low', 'key_very_low'})",1707,energy_very_low|key_very_low|liveness_very_low
0.0204362773871273,"frozenset({'duration_ms_very_low', 'mode_0', 'danceability_very_low'})",1706,danceability_very_low|duration_ms_very_low|mode_0
0.0204362773871273,"frozenset({'valence_very_high', 'speechiness_high', 'key_very_low'})",1706,key_very_low|speechiness_high|valence_very_high
0.0204362773871273,"frozenset({'acousticness_very_low', 'liveness_very_high', 'tempo_very_high', 'energy_very_high'})",1706,acousticness_very_low|energy_very_high|liveness_very_high|tempo_very_high
0.0204362773871273,"frozenset({'valence_low', 'liveness_very_high', 'danceability_low'})",1706,danceability_low|liveness_very_high|valence_low
0.0204362773871273,"frozenset({'energy_low', 'duration_ms_very_high', 'key_very_low'})",1706,duration_ms_very_high|energy_low|key_very_low
0.0204362773871273,"frozenset({'duration_ms_very_low', 'loudness_very_low', 'liveness_low', 'mode_1', 'energy_very_low'})",1706,duration_ms_very_low|energy_very_low|liveness_low|loudness_very_low|mode_1
0.0204362773871273,"frozenset({'mode_0', 'duration_ms_very_high', 'speechiness_very_high'})",1706,duration_ms_very_high|mode_0|speechiness_very_high
0.0204362773871273,"frozenset({'liveness_low', 'mode_1', 'energy_very_high'})",1706,energy_very_high|liveness_low|mode_1
0.0204362773871273,"frozenset({'liveness_high', 'duration_ms_low', 'key_very_low'})",1706,duration_ms_low|key_very_low|liveness_high
0.0204362773871273,"frozenset({'mode_0', 'liveness_very_high', 'instrumentalness_high'})",1706,instrumentalness_high|liveness_very_high|mode_0
0.020424298326525234,"frozenset({'mode_0', 'key_high', 'energy_very_high'})",1705,energy_very_high|key_high|mode_0
0.020424298326525234,"frozenset({'instrumentalness_low', 'mode_1', 'tempo_low', 'duration_ms_high'})",1705,duration_ms_high|instrumentalness_low|mode_1|tempo_low
0.020424298326525234,"frozenset({'instrumentalness_high', 'energy_very_low', 'tempo_low'})",1705,energy_very_low|instrumentalness_high|tempo_low
0.020424298326525234,"frozenset({'energy_low', 'loudness_low', 'speechiness_high'})",1705,energy_low|loudness_low|speechiness_high
0.020424298326525234,"frozenset({'instrumentalness_low', 'mode_0', 'energy_high', 'danceability_very_high'})",1705,danceability_very_high|energy_high|instrumentalness_low|mode_0
0.020424298326525234,"frozenset({'danceability_very_high', 'instrumentalness_medium', 'energy_high'})",1705,danceability_very_high|energy_high|instrumentalness_medium
0.020424298326525234,"frozenset({'key_very_high', 'acousticness_low', 'loudness_high'})",1705,acousticness_low|key_very_high|loudness_high
0.020412319265923167,"frozenset({'instrumentalness_low', 'loudness_very_high', 'mode_1', 'tempo_low'})",1704,instrumentalness_low|loudness_very_high|mode_1|tempo_low
0.020412319265923167,"frozenset({'danceability_low', 'instrumentalness_low', 'mode_1', 'key_very_high'})",1704,danceability_low|instrumentalness_low|key_very_high|mode_1
0.020412319265923167,"frozenset({'loudness_very_low', 'acousticness_very_high', 'mode_1', 'speechiness_high'})",1704,acousticness_very_high|loudness_very_low|mode_1|speechiness_high
0.020412319265923167,"frozenset({'duration_ms_very_low', 'energy_very_low', 'key_very_high'})",1704,duration_ms_very_low|energy_very_low|key_very_high
0.020412319265923167,"frozenset({'key_very_low', 'tempo_low', 'duration_ms_high'})",1704,duration_ms_high|key_very_low|tempo_low
0.020412319265923167,"frozenset({'mode_0', 'instrumentalness_medium', 'acousticness_very_low', 'energy_very_high'})",1704,acousticness_very_low|energy_very_high|instrumentalness_medium|mode_0
0.020412319265923167,"frozenset({'energy_high', 'speechiness_very_high', 'valence_high'})",1704,energy_high|speechiness_very_high|valence_high
0.020412319265923167,"frozenset({'duration_ms_very_low', 'loudness_very_high', 'acousticness_very_low'})",1704,acousticness_very_low|duration_ms_very_low|loudness_very_high
0.0204003402053211,"frozenset({'danceability_very_high', 'acousticness_low', 'mode_1', 'key_very_low'})",1703,acousticness_low|danceability_very_high|key_very_low|mode_1
0.0204003402053211,"frozenset({'danceability_very_low', 'acousticness_very_low', 'liveness_very_high', 'mode_1'})",1703,acousticness_very_low|danceability_very_low|liveness_very_high|mode_1
0.0204003402053211,"frozenset({'liveness_high', 'danceability_high', 'acousticness_high'})",1703,acousticness_high|danceability_high|liveness_high
0.0204003402053211,"frozenset({'instrumentalness_low', 'danceability_very_low', 'valence_high'})",1703,danceability_very_low|instrumentalness_low|valence_high
0.0204003402053211,"frozenset({'valence_low', 'speechiness_very_low', 'duration_ms_very_high'})",1703,duration_ms_very_high|speechiness_very_low|valence_low
0.020388361144719033,"frozenset({'instrumentalness_low', 'energy_low', 'mode_1', 'speechiness_low'})",1702,energy_low|instrumentalness_low|mode_1|speechiness_low
0.020388361144719033,"frozenset({'liveness_high', 'energy_high', 'key_very_low'})",1702,energy_high|key_very_low|liveness_high
0.020388361144719033,"frozenset({'energy_high', 'liveness_low', 'acousticness_low'})",1702,acousticness_low|energy_high|liveness_low
0.020388361144719033,"frozenset({'liveness_high', 'acousticness_low', 'loudness_high'})",1702,acousticness_low|liveness_high|loudness_high
0.020388361144719033,"frozenset({'liveness_very_low', 'mode_0', 'energy_very_low'})",1702,energy_very_low|liveness_very_low|mode_0
0.020388361144719033,"frozenset({'instrumentalness_low', 'acousticness_very_high', 'mode_1', 'speechiness_low'})",1702,acousticness_very_high|instrumentalness_low|mode_1|speechiness_low
0.020388361144719033,"frozenset({'instrumentalness_low', 'danceability_high', 'mode_1', 'speechiness_low'})",1702,danceability_high|instrumentalness_low|mode_1|speechiness_low
0.020388361144719033,"frozenset({'mode_0', 'liveness_low', 'key_very_low'})",1702,key_very_low|liveness_low|mode_0
0.020388361144719033,"frozenset({'danceability_very_low', 'valence_very_low', 'acousticness_very_high', 'key_very_low'})",1702,acousticness_very_high|danceability_very_low|key_very_low|valence_very_low
0.020388361144719033,"frozenset({'danceability_high', 'key_very_low', 'duration_ms_high'})",1702,danceability_high|duration_ms_high|key_very_low
0.020376382084116962,"frozenset({'valence_very_low', 'speechiness_very_high', 'mode_1', 'energy_very_high'})",1701,energy_very_high|mode_1|speechiness_very_high|valence_very_low
0.020376382084116962,"frozenset({'danceability_very_low', 'liveness_high', 'energy_very_low'})",1701,danceability_very_low|energy_very_low|liveness_high
0.020376382084116962,"frozenset({'danceability_very_low', 'energy_very_high', 'duration_ms_high'})",1701,danceability_very_low|duration_ms_high|energy_very_high
0.020376382084116962,"frozenset({'key_very_low', 'loudness_low', 'tempo_high'})",1701,key_very_low|loudness_low|tempo_high
0.020376382084116962,"frozenset({'tempo_very_high', 'speechiness_very_high', 'loudness_high'})",1701,loudness_high|speechiness_very_high|tempo_very_high
0.020376382084116962,"frozenset({'mode_0', 'tempo_very_low', 'acousticness_low'})",1701,acousticness_low|mode_0|tempo_very_low
0.020376382084116962,"frozenset({'instrumentalness_low', 'tempo_very_low', 'acousticness_low', 'mode_1'})",1701,acousticness_low|instrumentalness_low|mode_1|tempo_very_low
0.020364403023514895,"frozenset({'danceability_very_low', 'instrumentalness_medium', 'key_very_low'})",1700,danceability_very_low|instrumentalness_medium|key_very_low
0.020364403023514895,"frozenset({'instrumentalness_low', 'duration_ms_very_high', 'speechiness_low'})",1700,duration_ms_very_high|instrumentalness_low|speechiness_low
0.020364403023514895,"frozenset({'danceability_low', 'mode_0', 'speechiness_very_high'})",1700,danceability_low|mode_0|speechiness_very_high
0.020364403023514895,"frozenset({'duration_ms_very_low', 'mode_0', 'liveness_very_high'})",1700,duration_ms_very_low|liveness_very_high|mode_0
0.020364403023514895,"frozenset({'speechiness_low', 'acousticness_very_high', 'danceability_very_low', 'valence_very_low', 'instrumentalness_high'})",1700,acousticness_very_high|danceability_very_low|instrumentalness_high|speechiness_low|valence_very_low
0.020364403023514895,"frozenset({'instrumentalness_low', 'loudness_very_high', 'tempo_very_high', 'speechiness_very_high'})",1700,instrumentalness_low|loudness_very_high|speechiness_very_high|tempo_very_high
0.020364403023514895,"frozenset({'instrumentalness_low', 'energy_high', 'danceability_high', 'valence_very_high'})",1700,danceability_high|energy_high|instrumentalness_low|valence_very_high
0.020352423962912827,"frozenset({'danceability_very_low', 'speechiness_very_low', 'key_very_low'})",1699,danceability_very_low|key_very_low|speechiness_very_low
0.020352423962912827,"frozenset({'duration_ms_very_low', 'danceability_very_high', 'loudness_high'})",1699,danceability_very_high|duration_ms_very_low|loudness_high
0.020352423962912827,"frozenset({'instrumentalness_low', 'liveness_high', 'speechiness_very_high', 'mode_1'})",1699,instrumentalness_low|liveness_high|mode_1|speechiness_very_high
0.020352423962912827,"frozenset({'duration_ms_very_low', 'mode_0', 'energy_very_low', 'acousticness_very_high'})",1699,acousticness_very_high|duration_ms_very_low|energy_very_low|mode_0
0.020352423962912827,"frozenset({'key_very_low', 'liveness_very_high', 'speechiness_very_high', 'mode_1'})",1699,key_very_low|liveness_very_high|mode_1|speechiness_very_high
0.020352423962912827,"frozenset({'liveness_high', 'danceability_low', 'acousticness_very_low'})",1699,acousticness_very_low|danceability_low|liveness_high
0.02034044490231076,"frozenset({'acousticness_very_low', 'instrumentalness_high', 'mode_1', 'tempo_high'})",1698,acousticness_very_low|instrumentalness_high|mode_1|tempo_high
0.02034044490231076,"frozenset({'instrumentalness_high', 'mode_0', 'loudness_very_low', 'danceability_very_low'})",1698,danceability_very_low|instrumentalness_high|loudness_very_low|mode_0
0.02034044490231076,"frozenset({'instrumentalness_medium', 'valence_very_high', 'acousticness_low'})",1698,acousticness_low|instrumentalness_medium|valence_very_high
0.02034044490231076,"frozenset({'duration_ms_very_low', 'speechiness_high', 'key_very_low'})",1698,duration_ms_very_low|key_very_low|speechiness_high
0.02034044490231076,"frozenset({'instrumentalness_medium', 'energy_very_low', 'tempo_very_low'})",1698,energy_very_low|instrumentalness_medium|tempo_very_low
0.02034044490231076,"frozenset({'mode_0', 'instrumentalness_medium', 'tempo_very_low'})",1698,instrumentalness_medium|mode_0|tempo_very_low
0.02034044490231076,"frozenset({'valence_very_low', 'instrumentalness_high', 'duration_ms_high'})",1698,duration_ms_high|instrumentalness_high|valence_very_low
0.02034044490231076,"frozenset({'danceability_very_low', 'mode_0', 'duration_ms_high'})",1698,danceability_very_low|duration_ms_high|mode_0
0.020328465841708693,"frozenset({'loudness_very_high', 'instrumentalness_medium', 'speechiness_high'})",1697,instrumentalness_medium|loudness_very_high|speechiness_high
0.020328465841708693,"frozenset({'liveness_high', 'danceability_low', 'key_very_low'})",1697,danceability_low|key_very_low|liveness_high
0.020328465841708693,"frozenset({'duration_ms_very_low', 'liveness_very_low', 'energy_very_low'})",1697,duration_ms_very_low|energy_very_low|liveness_very_low
0.020328465841708693,"frozenset({'instrumentalness_low', 'liveness_very_low', 'energy_very_high'})",1697,energy_very_high|instrumentalness_low|liveness_very_low
0.020328465841708693,"frozenset({'liveness_high', 'mode_0', 'key_very_low'})",1697,key_very_low|liveness_high|mode_0
0.020328465841708693,"frozenset({'loudness_very_high', 'speechiness_very_high', 'key_very_low', 'energy_very_high'})",1697,energy_very_high|key_very_low|loudness_very_high|speechiness_very_high
0.020316486781106625,"frozenset({'loudness_very_low', 'tempo_very_low', 'liveness_low', 'mode_1', 'energy_very_low'})",1696,energy_very_low|liveness_low|loudness_very_low|mode_1|tempo_very_low
0.020316486781106625,"frozenset({'instrumentalness_high', 'energy_low', 'loudness_very_low'})",1696,energy_low|instrumentalness_high|loudness_very_low
0.020316486781106625,"frozenset({'liveness_very_low', 'energy_high', 'duration_ms_very_high'})",1696,duration_ms_very_high|energy_high|liveness_very_low
0.020316486781106625,"frozenset({'duration_ms_very_low', 'liveness_very_low', 'valence_very_high'})",1696,duration_ms_very_low|liveness_very_low|valence_very_high
0.020316486781106625,"frozenset({'speechiness_low', 'liveness_very_low', 'energy_very_low'})",1696,energy_very_low|liveness_very_low|speechiness_low
0.020316486781106625,"frozenset({'acousticness_low', 'tempo_low', 'loudness_high'})",1696,acousticness_low|loudness_high|tempo_low
0.020316486781106625,"frozenset({'speechiness_low', 'mode_0', 'valence_high'})",1696,mode_0|speechiness_low|valence_high
0.020316486781106625,"frozenset({'acousticness_very_low', 'tempo_very_high', 'speechiness_high', 'energy_very_high'})",1696,acousticness_very_low|energy_very_high|speechiness_high|tempo_very_high
0.020304507720504558,"frozenset({'speechiness_very_low', 'danceability_low', 'tempo_high'})",1695,danceability_low|speechiness_very_low|tempo_high
0.020304507720504558,"frozenset({'valence_very_low', 'duration_ms_very_high', 'tempo_low'})",1695,duration_ms_very_high|tempo_low|valence_very_low
0.020304507720504558,"frozenset({'duration_ms_low', 'acousticness_low', 'tempo_high'})",1695,acousticness_low|duration_ms_low|tempo_high
0.020304507720504558,"frozenset({'loudness_very_high', 'acousticness_low', 'danceability_low'})",1695,acousticness_low|danceability_low|loudness_very_high
0.020304507720504558,"frozenset({'speechiness_very_low', 'danceability_high', 'acousticness_very_high'})",1695,acousticness_very_high|danceability_high|speechiness_very_low
0.020304507720504558,"frozenset({'acousticness_very_high', 'loudness_very_low', 'danceability_very_low', 'liveness_low', 'instrumentalness_high'})",1695,acousticness_very_high|danceability_very_low|instrumentalness_high|liveness_low|loudness_very_low
0.02029252865990249,"frozenset({'mode_0', 'acousticness_very_high', 'key_very_low'})",1694,acousticness_very_high|key_very_low|mode_0
0.02029252865990249,"frozenset({'liveness_high', 'key_very_low', 'valence_high'})",1694,key_very_low|liveness_high|valence_high
0.02029252865990249,"frozenset({'liveness_very_low', 'energy_high', 'tempo_high'})",1694,energy_high|liveness_very_low|tempo_high
0.02029252865990249,"frozenset({'key_low', 'liveness_very_low', 'instrumentalness_low'})",1694,instrumentalness_low|key_low|liveness_very_low
0.02029252865990249,"frozenset({'liveness_high', 'acousticness_very_low', 'key_very_low'})",1694,acousticness_very_low|key_very_low|liveness_high
0.020280549599300424,"frozenset({'danceability_very_high', 'liveness_low', 'valence_very_high'})",1693,danceability_very_high|liveness_low|valence_very_high
0.020280549599300424,"frozenset({'key_very_low', 'tempo_high', 'loudness_high'})",1693,key_very_low|loudness_high|tempo_high
0.020280549599300424,"frozenset({'instrumentalness_low', 'loudness_very_high', 'mode_1', 'speechiness_low'})",1693,instrumentalness_low|loudness_very_high|mode_1|speechiness_low
0.020280549599300424,"frozenset({'liveness_very_low', 'mode_0', 'key_high'})",1693,key_high|liveness_very_low|mode_0
0.020280549599300424,"frozenset({'key_low', 'energy_low', 'acousticness_high'})",1693,acousticness_high|energy_low|key_low
0.020268570538698356,"frozenset({'danceability_very_high', 'energy_high', 'duration_ms_very_high'})",1692,danceability_very_high|duration_ms_very_high|energy_high
0.020268570538698356,"frozenset({'valence_low', 'instrumentalness_low', 'acousticness_low', 'mode_1'})",1692,acousticness_low|instrumentalness_low|mode_1|valence_low
0.020268570538698356,"frozenset({'danceability_very_high', 'liveness_low', 'tempo_high'})",1692,danceability_very_high|liveness_low|tempo_high
0.02025659147809629,"frozenset({'acousticness_low', 'tempo_very_high', 'danceability_low'})",1691,acousticness_low|danceability_low|tempo_very_high
0.02025659147809629,"frozenset({'loudness_very_high', 'liveness_very_high', 'danceability_high'})",1691,danceability_high|liveness_very_high|loudness_very_high
0.02025659147809629,"frozenset({'loudness_very_low', 'acousticness_very_high', 'mode_1', 'key_very_high'})",1691,acousticness_very_high|key_very_high|loudness_very_low|mode_1
0.02025659147809629,"frozenset({'instrumentalness_low', 'key_high', 'mode_1', 'tempo_high'})",1691,instrumentalness_low|key_high|mode_1|tempo_high
0.02025659147809629,"frozenset({'tempo_very_low', 'loudness_very_low', 'key_high'})",1691,key_high|loudness_very_low|tempo_very_low
0.02024461241749422,"frozenset({'danceability_very_high', 'energy_low', 'valence_very_high', 'mode_1'})",1690,danceability_very_high|energy_low|mode_1|valence_very_high
0.02024461241749422,"frozenset({'duration_ms_very_low', 'mode_0', 'key_low'})",1690,duration_ms_very_low|key_low|mode_0
0.02024461241749422,"frozenset({'acousticness_very_low', 'instrumentalness_medium', 'tempo_very_high', 'energy_very_high'})",1690,acousticness_very_low|energy_very_high|instrumentalness_medium|tempo_very_high
0.02024461241749422,"frozenset({'instrumentalness_low', 'energy_low', 'valence_high', 'acousticness_high'})",1690,acousticness_high|energy_low|instrumentalness_low|valence_high
0.02024461241749422,"frozenset({'acousticness_very_high', 'danceability_very_low', 'speechiness_very_low', 'mode_1', 'energy_very_low'})",1690,acousticness_very_high|danceability_very_low|energy_very_low|mode_1|speechiness_very_low
0.02024461241749422,"frozenset({'energy_very_high', 'tempo_high', 'loudness_high'})",1690,energy_very_high|loudness_high|tempo_high
0.02024461241749422,"frozenset({'danceability_very_low', 'acousticness_very_low', 'key_very_low', 'energy_very_high'})",1690,acousticness_very_low|danceability_very_low|energy_very_high|key_very_low
0.02024461241749422,"frozenset({'tempo_very_low', 'loudness_very_low', 'acousticness_very_high', 'key_very_low'})",1690,acousticness_very_high|key_very_low|loudness_very_low|tempo_very_low
0.02023263335689215,"frozenset({'energy_low', 'danceability_high', 'loudness_high'})",1689,danceability_high|energy_low|loudness_high
0.02023263335689215,"frozenset({'key_very_low', 'danceability_very_high', 'speechiness_very_high', 'mode_1'})",1689,danceability_very_high|key_very_low|mode_1|speechiness_very_high
0.02023263335689215,"frozenset({'liveness_low', 'key_very_low', 'tempo_low'})",1689,key_very_low|liveness_low|tempo_low
0.020220654296290084,"frozenset({'key_very_high', 'speechiness_very_high', 'valence_high'})",1688,key_very_high|speechiness_very_high|valence_high
0.020220654296290084,"frozenset({'danceability_high', 'valence_high', 'duration_ms_high'})",1688,danceability_high|duration_ms_high|valence_high
0.020220654296290084,"frozenset({'valence_low', 'tempo_very_low', 'liveness_low'})",1688,liveness_low|tempo_very_low|valence_low
0.020220654296290084,"frozenset({'loudness_very_low', 'acousticness_very_high', 'speechiness_very_high'})",1688,acousticness_very_high|loudness_very_low|speechiness_very_high
0.020220654296290084,"frozenset({'key_very_high', 'danceability_very_high', 'acousticness_high'})",1688,acousticness_high|danceability_very_high|key_very_high
0.020220654296290084,"frozenset({'speechiness_low', 'liveness_very_low', 'danceability_very_high'})",1688,danceability_very_high|liveness_very_low|speechiness_low
0.020220654296290084,"frozenset({'speechiness_low', 'loudness_very_low', 'danceability_very_low', 'valence_very_low', 'mode_1'})",1688,danceability_very_low|loudness_very_low|mode_1|speechiness_low|valence_very_low
0.020208675235688017,"frozenset({'mode_0', 'liveness_very_high', 'acousticness_high'})",1687,acousticness_high|liveness_very_high|mode_0
0.020208675235688017,"frozenset({'liveness_very_low', 'energy_low', 'speechiness_very_low'})",1687,energy_low|liveness_very_low|speechiness_very_low
0.020208675235688017,"frozenset({'instrumentalness_low', 'energy_low', 'danceability_high', 'acousticness_high'})",1687,acousticness_high|danceability_high|energy_low|instrumentalness_low
0.020208675235688017,"frozenset({'instrumentalness_low', 'loudness_very_low', 'danceability_high'})",1687,danceability_high|instrumentalness_low|loudness_very_low
0.020208675235688017,"frozenset({'valence_low', 'energy_high', 'acousticness_low'})",1687,acousticness_low|energy_high|valence_low
0.020208675235688017,"frozenset({'liveness_high', 'loudness_very_high', 'speechiness_high'})",1687,liveness_high|loudness_very_high|speechiness_high
0.02019669617508595,"frozenset({'valence_low', 'instrumentalness_low', 'mode_1', 'tempo_high'})",1686,instrumentalness_low|mode_1|tempo_high|valence_low
0.02019669617508595,"frozenset({'danceability_very_high', 'valence_very_high', 'mode_1', 'loudness_high'})",1686,danceability_very_high|loudness_high|mode_1|valence_very_high
0.02019669617508595,"frozenset({'acousticness_very_low', 'tempo_very_high', 'key_very_high'})",1686,acousticness_very_low|key_very_high|tempo_very_high
0.02019669617508595,"frozenset({'speechiness_very_low', 'danceability_low', 'loudness_high'})",1686,danceability_low|loudness_high|speechiness_very_low
0.02019669617508595,"frozenset({'mode_0', 'key_high', 'valence_high'})",1686,key_high|mode_0|valence_high
0.02019669617508595,"frozenset({'instrumentalness_low', 'energy_low', 'tempo_very_low', 'acousticness_high'})",1686,acousticness_high|energy_low|instrumentalness_low|tempo_very_low
0.02019669617508595,"frozenset({'acousticness_very_low', 'instrumentalness_high', 'speechiness_high', 'energy_very_high'})",1686,acousticness_very_low|energy_very_high|instrumentalness_high|speechiness_high
0.02019669617508595,"frozenset({'speechiness_very_low', 'valence_very_high', 'acousticness_high'})",1686,acousticness_high|speechiness_very_low|valence_very_high
0.02019669617508595,"frozenset({'acousticness_very_low', 'loudness_very_low'})",1686,acousticness_very_low|loudness_very_low
0.020184717114483882,"frozenset({'loudness_very_high', 'instrumentalness_medium', 'tempo_very_high', 'energy_very_high'})",1685,energy_very_high|instrumentalness_medium|loudness_very_high|tempo_very_high
0.020184717114483882,"frozenset({'speechiness_low', 'key_very_low', 'tempo_low'})",1685,key_very_low|speechiness_low|tempo_low
0.020184717114483882,"frozenset({'key_low', 'mode_0', 'danceability_very_low'})",1685,danceability_very_low|key_low|mode_0
0.020184717114483882,"frozenset({'instrumentalness_medium', 'loudness_low', 'tempo_low'})",1685,instrumentalness_medium|loudness_low|tempo_low
0.020184717114483882,"frozenset({'mode_0', 'danceability_high', 'key_high'})",1685,danceability_high|key_high|mode_0
0.020184717114483882,"frozenset({'duration_ms_very_low', 'liveness_very_high', 'key_very_low'})",1685,duration_ms_very_low|key_very_low|liveness_very_high
0.020184717114483882,"frozenset({'liveness_very_low', 'key_very_low', 'duration_ms_high'})",1685,duration_ms_high|key_very_low|liveness_very_low
0.020184717114483882,"frozenset({'key_very_low', 'energy_low', 'tempo_very_low'})",1685,energy_low|key_very_low|tempo_very_low
0.020184717114483882,"frozenset({'liveness_high', 'danceability_high', 'key_very_low'})",1685,danceability_high|key_very_low|liveness_high
0.020184717114483882,"frozenset({'acousticness_low', 'speechiness_very_high', 'key_high'})",1685,acousticness_low|key_high|speechiness_very_high
0.020184717114483882,"frozenset({'speechiness_very_low', 'key_very_low', 'loudness_high'})",1685,key_very_low|loudness_high|speechiness_very_low
0.020184717114483882,"frozenset({'duration_ms_very_low', 'mode_0', 'loudness_low'})",1685,duration_ms_very_low|loudness_low|mode_0
0.020172738053881815,"frozenset({'liveness_very_low', 'acousticness_low', 'loudness_high'})",1684,acousticness_low|liveness_very_low|loudness_high
0.020172738053881815,"frozenset({'valence_very_high', 'acousticness_low', 'key_high'})",1684,acousticness_low|key_high|valence_very_high
0.020172738053881815,"frozenset({'duration_ms_very_high', 'danceability_low', 'key_very_low'})",1684,danceability_low|duration_ms_very_high|key_very_low
0.020172738053881815,"frozenset({'tempo_very_high', 'danceability_low', 'key_high'})",1684,danceability_low|key_high|tempo_very_high
0.020172738053881815,"frozenset({'valence_low', 'liveness_high', 'danceability_low'})",1684,danceability_low|liveness_high|valence_low
0.020172738053881815,"frozenset({'liveness_high', 'valence_very_high', 'key_very_low'})",1684,key_very_low|liveness_high|valence_very_high
0.020172738053881815,"frozenset({'liveness_very_low', 'tempo_very_low', 'acousticness_very_high'})",1684,acousticness_very_high|liveness_very_low|tempo_very_low
0.020172738053881815,"frozenset({'liveness_very_low', 'instrumentalness_medium', 'valence_very_high'})",1684,instrumentalness_medium|liveness_very_low|valence_very_high
0.020172738053881815,"frozenset({'instrumentalness_low', 'energy_high', 'valence_very_high', 'duration_ms_low'})",1684,duration_ms_low|energy_high|instrumentalness_low|valence_very_high
0.020172738053881815,"frozenset({'liveness_very_high', 'mode_1', 'energy_very_high', 'instrumentalness_low', 'loudness_very_high'})",1684,energy_very_high|instrumentalness_low|liveness_very_high|loudness_very_high|mode_1
0.020160758993279747,"frozenset({'liveness_high', 'key_very_low', 'loudness_high'})",1683,key_very_low|liveness_high|loudness_high
0.020160758993279747,"frozenset({'danceability_very_low', 'energy_very_low', 'duration_ms_low'})",1683,danceability_very_low|duration_ms_low|energy_very_low
0.020160758993279747,"frozenset({'mode_0', 'key_very_low', 'loudness_high'})",1683,key_very_low|loudness_high|mode_0
0.020160758993279747,"frozenset({'liveness_high', 'danceability_high', 'acousticness_low'})",1683,acousticness_low|danceability_high|liveness_high
0.020160758993279747,"frozenset({'liveness_very_low', 'loudness_very_high', 'speechiness_very_high'})",1683,liveness_very_low|loudness_very_high|speechiness_very_high
0.020160758993279747,"frozenset({'danceability_very_low', 'acousticness_very_high', 'key_very_high'})",1683,acousticness_very_high|danceability_very_low|key_very_high
0.020160758993279747,"frozenset({'danceability_very_high', 'mode_1', 'key_very_low', 'tempo_low'})",1683,danceability_very_high|key_very_low|mode_1|tempo_low
0.02014877993267768,"frozenset({'duration_ms_very_low', 'loudness_low', 'acousticness_very_high'})",1682,acousticness_very_high|duration_ms_very_low|loudness_low
0.02014877993267768,"frozenset({'acousticness_low', 'speechiness_high', 'key_very_low'})",1682,acousticness_low|key_very_low|speechiness_high
0.02014877993267768,"frozenset({'mode_0', 'tempo_low', 'energy_very_high'})",1682,energy_very_high|mode_0|tempo_low
0.02014877993267768,"frozenset({'instrumentalness_low', 'key_very_high', 'mode_1', 'loudness_high'})",1682,instrumentalness_low|key_very_high|loudness_high|mode_1
0.02014877993267768,"frozenset({'acousticness_high', 'duration_ms_low', 'loudness_high'})",1682,acousticness_high|duration_ms_low|loudness_high
0.02014877993267768,"frozenset({'liveness_very_low', 'valence_very_high', 'duration_ms_low'})",1682,duration_ms_low|liveness_very_low|valence_very_high
0.02014877993267768,"frozenset({'speechiness_very_low', 'danceability_high', 'mode_1', 'tempo_low'})",1682,danceability_high|mode_1|speechiness_very_low|tempo_low
0.02014877993267768,"frozenset({'instrumentalness_low', 'danceability_high', 'duration_ms_very_high'})",1682,danceability_high|duration_ms_very_high|instrumentalness_low
0.02014877993267768,"frozenset({'speechiness_very_high', 'tempo_low', 'energy_very_high'})",1682,energy_very_high|speechiness_very_high|tempo_low
0.02014877993267768,"frozenset({'energy_low', 'tempo_very_low', 'valence_high'})",1682,energy_low|tempo_very_low|valence_high
0.020136800872075613,"frozenset({'energy_high', 'valence_very_high', 'acousticness_low', 'mode_1'})",1681,acousticness_low|energy_high|mode_1|valence_very_high
0.020136800872075613,"frozenset({'valence_low', 'mode_0', 'key_very_low'})",1681,key_very_low|mode_0|valence_low
0.020136800872075613,"frozenset({'liveness_very_high', 'duration_ms_low', 'valence_high'})",1681,duration_ms_low|liveness_very_high|valence_high
0.020136800872075613,"frozenset({'loudness_low', 'key_very_low', 'acousticness_very_high'})",1681,acousticness_very_high|key_very_low|loudness_low
0.020124821811473546,"frozenset({'danceability_very_low', 'liveness_high', 'instrumentalness_high'})",1680,danceability_very_low|instrumentalness_high|liveness_high
0.020124821811473546,"frozenset({'mode_0', 'liveness_low', 'valence_high'})",1680,liveness_low|mode_0|valence_high
0.020124821811473546,"frozenset({'valence_very_low', 'energy_high', 'mode_1'})",1680,energy_high|mode_1|valence_very_low
0.020124821811473546,"frozenset({'energy_low', 'instrumentalness_high', 'duration_ms_very_high'})",1680,duration_ms_very_high|energy_low|instrumentalness_high
0.020124821811473546,"frozenset({'instrumentalness_medium', 'danceability_low', 'duration_ms_high'})",1680,danceability_low|duration_ms_high|instrumentalness_medium
0.020124821811473546,"frozenset({'valence_very_low', 'loudness_very_low', 'tempo_high'})",1680,loudness_very_low|tempo_high|valence_very_low
0.020124821811473546,"frozenset({'loudness_very_high', 'mode_1', 'key_high', 'acousticness_very_low'})",1680,acousticness_very_low|key_high|loudness_very_high|mode_1
0.020112842750871475,"frozenset({'duration_ms_very_low', 'speechiness_low', 'acousticness_very_high', 'loudness_very_low', 'energy_very_low'})",1679,acousticness_very_high|duration_ms_very_low|energy_very_low|loudness_very_low|speechiness_low
0.020112842750871475,"frozenset({'danceability_very_low', 'valence_very_low', 'tempo_very_low', 'speechiness_low'})",1679,danceability_very_low|speechiness_low|tempo_very_low|valence_very_low
0.020112842750871475,"frozenset({'valence_very_low', 'energy_very_low', 'duration_ms_low'})",1679,duration_ms_low|energy_very_low|valence_very_low
0.020112842750871475,"frozenset({'instrumentalness_low', 'loudness_very_high', 'energy_high', 'acousticness_high'})",1679,acousticness_high|energy_high|instrumentalness_low|loudness_very_high
0.020112842750871475,"frozenset({'instrumentalness_low', 'duration_ms_very_high', 'speechiness_very_high'})",1679,duration_ms_very_high|instrumentalness_low|speechiness_very_high
0.020112842750871475,"frozenset({'liveness_very_high', 'acousticness_low', 'key_very_low'})",1679,acousticness_low|key_very_low|liveness_very_high
0.020100863690269408,"frozenset({'acousticness_very_low', 'mode_1', 'key_very_low', 'speechiness_high'})",1678,acousticness_very_low|key_very_low|mode_1|speechiness_high
0.020100863690269408,"frozenset({'instrumentalness_low', 'liveness_high', 'mode_1', 'danceability_very_high'})",1678,danceability_very_high|instrumentalness_low|liveness_high|mode_1
0.020100863690269408,"frozenset({'liveness_high', 'speechiness_very_high', 'danceability_very_high'})",1678,danceability_very_high|liveness_high|speechiness_very_high
0.020100863690269408,"frozenset({'duration_ms_very_low', 'energy_very_low', 'danceability_low'})",1678,danceability_low|duration_ms_very_low|energy_very_low
0.020100863690269408,"frozenset({'speechiness_very_low', 'mode_0', 'acousticness_very_high'})",1678,acousticness_very_high|mode_0|speechiness_very_low
0.020100863690269408,"frozenset({'danceability_high', 'valence_very_high', 'tempo_low'})",1678,danceability_high|tempo_low|valence_very_high
0.020100863690269408,"frozenset({'instrumentalness_low', 'loudness_very_high', 'valence_very_high', 'duration_ms_low'})",1678,duration_ms_low|instrumentalness_low|loudness_very_high|valence_very_high
0.020100863690269408,"frozenset({'acousticness_low', 'instrumentalness_high', 'duration_ms_very_high'})",1678,acousticness_low|duration_ms_very_high|instrumentalness_high
0.020100863690269408,"frozenset({'instrumentalness_low', 'danceability_very_high', 'energy_high', 'speechiness_very_high'})",1678,danceability_very_high|energy_high|instrumentalness_low|speechiness_very_high
0.020100863690269408,"frozenset({'duration_ms_very_low', 'loudness_very_low', 'acousticness_very_high', 'key_very_low'})",1678,acousticness_very_high|duration_ms_very_low|key_very_low|loudness_very_low
0.02008888462966734,"frozenset({'danceability_very_low', 'liveness_very_low', 'loudness_very_low', 'energy_very_low'})",1677,danceability_very_low|energy_very_low|liveness_very_low|loudness_very_low
0.02008888462966734,"frozenset({'liveness_high', 'danceability_very_high', 'acousticness_high'})",1677,acousticness_high|danceability_very_high|liveness_high
0.02008888462966734,"frozenset({'liveness_low', 'key_very_low', 'acousticness_high'})",1677,acousticness_high|key_very_low|liveness_low
0.02008888462966734,"frozenset({'energy_high', 'speechiness_high', 'key_very_low'})",1677,energy_high|key_very_low|speechiness_high
0.02008888462966734,"frozenset({'instrumentalness_low', 'duration_ms_very_high', 'tempo_low'})",1677,duration_ms_very_high|instrumentalness_low|tempo_low
0.020076905569065273,"frozenset({'liveness_very_low', 'loudness_very_high', 'danceability_very_high'})",1676,danceability_very_high|liveness_very_low|loudness_very_high
0.020076905569065273,"frozenset({'duration_ms_very_low', 'valence_very_low', 'instrumentalness_high', 'energy_very_low'})",1676,duration_ms_very_low|energy_very_low|instrumentalness_high|valence_very_low
0.020076905569065273,"frozenset({'liveness_high', 'danceability_very_high', 'tempo_low'})",1676,danceability_very_high|liveness_high|tempo_low
0.020076905569065273,"frozenset({'loudness_low', 'key_very_low', 'duration_ms_high'})",1676,duration_ms_high|key_very_low|loudness_low
0.020076905569065273,"frozenset({'speechiness_low', 'valence_very_low', 'tempo_very_low', 'energy_very_low'})",1676,energy_very_low|speechiness_low|tempo_very_low|valence_very_low
0.020076905569065273,"frozenset({'key_low', 'instrumentalness_high', 'energy_very_low'})",1676,energy_very_low|instrumentalness_high|key_low
0.020076905569065273,"frozenset({'tempo_very_low', 'energy_very_low', 'loudness_low'})",1676,energy_very_low|loudness_low|tempo_very_low
0.020076905569065273,"frozenset({'liveness_very_high', 'danceability_high', 'valence_high'})",1676,danceability_high|liveness_very_high|valence_high
0.020064926508463206,"frozenset({'liveness_low', 'duration_ms_low', 'acousticness_very_high'})",1675,acousticness_very_high|duration_ms_low|liveness_low
0.020064926508463206,"frozenset({'acousticness_very_high', 'loudness_very_low', 'duration_ms_low', 'mode_1', 'energy_very_low'})",1675,acousticness_very_high|duration_ms_low|energy_very_low|loudness_very_low|mode_1
0.020064926508463206,"frozenset({'loudness_very_low', 'liveness_low', 'key_very_high'})",1675,key_very_high|liveness_low|loudness_very_low
0.02005294744786114,"frozenset({'acousticness_very_low', 'liveness_very_high', 'duration_ms_very_high'})",1674,acousticness_very_low|duration_ms_very_high|liveness_very_high
0.02005294744786114,"frozenset({'speechiness_low', 'acousticness_very_high', 'loudness_very_low', 'danceability_very_low', 'valence_very_low', 'instrumentalness_high'})",1674,acousticness_very_high|danceability_very_low|instrumentalness_high|loudness_very_low|speechiness_low|valence_very_low
0.02005294744786114,"frozenset({'valence_very_low', 'loudness_very_low', 'duration_ms_very_high', 'acousticness_very_high'})",1674,acousticness_very_high|duration_ms_very_high|loudness_very_low|valence_very_low
0.02005294744786114,"frozenset({'key_very_low', 'valence_very_low', 'tempo_high'})",1674,key_very_low|tempo_high|valence_very_low
0.02005294744786114,"frozenset({'valence_very_low', 'mode_0', 'key_high'})",1674,key_high|mode_0|valence_very_low
0.02005294744786114,"frozenset({'loudness_very_high', 'duration_ms_very_high', 'acousticness_very_low', 'energy_very_high'})",1674,acousticness_very_low|duration_ms_very_high|energy_very_high|loudness_very_high
0.02005294744786114,"frozenset({'instrumentalness_low', 'danceability_high', 'tempo_very_high', 'mode_1'})",1674,danceability_high|instrumentalness_low|mode_1|tempo_very_high
0.02005294744786114,"frozenset({'duration_ms_very_low', 'acousticness_very_high', 'tempo_very_low', 'mode_1', 'energy_very_low'})",1674,acousticness_very_high|duration_ms_very_low|energy_very_low|mode_1|tempo_very_low
0.02005294744786114,"frozenset({'duration_ms_low', 'key_very_low', 'acousticness_high'})",1674,acousticness_high|duration_ms_low|key_very_low
0.02005294744786114,"frozenset({'danceability_low', 'speechiness_very_low', 'acousticness_very_high', 'mode_1'})",1674,acousticness_very_high|danceability_low|mode_1|speechiness_very_low
0.02004096838725907,"frozenset({'duration_ms_very_low', 'valence_very_high', 'loudness_high'})",1673,duration_ms_very_low|loudness_high|valence_very_high
0.02004096838725907,"frozenset({'tempo_very_high', 'acousticness_low', 'key_very_low'})",1673,acousticness_low|key_very_low|tempo_very_high
0.02004096838725907,"frozenset({'mode_0', 'liveness_low', 'energy_very_low', 'acousticness_very_high'})",1673,acousticness_very_high|energy_very_low|liveness_low|mode_0
0.02004096838725907,"frozenset({'duration_ms_very_low', 'key_very_low', 'valence_high'})",1673,duration_ms_very_low|key_very_low|valence_high
0.02004096838725907,"frozenset({'danceability_very_low', 'valence_very_low', 'instrumentalness_high', 'acousticness_very_low'})",1673,acousticness_very_low|danceability_very_low|instrumentalness_high|valence_very_low
0.02004096838725907,"frozenset({'valence_very_high', 'energy_very_low', 'mode_1'})",1673,energy_very_low|mode_1|valence_very_high
0.02004096838725907,"frozenset({'instrumentalness_medium', 'acousticness_low', 'loudness_high'})",1673,acousticness_low|instrumentalness_medium|loudness_high
0.02004096838725907,"frozenset({'duration_ms_very_low', 'acousticness_very_high', 'loudness_very_low', 'instrumentalness_high', 'mode_1', 'energy_very_low'})",1673,acousticness_very_high|duration_ms_very_low|energy_very_low|instrumentalness_high|loudness_very_low|mode_1
0.02004096838725907,"frozenset({'liveness_very_low', 'energy_low', 'duration_ms_very_high'})",1673,duration_ms_very_high|energy_low|liveness_very_low
0.02004096838725907,"frozenset({'duration_ms_very_low', 'loudness_very_low', 'key_high'})",1673,duration_ms_very_low|key_high|loudness_very_low
0.02004096838725907,"frozenset({'danceability_very_low', 'liveness_very_low', 'energy_very_low', 'acousticness_very_high'})",1673,acousticness_very_high|danceability_very_low|energy_very_low|liveness_very_low
0.02004096838725907,"frozenset({'instrumentalness_low', 'liveness_low', 'mode_1', 'valence_high'})",1673,instrumentalness_low|liveness_low|mode_1|valence_high
0.02004096838725907,"frozenset({'tempo_very_high', 'key_very_low', 'valence_high'})",1673,key_very_low|tempo_very_high|valence_high
0.02004096838725907,"frozenset({'mode_0', 'energy_very_low', 'tempo_low'})",1673,energy_very_low|mode_0|tempo_low
0.020028989326657004,"frozenset({'danceability_high', 'valence_very_high', 'duration_ms_high'})",1672,danceability_high|duration_ms_high|valence_very_high
0.020028989326657004,"frozenset({'danceability_very_low', 'valence_very_low', 'speechiness_very_high', 'acousticness_very_low'})",1672,acousticness_very_low|danceability_very_low|speechiness_very_high|valence_very_low
0.020028989326657004,"frozenset({'danceability_very_high', 'tempo_very_low', 'acousticness_high'})",1672,acousticness_high|danceability_very_high|tempo_very_low
0.020017010266054937,"frozenset({'mode_0', 'liveness_low', 'tempo_very_high'})",1671,liveness_low|mode_0|tempo_very_high
0.020017010266054937,"frozenset({'liveness_very_low', 'loudness_low', 'acousticness_high'})",1671,acousticness_high|liveness_very_low|loudness_low
0.020017010266054937,"frozenset({'loudness_very_low', 'key_very_low', 'danceability_very_low', 'valence_very_low', 'energy_very_low'})",1671,danceability_very_low|energy_very_low|key_very_low|loudness_very_low|valence_very_low
0.020017010266054937,"frozenset({'duration_ms_very_low', 'liveness_high', 'loudness_very_low'})",1671,duration_ms_very_low|liveness_high|loudness_very_low
0.020017010266054937,"frozenset({'instrumentalness_low', 'mode_1', 'speechiness_low', 'valence_high'})",1671,instrumentalness_low|mode_1|speechiness_low|valence_high
0.020017010266054937,"frozenset({'mode_0', 'instrumentalness_medium', 'acousticness_high'})",1671,acousticness_high|instrumentalness_medium|mode_0
0.020017010266054937,"frozenset({'danceability_high', 'valence_very_high', 'key_very_high'})",1671,danceability_high|key_very_high|valence_very_high
0.020017010266054937,"frozenset({'duration_ms_very_low', 'valence_very_low', 'mode_0'})",1671,duration_ms_very_low|mode_0|valence_very_low
0.020017010266054937,"frozenset({'acousticness_low', 'speechiness_high', 'tempo_high'})",1671,acousticness_low|speechiness_high|tempo_high
0.020017010266054937,"frozenset({'acousticness_very_low', 'energy_high', 'speechiness_high'})",1671,acousticness_very_low|energy_high|speechiness_high
0.02000503120545287,"frozenset({'instrumentalness_medium', 'key_high', 'energy_very_high'})",1670,energy_very_high|instrumentalness_medium|key_high
0.02000503120545287,"frozenset({'instrumentalness_high', 'liveness_low', 'key_high'})",1670,instrumentalness_high|key_high|liveness_low
0.02000503120545287,"frozenset({'valence_low', 'danceability_low', 'loudness_high'})",1670,danceability_low|loudness_high|valence_low
0.02000503120545287,"frozenset({'valence_very_high', 'tempo_low', 'loudness_high'})",1670,loudness_high|tempo_low|valence_very_high
0.02000503120545287,"frozenset({'valence_low', 'instrumentalness_medium', 'danceability_very_low'})",1670,danceability_very_low|instrumentalness_medium|valence_low
0.02000503120545287,"frozenset({'instrumentalness_low', 'loudness_very_high', 'tempo_high', 'energy_very_high'})",1670,energy_very_high|instrumentalness_low|loudness_very_high|tempo_high
0.02000503120545287,"frozenset({'liveness_high', 'loudness_very_high', 'danceability_low'})",1670,danceability_low|liveness_high|loudness_very_high
0.02000503120545287,"frozenset({'speechiness_low', 'valence_very_high', 'key_very_low'})",1670,key_very_low|speechiness_low|valence_very_high
0.02000503120545287,"frozenset({'loudness_very_high', 'tempo_very_high', 'speechiness_high', 'energy_very_high'})",1670,energy_very_high|loudness_very_high|speechiness_high|tempo_very_high
