antecedents,consequents,antecedent support,consequent support,support,confidence,lift,representativity,leverage,conviction,zhangs_metric,jaccard,certainty,kulczynski,antecedents_str,consequents_str,simple_rule
"frozenset({'valence_very_low', 'acousticness_very_high'})","frozenset({'danceability_very_low', 'energy_very_low'})",0.087746618910145,0.0993303705123444,0.0549000347392757,0.6256655290102389,6.298834140888294,1.0,0.0461841305717255,2.4060558118151265,0.922156584062918,0.4153525466739169,0.5843820433884279,0.5891834639744875,acousticness_very_high|valence_very_low,danceability_very_low|energy_very_low,"acousticness_very_high|valence_very_low  →  danceability_very_low|energy_very_low (conf=0.63, lift=6.30)"
"frozenset({'loudness_very_low', 'danceability_very_low'})","frozenset({'energy_very_low', 'valence_very_low'})",0.0957007151499179,0.1050204242983265,0.0577151139807616,0.6030792339466767,5.742494738295269,1.0,0.0476645842700639,2.254806632065806,0.9132592178588472,0.4035851901491036,0.5565029897557906,0.5763200435730874,danceability_very_low|loudness_very_low,energy_very_low|valence_very_low,"danceability_very_low|loudness_very_low  →  energy_very_low|valence_very_low (conf=0.60, lift=5.74)"
"frozenset({'energy_very_low', 'instrumentalness_high'})","frozenset({'loudness_very_low', 'acousticness_very_high'})",0.0909450280908971,0.1506965823740102,0.066112435462811,0.7269494204425712,4.8239277161466925,1.0,0.0524073305456044,3.110425251623982,0.8720045202769791,0.3766464205282195,0.6785005524637218,0.5828308310479946,energy_very_low|instrumentalness_high,acousticness_very_high|loudness_very_low,"energy_very_low|instrumentalness_high  →  acousticness_very_high|loudness_very_low (conf=0.73, lift=4.82)"
"frozenset({'instrumentalness_high', 'acousticness_very_high'})","frozenset({'loudness_very_low', 'energy_very_low'})",0.0804274128822817,0.1776973849710705,0.066112435462811,0.8220137027107537,4.625918962423555,1.0,0.0518206945136409,4.620033269710656,0.8523815816389436,0.3443134319046728,0.7835513422476656,0.5970321985307847,acousticness_very_high|instrumentalness_high,energy_very_low|loudness_very_low,"acousticness_very_high|instrumentalness_high  →  energy_very_low|loudness_very_low (conf=0.82, lift=4.63)"
"frozenset({'danceability_very_low', 'energy_very_low'})","frozenset({'loudness_very_low', 'acousticness_very_high'})",0.0993303705123444,0.1506965823740102,0.0679691898561314,0.6842739990352147,4.540739997254427,1.0,0.053000442493977,2.690001504566351,0.8657687052157333,0.3733385971838399,0.6282529960290086,0.5676536926813593,danceability_very_low|energy_very_low,acousticness_very_high|loudness_very_low,"danceability_very_low|energy_very_low  →  acousticness_very_high|loudness_very_low (conf=0.68, lift=4.54)"
"frozenset({'energy_very_low', 'speechiness_low'})","frozenset({'loudness_very_low', 'acousticness_very_high'})",0.0780316007618682,0.1506965823740102,0.0523724529522394,0.6711697881486031,4.453782412150813,1.0,0.0406133574002527,2.58280227003534,0.8411044718048608,0.2969705203097405,0.6128236328418912,0.509352779606893,energy_very_low|speechiness_low,acousticness_very_high|loudness_very_low,"energy_very_low|speechiness_low  →  acousticness_very_high|loudness_very_low (conf=0.67, lift=4.45)"
"frozenset({'valence_very_low', 'acousticness_very_high'})","frozenset({'loudness_very_low', 'energy_very_low'})",0.087746618910145,0.1776973849710705,0.0672624252806095,0.7665529010238907,4.313810814653726,1.0,0.0516700805602236,3.5224366404017,0.8420756988387709,0.3393979690522243,0.7161056103805575,0.5725376073138868,acousticness_very_high|valence_very_low,energy_very_low|loudness_very_low,"acousticness_very_high|valence_very_low  →  energy_very_low|loudness_very_low (conf=0.77, lift=4.31)"
"frozenset({'energy_very_low', 'valence_very_low'})","frozenset({'loudness_very_low', 'acousticness_very_high'})",0.1050204242983265,0.1506965823740102,0.0672624252806095,0.640469944108589,4.250062834995302,1.0,0.0514362062593832,2.362259854799192,0.8544433658790868,0.3569158403254513,0.5766765464144897,0.5434066731671721,energy_very_low|valence_very_low,acousticness_very_high|loudness_very_low,"energy_very_low|valence_very_low  →  acousticness_very_high|loudness_very_low (conf=0.64, lift=4.25)"
"frozenset({'danceability_very_low', 'acousticness_very_high'})","frozenset({'loudness_very_low', 'energy_very_low'})",0.0941075000898429,0.1776973849710705,0.0679691898561314,0.7222505091649695,4.064497118415969,1.0,0.0512465331840016,2.9605908999391706,0.8322920250407693,0.3334508697696287,0.6622295907142907,0.5523750860507334,acousticness_very_high|danceability_very_low,energy_very_low|loudness_very_low,"acousticness_very_high|danceability_very_low  →  energy_very_low|loudness_very_low (conf=0.72, lift=4.06)"
"frozenset({'duration_ms_very_low', 'energy_very_low'})","frozenset({'loudness_very_low', 'acousticness_very_high'})",0.0918314785754501,0.1506965823740102,0.0561817942236969,0.611792329767806,4.05976247191468,1.0,0.0423431042480245,2.187755376183077,0.829890216070588,0.3014913859604011,0.5429105050379649,0.4923031601144276,duration_ms_very_low|energy_very_low,acousticness_very_high|loudness_very_low,"duration_ms_very_low|energy_very_low  →  acousticness_very_high|loudness_very_low (conf=0.61, lift=4.06)"
"frozenset({'loudness_very_low', 'danceability_very_low'})","frozenset({'energy_very_low', 'acousticness_very_high'})",0.0957007151499179,0.1766671857592927,0.0679691898561314,0.7102265615220928,4.020138536025413,1.0,0.0510620138354437,2.8412984246086435,0.830756328072642,0.3325323800035163,0.6480482333925418,0.5474783472107345,danceability_very_low|loudness_very_low,acousticness_very_high|energy_very_low,"danceability_very_low|loudness_very_low  →  acousticness_very_high|energy_very_low (conf=0.71, lift=4.02)"
"frozenset({'energy_very_low', 'valence_very_low', 'instrumentalness_high'})",frozenset({'loudness_very_low'}),0.0569963703446375,0.2500029947651505,0.0537979611638855,0.9438839848675914,3.775490712638316,1.0,0.0395486978869825,13.365115171937871,0.7795662122804231,0.2124710223778208,0.9251783477257528,0.5795366258789323,energy_very_low|instrumentalness_high|valence_very_low,loudness_very_low,"energy_very_low|instrumentalness_high|valence_very_low  →  loudness_very_low (conf=0.94, lift=3.78)"
"frozenset({'loudness_very_low', 'acousticness_very_high', 'speechiness_low'})",frozenset({'energy_very_low'}),0.0554031552845625,0.2505061153104373,0.0523724529522394,0.9452972972972974,3.773549783907856,1.0,0.0384936237459627,13.7012222003527,0.7781071233340753,0.2065674462556106,0.9270138104924494,0.5771819309745859,acousticness_very_high|loudness_very_low|speechiness_low,energy_very_low,"acousticness_very_high|loudness_very_low|speechiness_low  →  energy_very_low (conf=0.95, lift=3.77)"
"frozenset({'liveness_low', 'loudness_very_low', 'acousticness_very_high'})",frozenset({'energy_very_low'}),0.0603145701314103,0.2505061153104373,0.0569963703446375,0.9449851042701092,3.772303534782156,1.0,0.041887201684399,13.623471875133372,0.7820808557892797,0.2245504743027042,0.9265972720342104,0.5862549851878472,acousticness_very_high|liveness_low|loudness_very_low,energy_very_low,"acousticness_very_high|liveness_low|loudness_very_low  →  energy_very_low (conf=0.94, lift=3.77)"
"frozenset({'energy_very_low', 'acousticness_very_high', 'instrumentalness_high'})",frozenset({'loudness_very_low'}),0.0701254207645036,0.2500029947651505,0.066112435462811,0.942774171506662,3.771051512372048,1.0,0.0485808702625188,13.105917816850171,0.7902377259760528,0.260268804527234,0.9236985906691472,0.603610372768185,acousticness_very_high|energy_very_low|instrumentalness_high,loudness_very_low,"acousticness_very_high|energy_very_low|instrumentalness_high  →  loudness_very_low (conf=0.94, lift=3.77)"
"frozenset({'loudness_very_low', 'valence_very_low', 'acousticness_very_high'})",frozenset({'energy_very_low'}),0.0716467614609662,0.2505061153104373,0.0672624252806095,0.9388062196957032,3.747637931043305,1.0,0.0493144733924492,12.247876842426988,0.7897481558539402,0.2638875834194943,0.918353195997532,0.6036561702916159,acousticness_very_high|loudness_very_low|valence_very_low,energy_very_low,"acousticness_very_high|loudness_very_low|valence_very_low  →  energy_very_low (conf=0.94, lift=3.75)"
"frozenset({'loudness_very_low', 'danceability_very_low', 'acousticness_very_high'})",frozenset({'energy_very_low'}),0.072497274763713,0.2505061153104373,0.0679691898561314,0.9375413086582948,3.742588509252381,1.0,0.0498081791844803,11.99983330725196,0.7900842017499933,0.2665100986378581,0.9166655090620582,0.60443438807054,acousticness_very_high|danceability_very_low|loudness_very_low,energy_very_low,"acousticness_very_high|danceability_very_low|loudness_very_low  →  energy_very_low (conf=0.94, lift=3.74)"
"frozenset({'acousticness_very_high', 'speechiness_low'})","frozenset({'loudness_very_low', 'energy_very_low'})",0.0792774230644832,0.1776973849710705,0.0523724529522394,0.6606225445754005,3.717682984940667,1.0,0.0382850621864355,2.422973600294504,0.7939582192509135,0.2559718969555035,0.5872839886169402,0.4776754356960864,acousticness_very_high|speechiness_low,energy_very_low|loudness_very_low,"acousticness_very_high|speechiness_low  →  energy_very_low|loudness_very_low (conf=0.66, lift=3.72)"
"frozenset({'loudness_very_low', 'instrumentalness_high', 'acousticness_very_high'})",frozenset({'energy_very_low'}),0.0715030127337414,0.2505061153104373,0.066112435462811,0.9246104875188474,3.690969724922813,1.0,0.0482004935098887,9.941619994915564,0.7852136304724072,0.258355959179852,0.8994127717101006,0.5942629713799287,acousticness_very_high|instrumentalness_high|loudness_very_low,energy_very_low,"acousticness_very_high|instrumentalness_high|loudness_very_low  →  energy_very_low (conf=0.92, lift=3.69)"
"frozenset({'danceability_very_low', 'valence_very_low', 'acousticness_very_high'})",frozenset({'energy_very_low'}),0.0594041615256531,0.2505061153104373,0.0549000347392757,0.9241782617463198,3.6892443148585032,1.0,0.0400189290022106,9.884947271743457,0.7749787415651256,0.2152856069146937,0.8988360815177493,0.571667363466886,acousticness_very_high|danceability_very_low|valence_very_low,energy_very_low,"acousticness_very_high|danceability_very_low|valence_very_low  →  energy_very_low (conf=0.92, lift=3.69)"
"frozenset({'energy_very_low', 'mode_1', 'instrumentalness_high'})",frozenset({'loudness_very_low'}),0.0572359515566789,0.2500029947651505,0.0526599504066891,0.9200502302218502,3.680156836065636,1.0,0.0383507911092863,9.380852594272543,0.7724864470460577,0.2068511198945981,0.8933998813060395,0.5653437543059419,energy_very_low|instrumentalness_high|mode_1,loudness_very_low,"energy_very_low|instrumentalness_high|mode_1  →  loudness_very_low (conf=0.92, lift=3.68)"
"frozenset({'loudness_very_low', 'valence_very_low'})","frozenset({'energy_very_low', 'acousticness_very_high'})",0.1035589789048742,0.1766671857592927,0.0672624252806095,0.6495083863504916,3.676451761876369,1.0,0.0489669519173793,2.3490799270993112,0.8120987215134116,0.3158398020024749,0.5743014154333952,0.5151189884017172,loudness_very_low|valence_very_low,acousticness_very_high|energy_very_low,"loudness_very_low|valence_very_low  →  acousticness_very_high|energy_very_low (conf=0.65, lift=3.68)"
"frozenset({'loudness_very_low', 'speechiness_low'})","frozenset({'energy_very_low', 'acousticness_very_high'})",0.0810503240335892,0.1766671857592927,0.0523724529522394,0.6461720366538575,3.657566819082409,1.0,0.0380535203003465,2.326929749854897,0.7906789829116638,0.2550460856376152,0.5702491662834437,0.4713095062574956,loudness_very_low|speechiness_low,acousticness_very_high|energy_very_low,"loudness_very_low|speechiness_low  →  acousticness_very_high|energy_very_low (conf=0.65, lift=3.66)"
"frozenset({'loudness_very_low', 'tempo_very_low'})","frozenset({'energy_very_low', 'acousticness_very_high'})",0.0879382838797781,0.1766671857592927,0.0567567891325962,0.6454161558370795,3.6532882609929183,1.0,0.041220979999054,2.321969338970816,0.7962991784230056,0.2730678347069333,0.569331091838087,0.4833400280134678,loudness_very_low|tempo_very_low,acousticness_very_high|energy_very_low,"loudness_very_low|tempo_very_low  →  acousticness_very_high|energy_very_low (conf=0.65, lift=3.65)"
"frozenset({'liveness_low', 'loudness_very_low'})","frozenset({'energy_very_low', 'acousticness_very_high'})",0.0884294253644629,0.1766671857592927,0.0569963703446375,0.6445407748577621,3.648333288876534,1.0,0.0413737926271864,2.316251080306745,0.7963203895817513,0.2738890168086576,0.5682678754034005,0.4835803955655775,liveness_low|loudness_very_low,acousticness_very_high|energy_very_low,"liveness_low|loudness_very_low  →  acousticness_very_high|energy_very_low (conf=0.64, lift=3.65)"
"frozenset({'liveness_low', 'acousticness_very_high'})","frozenset({'loudness_very_low', 'energy_very_low'})",0.0880820326070029,0.1776973849710705,0.0569963703446375,0.6470828233374133,3.641487596695694,1.0,0.0413444234874365,2.3300158490588507,0.7954519816303753,0.2729932870503184,0.5708183700106916,0.4839162262837801,acousticness_very_high|liveness_low,energy_very_low|loudness_very_low,"acousticness_very_high|liveness_low  →  energy_very_low|loudness_very_low (conf=0.65, lift=3.64)"
"frozenset({'loudness_very_low', 'duration_ms_very_low'})","frozenset({'energy_very_low', 'acousticness_very_high'})",0.0875309958193078,0.1766671857592927,0.0561817942236969,0.6418502805528945,3.633104120577372,1.0,0.0407179395255914,2.2988509261203087,0.7942771476560677,0.2700835012957098,0.5650000664951053,0.4799297510711313,duration_ms_very_low|loudness_very_low,acousticness_very_high|energy_very_low,"duration_ms_very_low|loudness_very_low  →  acousticness_very_high|energy_very_low (conf=0.64, lift=3.63)"
"frozenset({'energy_very_low', 'instrumentalness_high'})",frozenset({'loudness_very_low'}),0.0909450280908971,0.2500029947651505,0.0824398950634291,0.9064805057955744,3.6258785885629488,1.0,0.0597033656817041,8.019686286961937,0.796656745408646,0.3189063948100092,0.8753068431584715,0.618118067943307,energy_very_low|instrumentalness_high,loudness_very_low,"energy_very_low|instrumentalness_high  →  loudness_very_low (conf=0.91, lift=3.63)"
"frozenset({'loudness_very_low', 'mode_1', 'acousticness_very_high'})",frozenset({'energy_very_low'}),0.1044454293894272,0.2505061153104373,0.0941793744534553,0.9017089115724282,3.5995484998639404,1.0,0.0680151556751793,7.625247585307242,0.8064135939662223,0.3611557719693141,0.868856717265567,0.638832650124393,acousticness_very_high|loudness_very_low|mode_1,energy_very_low,"acousticness_very_high|loudness_very_low|mode_1  →  energy_very_low (conf=0.90, lift=3.60)"
"frozenset({'loudness_very_low', 'acousticness_very_high'})","frozenset({'energy_very_low', 'mode_1'})",0.1506965823740102,0.1738161693360006,0.0941793744534553,0.6249602543720191,3.595524264281308,1.0,0.0679858717731778,2.202923397573784,0.8499629547794493,0.4088828791345953,0.5460577516670067,0.58339673642102,acousticness_very_high|loudness_very_low,energy_very_low|mode_1,"acousticness_very_high|loudness_very_low  →  energy_very_low|mode_1 (conf=0.62, lift=3.60)"
"frozenset({'loudness_very_low', 'acousticness_very_high', 'duration_ms_very_low'})",frozenset({'energy_very_low'}),0.0625905916458031,0.2505061153104373,0.0561817942236969,0.8976076555023924,3.5831766198204003,1.0,0.0405024682555249,7.319823453276575,0.7690535434798377,0.2186786030680281,0.8633846831985587,0.5609404000541801,acousticness_very_high|duration_ms_very_low|loudness_very_low,energy_very_low,"acousticness_very_high|duration_ms_very_low|loudness_very_low  →  energy_very_low (conf=0.90, lift=3.58)"
"frozenset({'loudness_very_low', 'acousticness_very_high', 'tempo_very_low'})",frozenset({'energy_very_low'}),0.0632374609183147,0.2505061153104373,0.0567567891325962,0.8975184694070847,3.5828205961952,1.0,0.0409154184558535,7.3134532666842915,0.7695549990877479,0.2208548920896844,0.8632656881044962,0.562043473418156,acousticness_very_high|loudness_very_low|tempo_very_low,energy_very_low,"acousticness_very_high|loudness_very_low|tempo_very_low  →  energy_very_low (conf=0.90, lift=3.58)"
"frozenset({'mode_1', 'valence_very_low', 'acousticness_very_high'})",frozenset({'energy_very_low'}),0.0590088525257849,0.2505061153104373,0.0528036991339139,0.8948436865611042,3.5721430810268946,1.0,0.038021620718753,7.127426401507302,0.7652101810739499,0.2056929538030797,0.85969690268727,0.5528158754152116,acousticness_very_high|mode_1|valence_very_low,energy_very_low,"acousticness_very_high|mode_1|valence_very_low  →  energy_very_low (conf=0.89, lift=3.57)"
"frozenset({'loudness_very_low', 'acousticness_very_high'})",frozenset({'energy_very_low'}),0.1506965823740102,0.2505061153104373,0.1346087039854334,0.8932432432432431,3.565754241713021,1.0,0.0968582885443608,7.020575628737667,0.8472289286506925,0.5049202426421028,0.857561537275284,0.7152951105275129,acousticness_very_high|loudness_very_low,energy_very_low,"acousticness_very_high|loudness_very_low  →  energy_very_low (conf=0.89, lift=3.57)"
"frozenset({'instrumentalness_high', 'acousticness_very_high'})",frozenset({'loudness_very_low'}),0.0804274128822817,0.2500029947651505,0.0715030127337414,0.8890378313970808,3.556108726746378,1.0,0.0513959186519577,6.759033413619843,0.7816606975550537,0.2761508211889891,0.8520498510948411,0.5875232281086985,acousticness_very_high|instrumentalness_high,loudness_very_low,"acousticness_very_high|instrumentalness_high  →  loudness_very_low (conf=0.89, lift=3.56)"
"frozenset({'valence_very_low', 'acousticness_very_high'})",frozenset({'energy_very_low'}),0.087746618910145,0.2505061153104373,0.0780076426406641,0.8890102389078498,3.54885643332959,1.0,0.0560265780058583,6.752820055782344,0.7873021942670285,0.299746835443038,0.8519137202325251,0.600205195965019,acousticness_very_high|valence_very_low,energy_very_low,"acousticness_very_high|valence_very_low  →  energy_very_low (conf=0.89, lift=3.55)"
"frozenset({'instrumentalness_high', 'acousticness_very_high'})",frozenset({'energy_very_low'}),0.0804274128822817,0.2505061153104373,0.0701254207645036,0.8719094429550195,3.48059144933254,1.0,0.0499778619988946,5.85128132768108,0.7750258304560319,0.2688774572845857,0.8290972619502623,0.5759222042625136,acousticness_very_high|instrumentalness_high,energy_very_low,"acousticness_very_high|instrumentalness_high  →  energy_very_low (conf=0.87, lift=3.48)"
"frozenset({'danceability_very_low', 'valence_very_low', 'acousticness_very_high'})",frozenset({'loudness_very_low'}),0.0594041615256531,0.2500029947651505,0.0516776674373195,0.8699334543254689,3.479692133858927,1.0,0.0368264491543935,5.766256044898634,0.7576242899765268,0.2005112712061352,0.8265772466200676,0.5383208239523847,acousticness_very_high|danceability_very_low|valence_very_low,loudness_very_low,"acousticness_very_high|danceability_very_low|valence_very_low  →  loudness_very_low (conf=0.87, lift=3.48)"
"frozenset({'loudness_very_low', 'danceability_very_low', 'valence_very_low'})",frozenset({'energy_very_low'}),0.066471807280873,0.2505061153104373,0.0577151139807616,0.8682645521715625,3.4660413423264087,1.0,0.041063519761166,5.689386547390404,0.7621477577481297,0.2226123919974125,0.8242341258287893,0.549329292153111,danceability_very_low|loudness_very_low|valence_very_low,energy_very_low,"danceability_very_low|loudness_very_low|valence_very_low  →  energy_very_low (conf=0.87, lift=3.47)"
"frozenset({'valence_very_low', 'acousticness_very_high'})","frozenset({'energy_very_low', 'mode_1'})",0.087746618910145,0.1738161693360006,0.0528036991339139,0.6017747440273037,3.462133277508979,1.0,0.0375519179627666,2.074664573059237,0.7795649309234745,0.2529408389281,0.5179943722057052,0.4527826166725078,acousticness_very_high|valence_very_low,energy_very_low|mode_1,"acousticness_very_high|valence_very_low  →  energy_very_low|mode_1 (conf=0.60, lift=3.46)"
"frozenset({'energy_very_low', 'valence_very_low', 'acousticness_very_high'})",frozenset({'loudness_very_low'}),0.0780076426406641,0.2500029947651505,0.0672624252806095,0.8622542997542997,3.448975883526075,1.0,0.0477602810058738,5.444794312251212,0.7701352990487846,0.2579592961822943,0.8163383329743197,0.5656503889763352,acousticness_very_high|energy_very_low|valence_very_low,loudness_very_low,"acousticness_very_high|energy_very_low|valence_very_low  →  loudness_very_low (conf=0.86, lift=3.45)"
"frozenset({'danceability_very_low', 'mode_1', 'acousticness_very_high'})",frozenset({'energy_very_low'}),0.0649025503420021,0.2505061153104373,0.0558583595874411,0.8606496862310816,3.4356434179841457,1.0,0.039599873827526,5.378487241388148,0.7581388500609604,0.2152120736604052,0.8140741150588082,0.541815853061983,acousticness_very_high|danceability_very_low|mode_1,energy_very_low,"acousticness_very_high|danceability_very_low|mode_1  →  energy_very_low (conf=0.86, lift=3.44)"
"frozenset({'danceability_very_low', 'acousticness_very_high'})",frozenset({'energy_very_low'}),0.0941075000898429,0.2505061153104373,0.0806190778519148,0.8566700610997964,3.419757078737084,1.0,0.0570445735828316,5.229150939716879,0.7810877878827991,0.3053816135765496,0.8087643650894226,0.5892474253471438,acousticness_very_high|danceability_very_low,energy_very_low,"acousticness_very_high|danceability_very_low  →  energy_very_low (conf=0.86, lift=3.42)"
"frozenset({'danceability_very_low', 'energy_very_low', 'valence_very_low'})",frozenset({'loudness_very_low'}),0.0676457552198756,0.2500029947651505,0.0577151139807616,0.8531963874623694,3.4127446683742755,1.0,0.0408034725926424,5.108845703933889,0.7582747863531766,0.2220378819300428,0.8042610683603177,0.5420270389635756,danceability_very_low|energy_very_low|valence_very_low,loudness_very_low,"danceability_very_low|energy_very_low|valence_very_low  →  loudness_very_low (conf=0.85, lift=3.41)"
"frozenset({'loudness_very_low', 'danceability_very_low', 'energy_very_low'})",frozenset({'acousticness_very_high'}),0.0798524179733825,0.249751434492507,0.0679691898561314,0.8511851185118513,3.408129047352431,1.0,0.0480259339195839,5.041488848460636,0.7679027736982069,0.2597866398058697,0.8016458966669461,0.5616662318541318,danceability_very_low|energy_very_low|loudness_very_low,acousticness_very_high,"danceability_very_low|energy_very_low|loudness_very_low  →  acousticness_very_high (conf=0.85, lift=3.41)"
"frozenset({'duration_ms_very_low', 'acousticness_very_high'})","frozenset({'loudness_very_low', 'energy_very_low'})",0.0930773008780651,0.1776973849710705,0.0561817942236969,0.6036036036036037,3.3968063384943528,1.0,0.0396422012574992,2.074445233368436,0.7780220139840233,0.2618064083956682,0.5179434077532993,0.4598845845980807,acousticness_very_high|duration_ms_very_low,energy_very_low|loudness_very_low,"acousticness_very_high|duration_ms_very_low  →  energy_very_low|loudness_very_low (conf=0.60, lift=3.40)"
"frozenset({'loudness_very_low', 'danceability_very_low', 'mode_1'})",frozenset({'energy_very_low'}),0.0639562045544388,0.2505061153104373,0.0541453539213454,0.846600486982581,3.3795601593735114,1.0,0.0381239335684133,4.885894811181409,0.752212140224829,0.207997791173899,0.7953291999427634,0.5313721639197526,danceability_very_low|loudness_very_low|mode_1,energy_very_low,"danceability_very_low|loudness_very_low|mode_1  →  energy_very_low (conf=0.85, lift=3.38)"
"frozenset({'danceability_very_low', 'energy_very_low', 'acousticness_very_high'})",frozenset({'loudness_very_low'}),0.0806190778519148,0.2500029947651505,0.0679691898561314,0.8430906389301634,3.372322158469148,1.0,0.0478141789579479,4.779810459498615,0.7651544733712653,0.2587795311502326,0.7907866831805509,0.5574820707827626,acousticness_very_high|danceability_very_low|energy_very_low,loudness_very_low,"acousticness_very_high|danceability_very_low|energy_very_low  →  loudness_very_low (conf=0.84, lift=3.37)"
"frozenset({'energy_very_low', 'acousticness_very_high', 'speechiness_low'})",frozenset({'loudness_very_low'}),0.0623390313731597,0.2500029947651505,0.0523724529522394,0.8401229823212913,3.360451674230909,1.0,0.0367875084181908,4.69108703755067,0.7491203947889403,0.2014560869965901,0.786829791902108,0.5248051423345795,acousticness_very_high|energy_very_low|speechiness_low,loudness_very_low,"acousticness_very_high|energy_very_low|speechiness_low  →  loudness_very_low (conf=0.84, lift=3.36)"
"frozenset({'loudness_very_low', 'energy_very_low', 'speechiness_low'})",frozenset({'acousticness_very_high'}),0.0626025707064052,0.249751434492507,0.0523724529522394,0.8365862992728664,3.349675652405373,1.0,0.0367373711153961,4.591099535529459,0.7483097468039746,0.2014468045892272,0.7821872533450364,0.5231423030730489,energy_very_low|loudness_very_low|speechiness_low,acousticness_very_high,"energy_very_low|loudness_very_low|speechiness_low  →  acousticness_very_high (conf=0.84, lift=3.35)"
"frozenset({'liveness_low', 'mode_1', 'acousticness_very_high'})",frozenset({'energy_very_low'}),0.0629499634638651,0.2505061153104373,0.0526359922854849,0.8361560418648906,3.337866785522149,1.0,0.0368666414792181,4.574437124324798,0.7474600386663119,0.2018095806733109,0.7813938692735659,0.5231373170303795,acousticness_very_high|liveness_low|mode_1,energy_very_low,"acousticness_very_high|liveness_low|mode_1  →  energy_very_low (conf=0.84, lift=3.34)"
"frozenset({'loudness_very_low', 'danceability_very_low'})",frozenset({'energy_very_low'}),0.0957007151499179,0.2505061153104373,0.0798524179733825,0.8343972962823882,3.33084601646698,1.0,0.0558788035887458,4.525855362649217,0.7738322765910185,0.2997976163705869,0.7790472916450762,0.5765808210562668,danceability_very_low|loudness_very_low,energy_very_low,"danceability_very_low|loudness_very_low  →  energy_very_low (conf=0.83, lift=3.33)"
"frozenset({'loudness_very_low', 'mode_1', 'valence_very_low'})",frozenset({'energy_very_low'}),0.0659087914325758,0.2505061153104373,0.0549000347392757,0.8329698291530352,3.325147684002784,1.0,0.0383894794326953,4.487176663288326,0.7486008556359112,0.2099308323026888,0.7771427168933499,0.5260631471702437,loudness_very_low|mode_1|valence_very_low,energy_very_low,"loudness_very_low|mode_1|valence_very_low  →  energy_very_low (conf=0.83, lift=3.33)"
"frozenset({'mode_1', 'acousticness_very_low', 'loudness_very_high'})",frozenset({'energy_very_high'}),0.0665077444626792,0.2486014446747086,0.0544807676182033,0.8191642651296831,3.2950905261292736,1.0,0.0379468462627249,4.155144202356594,0.7461424528079461,0.209036172266397,0.7593344655925902,0.5191566519114421,acousticness_very_low|loudness_very_high|mode_1,energy_very_high,"acousticness_very_low|loudness_very_high|mode_1  →  energy_very_high (conf=0.82, lift=3.30)"
"frozenset({'liveness_low', 'acousticness_very_high'})",frozenset({'energy_very_low'}),0.0880820326070029,0.2505061153104373,0.072676960672744,0.8251053991568068,3.293753520285533,1.0,0.0506118728557164,4.285403214714118,0.7636597109540805,0.2733129110730696,0.7666497293495144,0.5576129520650139,acousticness_very_high|liveness_low,energy_very_low,"acousticness_very_high|liveness_low  →  energy_very_low (conf=0.83, lift=3.29)"
"frozenset({'valence_very_low', 'acousticness_very_high'})",frozenset({'loudness_very_low'}),0.087746618910145,0.2500029947651505,0.0716467614609662,0.816518771331058,3.266035961281523,1.0,0.0497098439529135,4.087595285227136,0.7605545235411781,0.2692446205095885,0.75535738491184,0.5515511920862286,acousticness_very_high|valence_very_low,loudness_very_low,"acousticness_very_high|valence_very_low  →  loudness_very_low (conf=0.82, lift=3.27)"
"frozenset({'acousticness_very_low', 'loudness_very_high'})",frozenset({'energy_very_high'}),0.1092370536302543,0.2486014446747086,0.0886809856371063,0.8118214716525934,3.265554119023122,1.0,0.0615244962926165,3.993008989517093,0.7788528479178839,0.3294761671636477,0.7495622968479873,0.5842704910424101,acousticness_very_low|loudness_very_high,energy_very_high,"acousticness_very_low|loudness_very_high  →  energy_very_high (conf=0.81, lift=3.27)"
"frozenset({'danceability_very_low', 'energy_very_low', 'mode_1'})",frozenset({'acousticness_very_high'}),0.0684962685226224,0.249751434492507,0.0558583595874411,0.8154949282966072,3.2652262036199566,1.0,0.0387513182665322,4.066276111442506,0.744755475326123,0.2128834915997078,0.754074742444076,0.5195753695634314,danceability_very_low|energy_very_low|mode_1,acousticness_very_high,"danceability_very_low|energy_very_low|mode_1  →  acousticness_very_high (conf=0.82, lift=3.27)"
"frozenset({'danceability_very_low', 'energy_very_low'})",frozenset({'acousticness_very_high'}),0.0993303705123444,0.249751434492507,0.0806190778519148,0.811625663289918,3.2497337400248965,1.0,0.0558111753277846,3.9827535884687135,0.7686308714452253,0.3002989603319798,0.7489174316745821,0.5672114598765289,danceability_very_low|energy_very_low,acousticness_very_high,"danceability_very_low|energy_very_low  →  acousticness_very_high (conf=0.81, lift=3.25)"
"frozenset({'danceability_very_low', 'energy_very_low', 'valence_very_low'})",frozenset({'acousticness_very_high'}),0.0676457552198756,0.249751434492507,0.0549000347392757,0.8115813706392775,3.249556393093014,1.0,0.0380054103357828,3.981817339681214,0.742492129105479,0.2091452562405877,0.7488583943732438,0.5157000334898147,danceability_very_low|energy_very_low|valence_very_low,acousticness_very_high,"danceability_very_low|energy_very_low|valence_very_low  →  acousticness_very_high (conf=0.81, lift=3.25)"
"frozenset({'loudness_very_low', 'valence_very_low'})",frozenset({'energy_very_low'}),0.1035589789048742,0.2505061153104373,0.084200816971933,0.8130711393869289,3.245713735887597,1.0,0.0582586594609574,4.009514005656727,0.7718314311557121,0.31201171875,0.7505932143922743,0.5745969698464866,loudness_very_low|valence_very_low,energy_very_low,"loudness_very_low|valence_very_low  →  energy_very_low (conf=0.81, lift=3.25)"
"frozenset({'loudness_very_low', 'speechiness_very_low'})",frozenset({'energy_very_low'}),0.0712394734004959,0.2505061153104373,0.0577630302231699,0.8108289894064233,3.236763255865475,1.0,0.0399171064848504,3.961991228665625,0.7440555070417615,0.218813813132459,0.7476016623245292,0.5207071496381772,loudness_very_low|speechiness_very_low,energy_very_low,"loudness_very_low|speechiness_very_low  →  energy_very_low (conf=0.81, lift=3.24)"
"frozenset({'loudness_very_low', 'energy_very_low', 'duration_ms_very_low'})",frozenset({'acousticness_very_high'}),0.069670216461625,0.249751434492507,0.0561817942236969,0.8063961485557084,3.228794862357043,1.0,0.0387815577210026,3.8751737628699634,0.7419808896603106,0.213424345847554,0.7419470554890946,0.5156734927631532,duration_ms_very_low|energy_very_low|loudness_very_low,acousticness_very_high,"duration_ms_very_low|energy_very_low|loudness_very_low  →  acousticness_very_high (conf=0.81, lift=3.23)"
"frozenset({'loudness_very_low', 'tempo_very_low'})",frozenset({'energy_very_low'}),0.0879382838797781,0.2505061153104373,0.0710597874914649,0.8080642964173819,3.225726826732336,1.0,0.0490307096096752,3.904921651885082,0.7565193623028292,0.2657587025670893,0.7439129157643266,0.545864588912593,loudness_very_low|tempo_very_low,energy_very_low,"loudness_very_low|tempo_very_low  →  energy_very_low (conf=0.81, lift=3.23)"
"frozenset({'liveness_low', 'loudness_very_low'})",frozenset({'energy_very_low'}),0.0884294253644629,0.2505061153104373,0.0714550964913331,0.8080465998374424,3.225656183427212,1.0,0.0493029846641472,3.904561649102577,0.7569195164406183,0.2671413856419902,0.7438893043909706,0.5466447612806187,liveness_low|loudness_very_low,energy_very_low,"liveness_low|loudness_very_low  →  energy_very_low (conf=0.81, lift=3.23)"
"frozenset({'duration_ms_very_low', 'energy_very_low', 'acousticness_very_high'})",frozenset({'loudness_very_low'}),0.0697540698858395,0.2500029947651505,0.0561817942236969,0.8054267559677142,3.221668431309478,1.0,0.0387430678551794,3.854574193718029,0.7413113061310469,0.2131527518974685,0.7405679720396239,0.5150756204371393,acousticness_very_high|duration_ms_very_low|energy_very_low,loudness_very_low,"acousticness_very_high|duration_ms_very_low|energy_very_low  →  loudness_very_low (conf=0.81, lift=3.22)"
"frozenset({'danceability_very_low', 'energy_very_low'})",frozenset({'loudness_very_low'}),0.0993303705123444,0.2500029947651505,0.0798524179733825,0.8039073806078147,3.2155910026717662,1.0,0.0550195278741644,3.824707975035284,0.7650032310079266,0.2963193456614509,0.738542130137197,0.5616566131596812,danceability_very_low|energy_very_low,loudness_very_low,"danceability_very_low|energy_very_low  →  loudness_very_low (conf=0.80, lift=3.22)"
"frozenset({'loudness_very_low', 'energy_very_low', 'instrumentalness_high'})",frozenset({'acousticness_very_high'}),0.0824398950634291,0.249751434492507,0.066112435462811,0.8019471083987214,3.2109809900722754,1.0,0.0455229534113078,3.788122250786917,0.7504344307438056,0.248469295876103,0.7360169673002853,0.5333300221354728,energy_very_low|instrumentalness_high|loudness_very_low,acousticness_very_high,"energy_very_low|instrumentalness_high|loudness_very_low  →  acousticness_very_high (conf=0.80, lift=3.21)"
"frozenset({'energy_very_low', 'speechiness_low'})",frozenset({'loudness_very_low'}),0.0780316007618682,0.2500029947651505,0.0626025707064052,0.802272029474977,3.209049676499358,1.0,0.0430944368296195,3.7930749162265607,0.7466430148802732,0.2358516111562415,0.7363616532533918,0.5263396563282887,energy_very_low|speechiness_low,loudness_very_low,"energy_very_low|speechiness_low  →  loudness_very_low (conf=0.80, lift=3.21)"
"frozenset({'energy_very_low', 'valence_very_low'})",frozenset({'loudness_very_low'}),0.1050204242983265,0.2500029947651505,0.084200816971933,0.8017565872020075,3.206987932105241,1.0,0.0579453963858446,3.783212741596044,0.7689347857379012,0.3109076433121018,0.7356743941451929,0.5692779102756563,energy_very_low|valence_very_low,loudness_very_low,"energy_very_low|valence_very_low  →  loudness_very_low (conf=0.80, lift=3.21)"
"frozenset({'energy_very_low', 'speechiness_low'})",frozenset({'acousticness_very_high'}),0.0780316007618682,0.249751434492507,0.0623390313731597,0.7988946883635246,3.1987591582281487,1.0,0.0428505271471365,3.7306253097067215,0.7455556802249922,0.2348481429667403,0.7319484223199533,0.5242494929658766,energy_very_low|speechiness_low,acousticness_very_high,"energy_very_low|speechiness_low  →  acousticness_very_high (conf=0.80, lift=3.20)"
"frozenset({'loudness_very_low', 'energy_very_low', 'valence_very_low'})",frozenset({'acousticness_very_high'}),0.084200816971933,0.249751434492507,0.0672624252806095,0.7988334044672073,3.198513778671303,1.0,0.0462331504564281,3.729488802653584,0.7505518747958,0.2522121906301936,0.7318667375302252,0.5340754388636578,energy_very_low|loudness_very_low|valence_very_low,acousticness_very_high,"energy_very_low|loudness_very_low|valence_very_low  →  acousticness_very_high (conf=0.80, lift=3.20)"
"frozenset({'loudness_very_low', 'energy_very_low', 'tempo_very_low'})",frozenset({'acousticness_very_high'}),0.0710597874914649,0.249751434492507,0.0567567891325962,0.7987188132164531,3.198054957479797,1.0,0.0390095052718701,3.727365570008749,0.739886087029572,0.2149435194846436,0.7317139998163227,0.5129859594404966,energy_very_low|loudness_very_low|tempo_very_low,acousticness_very_high,"energy_very_low|loudness_very_low|tempo_very_low  →  acousticness_very_high (conf=0.80, lift=3.20)"
"frozenset({'energy_very_low', 'acousticness_very_high', 'tempo_very_low'})",frozenset({'loudness_very_low'}),0.0710478084308628,0.2500029947651505,0.0567567891325962,0.798853481706289,3.1953756492266074,1.0,0.0389946242533797,3.728610425857412,0.739594304129897,0.2147486742510085,0.7318035713612947,0.5129389593485925,acousticness_very_high|energy_very_low|tempo_very_low,loudness_very_low,"acousticness_very_high|energy_very_low|tempo_very_low  →  loudness_very_low (conf=0.80, lift=3.20)"
"frozenset({'liveness_low', 'energy_very_low', 'loudness_very_low'})",frozenset({'acousticness_very_high'}),0.0714550964913331,0.249751434492507,0.0569963703446375,0.7976529756915339,3.193787364274237,1.0,0.0391503574941266,3.707732140225513,0.7397511036067922,0.2157236126224156,0.7302933539478456,0.512932679989275,energy_very_low|liveness_low|loudness_very_low,acousticness_very_high,"energy_very_low|liveness_low|loudness_very_low  →  acousticness_very_high (conf=0.80, lift=3.19)"
"frozenset({'duration_ms_very_low', 'loudness_very_low'})",frozenset({'energy_very_low'}),0.0875309958193078,0.2505061153104373,0.069670216461625,0.7959490899137813,3.1773639095692685,1.0,0.0477431667296761,3.6730729815067975,0.7510103825693548,0.2596080882024729,0.7277483989469298,0.5370334584993544,duration_ms_very_low|loudness_very_low,energy_very_low,"duration_ms_very_low|loudness_very_low  →  energy_very_low (conf=0.80, lift=3.18)"
"frozenset({'danceability_very_low', 'energy_very_low', 'mode_1'})",frozenset({'loudness_very_low'}),0.0684962685226224,0.2500029947651505,0.0541453539213454,0.7904861839804127,3.161906859247765,1.0,0.0370210816604519,3.579701899777019,0.734012249696796,0.204821460938916,0.7206471298455633,0.5035325026274847,danceability_very_low|energy_very_low|mode_1,loudness_very_low,"danceability_very_low|energy_very_low|mode_1  →  loudness_very_low (conf=0.79, lift=3.16)"
"frozenset({'danceability_very_low', 'energy_very_high'})",frozenset({'acousticness_very_low'}),0.0784868050647468,0.2504581990680291,0.0618239317672708,0.7876984126984127,3.145029452537344,1.0,0.0421662679201508,3.5305520342963863,0.7401282559778367,0.2314453562940042,0.7167581754111455,0.5172708631312993,danceability_very_low|energy_very_high,acousticness_very_low,"danceability_very_low|energy_very_high  →  acousticness_very_low (conf=0.79, lift=3.15)"
"frozenset({'acousticness_very_low', 'speechiness_very_high'})",frozenset({'energy_very_high'}),0.0750248565507493,0.2486014446747086,0.0586135435259166,0.781254989621587,3.1426003603633434,1.0,0.0399622558008876,3.435043176644013,0.7370924375078822,0.2211725353704289,0.7088828440936846,0.50851406542709,acousticness_very_low|speechiness_very_high,energy_very_high,"acousticness_very_low|speechiness_very_high  →  energy_very_high (conf=0.78, lift=3.14)"
"frozenset({'acousticness_very_high', 'speechiness_low'})",frozenset({'energy_very_low'}),0.0792774230644832,0.2505061153104373,0.0623390313731597,0.7863402840737383,3.139006339622781,1.0,0.0424795520894539,3.507885805428237,0.7401011624836276,0.2330914628684045,0.7149280063642433,0.5175963088310543,acousticness_very_high|speechiness_low,energy_very_low,"acousticness_very_high|speechiness_low  →  energy_very_low (conf=0.79, lift=3.14)"
"frozenset({'valence_very_low', 'energy_very_low', 'mode_1'})",frozenset({'loudness_very_low'}),0.0699936510978809,0.2500029947651505,0.0549000347392757,0.7843573506760226,3.1373918196973496,1.0,0.0374014123502584,3.477962302847005,0.7325368383270933,0.2070944419340261,0.7124753194761726,0.5019774295306323,energy_very_low|mode_1|valence_very_low,loudness_very_low,"energy_very_low|mode_1|valence_very_low  →  loudness_very_low (conf=0.78, lift=3.14)"
"frozenset({'liveness_low', 'energy_very_low', 'acousticness_very_high'})",frozenset({'loudness_very_low'}),0.072676960672744,0.2500029947651505,0.0569963703446375,0.7842426240316467,3.13693291861705,1.0,0.0388269125260224,3.47611293411752,0.7346062307753339,0.2145272555119707,0.7123223500061945,0.5061126871955071,acousticness_very_high|energy_very_low|liveness_low,loudness_very_low,"acousticness_very_high|energy_very_low|liveness_low  →  loudness_very_low (conf=0.78, lift=3.14)"
"frozenset({'loudness_very_low', 'instrumentalness_high', 'valence_very_low'})",frozenset({'energy_very_low'}),0.0687358497346638,0.2505061153104373,0.0537979611638855,0.7826768909027536,3.124382372593294,1.0,0.0365792104642929,3.448753737248365,0.730122320565604,0.2026716007040029,0.7100401837337728,0.4987169840894793,instrumentalness_high|loudness_very_low|valence_very_low,energy_very_low,"instrumentalness_high|loudness_very_low|valence_very_low  →  energy_very_low (conf=0.78, lift=3.12)"
"frozenset({'loudness_very_low', 'danceability_very_low', 'valence_very_low'})",frozenset({'acousticness_very_high'}),0.066471807280873,0.249751434492507,0.0516776674373195,0.7774373761038026,3.1128444874943324,1.0,0.035076238215612,3.3709548906891333,0.7270807890133086,0.1953450461872849,0.7033481513614777,0.4921768874859269,danceability_very_low|loudness_very_low|valence_very_low,acousticness_very_high,"danceability_very_low|loudness_very_low|valence_very_low  →  acousticness_very_high (conf=0.78, lift=3.11)"
"frozenset({'loudness_very_low', 'energy_very_low', 'mode_1'})",frozenset({'acousticness_very_high'}),0.1215515279291798,0.249751434492507,0.0941793744534553,0.7748102887552972,3.10232567964907,1.0,0.0638217059883866,3.3316289690173013,0.7714296298183428,0.3398461139448431,0.6998465287402755,0.5759513576252864,energy_very_low|loudness_very_low|mode_1,acousticness_very_high,"energy_very_low|loudness_very_low|mode_1  →  acousticness_very_high (conf=0.77, lift=3.10)"
"frozenset({'energy_very_low', 'instrumentalness_high'})",frozenset({'acousticness_very_high'}),0.0909450280908971,0.249751434492507,0.0701254207645036,0.7710748155953636,3.087368916067214,1.0,0.0474117695388407,3.2772653103181173,0.7437389702414289,0.2591756320007083,0.694867547997531,0.5259278341970295,energy_very_low|instrumentalness_high,acousticness_very_high,"energy_very_low|instrumentalness_high  →  acousticness_very_high (conf=0.77, lift=3.09)"
"frozenset({'loudness_very_low', 'speechiness_low'})",frozenset({'energy_very_low'}),0.0810503240335892,0.2505061153104373,0.0626025707064052,0.7723913686077446,3.083323405700359,1.0,0.0422989688880985,3.2929062492270007,0.7352683711554563,0.232763228220203,0.69631689325053,0.5111478648700544,loudness_very_low|speechiness_low,energy_very_low,"loudness_very_low|speechiness_low  →  energy_very_low (conf=0.77, lift=3.08)"
"frozenset({'danceability_very_low', 'acousticness_very_high'})",frozenset({'loudness_very_low'}),0.0941075000898429,0.2500029947651505,0.072497274763713,0.7703665987780041,3.0814294824815045,1.0,0.0489701179113906,3.266062346521606,0.7456461920687566,0.2669136455852518,0.6938209091247105,0.5301761120387385,acousticness_very_high|danceability_very_low,loudness_very_low,"acousticness_very_high|danceability_very_low  →  loudness_very_low (conf=0.77, lift=3.08)"
"frozenset({'speechiness_very_low', 'acousticness_very_high'})",frozenset({'energy_very_low'}),0.0837336336084524,0.2505061153104373,0.0642916182512967,0.7678111587982832,3.065039581356249,1.0,0.0433158309752158,3.227949632766508,0.7353101281105017,0.2381628577767916,0.6902058229629339,0.5122290300494858,acousticness_very_high|speechiness_very_low,energy_very_low,"acousticness_very_high|speechiness_very_low  →  energy_very_low (conf=0.77, lift=3.07)"
"frozenset({'instrumentalness_high', 'energy_very_high'})",frozenset({'acousticness_very_low'}),0.0703170857341367,0.2504581990680291,0.0537380658608751,0.7642248722316866,3.0513070647134573,1.0,0.0361265752041911,3.179053736611756,0.7231192311479978,0.2012381123272923,0.6854409887812078,0.4893919463511599,energy_very_high|instrumentalness_high,acousticness_very_low,"energy_very_high|instrumentalness_high  →  acousticness_very_low (conf=0.76, lift=3.05)"
"frozenset({'valence_low', 'acousticness_very_high'})",frozenset({'energy_very_low'}),0.0667233675535164,0.2505061153104373,0.0509948609830017,0.7642728904847397,3.050915102561954,1.0,0.0342802493767398,3.179498048530742,0.7202896401185879,0.191541057367829,0.6854849461341533,0.4839201101237776,acousticness_very_high|valence_low,energy_very_low,"acousticness_very_high|valence_low  →  energy_very_low (conf=0.76, lift=3.05)"
"frozenset({'liveness_low', 'energy_very_low', 'mode_1'})",frozenset({'acousticness_very_high'}),0.0691191796739299,0.249751434492507,0.0526359922854849,0.7615251299826691,3.0491321562580094,1.0,0.0353733780109756,3.1460277783272064,0.72193756156661,0.1977052868391451,0.6821388524001794,0.4861393216703119,energy_very_low|liveness_low|mode_1,acousticness_very_high,"energy_very_low|liveness_low|mode_1  →  acousticness_very_high (conf=0.76, lift=3.05)"
"frozenset({'energy_very_low', 'mode_1', 'tempo_very_low'})",frozenset({'acousticness_very_high'}),0.0659087914325758,0.249751434492507,0.050168305801459,0.7611777535441657,3.047741267596212,1.0,0.0337074905955057,3.141451756029091,0.7192960946937074,0.1889635879619185,0.6816758372682965,0.4810253485453094,energy_very_low|mode_1|tempo_very_low,acousticness_very_high,"energy_very_low|mode_1|tempo_very_low  →  acousticness_very_high (conf=0.76, lift=3.05)"
"frozenset({'energy_very_low', 'acousticness_very_high'})",frozenset({'loudness_very_low'}),0.1766671857592927,0.2500029947651505,0.1346087039854334,0.7619338215351235,3.0476987775721405,1.0,0.0904413784688791,3.150371926289821,0.8160534505131197,0.4608916779459414,0.6825771612376906,0.6501810938054151,acousticness_very_high|energy_very_low,loudness_very_low,"acousticness_very_high|energy_very_low  →  loudness_very_low (conf=0.76, lift=3.05)"
"frozenset({'duration_ms_very_low', 'energy_very_low'})",frozenset({'acousticness_very_high'}),0.0918314785754501,0.249751434492507,0.0697540698858395,0.7595877902426298,3.041375084736174,1.0,0.0468190263800529,3.1206758020512426,0.7390713743109417,0.2566102591221576,0.6795565885624221,0.5194408805882438,duration_ms_very_low|energy_very_low,acousticness_very_high,"duration_ms_very_low|energy_very_low  →  acousticness_very_high (conf=0.76, lift=3.04)"
"frozenset({'mode_1', 'acousticness_very_high', 'tempo_very_low'})",frozenset({'energy_very_low'}),0.0658728542507696,0.2505061153104373,0.050168305801459,0.7615930169121659,3.040217265627902,1.0,0.0336667529786881,3.1437581021418044,0.718399141356501,0.1884534041308553,0.6819093684979414,0.480930402870773,acousticness_very_high|mode_1|tempo_very_low,energy_very_low,"acousticness_very_high|mode_1|tempo_very_low  →  energy_very_low (conf=0.76, lift=3.04)"
"frozenset({'duration_ms_very_low', 'energy_very_low'})",frozenset({'loudness_very_low'}),0.0918314785754501,0.2500029947651505,0.069670216461625,0.7586746673623793,3.0346623170457145,1.0,0.0467120718040507,3.1078254281785704,0.7382705176029394,0.2559859154929577,0.6782316049888045,0.5186760974569443,duration_ms_very_low|energy_very_low,loudness_very_low,"duration_ms_very_low|energy_very_low  →  loudness_very_low (conf=0.76, lift=3.03)"
"frozenset({'loudness_very_low', 'danceability_very_low'})",frozenset({'acousticness_very_high'}),0.0957007151499179,0.249751434492507,0.072497274763713,0.7575416197271247,3.0331822568564752,1.0,0.0485958838730622,3.094339592069881,0.7412515539585087,0.265601685245326,0.6768292650998028,0.5239096654441657,danceability_very_low|loudness_very_low,acousticness_very_high,"danceability_very_low|loudness_very_low  →  acousticness_very_high (conf=0.76, lift=3.03)"
"frozenset({'loudness_very_low', 'energy_very_low'})",frozenset({'acousticness_very_high'}),0.1776973849710705,0.249751434492507,0.1346087039854334,0.7575165161116354,3.033081742456867,1.0,0.0902285271833413,3.094019244019502,0.815152855261116,0.4596662030598052,0.6767958047019514,0.6482436050748595,energy_very_low|loudness_very_low,acousticness_very_high,"energy_very_low|loudness_very_low  →  acousticness_very_high (conf=0.76, lift=3.03)"
"frozenset({'valence_very_low', 'energy_very_low', 'mode_1'})",frozenset({'acousticness_very_high'}),0.0699936510978809,0.249751434492507,0.0528036991339139,0.754406982714359,3.0206312297957685,1.0,0.0353226843668501,3.054844855930509,0.719289034176803,0.1978100879554837,0.6726511338018838,0.4829159955540235,energy_very_low|mode_1|valence_very_low,acousticness_very_high,"energy_very_low|mode_1|valence_very_low  →  acousticness_very_high (conf=0.75, lift=3.02)"
"frozenset({'energy_very_low', 'mode_1', 'acousticness_very_high'})",frozenset({'loudness_very_low'}),0.1251811832916062,0.2500029947651505,0.0941793744534553,0.7523444976076555,3.0093419413411344,1.0,0.0628837037423085,3.0283882166554013,0.7632454002349385,0.3351521868872026,0.669791344947044,0.5645287413768991,acousticness_very_high|energy_very_low|mode_1,loudness_very_low,"acousticness_very_high|energy_very_low|mode_1  →  loudness_very_low (conf=0.75, lift=3.01)"
"frozenset({'duration_ms_very_low', 'acousticness_very_high'})",frozenset({'energy_very_low'}),0.0930773008780651,0.2505061153104373,0.0697540698858395,0.7494208494208495,2.9916269648433,1.0,0.0464376368192947,2.991046473568518,0.7340578488354864,0.2547355527363401,0.6656688524110649,0.5139367062712511,acousticness_very_high|duration_ms_very_low,energy_very_low,"acousticness_very_high|duration_ms_very_low  →  energy_very_low (conf=0.75, lift=2.99)"
"frozenset({'energy_very_low', 'tempo_very_low'})",frozenset({'acousticness_very_high'}),0.0952215527258352,0.249751434492507,0.0710478084308628,0.7461315888791042,2.9874967100598946,1.0,0.0472660890429816,2.9552655338052825,0.7352867433091211,0.2593693969475663,0.6616209309921562,0.5153028321871659,energy_very_low|tempo_very_low,acousticness_very_high,"energy_very_low|tempo_very_low  →  acousticness_very_high (conf=0.75, lift=2.99)"
"frozenset({'energy_very_low', 'tempo_very_low'})",frozenset({'loudness_very_low'}),0.0952215527258352,0.2500029947651505,0.0710597874914649,0.7462573908667758,2.9849938060454035,1.0,0.0472541141438184,2.9557393131441847,0.7349765366773384,0.2591864377157338,0.6616751702178213,0.5152465679777098,energy_very_low|tempo_very_low,loudness_very_low,"energy_very_low|tempo_very_low  →  loudness_very_low (conf=0.75, lift=2.98)"
"frozenset({'acousticness_very_high', 'tempo_very_low'})",frozenset({'energy_very_low'}),0.0950897830592125,0.2505061153104373,0.0710478084308628,0.7471655328798186,2.9826239249844284,1.0,0.0472272362709872,2.964365947516566,0.7345753551634292,0.2587809241240891,0.6626597330745341,0.5153912974269024,acousticness_very_high|tempo_very_low,energy_very_low,"acousticness_very_high|tempo_very_low  →  energy_very_low (conf=0.75, lift=2.98)"
"frozenset({'liveness_low', 'energy_very_low'})",frozenset({'acousticness_very_high'}),0.0977371554522694,0.249751434492507,0.072676960672744,0.7435960289251133,2.9773443761638227,1.0,0.0482669658953225,2.926041130963496,0.7360717824267359,0.2644610086744257,0.6582413044649456,0.5172965995265886,energy_very_low|liveness_low,acousticness_very_high,"energy_very_low|liveness_low  →  acousticness_very_high (conf=0.74, lift=2.98)"
"frozenset({'energy_very_low', 'valence_very_low'})",frozenset({'acousticness_very_high'}),0.1050204242983265,0.249751434492507,0.0780076426406641,0.7427854454203262,2.9740988152066485,1.0,0.0517786410211453,2.9168200327291305,0.7416523368654553,0.2818559556786704,0.6571608845320679,0.5275632824492393,energy_very_low|valence_very_low,acousticness_very_high,"energy_very_low|valence_very_low  →  acousticness_very_high (conf=0.74, lift=2.97)"
"frozenset({'loudness_very_low', 'mode_1', 'instrumentalness_high'})",frozenset({'energy_very_low'}),0.0711196827944752,0.2505061153104373,0.0526599504066891,0.7404413003200271,2.9557813365252263,1.0,0.0348440349477345,2.887569885400348,0.7123414804302598,0.1957867545539571,0.6536880353767247,0.4753277656917656,instrumentalness_high|loudness_very_low|mode_1,energy_very_low,"instrumentalness_high|loudness_very_low|mode_1  →  energy_very_low (conf=0.74, lift=2.96)"
"frozenset({'danceability_very_low', 'acousticness_very_low'})",frozenset({'energy_very_high'}),0.0841648797901268,0.2486014446747086,0.0618239317672708,0.7345573583831482,2.9547590093223546,1.0,0.040900421060572,2.830737935504287,0.7223602908406014,0.2281810947033336,0.6467352249540355,0.4916221476057792,acousticness_very_low|danceability_very_low,energy_very_high,"acousticness_very_low|danceability_very_low  →  energy_very_high (conf=0.73, lift=2.95)"
"frozenset({'energy_very_high', 'instrumentalness_low'})",frozenset({'loudness_very_high'}),0.1022412822386468,0.2499430994621402,0.0752764168233927,0.7362624487404804,2.9457202472277286,1.0,0.0497219138476818,2.8439518641006813,0.7357482999570297,0.2718463401972659,0.648376608400782,0.5187183319666936,energy_very_high|instrumentalness_low,loudness_very_high,"energy_very_high|instrumentalness_low  →  loudness_very_high (conf=0.74, lift=2.95)"
"frozenset({'speechiness_very_high', 'loudness_very_high'})",frozenset({'energy_very_high'}),0.0916997089088273,0.2486014446747086,0.0670947184321805,0.7316786414108427,2.9431793623252416,1.0,0.0442980383211958,2.800368033600345,0.7268866730494837,0.2455824966019205,0.6429040797489994,0.5007836661012678,loudness_very_high|speechiness_very_high,energy_very_high,"loudness_very_high|speechiness_very_high  →  energy_very_high (conf=0.73, lift=2.94)"
"frozenset({'loudness_very_low', 'mode_1'})",frozenset({'energy_very_low'}),0.1652750991267264,0.2505061153104373,0.1215515279291798,0.7354497354497355,2.935855416297268,1.0,0.080149104889396,2.8330868841265477,0.7899414173204933,0.4131178242814102,0.6470281213036978,0.6103367652000016,loudness_very_low|mode_1,energy_very_low,"loudness_very_low|mode_1  →  energy_very_low (conf=0.74, lift=2.94)"
"frozenset({'mode_0', 'energy_very_low'})",frozenset({'loudness_very_low'}),0.0766899459744366,0.2500029947651505,0.0561458570418907,0.732114964073727,2.928424776517041,1.0,0.036973140879904,2.79969727551808,0.7132159802768477,0.2075271197697586,0.6428185258654612,0.4783478509875103,energy_very_low|mode_0,loudness_very_low,"energy_very_low|mode_0  →  loudness_very_low (conf=0.73, lift=2.93)"
"frozenset({'liveness_low', 'energy_very_low'})",frozenset({'loudness_very_low'}),0.0977371554522694,0.2500029947651505,0.0714550964913331,0.7310944968746169,2.924342956616969,1.0,0.0470205149284387,2.7890727282183843,0.729324994580263,0.2586281651057925,0.6414578975002978,0.5084557295106195,energy_very_low|liveness_low,loudness_very_low,"energy_very_low|liveness_low  →  loudness_very_low (conf=0.73, lift=2.92)"
"frozenset({'liveness_very_high', 'loudness_very_high'})",frozenset({'energy_very_high'}),0.0816372980030906,0.2486014446747086,0.0591526012530097,0.7245781364636831,2.9146175615020384,1.0,0.0388574510301017,2.728173230975952,0.7152967035421636,0.2182059213433495,0.6334543610919204,0.4812598194485331,liveness_very_high|loudness_very_high,energy_very_high,"liveness_very_high|loudness_very_high  →  energy_very_high (conf=0.72, lift=2.91)"
"frozenset({'energy_very_low', 'mode_1'})",frozenset({'acousticness_very_high'}),0.1738161693360006,0.249751434492507,0.1251811832916062,0.7201929703652653,2.883638974201256,1.0,0.0817703456619475,2.681307065397468,0.7906423806937463,0.4195270785659801,0.6270475646355099,0.610708025304461,energy_very_low|mode_1,acousticness_very_high,"energy_very_low|mode_1  →  acousticness_very_high (conf=0.72, lift=2.88)"
"frozenset({'loudness_very_low', 'danceability_very_low', 'energy_very_low'})",frozenset({'valence_very_low'}),0.0798524179733825,0.2507217384012746,0.0577151139807616,0.7227722772277229,2.8827666952075046,1.0,0.0376943769309299,2.7027537293382604,0.7097894209902041,0.2115198876108525,0.6300069854145242,0.4764840841465895,danceability_very_low|energy_very_low|loudness_very_low,valence_very_low,"danceability_very_low|energy_very_low|loudness_very_low  →  valence_very_low (conf=0.72, lift=2.88)"
"frozenset({'danceability_very_low', 'instrumentalness_high'})",frozenset({'valence_very_low'}),0.0950897830592125,0.2507217384012746,0.0687238706740617,0.7227261274880323,2.8825826276432607,1.0,0.0448827949612559,2.7023038803138046,0.7217167588781245,0.2480221347974579,0.6299453931569401,0.4984151421004423,danceability_very_low|instrumentalness_high,valence_very_low,"danceability_very_low|instrumentalness_high  →  valence_very_low (conf=0.72, lift=2.88)"
"frozenset({'loudness_very_low', 'tempo_very_low'})",frozenset({'acousticness_very_high'}),0.0879382838797781,0.249751434492507,0.0632374609183147,0.7191118376243019,2.8793101392411677,1.0,0.0412747483725308,2.670986769830507,0.7156254609138328,0.230413338570992,0.6256065319022689,0.4861567150134075,loudness_very_low|tempo_very_low,acousticness_very_high,"loudness_very_low|tempo_very_low  →  acousticness_very_high (conf=0.72, lift=2.88)"
"frozenset({'loudness_very_low', 'key_very_low'})",frozenset({'energy_very_low'}),0.0812300099426203,0.2505061153104373,0.0583739623138753,0.7186255714496387,2.868694724514364,1.0,0.0380253480765213,2.6636886960586605,0.7090016134181732,0.2135407537248027,0.6245807546956764,0.4758248362221414,key_very_low|loudness_very_low,energy_very_low,"key_very_low|loudness_very_low  →  energy_very_low (conf=0.72, lift=2.87)"
"frozenset({'loudness_very_low', 'valence_very_low', 'acousticness_very_high'})",frozenset({'danceability_very_low'}),0.0716467614609662,0.2516321470070317,0.0516776674373195,0.721284066209664,2.86642257274667,1.0,0.0336490390247959,2.685055866077352,0.7013850525677346,0.1902703656331319,0.6275682705027219,0.4633269802627869,acousticness_very_high|loudness_very_low|valence_very_low,danceability_very_low,"acousticness_very_high|loudness_very_low|valence_very_low  →  danceability_very_low (conf=0.72, lift=2.87)"
"frozenset({'loudness_very_low', 'duration_ms_very_low'})",frozenset({'acousticness_very_high'}),0.0875309958193078,0.249751434492507,0.0625905916458031,0.7150677432598878,2.863117662218436,1.0,0.0407295998773733,2.63307697798427,0.7131534148227118,0.2278574854999782,0.6202161925529646,0.4828396416908581,duration_ms_very_low|loudness_very_low,acousticness_very_high,"duration_ms_very_low|loudness_very_low  →  acousticness_very_high (conf=0.72, lift=2.86)"
"frozenset({'energy_very_low', 'key_very_low'})",frozenset({'loudness_very_low'}),0.0816971933061009,0.2500029947651505,0.0583739623138753,0.714516129032258,2.85803027961111,1.0,0.0379494193234427,2.627108153929981,0.7079458657417415,0.2135688302581408,0.6193533187797899,0.4740045906301683,energy_very_low|key_very_low,loudness_very_low,"energy_very_low|key_very_low  →  loudness_very_low (conf=0.71, lift=2.86)"
"frozenset({'mode_1', 'acousticness_very_high'})",frozenset({'energy_very_low'}),0.1748942847901867,0.2505061153104373,0.1251811832916062,0.7157534246575342,2.857229348555198,1.0,0.0813690954188192,2.6367736666187023,0.7877906829332709,0.416965924507222,0.6207486396500759,0.6077332540273134,acousticness_very_high|mode_1,energy_very_low,"acousticness_very_high|mode_1  →  energy_very_low (conf=0.72, lift=2.86)"
"frozenset({'loudness_very_low', 'instrumentalness_low'})",frozenset({'energy_very_low'}),0.0767378622168449,0.2505061153104373,0.0548640975574695,0.7149547299406807,2.8540410243266106,1.0,0.0356407937963001,2.629385446506757,0.7036134007134506,0.201424927434251,0.6196829942416622,0.4669838684133395,instrumentalness_low|loudness_very_low,energy_very_low,"instrumentalness_low|loudness_very_low  →  energy_very_low (conf=0.71, lift=2.85)"
"frozenset({'key_very_low', 'acousticness_very_high'})",frozenset({'energy_very_low'}),0.0800560620036176,0.2505061153104373,0.0572239724960768,0.7147987430794553,2.8534183374870814,1.0,0.037169439396499,2.627947340703225,0.706068189564379,0.2093522657551056,0.6194748713144286,0.4716160892137904,acousticness_very_high|key_very_low,energy_very_low,"acousticness_very_high|key_very_low  →  energy_very_low (conf=0.71, lift=2.85)"
"frozenset({'liveness_very_high', 'acousticness_very_low'})",frozenset({'energy_very_high'}),0.075515998035434,0.2486014446747086,0.0535104637094359,0.7085977157360407,2.850336274848405,1.0,0.0347370775017745,2.5785609650357317,0.702190845018383,0.197742363877822,0.6121867919511677,0.4619218521339096,acousticness_very_low|liveness_very_high,energy_very_high,"acousticness_very_low|liveness_very_high  →  energy_very_high (conf=0.71, lift=2.85)"
"frozenset({'loudness_very_low', 'danceability_very_low', 'acousticness_very_high'})",frozenset({'valence_very_low'}),0.072497274763713,0.2507217384012746,0.0516776674373195,0.7128222075346994,2.8430809872331184,1.0,0.0335010246792065,2.609109343610753,0.6989401577230936,0.1903123345685547,0.6167274466864245,0.4594689155208136,acousticness_very_high|danceability_very_low|loudness_very_low,valence_very_low,"acousticness_very_high|danceability_very_low|loudness_very_low  →  valence_very_low (conf=0.71, lift=2.84)"
"frozenset({'valence_low', 'energy_very_low'})",frozenset({'acousticness_very_high'}),0.0718504054912013,0.249751434492507,0.0509948609830017,0.7097365788596198,2.8417717812183896,1.0,0.0330501191427058,2.584716195240633,0.6982784479626167,0.1884462151394422,0.6131103283829188,0.4569595168268073,energy_very_low|valence_low,acousticness_very_high,"energy_very_low|valence_low  →  acousticness_very_high (conf=0.71, lift=2.84)"
"frozenset({'loudness_very_low', 'instrumentalness_high'})",frozenset({'energy_very_low'}),0.1159692856886163,0.2505061153104373,0.0824398950634291,0.7108769755190579,2.837762960948519,1.0,0.0533888798102475,2.5923009280741893,0.732564761892858,0.290245033950487,0.6142423168660066,0.5199851595269352,instrumentalness_high|loudness_very_low,energy_very_low,"instrumentalness_high|loudness_very_low  →  energy_very_low (conf=0.71, lift=2.84)"
frozenset({'energy_very_low'}),frozenset({'loudness_very_low'}),0.2505061153104373,0.2500029947651505,0.1776973849710705,0.7093534812547819,2.837379935872925,1.0,0.1150701059364771,2.580443792937014,0.8639992839365561,0.5504675671663946,0.6124697609236363,0.7100672533250431,energy_very_low,loudness_very_low,"energy_very_low  →  loudness_very_low (conf=0.71, lift=2.84)"
frozenset({'loudness_very_low'}),frozenset({'energy_very_low'}),0.2500029947651505,0.2505061153104373,0.1776973849710705,0.7107810253953042,2.8373799358729244,1.0,0.1150701059364771,2.5914409167447263,0.8634196872343993,0.5504675671663946,0.614114296977234,0.7100672533250431,loudness_very_low,energy_very_low,"loudness_very_low  →  energy_very_low (conf=0.71, lift=2.84)"
frozenset({'acousticness_very_high'}),frozenset({'energy_very_low'}),0.249751434492507,0.2505061153104373,0.1766671857592927,0.7073720562137272,2.8237716086775886,1.0,0.1141029241113656,2.5612519262240108,0.8608663050559204,0.5459593529041572,0.6095659354078945,0.7063065330800846,acousticness_very_high,energy_very_low,"acousticness_very_high  →  energy_very_low (conf=0.71, lift=2.82)"
frozenset({'energy_very_low'}),frozenset({'acousticness_very_high'}),0.2505061153104373,0.249751434492507,0.1766671857592927,0.7052410099464421,2.8237716086775886,1.0,0.1141029241113656,2.5452949386587744,0.8617331290560885,0.5459593529041572,0.6071182224064992,0.7063065330800846,energy_very_low,acousticness_very_high,"energy_very_low  →  acousticness_very_high (conf=0.71, lift=2.82)"
"frozenset({'acousticness_very_low', 'tempo_very_high'})",frozenset({'energy_very_high'}),0.0793732555492998,0.2486014446747086,0.0553672181027563,0.697555086024751,2.805917266239107,1.0,0.0356349121046656,2.484414584623444,0.6991001602113355,0.2031023421364854,0.5974906900848164,0.4601349371240702,acousticness_very_low|tempo_very_high,energy_very_high,"acousticness_very_low|tempo_very_high  →  energy_very_high (conf=0.70, lift=2.81)"
"frozenset({'energy_very_low', 'key_very_low'})",frozenset({'acousticness_very_high'}),0.0816971933061009,0.249751434492507,0.0572239724960768,0.7004398826979472,2.8045479863658658,1.0,0.0368199812738665,2.504500840313804,0.7006798822249182,0.2086755198322558,0.6007188402960553,0.4647817908381577,energy_very_low|key_very_low,acousticness_very_high,"energy_very_low|key_very_low  →  acousticness_very_high (conf=0.70, lift=2.80)"
"frozenset({'tempo_very_high', 'loudness_very_high'})",frozenset({'energy_very_high'}),0.0869679799710106,0.2486014446747086,0.0605781094646557,0.6965564738292012,2.8019003459156693,1.0,0.0389577440034214,2.4762385436503025,0.7043557678287982,0.2202909914619272,0.5961616854061774,0.4701160434967815,loudness_very_high|tempo_very_high,energy_very_high,"loudness_very_high|tempo_very_high  →  energy_very_high (conf=0.70, lift=2.80)"
"frozenset({'energy_very_low', 'mode_1'})",frozenset({'loudness_very_low'}),0.1738161693360006,0.2500029947651505,0.1215515279291798,0.6993108201240524,2.797209772550828,1.0,0.0780969650565731,2.494260038037513,0.7776730403625506,0.402132128561804,0.5990794926150517,0.5927555538090314,energy_very_low|mode_1,loudness_very_low,"energy_very_low|mode_1  →  loudness_very_low (conf=0.70, lift=2.80)"
"frozenset({'energy_very_low', 'valence_very_low', 'acousticness_very_high'})",frozenset({'danceability_very_low'}),0.0780076426406641,0.2516321470070317,0.0549000347392757,0.7037776412776412,2.796851076655061,1.0,0.0352708041386481,2.526371932965375,0.6968116786811567,0.1998255940701984,0.6041754632595876,0.4609767002922529,acousticness_very_high|energy_very_low|valence_very_low,danceability_very_low,"acousticness_very_high|energy_very_low|valence_very_low  →  danceability_very_low (conf=0.70, lift=2.80)"
"frozenset({'acousticness_very_high', 'speechiness_low'})",frozenset({'loudness_very_low'}),0.0792774230644832,0.2500029947651505,0.0554031552845625,0.6988516168026594,2.7953729812682893,1.0,0.0355835621011779,2.490456688732681,0.6975673249393342,0.2022919126973713,0.5984672190750404,0.4602307916308457,acousticness_very_high|speechiness_low,loudness_very_low,"acousticness_very_high|speechiness_low  →  loudness_very_low (conf=0.70, lift=2.80)"
"frozenset({'loudness_very_low', 'danceability_very_low'})",frozenset({'valence_very_low'}),0.0957007151499179,0.2507217384012746,0.066471807280873,0.6945800475654024,2.77032239802734,1.0,0.0424775576122404,2.453272144226318,0.7066589493604838,0.237441163885323,0.5923811378393296,0.4798509411262271,danceability_very_low|loudness_very_low,valence_very_low,"danceability_very_low|loudness_very_low  →  valence_very_low (conf=0.69, lift=2.77)"
"frozenset({'loudness_very_low', 'valence_very_low'})",frozenset({'acousticness_very_high'}),0.1035589789048742,0.249751434492507,0.0716467614609662,0.691844997108155,2.77013422771316,1.0,0.0457827579248946,2.4346467150196225,0.7128262178210082,0.2543699230213073,0.5892627896150674,0.4893586345797861,loudness_very_low|valence_very_low,acousticness_very_high,"loudness_very_low|valence_very_low  →  acousticness_very_high (conf=0.69, lift=2.77)"
"frozenset({'loudness_very_high', 'speechiness_high'})",frozenset({'energy_very_high'}),0.0745816313084727,0.2486014446747086,0.0512943374980534,0.6877610022486348,2.766520537113371,1.0,0.0327532362085705,2.40648529087205,0.6899961646004259,0.1886592941798475,0.5844562176244904,0.4470463084774712,loudness_very_high|speechiness_high,energy_very_high,"loudness_very_high|speechiness_high  →  energy_very_high (conf=0.69, lift=2.77)"
"frozenset({'mode_0', 'acousticness_very_high'})",frozenset({'energy_very_low'}),0.0748571497023203,0.2505061153104373,0.0514860024676864,0.6877900464074252,2.74560182115749,1.0,0.0327338286925463,2.40060855224248,0.687224818483789,0.1879893277347679,0.5834389579817707,0.4466589864783874,acousticness_very_high|mode_0,energy_very_low,"acousticness_very_high|mode_0  →  energy_very_low (conf=0.69, lift=2.75)"
"frozenset({'liveness_low', 'acousticness_very_high'})",frozenset({'loudness_very_low'}),0.0880820326070029,0.2500029947651505,0.0603145701314103,0.6847545219638244,2.7389852773846712,1.0,0.0382937981946579,2.379088860867925,0.6962263159538382,0.217138174918061,0.579671017569648,0.463004956238261,acousticness_very_high|liveness_low,loudness_very_low,"acousticness_very_high|liveness_low  →  loudness_very_low (conf=0.68, lift=2.74)"
"frozenset({'loudness_very_low', 'speechiness_low'})",frozenset({'acousticness_very_high'}),0.0810503240335892,0.249751434492507,0.0554031552845625,0.683564883239728,2.736980809054116,1.0,0.0351607205910911,2.370939651669171,0.6906078951345856,0.2011744236624619,0.5782262955128413,0.4526990323436397,loudness_very_low|speechiness_low,acousticness_very_high,"loudness_very_low|speechiness_low  →  acousticness_very_high (conf=0.68, lift=2.74)"
"frozenset({'liveness_low', 'loudness_very_low'})",frozenset({'acousticness_very_high'}),0.0884294253644629,0.249751434492507,0.0603145701314103,0.6820644811704145,2.730973227666796,1.0,0.0382291942952875,2.359750707531449,0.6953166200787558,0.2170632867735816,0.5762264222197835,0.4617814371893609,liveness_low|loudness_very_low,acousticness_very_high,"liveness_low|loudness_very_low  →  acousticness_very_high (conf=0.68, lift=2.73)"
"frozenset({'loudness_very_low', 'energy_very_low', 'valence_very_low'})",frozenset({'danceability_very_low'}),0.084200816971933,0.2516321470070317,0.0577151139807616,0.6854460093896714,2.724000162707816,1.0,0.036527481626368,2.37913959235078,0.6910825411899622,0.2075203514665977,0.5796799804369949,0.457404524260674,energy_very_low|loudness_very_low|valence_very_low,danceability_very_low,"energy_very_low|loudness_very_low|valence_very_low  →  danceability_very_low (conf=0.69, lift=2.72)"
"frozenset({'danceability_very_low', 'energy_very_low'})",frozenset({'valence_very_low'}),0.0993303705123444,0.2507217384012746,0.0676457552198756,0.6810178485287024,2.716229764803036,1.0,0.0427414720489779,2.348966104036534,0.7015254114451177,0.2395334040296924,0.5742807874998408,0.4754109787316231,danceability_very_low|energy_very_low,valence_very_low,"danceability_very_low|energy_very_low  →  valence_very_low (conf=0.68, lift=2.72)"
"frozenset({'danceability_very_low', 'energy_very_low', 'acousticness_very_high'})",frozenset({'valence_very_low'}),0.0806190778519148,0.2507217384012746,0.0549000347392757,0.6809806835066864,2.716081532654308,1.0,0.0346870793919359,2.348692454848356,0.687226072156166,0.1985960046799843,0.574231186405133,0.4499743360199461,acousticness_very_high|danceability_very_low|energy_very_low,valence_very_low,"acousticness_very_high|danceability_very_low|energy_very_low  →  valence_very_low (conf=0.68, lift=2.72)"
"frozenset({'valence_very_low', 'tempo_very_low'})",frozenset({'danceability_very_low'}),0.0737670551875322,0.2516321470070317,0.05034799171049,0.6825267944137707,2.712399041743653,1.0,0.0317858292352651,2.3572630377139125,0.6816024921496516,0.1830495187491834,0.5757792049504133,0.4413062421083421,tempo_very_low|valence_very_low,danceability_very_low,"tempo_very_low|valence_very_low  →  danceability_very_low (conf=0.68, lift=2.71)"
"frozenset({'energy_very_high', 'tempo_very_high'})",frozenset({'loudness_very_high'}),0.0896273314246696,0.2499430994621402,0.0605781094646557,0.6758887997861535,2.7041706742079223,1.0,0.0381763764518533,2.3141961772471205,0.692244921181945,0.2171318162301417,0.5678845165194414,0.4591282005161297,energy_very_high|tempo_very_high,loudness_very_high,"energy_very_high|tempo_very_high  →  loudness_very_high (conf=0.68, lift=2.70)"
"frozenset({'energy_very_low', 'speechiness_very_low'})",frozenset({'acousticness_very_high'}),0.09536530145306,0.249751434492507,0.0642916182512967,0.6741615374952895,2.699329991297869,1.0,0.0404739974125846,2.3025168966866425,0.6959026664717123,0.2289382758179413,0.5656926550945118,0.4657919779183483,energy_very_low|speechiness_very_low,acousticness_very_high,"energy_very_low|speechiness_very_low  →  acousticness_very_high (conf=0.67, lift=2.70)"
"frozenset({'speechiness_very_high', 'energy_very_high'})",frozenset({'loudness_very_high'}),0.0997137004516105,0.2499430994621402,0.0670947184321805,0.672873618452667,2.692107203202022,1.0,0.0421719670824655,2.292865824486649,0.6981598714914369,0.2374512463964728,0.5638645797235473,0.4706567948481883,energy_very_high|speechiness_very_high,loudness_very_high,"energy_very_high|speechiness_very_high  →  loudness_very_high (conf=0.67, lift=2.69)"
"frozenset({'valence_very_low', 'acousticness_very_high'})",frozenset({'danceability_very_low'}),0.087746618910145,0.2516321470070317,0.0594041615256531,0.6769965870307166,2.6904216932656,1.0,0.0373242914166855,2.316903855948221,0.6887462061663472,0.2121769638884134,0.5683895136897091,0.4565359970286402,acousticness_very_high|valence_very_low,danceability_very_low,"acousticness_very_high|valence_very_low  →  danceability_very_low (conf=0.68, lift=2.69)"
"frozenset({'duration_ms_very_low', 'acousticness_very_high'})",frozenset({'loudness_very_low'}),0.0930773008780651,0.2500029947651505,0.0625905916458031,0.6724581724581725,2.689800468549869,1.0,0.0393209876816298,2.289774746827026,0.6926998433500824,0.2231475549861199,0.5632758194290882,0.4614087699856746,acousticness_very_high|duration_ms_very_low,loudness_very_low,"acousticness_very_high|duration_ms_very_low  →  loudness_very_low (conf=0.67, lift=2.69)"
"frozenset({'mode_0', 'energy_very_low'})",frozenset({'acousticness_very_high'}),0.0766899459744366,0.249751434492507,0.0514860024676864,0.6713527022805373,2.6880834684482218,1.0,0.032332578449418,2.2828380781268867,0.6801482769042432,0.1872522110399512,0.5619487822717065,0.4387508391253039,energy_very_low|mode_0,acousticness_very_high,"energy_very_low|mode_0  →  acousticness_very_high (conf=0.67, lift=2.69)"
"frozenset({'instrumentalness_medium', 'energy_very_high'})",frozenset({'acousticness_very_low'}),0.076043076701925,0.2504581990680291,0.0507792378921645,0.6677693761814746,2.666190919947069,1.0,0.0317336258498083,2.256088834668636,0.6763660409070688,0.1841682234869879,0.5567550423399549,0.4352573684044928,energy_very_high|instrumentalness_medium,acousticness_very_low,"energy_very_high|instrumentalness_medium  →  acousticness_very_low (conf=0.67, lift=2.67)"
"frozenset({'energy_very_low', 'mode_1', 'instrumentalness_low'})",frozenset({'acousticness_very_high'}),0.0786904490949819,0.249751434492507,0.0523245367098312,0.6649413913837722,2.662412701392197,1.0,0.0326714841674998,2.239156213911276,0.6777318542961829,0.1895010845986985,0.5534031999253699,0.4372239212662541,energy_very_low|instrumentalness_low|mode_1,acousticness_very_high,"energy_very_low|instrumentalness_low|mode_1  →  acousticness_very_high (conf=0.66, lift=2.66)"
"frozenset({'acousticness_very_high', 'tempo_very_low'})",frozenset({'loudness_very_low'}),0.0950897830592125,0.2500029947651505,0.0632374609183147,0.6650289745527841,2.6600840329032995,1.0,0.0394647303819431,2.238990683548039,0.6896507683884057,0.2243614263249606,0.5533701826684959,0.4589878940804169,acousticness_very_high|tempo_very_low,loudness_very_low,"acousticness_very_high|tempo_very_low  →  loudness_very_low (conf=0.67, lift=2.66)"
"frozenset({'loudness_very_low', 'valence_very_low'})",frozenset({'instrumentalness_high'}),0.1035589789048742,0.2497993507349153,0.0687358497346638,0.6637362637362637,2.657077617630056,1.0,0.0428668840414554,2.230988858925578,0.6956918066955082,0.2414983164983165,0.5517682681384658,0.4694502543445141,loudness_very_low|valence_very_low,instrumentalness_high,"loudness_very_low|valence_very_low  →  instrumentalness_high (conf=0.66, lift=2.66)"
"frozenset({'loudness_very_low', 'mode_0'})",frozenset({'energy_very_low'}),0.084727895638424,0.2505061153104373,0.0561458570418907,0.6626608228474481,2.645288008343636,1.0,0.034921001047081,2.22178132707849,0.6795458163008354,0.2011760666151601,0.5499107010162245,0.4433952545759811,loudness_very_low|mode_0,energy_very_low,"loudness_very_low|mode_0  →  energy_very_low (conf=0.66, lift=2.65)"
"frozenset({'acousticness_very_low', 'speechiness_high'})",frozenset({'energy_very_high'}),0.0839013404568813,0.2486014446747086,0.0548401394362654,0.6536264991433467,2.629214403796436,1.0,0.0339821449885401,2.1693303715986567,0.6764099547404039,0.1975063635187023,0.5390282581702553,0.4371105559852039,acousticness_very_low|speechiness_high,energy_very_high,"acousticness_very_low|speechiness_high  →  energy_very_high (conf=0.65, lift=2.63)"
"frozenset({'energy_very_low', 'instrumentalness_low'})",frozenset({'acousticness_very_high'}),0.1037266857533032,0.249751434492507,0.0679212736137232,0.6548100242522231,2.621846899829792,1.0,0.0420153850516822,2.173436710849576,0.6901795090109266,0.2378555247923483,0.5398991859260951,0.4633827568620701,energy_very_low|instrumentalness_low,acousticness_very_high,"energy_very_low|instrumentalness_low  →  acousticness_very_high (conf=0.65, lift=2.62)"
"frozenset({'loudness_very_low', 'energy_very_low', 'instrumentalness_high'})",frozenset({'valence_very_low'}),0.0824398950634291,0.2507217384012746,0.0537979611638855,0.6525719267654752,2.602773620375303,1.0,0.0331284873599639,2.156642825730836,0.6711216777109884,0.1925732172719866,0.5363163579666357,0.4335721554515383,energy_very_low|instrumentalness_high|loudness_very_low,valence_very_low,"energy_very_low|instrumentalness_high|loudness_very_low  →  valence_very_low (conf=0.65, lift=2.60)"
"frozenset({'energy_very_low', 'valence_very_low'})",frozenset({'danceability_very_low'}),0.1050204242983265,0.2516321470070317,0.0676457552198756,0.6441199954374358,2.5597683090127443,1.0,0.0412192403740983,2.102865694611972,0.6808419545030843,0.2340628367736052,0.5244584556387832,0.456473974677682,energy_very_low|valence_very_low,danceability_very_low,"energy_very_low|valence_very_low  →  danceability_very_low (conf=0.64, lift=2.56)"
"frozenset({'loudness_very_low', 'energy_very_low', 'valence_very_low'})",frozenset({'instrumentalness_high'}),0.084200816971933,0.2497993507349153,0.0537979611638855,0.6389244558258643,2.557750666469445,1.0,0.0327646517529472,2.0776833584256424,0.6650273208287079,0.1919969218930357,0.5186947058392254,0.4271445757765489,energy_very_low|loudness_very_low|valence_very_low,instrumentalness_high,"energy_very_low|loudness_very_low|valence_very_low  →  instrumentalness_high (conf=0.64, lift=2.56)"
"frozenset({'loudness_very_low', 'valence_very_low'})",frozenset({'danceability_very_low'}),0.1035589789048742,0.2516321470070317,0.066471807280873,0.641873915558126,2.550842263966334,1.0,0.0404130390771836,2.089677031370869,0.6782070537062741,0.2302298564434487,0.5214571510392778,0.4530182678809387,loudness_very_low|valence_very_low,danceability_very_low,"loudness_very_low|valence_very_low  →  danceability_very_low (conf=0.64, lift=2.55)"
"frozenset({'loudness_very_low', 'mode_1'})",frozenset({'acousticness_very_high'}),0.1652750991267264,0.249751434492507,0.1044454293894272,0.6319489744147279,2.5303116904967657,1.0,0.063167736296636,2.038436285605924,0.7245402301588123,0.3362903536853472,0.5094278849619522,0.5250732449415478,loudness_very_low|mode_1,acousticness_very_high,"loudness_very_low|mode_1  →  acousticness_very_high (conf=0.63, lift=2.53)"
"frozenset({'danceability_very_low', 'acousticness_very_high'})",frozenset({'valence_very_low'}),0.0941075000898429,0.2507217384012746,0.0594041615256531,0.6312372708757638,2.5176806562559904,1.0,0.0358093655065296,2.0318709089125258,0.6654310956337344,0.2081252360767196,0.5078427494514361,0.4340849517302851,acousticness_very_high|danceability_very_low,valence_very_low,"acousticness_very_high|danceability_very_low  →  valence_very_low (conf=0.63, lift=2.52)"
"frozenset({'instrumentalness_medium', 'acousticness_very_low'})",frozenset({'energy_very_high'}),0.0815055283364678,0.2486014446747086,0.0507792378921645,0.6230158730158731,2.506083075386309,1.0,0.0305168457987431,1.9931835362313,0.654299996469506,0.181790891157046,0.4982900561727525,0.4136377490651572,acousticness_very_low|instrumentalness_medium,energy_very_high,"acousticness_very_low|instrumentalness_medium  →  energy_very_high (conf=0.62, lift=2.51)"
"frozenset({'energy_very_low', 'instrumentalness_high'})",frozenset({'valence_very_low'}),0.0909450280908971,0.2507217384012746,0.0569963703446375,0.6267123287671234,2.499632990594873,1.0,0.0341944748027351,2.0072408475855767,0.6599614857322014,0.2002188183807439,0.5018036818038768,0.4270207606568535,energy_very_low|instrumentalness_high,valence_very_low,"energy_very_low|instrumentalness_high  →  valence_very_low (conf=0.63, lift=2.50)"
"frozenset({'energy_very_high', 'speechiness_high'})",frozenset({'acousticness_very_low'}),0.0876747445465326,0.2504581990680291,0.0548401394362654,0.6254952862412898,2.497403912384572,1.0,0.0328812808133913,2.00142153995662,0.657204424200873,0.1935811239375872,0.5003551325715847,0.4222272681445592,energy_very_high|speechiness_high,acousticness_very_low,"energy_very_high|speechiness_high  →  acousticness_very_low (conf=0.63, lift=2.50)"
"frozenset({'loudness_very_low', 'instrumentalness_high'})",frozenset({'acousticness_very_high'}),0.1159692856886163,0.249751434492507,0.0715030127337414,0.6165685363082326,2.468728708450043,1.0,0.0425395172759381,1.956669278738696,0.6729779924625789,0.2430275640242661,0.488927428428468,0.4514326205930822,instrumentalness_high|loudness_very_low,acousticness_very_high,"instrumentalness_high|loudness_very_low  →  acousticness_very_high (conf=0.62, lift=2.47)"
"frozenset({'energy_very_high', 'tempo_very_high'})",frozenset({'acousticness_very_low'}),0.0896273314246696,0.2504581990680291,0.0553672181027563,0.6177492649024325,2.466476510655738,1.0,0.0329193180868602,1.9608642498507016,0.6530988461038741,0.1944631437226523,0.4900207905385907,0.4194064862870685,energy_very_high|tempo_very_high,acousticness_very_low,"energy_very_high|tempo_very_high  →  acousticness_very_low (conf=0.62, lift=2.47)"
"frozenset({'mode_1', 'energy_very_high'})",frozenset({'loudness_very_high'}),0.1516549072221756,0.2499430994621402,0.093245007726494,0.6148499210110584,2.459959576136216,1.0,0.0553399101667402,1.9474405990174943,0.6995847091452557,0.3023969542752807,0.4865055188309666,0.4939574311501493,energy_very_high|mode_1,loudness_very_high,"energy_very_high|mode_1  →  loudness_very_high (conf=0.61, lift=2.46)"
"frozenset({'liveness_very_high', 'energy_very_high'})",frozenset({'loudness_very_high'}),0.096419458786042,0.2499430994621402,0.0591526012530097,0.6134923592992918,2.4545280930719184,1.0,0.0350532228755643,1.9406004475825245,0.6558238960136046,0.2059559559559559,0.4846955738644006,0.4250783148042109,energy_very_high|liveness_very_high,loudness_very_high,"energy_very_high|liveness_very_high  →  loudness_very_high (conf=0.61, lift=2.45)"
"frozenset({'mode_1', 'energy_very_high', 'acousticness_very_low'})",frozenset({'loudness_very_high'}),0.0891002527581787,0.2499430994621402,0.0544807676182033,0.611454692121538,2.446375568828846,1.0,0.0322107742809641,1.9304232616611077,0.649063765385005,0.1914544306461797,0.4819788904017292,0.4147136868228107,acousticness_very_low|energy_very_high|mode_1,loudness_very_high,"acousticness_very_low|energy_very_high|mode_1  →  loudness_very_high (conf=0.61, lift=2.45)"
"frozenset({'mode_0', 'loudness_very_high'})",frozenset({'energy_very_high'}),0.0961678985133985,0.2486014446747086,0.0583380251320691,0.6066268061783757,2.4401580086235546,1.0,0.0344305466303074,1.9101417359567572,0.6529868454000511,0.2036719501484672,0.4764786396863283,0.4206458369541712,loudness_very_high|mode_0,energy_very_high,"loudness_very_high|mode_0  →  energy_very_high (conf=0.61, lift=2.44)"
frozenset({'energy_very_high'}),frozenset({'loudness_very_high'}),0.2486014446747086,0.2499430994621402,0.1515830328585632,0.6097431696622175,2.439527920452061,1.0,0.0894468172458008,1.9219571375308315,0.7853150924701041,0.436887170280348,0.4796970335744762,0.6081066675054437,energy_very_high,loudness_very_high,"energy_very_high  →  loudness_very_high (conf=0.61, lift=2.44)"
frozenset({'loudness_very_high'}),frozenset({'energy_very_high'}),0.2499430994621402,0.2486014446747086,0.1515830328585632,0.6064701653486699,2.439527920452061,1.0,0.0894468172458008,1.9093814220998904,0.7867198149020946,0.436887170280348,0.47627017398115,0.6081066675054437,loudness_very_high,energy_very_high,"loudness_very_high  →  energy_very_high (conf=0.61, lift=2.44)"
"frozenset({'mode_1', 'loudness_very_high'})",frozenset({'energy_very_high'}),0.1537752009487415,0.2486014446747086,0.093245007726494,0.6063722053439278,2.439133876061569,1.0,0.0550162706154933,1.9089062447478269,0.6972360115200096,0.3016352786173758,0.4761398037481387,0.4907252536380893,loudness_very_high|mode_1,energy_very_high,"loudness_very_high|mode_1  →  energy_very_high (conf=0.61, lift=2.44)"
"frozenset({'mode_1', 'acousticness_very_high', 'instrumentalness_low'})",frozenset({'energy_very_low'}),0.0860096551228452,0.2505061153104373,0.0523245367098312,0.6083565459610027,2.4285097599597623,1.0,0.0307785921258167,1.913714826483307,0.6435788312483943,0.1841173495194739,0.4774561046602609,0.4086159164388028,acousticness_very_high|instrumentalness_low|mode_1,energy_very_low,"acousticness_very_high|instrumentalness_low|mode_1  →  energy_very_low (conf=0.61, lift=2.43)"
"frozenset({'danceability_very_low', 'tempo_very_low'})",frozenset({'valence_very_low'}),0.082787287820889,0.2507217384012746,0.05034799171049,0.608160902908407,2.425640898895886,1.0,0.02959141899051,1.912209034678284,0.6407868253524699,0.1778069210593112,0.4770446212392029,0.4044865670777104,danceability_very_low|tempo_very_low,valence_very_low,"danceability_very_low|tempo_very_low  →  valence_very_low (conf=0.61, lift=2.43)"
"frozenset({'danceability_very_low', 'instrumentalness_high'})",frozenset({'loudness_very_low'}),0.0950897830592125,0.2500029947651505,0.0576552186777512,0.6063240110859159,2.425266991923391,1.0,0.0338824881413796,1.905112392817356,0.6494282548071217,0.2005834548864346,0.4750965854979503,0.41847106160429,danceability_very_low|instrumentalness_high,loudness_very_low,"danceability_very_low|instrumentalness_high  →  loudness_very_low (conf=0.61, lift=2.43)"
"frozenset({'energy_very_low', 'speechiness_very_low'})",frozenset({'loudness_very_low'}),0.09536530145306,0.2500029947651505,0.0577630302231699,0.6057028011556337,2.422782181967951,1.0,0.0339214192632235,1.9021109138816936,0.6491585850488024,0.2008413511599816,0.4742683022835557,0.418376077147055,energy_very_low|speechiness_very_low,loudness_very_low,"energy_very_low|speechiness_very_low  →  loudness_very_low (conf=0.61, lift=2.42)"
"frozenset({'acousticness_very_low', 'energy_very_high'})",frozenset({'loudness_very_high'}),0.1469471364055631,0.2499430994621402,0.0886809856371063,0.6034890356240319,2.4145056891856487,1.0,0.051952562906814,1.891642269510264,0.6867529289234515,0.2877297990594271,0.4713588207886184,0.4791468662424017,acousticness_very_low|energy_very_high,loudness_very_high,"acousticness_very_low|energy_very_high  →  loudness_very_high (conf=0.60, lift=2.41)"
frozenset({'acousticness_very_high'}),frozenset({'loudness_very_low'}),0.249751434492507,0.2500029947651505,0.1506965823740102,0.60338625353734,2.413516102493704,1.0,0.0882579758039911,1.8910010354506448,0.7806302667875302,0.4317238065822437,0.4711795597924197,0.6030826811529537,acousticness_very_high,loudness_very_low,"acousticness_very_high  →  loudness_very_low (conf=0.60, lift=2.41)"
frozenset({'loudness_very_low'}),frozenset({'acousticness_very_high'}),0.2500029947651505,0.249751434492507,0.1506965823740102,0.6027791087685673,2.413516102493704,1.0,0.0882579758039911,1.888743976132856,0.7808921019167055,0.4317238065822437,0.4705476164919565,0.6030826811529537,loudness_very_low,acousticness_very_high,"loudness_very_low  →  acousticness_very_high (conf=0.60, lift=2.41)"
"frozenset({'loudness_very_low', 'danceability_very_low'})",frozenset({'instrumentalness_high'}),0.0957007151499179,0.2497993507349153,0.0576552186777512,0.6024533733884091,2.4117491563367865,1.0,0.0337492421684347,1.8870758775122047,0.6473113383447273,0.2002996379374922,0.470079602035752,0.4166297462060254,danceability_very_low|loudness_very_low,instrumentalness_high,"danceability_very_low|loudness_very_low  →  instrumentalness_high (conf=0.60, lift=2.41)"
"frozenset({'mode_0', 'energy_very_high'})",frozenset({'loudness_very_high'}),0.0969465374525329,0.2499430994621402,0.0583380251320691,0.6017546027431113,2.40756637825987,1.0,0.0341069070790606,1.883403815095532,0.6474066448756465,0.2021753570242444,0.4690464190499279,0.4175799134012705,energy_very_high|mode_0,loudness_very_high,"energy_very_high|mode_0  →  loudness_very_high (conf=0.60, lift=2.41)"
"frozenset({'loudness_high', 'acousticness_high'})",frozenset({'instrumentalness_low'}),0.0712993687035062,0.5000539057727093,0.0552953437391439,0.7755376344086022,1.550908063022128,1.0,0.0196418159398272,2.227304755120386,0.3824875770344359,0.1071494893221912,0.5510268643295965,0.4430582001096288,acousticness_high|loudness_high,instrumentalness_low,"acousticness_high|loudness_high  →  instrumentalness_low (conf=0.78, lift=1.55)"
"frozenset({'loudness_high', 'energy_low'})",frozenset({'instrumentalness_low'}),0.0750368356113513,0.5000539057727093,0.0563495010721259,0.7509578544061304,1.5017538024139845,1.0,0.0188270383478449,2.0074758552818914,0.361216428551606,0.1086273785331609,0.5018620037850572,0.4318223538032951,energy_low|loudness_high,instrumentalness_low,"energy_low|loudness_high  →  instrumentalness_low (conf=0.75, lift=1.50)"
"frozenset({'energy_high', 'loudness_very_high'})",frozenset({'instrumentalness_low'}),0.077815977671031,0.5000539057727093,0.0574635537081182,0.7384544334975369,1.4767496563324285,1.0,0.0185513701421972,1.911506667510583,0.3500788847547381,0.1104205510669152,0.4768524656509137,0.426684575890202,energy_high|loudness_very_high,instrumentalness_low,"energy_high|loudness_very_high  →  instrumentalness_low (conf=0.74, lift=1.48)"
"frozenset({'acousticness_high', 'energy_high'})",frozenset({'instrumentalness_low'}),0.0719103007942117,0.5000539057727093,0.0525042226188622,0.7301349325337331,1.460112448087953,1.0,0.0165451958414263,1.852578026942238,0.3395374846425251,0.1010746241121667,0.4602116696533726,0.4175660289345553,acousticness_high|energy_high,instrumentalness_low,"acousticness_high|energy_high  →  instrumentalness_low (conf=0.73, lift=1.46)"
"frozenset({'loudness_very_high', 'valence_very_high'})",frozenset({'instrumentalness_low'}),0.0737910133087363,0.5000539057727093,0.0538578564668958,0.7298701298701299,1.4595828998521605,1.0,0.0169583720509362,1.8507619834375668,0.3399586562836526,0.1035753778105418,0.459682007222441,0.4187871155291623,loudness_very_high|valence_very_high,instrumentalness_low,"loudness_very_high|valence_very_high  →  instrumentalness_low (conf=0.73, lift=1.46)"
"frozenset({'acousticness_high', 'valence_very_high'})",frozenset({'instrumentalness_low'}),0.0849435187292612,0.5000539057727093,0.0618359108278728,0.727965026089409,1.4557731030308017,1.0,0.0193595725172285,1.8378008056846649,0.3421425592953058,0.1181965974400659,0.4558713888323417,0.4258117579661303,acousticness_high|valence_very_high,instrumentalness_low,"acousticness_high|valence_very_high  →  instrumentalness_low (conf=0.73, lift=1.46)"
"frozenset({'acousticness_low', 'loudness_very_high'})",frozenset({'instrumentalness_low'}),0.0834101989721966,0.5000539057727093,0.059380203404449,0.7119057877351715,1.4236580886916537,1.0,0.0176706076271232,1.7353562582774795,0.3246644837378337,0.1133028571428571,0.4237494490078923,0.4153266960906597,acousticness_low|loudness_very_high,instrumentalness_low,"acousticness_low|loudness_very_high  →  instrumentalness_low (conf=0.71, lift=1.42)"
"frozenset({'speechiness_very_high', 'valence_high'})",frozenset({'instrumentalness_low'}),0.0729045628241833,0.5000539057727093,0.0507313216497562,0.6958593493263227,1.3915686714836166,1.0,0.0142751102608714,1.643798989447483,0.3035140858145758,0.0971441679091639,0.3916531118344816,0.3986555274803326,speechiness_very_high|valence_high,instrumentalness_low,"speechiness_very_high|valence_high  →  instrumentalness_low (conf=0.70, lift=1.39)"
"frozenset({'acousticness_high', 'mode_1'})",frozenset({'instrumentalness_low'}),0.1587225529773955,0.5000539057727093,0.1097641322967453,0.6915471698113208,1.3829452421588553,1.0,0.0303942997461829,1.6208186318844149,0.3291489295677755,0.1999301782636207,0.3830278228987481,0.4555258846373584,acousticness_high|mode_1,instrumentalness_low,"acousticness_high|mode_1  →  instrumentalness_low (conf=0.69, lift=1.38)"
"frozenset({'acousticness_high', 'danceability_high'})",frozenset({'instrumentalness_low'}),0.0736832017633177,0.5000539057727093,0.0506115310437355,0.686880182084214,1.37361227290648,1.0,0.0137659582121499,1.5966606571090685,0.2936279761795449,0.0967483398213877,0.3736928410257122,0.3940461661666758,acousticness_high|danceability_high,instrumentalness_low,"acousticness_high|danceability_high  →  instrumentalness_low (conf=0.69, lift=1.37)"
"frozenset({'duration_ms_low', 'loudness_very_high'})",frozenset({'instrumentalness_low'}),0.0770972340349069,0.5000539057727093,0.0528036991339139,0.6848974518334369,1.369647239881264,1.0,0.014250926130486,1.5866139361177725,0.292430585291034,0.1007036461664991,0.3697269529556362,0.3952467328159135,duration_ms_low|loudness_very_high,instrumentalness_low,"duration_ms_low|loudness_very_high  →  instrumentalness_low (conf=0.68, lift=1.37)"
"frozenset({'acousticness_high', 'energy_low'})",frozenset({'instrumentalness_low'}),0.0996657842092023,0.5000539057727093,0.0680290851591418,0.6825721153846153,1.3649970683258026,1.0,0.0181908204934301,1.5749911033589767,0.2969982582748369,0.1279486312943562,0.3650757786076986,0.4093078093212842,acousticness_high|energy_low,instrumentalness_low,"acousticness_high|energy_low  →  instrumentalness_low (conf=0.68, lift=1.36)"
"frozenset({'acousticness_high', 'key_very_low'})",frozenset({'instrumentalness_low'}),0.0775644173983876,0.5000539057727093,0.0519292277099629,0.6694980694980694,1.3388517953149996,1.0,0.0131428378409145,1.5126873645428538,0.2743729156327774,0.0987831555920153,0.3389248674644625,0.3866726644922313,acousticness_high|key_very_low,instrumentalness_low,"acousticness_high|key_very_low  →  instrumentalness_low (conf=0.67, lift=1.34)"
"frozenset({'duration_ms_very_low', 'valence_very_high'})",frozenset({'instrumentalness_low'}),0.0778638939134393,0.5000539057727093,0.0518094371039423,0.6653846153846154,1.3306257739481675,1.0,0.012873292833855,1.4940917758516734,0.2694546902552132,0.0984767412737084,0.3306970721862299,0.3844961597429018,duration_ms_very_low|valence_very_high,instrumentalness_low,"duration_ms_very_low|valence_very_high  →  instrumentalness_low (conf=0.67, lift=1.33)"
frozenset({'acousticness_high'}),frozenset({'instrumentalness_low'}),0.2495238323410678,0.5000539057727093,0.1658620730962278,0.6647143542966875,1.3292853962804996,1.0,0.0410867061507021,1.4911049746212008,0.3300785718123453,0.2841487440485963,0.3293564054710237,0.4982013703258063,acousticness_high,instrumentalness_low,"acousticness_high  →  instrumentalness_low (conf=0.66, lift=1.33)"
"frozenset({'energy_high', 'valence_very_high'})",frozenset({'instrumentalness_low'}),0.0920590807268894,0.5000539057727093,0.0611051881311467,0.6637605725439167,1.327378038410158,1.0,0.0150706852518205,1.4868752841086414,0.2716422536085427,0.1150739938639234,0.3274486362859381,0.3929788872685087,energy_high|valence_very_high,instrumentalness_low,"energy_high|valence_very_high  →  instrumentalness_low (conf=0.66, lift=1.33)"
"frozenset({'danceability_very_high', 'acousticness_high'})",frozenset({'instrumentalness_low'}),0.08082272188215,0.5000539057727093,0.0533187987398028,0.6597006076774863,1.3192589840050997,1.0,0.0129030809874522,1.4691360181844646,0.2632775250703201,0.1010672116257947,0.3193278310365132,0.3831633548161291,acousticness_high|danceability_very_high,instrumentalness_low,"acousticness_high|danceability_very_high  →  instrumentalness_low (conf=0.66, lift=1.32)"
"frozenset({'danceability_high', 'valence_very_high'})",frozenset({'instrumentalness_low'}),0.0800800201248218,0.5000539057727093,0.0523964110734436,0.6543006731488408,1.3084602791728652,1.0,0.0123520842356693,1.446187641674357,0.2562646206296673,0.0992849846782431,0.3085267975031048,0.3795410993187669,danceability_high|valence_very_high,instrumentalness_low,"danceability_high|valence_very_high  →  instrumentalness_low (conf=0.65, lift=1.31)"
"frozenset({'mode_1', 'valence_very_high'})",frozenset({'instrumentalness_low'}),0.1629152241881191,0.5000539057727093,0.1060386444495022,0.6508823529411765,1.3016243757468493,1.0,0.0245722502843967,1.432027565604708,0.2768288314937421,0.1903983481028994,0.3016894199395345,0.4314683899623475,mode_1|valence_very_high,instrumentalness_low,"mode_1|valence_very_high  →  instrumentalness_low (conf=0.65, lift=1.30)"
"frozenset({'danceability_very_high', 'speechiness_very_high'})",frozenset({'instrumentalness_low'}),0.0868721474861941,0.5000539057727093,0.0564932497993507,0.6503033645890788,1.3004665238724538,1.0,0.0130524931460165,1.4296565754480723,0.253026102240737,0.1065040650406504,0.3005313183786201,0.3816388421258924,danceability_very_high|speechiness_very_high,instrumentalness_low,"danceability_very_high|speechiness_very_high  →  instrumentalness_low (conf=0.65, lift=1.30)"
"frozenset({'acousticness_low', 'valence_very_high'})",frozenset({'instrumentalness_low'}),0.0789899256100336,0.5000539057727093,0.0508511122557769,0.6437670609645132,1.287395325849382,1.0,0.0113518914377838,1.4034246680863156,0.2423836894669223,0.0962737849545279,0.2874573015995351,0.3727291609920304,acousticness_low|valence_very_high,instrumentalness_low,"acousticness_low|valence_very_high  →  instrumentalness_low (conf=0.64, lift=1.29)"
"frozenset({'loudness_low', 'acousticness_high'})",frozenset({'instrumentalness_low'}),0.0806430359731189,0.5000539057727093,0.0511745468920327,0.6345811051693404,1.2690253947496974,1.0,0.0108486817803054,1.3681451651780978,0.2305891106090155,0.0966428377522396,0.2690834090914429,0.3684595828644709,acousticness_high|loudness_low,instrumentalness_low,"acousticness_high|loudness_low  →  instrumentalness_low (conf=0.63, lift=1.27)"
"frozenset({'mode_1', 'energy_low'})",frozenset({'instrumentalness_low'}),0.1571892332203308,0.5000539057727093,0.0986835012398327,0.6278006401463192,1.2554659265708743,1.0,0.020080411222589,1.3432212629915048,0.2414337487491353,0.1766749592519516,0.2555210168629348,0.4125731832391235,energy_low|mode_1,instrumentalness_low,"energy_low|mode_1  →  instrumentalness_low (conf=0.63, lift=1.26)"
frozenset({'valence_very_high'}),frozenset({'instrumentalness_low'}),0.2498352879167215,0.5000539057727093,0.1565902801902274,0.6267740698120444,1.2534130072307317,1.0,0.0316591686676214,1.3395266882328332,0.2695119798605988,0.2639315134873203,0.2534676548182499,0.469960434676049,valence_very_high,instrumentalness_low,"valence_very_high  →  instrumentalness_low (conf=0.63, lift=1.25)"
"frozenset({'danceability_very_high', 'valence_very_high'})",frozenset({'instrumentalness_low'}),0.1096563207513266,0.5000539057727093,0.0683525197953976,0.6233340616124099,1.246533732496703,1.0,0.0135184483110317,1.3272930819479756,0.2221337946413152,0.1262612851832183,0.246586896593803,0.3800121822052084,danceability_very_high|valence_very_high,instrumentalness_low,"danceability_very_high|valence_very_high  →  instrumentalness_low (conf=0.62, lift=1.25)"
"frozenset({'acousticness_low', 'energy_high'})",frozenset({'instrumentalness_low'}),0.0929215730902382,0.5000539057727093,0.0578947998897926,0.6230501482531906,1.2459659669899412,1.0,0.0114290043354747,1.3262933833519472,0.2176326258552791,0.1081982627384257,0.2460190086504876,0.3694136329613979,acousticness_low|energy_high,instrumentalness_low,"acousticness_low|energy_high  →  instrumentalness_low (conf=0.62, lift=1.25)"
"frozenset({'loudness_high', 'mode_1'})",frozenset({'instrumentalness_low'}),0.155452269433031,0.5000539057727093,0.0962038356952047,0.6188641442552208,1.237594861495822,1.0,0.018469321203986,1.3117267417686116,0.2273182725695131,0.1720068537159991,0.2376460979581067,0.405625537056702,loudness_high|mode_1,instrumentalness_low,"loudness_high|mode_1  →  instrumentalness_low (conf=0.62, lift=1.24)"
"frozenset({'mode_1', 'duration_ms_low'})",frozenset({'instrumentalness_low'}),0.1577282909474239,0.5000539057727093,0.0976053857856466,0.6188197767145135,1.237506135980042,1.0,0.0187327378465331,1.3115740630983734,0.2278637601125119,0.1742403182002865,0.2375573533089942,0.4070047522897979,duration_ms_low|mode_1,instrumentalness_low,"duration_ms_low|mode_1  →  instrumentalness_low (conf=0.62, lift=1.24)"
"frozenset({'acousticness_high', 'mode_0'})",frozenset({'instrumentalness_low'}),0.0908012793636723,0.5000539057727093,0.0560979407994825,0.6178100263852243,1.23548685302348,1.0,0.0106924064045192,1.3081088692588416,0.2096378618767324,0.1049035639882619,0.235537634901453,0.3649969066383768,acousticness_high|mode_0,instrumentalness_low,"acousticness_high|mode_0  →  instrumentalness_low (conf=0.62, lift=1.24)"
"frozenset({'mode_1', 'valence_high'})",frozenset({'instrumentalness_low'}),0.1560512224631344,0.5000539057727093,0.096251751937613,0.6167958854686421,1.2334587898389415,1.0,0.0182177286443167,1.3046469890823151,0.2242691295049894,0.171923142759329,0.2335091343725116,0.4046393187404536,mode_1|valence_high,instrumentalness_low,"mode_1|valence_high  →  instrumentalness_low (conf=0.62, lift=1.23)"
"frozenset({'loudness_high', 'energy_high'})",frozenset({'instrumentalness_low'}),0.0976892392098611,0.5000539057727093,0.0601708214041854,0.6159411404046596,1.2317494839938814,1.0,0.0113209357853299,1.301743422229743,0.2085164152709126,0.111930653355914,0.2317994599219021,0.3681349051965805,energy_high|loudness_high,instrumentalness_low,"energy_high|loudness_high  →  instrumentalness_low (conf=0.62, lift=1.23)"
"frozenset({'mode_1', 'loudness_very_high'})",frozenset({'instrumentalness_low'}),0.1537752009487415,0.5000539057727093,0.0945028090897111,0.614551686531121,1.2289708758128464,1.0,0.0176069192443097,1.297050932012072,0.2201673452728709,0.1689582797909706,0.2290202525441824,0.4017684649596962,loudness_very_high|mode_1,instrumentalness_low,"loudness_very_high|mode_1  →  instrumentalness_low (conf=0.61, lift=1.23)"
"frozenset({'speechiness_very_low', 'instrumentalness_low'})",frozenset({'mode_1'}),0.1350279711065058,0.6337522011523856,0.1048646965104996,0.7766146202980838,1.2254231525916972,1.0,0.0192904226046108,1.639533434714182,0.2126720288112351,0.1579488659942623,0.390070382935296,0.4710405111697394,instrumentalness_low|speechiness_very_low,mode_1,"instrumentalness_low|speechiness_very_low  →  mode_1 (conf=0.78, lift=1.23)"
"frozenset({'liveness_very_high', 'speechiness_very_high'})",frozenset({'instrumentalness_low'}),0.0844763353657806,0.5000539057727093,0.051414128104074,0.608621667612025,1.217112116485824,1.0,0.0091714066590502,1.2773984987285705,0.1948425930043728,0.0964407693690455,0.2171589359191143,0.3557194194710182,liveness_very_high|speechiness_very_high,instrumentalness_low,"liveness_very_high|speechiness_very_high  →  instrumentalness_low (conf=0.61, lift=1.22)"
"frozenset({'energy_very_low', 'acousticness_very_high', 'instrumentalness_low'})",frozenset({'mode_1'}),0.0679212736137232,0.6337522011523856,0.0523245367098312,0.7703703703703703,1.215570326966225,1.0,0.0092792800520606,1.594950091755739,0.1902638561685072,0.0805799988931318,0.3730211339094701,0.4264667275724831,acousticness_very_high|energy_very_low|instrumentalness_low,mode_1,"acousticness_very_high|energy_very_low|instrumentalness_low  →  mode_1 (conf=0.77, lift=1.22)"
"frozenset({'mode_1', 'acousticness_low'})",frozenset({'instrumentalness_low'}),0.1498221109500593,0.5000539057727093,0.0910408605757136,0.6076597105620853,1.215188409783737,1.0,0.0161217288240243,1.2742665173223409,0.2082885763696285,0.1629118346873593,0.215234814376718,0.3948609016589652,acousticness_low|mode_1,instrumentalness_low,"acousticness_low|mode_1  →  instrumentalness_low (conf=0.61, lift=1.22)"
"frozenset({'key_very_low', 'valence_very_high'})",frozenset({'mode_1'}),0.0776123336407959,0.6337522011523856,0.0597635333437151,0.7700262386170705,1.215027320168499,1.0,0.0105765460622874,1.5925634152575123,0.1918642728287948,0.0917179887857339,0.3720815193796831,0.4321636721863351,key_very_low|valence_very_high,mode_1,"key_very_low|valence_very_high  →  mode_1 (conf=0.77, lift=1.22)"
"frozenset({'mode_1', 'energy_high'})",frozenset({'instrumentalness_low'}),0.1510918913738784,0.5000539057727093,0.0917715832724397,0.6073892016173789,1.2146474502160114,1.0,0.0162174928603459,1.273388547352346,0.2081684023699598,0.1640611615555936,0.2146937381530411,0.3954562911114874,energy_high|mode_1,instrumentalness_low,"energy_high|mode_1  →  instrumentalness_low (conf=0.61, lift=1.21)"
"frozenset({'speechiness_very_low', 'key_very_low'})",frozenset({'mode_1'}),0.0807867847003438,0.6337522011523856,0.0621353873429245,0.7691281138790036,1.2136101657405791,1.0,0.0109365847150578,1.5863681152397635,0.1914813372831912,0.0952407182989974,0.3696292869269753,0.4335858885244181,key_very_low|speechiness_very_low,mode_1,"key_very_low|speechiness_very_low  →  mode_1 (conf=0.77, lift=1.21)"
"frozenset({'acousticness_very_low', 'key_very_low'})",frozenset({'mode_1'}),0.0798643970339846,0.6337522011523856,0.0610093556463302,0.7639118044097795,1.2053793312602583,1.0,0.0103951182323344,1.5513177096042214,0.1851744911208824,0.0934855632445529,0.3553867181371093,0.4300893489490538,acousticness_very_low|key_very_low,mode_1,"acousticness_very_low|key_very_low  →  mode_1 (conf=0.76, lift=1.21)"
"frozenset({'mode_1', 'danceability_high'})",frozenset({'instrumentalness_low'}),0.1583392230381293,0.5000539057727093,0.0953293642712538,0.6020577999697382,1.2039857963701075,1.0,0.0161512173540211,1.256328417014511,0.201298934519877,0.1693047400221257,0.2040297851605074,0.3963479877579622,danceability_high|mode_1,instrumentalness_low,"danceability_high|mode_1  →  instrumentalness_low (conf=0.60, lift=1.20)"
"frozenset({'speechiness_very_low', 'energy_low'})",frozenset({'instrumentalness_low'}),0.0860336132440494,0.5000539057727093,0.0517136046191257,0.6010860484544696,1.2020425028490482,1.0,0.0086921602887001,1.253268010031554,0.1839046421338914,0.0967741935483871,0.2020860725753125,0.3522510541237468,energy_low|speechiness_very_low,instrumentalness_low,"energy_low|speechiness_very_low  →  instrumentalness_low (conf=0.60, lift=1.20)"
