antecedents,consequents,antecedent support,consequent support,support,confidence,lift,representativity,leverage,conviction,zhangs_metric,jaccard,certainty,kulczynski,antecedents_str,consequents_str,simple_rule
"frozenset({'valence_very_low', 'speechiness_low', 'acousticness_very_high'})","frozenset({'energy_very_low', 'loudness_very_low', 'danceability_very_low'})",0.0361408258364379,0.0798524179733825,0.0267133051426107,0.7391448458733842,9.256386526952332,1.0,0.0238273728120162,3.527427261720846,0.9254116223205608,0.2992083724674628,0.7165072655496367,0.5368391496093594,acousticness_very_high|speechiness_low|valence_very_low,danceability_very_low|energy_very_low|loudness_very_low,"acousticness_very_high|speechiness_low|valence_very_low  →  danceability_very_low|energy_very_low|loudness_very_low (conf=0.74, lift=9.26)"
"frozenset({'valence_very_low', 'mode_1', 'acousticness_very_high', 'instrumentalness_high'})","frozenset({'energy_very_low', 'loudness_very_low', 'danceability_very_low'})",0.0312773272319984,0.0798524179733825,0.0221732411744271,0.708923783990808,8.877925077073007,1.0,0.0196756709672073,3.161191232462497,0.9160114580144172,0.2492593590088876,0.6836635538745872,0.4933007758837928,acousticness_very_high|instrumentalness_high|mode_1|valence_very_low,danceability_very_low|energy_very_low|loudness_very_low,"acousticness_very_high|instrumentalness_high|mode_1|valence_very_low  →  danceability_very_low|energy_very_low|loudness_very_low (conf=0.71, lift=8.88)"
"frozenset({'danceability_very_low', 'acousticness_very_high', 'instrumentalness_high'})","frozenset({'energy_very_low', 'loudness_very_low', 'valence_very_low'})",0.0464667760754201,0.084200816971933,0.0340684483522802,0.7331786542923434,8.70750048110265,1.0,0.0301559078446779,3.43225606856606,0.9282911789962472,0.3526785714285714,0.7086464471114524,0.5688940646621768,acousticness_very_high|danceability_very_low|instrumentalness_high,energy_very_low|loudness_very_low|valence_very_low,"acousticness_very_high|danceability_very_low|instrumentalness_high  →  energy_very_low|loudness_very_low|valence_very_low (conf=0.73, lift=8.71)"
"frozenset({'valence_very_low', 'instrumentalness_high', 'speechiness_low', 'acousticness_very_high'})","frozenset({'loudness_very_low', 'danceability_very_low'})",0.0242336395979827,0.0957007151499179,0.0200529474478611,0.8274839347503707,8.646580471776968,1.0,0.0177337708076488,5.241826513615232,0.9063105467938712,0.2007675701607099,0.8092268034047715,0.5185110248291847,acousticness_very_high|instrumentalness_high|speechiness_low|valence_very_low,danceability_very_low|loudness_very_low,"acousticness_very_high|instrumentalness_high|speechiness_low|valence_very_low  →  danceability_very_low|loudness_very_low (conf=0.83, lift=8.65)"
"frozenset({'danceability_very_low', 'mode_1', 'acousticness_very_high', 'instrumentalness_high'})","frozenset({'energy_very_low', 'loudness_very_low', 'valence_very_low'})",0.0306544160806909,0.084200816971933,0.0221732411744271,0.7233294255568582,8.590527403053203,1.0,0.0195921142966353,3.3100707759446664,0.9115352938772991,0.2392400155098875,0.6978916561943881,0.4933335134613142,acousticness_very_high|danceability_very_low|instrumentalness_high|mode_1,energy_very_low|loudness_very_low|valence_very_low,"acousticness_very_high|danceability_very_low|instrumentalness_high|mode_1  →  energy_very_low|loudness_very_low|valence_very_low (conf=0.72, lift=8.59)"
"frozenset({'tempo_very_low', 'valence_very_low', 'acousticness_very_high', 'instrumentalness_high'})","frozenset({'loudness_very_low', 'danceability_very_low'})",0.0254195665975874,0.0957007151499179,0.0205440889325459,0.8081998114985862,8.445075987494114,1.0,0.0181114182303558,4.714798728382982,0.904581882586309,0.2042639352072415,0.7879018686460522,0.5114349914921896,acousticness_very_high|instrumentalness_high|tempo_very_low|valence_very_low,danceability_very_low|loudness_very_low,"acousticness_very_high|instrumentalness_high|tempo_very_low|valence_very_low  →  danceability_very_low|loudness_very_low (conf=0.81, lift=8.45)"
"frozenset({'energy_very_low', 'valence_very_low', 'speechiness_low', 'instrumentalness_high'})","frozenset({'loudness_very_low', 'danceability_very_low'})",0.0272643419303058,0.0957007151499179,0.0219695971441919,0.8057996485061512,8.419996101845662,1.0,0.0193603801233697,4.656527539182775,0.9059348160004672,0.2175305420472067,0.7852476997965955,0.5176826506393567,energy_very_low|instrumentalness_high|speechiness_low|valence_very_low,danceability_very_low|loudness_very_low,"energy_very_low|instrumentalness_high|speechiness_low|valence_very_low  →  danceability_very_low|loudness_very_low (conf=0.81, lift=8.42)"
"frozenset({'energy_very_low', 'tempo_very_low', 'valence_very_low', 'instrumentalness_high'})","frozenset({'loudness_very_low', 'danceability_very_low'})",0.0282346458390733,0.0957007151499179,0.0224128223864684,0.7938056851930421,8.294668268147447,1.0,0.0197107465876644,4.385665461711202,0.9049927782624216,0.2207669616519174,0.7719844322987145,0.5140013530483923,energy_very_low|instrumentalness_high|tempo_very_low|valence_very_low,danceability_very_low|loudness_very_low,"energy_very_low|instrumentalness_high|tempo_very_low|valence_very_low  →  danceability_very_low|loudness_very_low (conf=0.79, lift=8.29)"
"frozenset({'loudness_very_low', 'valence_very_low', 'speechiness_low', 'acousticness_very_high'})","frozenset({'energy_very_low', 'danceability_very_low'})",0.032798667928461,0.0993303705123444,0.0267133051426107,0.8144631117604092,8.199537639489533,1.0,0.0234554013049653,4.854396546333077,0.9078170952760816,0.2534090909090909,0.7940011718335244,0.5416985119824719,acousticness_very_high|loudness_very_low|speechiness_low|valence_very_low,danceability_very_low|energy_very_low,"acousticness_very_high|loudness_very_low|speechiness_low|valence_very_low  →  danceability_very_low|energy_very_low (conf=0.81, lift=8.20)"
"frozenset({'energy_very_low', 'valence_very_low', 'speechiness_low', 'acousticness_very_high'})","frozenset({'loudness_very_low', 'danceability_very_low'})",0.0341882389583008,0.0957007151499179,0.0267133051426107,0.7813594954449895,8.164615010671207,1.0,0.023441466224585,4.136009870131626,0.9085831070323634,0.258910948566121,0.7582210798814715,0.5302466522161735,acousticness_very_high|energy_very_low|speechiness_low|valence_very_low,danceability_very_low|loudness_very_low,"acousticness_very_high|energy_very_low|speechiness_low|valence_very_low  →  danceability_very_low|loudness_very_low (conf=0.78, lift=8.16)"
"frozenset({'energy_very_low', 'loudness_very_low', 'danceability_very_low', 'instrumentalness_high'})","frozenset({'valence_very_low', 'acousticness_very_high'})",0.0480599911354951,0.087746618910145,0.0340684483522802,0.7088733798604188,8.07864039281473,1.0,0.0298513466252889,3.1335278809353584,0.9204537962728012,0.3348640056517132,0.6808708784485109,0.5485663827629739,danceability_very_low|energy_very_low|instrumentalness_high|loudness_very_low,acousticness_very_high|valence_very_low,"danceability_very_low|energy_very_low|instrumentalness_high|loudness_very_low  →  acousticness_very_high|valence_very_low (conf=0.71, lift=8.08)"
"frozenset({'loudness_very_low', 'danceability_very_low', 'speechiness_low', 'instrumentalness_high'})","frozenset({'valence_very_low', 'acousticness_very_high'})",0.0284023526875022,0.087746618910145,0.0200529474478611,0.7060312104597216,8.04624974989312,1.0,0.0175607370304393,3.1032320897619026,0.9013180517337858,0.2086761406133133,0.6777553302251634,0.4672818168339563,danceability_very_low|instrumentalness_high|loudness_very_low|speechiness_low,acousticness_very_high|valence_very_low,"danceability_very_low|instrumentalness_high|loudness_very_low|speechiness_low  →  acousticness_very_high|valence_very_low (conf=0.71, lift=8.05)"
"frozenset({'energy_very_low', 'tempo_very_low', 'danceability_very_low', 'instrumentalness_high'})","frozenset({'loudness_very_low', 'valence_very_low'})",0.0269289282334479,0.1035589789048742,0.0224128223864684,0.8322953736654805,8.036921399447154,1.0,0.0196240900756099,5.345356539580485,0.8998050317416332,0.2073819552205719,0.8129217400943507,0.5243605266245274,danceability_very_low|energy_very_low|instrumentalness_high|tempo_very_low,loudness_very_low|valence_very_low,"danceability_very_low|energy_very_low|instrumentalness_high|tempo_very_low  →  loudness_very_low|valence_very_low (conf=0.83, lift=8.04)"
"frozenset({'energy_very_low', 'danceability_very_low', 'speechiness_low', 'instrumentalness_high'})","frozenset({'loudness_very_low', 'valence_very_low'})",0.0265575773547838,0.1035589789048742,0.0219695971441919,0.8272440234551196,7.988143879006354,1.0,0.0192193215511433,5.189059383205991,0.8986812705148796,0.2031457687195392,0.8072868460059589,0.519694886221487,danceability_very_low|energy_very_low|instrumentalness_high|speechiness_low,loudness_very_low|valence_very_low,"danceability_very_low|energy_very_low|instrumentalness_high|speechiness_low  →  loudness_very_low|valence_very_low (conf=0.83, lift=7.99)"
"frozenset({'energy_very_low', 'loudness_very_low', 'speechiness_low', 'danceability_very_low'})","frozenset({'valence_very_low', 'acousticness_very_high'})",0.038117370835779,0.087746618910145,0.0267133051426107,0.7008170961659334,7.986827354380334,1.0,0.0233686347300269,3.049149431331847,0.909460064488166,0.2694212879062462,0.6720396876176687,0.5026269781170963,danceability_very_low|energy_very_low|loudness_very_low|speechiness_low,acousticness_very_high|valence_very_low,"danceability_very_low|energy_very_low|loudness_very_low|speechiness_low  →  acousticness_very_high|valence_very_low (conf=0.70, lift=7.99)"
"frozenset({'energy_very_low', 'acousticness_very_high', 'instrumentalness_high', 'mode_1', 'valence_very_low'})","frozenset({'loudness_very_low', 'danceability_very_low'})",0.0291929706872387,0.0957007151499179,0.0221732411744271,0.7595404185473944,7.936622180487913,1.0,0.0193794530023077,3.760712213617151,0.9002837714617993,0.2158600583090378,0.7340929209155906,0.4956169986090333,acousticness_very_high|energy_very_low|instrumentalness_high|mode_1|valence_very_low,danceability_very_low|loudness_very_low,"acousticness_very_high|energy_very_low|instrumentalness_high|mode_1|valence_very_low  →  danceability_very_low|loudness_very_low (conf=0.76, lift=7.94)"
"frozenset({'tempo_very_low', 'danceability_very_low', 'acousticness_very_high', 'instrumentalness_high'})","frozenset({'loudness_very_low', 'valence_very_low'})",0.0250841529007295,0.1035589789048742,0.0205440889325459,0.8190066857688635,7.90860140211671,1.0,0.0179463996714526,4.952895773544047,0.8960315858234921,0.1900487588652482,0.7980979116617976,0.5086936262852415,acousticness_very_high|danceability_very_low|instrumentalness_high|tempo_very_low,loudness_very_low|valence_very_low,"acousticness_very_high|danceability_very_low|instrumentalness_high|tempo_very_low  →  loudness_very_low|valence_very_low (conf=0.82, lift=7.91)"
"frozenset({'valence_very_low', 'speechiness_low', 'acousticness_very_high'})","frozenset({'loudness_very_low', 'danceability_very_low'})",0.0361408258364379,0.0957007151499179,0.0271924675666934,0.752403049386808,7.862042077827181,1.0,0.0237337646880376,3.652303805077238,0.9055333039800876,0.2598443223443223,0.7262002140649271,0.5182718714201533,acousticness_very_high|speechiness_low|valence_very_low,danceability_very_low|loudness_very_low,"acousticness_very_high|speechiness_low|valence_very_low  →  danceability_very_low|loudness_very_low (conf=0.75, lift=7.86)"
"frozenset({'energy_very_low', 'valence_very_low', 'acousticness_very_high', 'instrumentalness_high'})","frozenset({'loudness_very_low', 'danceability_very_low'})",0.045376681560632,0.0957007151499179,0.0340684483522802,0.7507919746568109,7.845207566951548,1.0,0.0297258674757976,3.628692469292489,0.9140083106865244,0.3183700884361356,0.7244186415733994,0.5533907300997161,acousticness_very_high|energy_very_low|instrumentalness_high|valence_very_low,danceability_very_low|loudness_very_low,"acousticness_very_high|energy_very_low|instrumentalness_high|valence_very_low  →  danceability_very_low|loudness_very_low (conf=0.75, lift=7.85)"
"frozenset({'loudness_very_low', 'valence_very_low', 'acousticness_very_high', 'tempo_very_low'})","frozenset({'energy_very_low', 'danceability_very_low'})",0.0357335377759676,0.0993303705123444,0.0278153787180009,0.7784109956419712,7.836586047418732,1.0,0.0242659531709972,4.064595317339906,0.9047223429209188,0.2593544063442421,0.7539730472714182,0.5292199696010146,acousticness_very_high|loudness_very_low|tempo_very_low|valence_very_low,danceability_very_low|energy_very_low,"acousticness_very_high|loudness_very_low|tempo_very_low|valence_very_low  →  danceability_very_low|energy_very_low (conf=0.78, lift=7.84)"
"frozenset({'valence_very_low', 'speechiness_low', 'acousticness_very_high'})","frozenset({'energy_very_low', 'danceability_very_low'})",0.0361408258364379,0.0993303705123444,0.028019022748236,0.7752734504474643,7.804999079824394,1.0,0.0244291411272805,4.007847009091823,0.9045688521596672,0.2607580824972129,0.7504894778339856,0.5286762814224779,acousticness_very_high|speechiness_low|valence_very_low,danceability_very_low|energy_very_low,"acousticness_very_high|speechiness_low|valence_very_low  →  danceability_very_low|energy_very_low (conf=0.78, lift=7.80)"
"frozenset({'danceability_very_low', 'instrumentalness_high', 'speechiness_low', 'acousticness_very_high'})","frozenset({'loudness_very_low', 'valence_very_low'})",0.0248325926280861,0.1035589789048742,0.0200529474478611,0.8075253256150506,7.797733563564929,1.0,0.0174813095117358,4.657449214862645,0.8939568754762294,0.1850950906678461,0.7852901977312293,0.5005816333107064,acousticness_very_high|danceability_very_low|instrumentalness_high|speechiness_low,loudness_very_low|valence_very_low,"acousticness_very_high|danceability_very_low|instrumentalness_high|speechiness_low  →  loudness_very_low|valence_very_low (conf=0.81, lift=7.80)"
"frozenset({'valence_very_low', 'mode_1', 'acousticness_very_high', 'instrumentalness_high'})","frozenset({'loudness_very_low', 'danceability_very_low'})",0.0312773272319984,0.0957007151499179,0.0230716707195821,0.7376484105706625,7.707867275757709,1.0,0.0200784081355019,3.446898441961407,0.8983607492661015,0.2220428867881024,0.7098841126775511,0.4893649488076745,acousticness_very_high|instrumentalness_high|mode_1|valence_very_low,danceability_very_low|loudness_very_low,"acousticness_very_high|instrumentalness_high|mode_1|valence_very_low  →  danceability_very_low|loudness_very_low (conf=0.74, lift=7.71)"
"frozenset({'energy_very_low', 'danceability_very_low', 'acousticness_very_high', 'instrumentalness_high'})","frozenset({'loudness_very_low', 'valence_very_low'})",0.0427892044705854,0.1035589789048742,0.0340684483522802,0.7961926091825308,7.688301078305203,1.0,0.0296372420291545,4.398471603505204,0.9088199349606084,0.3034247306091966,0.7726482991948644,0.5625844480267772,acousticness_very_high|danceability_very_low|energy_very_low|instrumentalness_high,loudness_very_low|valence_very_low,"acousticness_very_high|danceability_very_low|energy_very_low|instrumentalness_high  →  loudness_very_low|valence_very_low (conf=0.80, lift=7.69)"
"frozenset({'energy_very_low', 'danceability_very_low', 'instrumentalness_high'})","frozenset({'loudness_very_low', 'valence_very_low'})",0.0498808083470094,0.1035589789048742,0.039710585895854,0.7961095100864554,7.687498645749821,1.0,0.034544980316488,4.396678930318144,0.9155889954796772,0.3491678955129556,0.7725556002954166,0.5897840783514984,danceability_very_low|energy_very_low|instrumentalness_high,loudness_very_low|valence_very_low,"danceability_very_low|energy_very_low|instrumentalness_high  →  loudness_very_low|valence_very_low (conf=0.80, lift=7.69)"
"frozenset({'energy_very_low', 'valence_very_low', 'acousticness_very_high', 'tempo_very_low'})","frozenset({'loudness_very_low', 'danceability_very_low'})",0.0379257058661459,0.0957007151499179,0.0278153787180009,0.7334175615919141,7.663658107914807,1.0,0.0241858615440453,3.392193762838104,0.903790920607104,0.2628778444469603,0.7052055189314002,0.512033602425698,acousticness_very_high|energy_very_low|tempo_very_low|valence_very_low,danceability_very_low|loudness_very_low,"acousticness_very_high|energy_very_low|tempo_very_low|valence_very_low  →  danceability_very_low|loudness_very_low (conf=0.73, lift=7.66)"
"frozenset({'energy_very_low', 'loudness_very_low', 'valence_very_low', 'speechiness_low'})","frozenset({'acousticness_very_high', 'danceability_very_low'})",0.0370751925633991,0.0941075000898429,0.0267133051426107,0.7205169628432956,7.656318169704108,1.0,0.0232242514551196,3.2413147829155324,0.9028627275177802,0.2557046210296985,0.691483219935674,0.5021882166558637,energy_very_low|loudness_very_low|speechiness_low|valence_very_low,acousticness_very_high|danceability_very_low,"energy_very_low|loudness_very_low|speechiness_low|valence_very_low  →  acousticness_very_high|danceability_very_low (conf=0.72, lift=7.66)"
"frozenset({'valence_very_low', 'acousticness_very_high', 'instrumentalness_high'})","frozenset({'loudness_very_low', 'danceability_very_low'})",0.0492459181350998,0.0957007151499179,0.035985098048611,0.730722451958161,7.635496253225099,1.0,0.0312722284648676,3.3582424209744235,0.9140457659786616,0.3302550571679859,0.7022251896544618,0.553369737682673,acousticness_very_high|instrumentalness_high|valence_very_low,danceability_very_low|loudness_very_low,"acousticness_very_high|instrumentalness_high|valence_very_low  →  danceability_very_low|loudness_very_low (conf=0.73, lift=7.64)"
"frozenset({'energy_very_low', 'instrumentalness_high', 'speechiness_low', 'acousticness_very_high'})","frozenset({'loudness_very_low', 'danceability_very_low'})",0.0322476311407659,0.0957007151499179,0.0235508331436648,0.7303120356612185,7.631207713726732,1.0,0.0204647117816028,3.3531317834936933,0.8979147670397751,0.225588066551922,0.7017713395809095,0.4882002035860229,acousticness_very_high|energy_very_low|instrumentalness_high|speechiness_low,danceability_very_low|loudness_very_low,"acousticness_very_high|energy_very_low|instrumentalness_high|speechiness_low  →  danceability_very_low|loudness_very_low (conf=0.73, lift=7.63)"
"frozenset({'energy_very_low', 'valence_very_low', 'speechiness_low'})","frozenset({'loudness_very_low', 'danceability_very_low'})",0.0409683872590711,0.0957007151499179,0.0296242168689131,0.7230994152046785,7.555841292010434,1.0,0.0257035129096812,3.265790447927436,0.9047168544173196,0.2767457475380483,0.6937954176960042,0.5163250236619211,energy_very_low|speechiness_low|valence_very_low,danceability_very_low|loudness_very_low,"energy_very_low|speechiness_low|valence_very_low  →  danceability_very_low|loudness_very_low (conf=0.72, lift=7.56)"
"frozenset({'acousticness_very_high', 'instrumentalness_high', 'mode_1', 'loudness_very_low', 'valence_very_low'})","frozenset({'energy_very_low', 'danceability_very_low'})",0.0296361959295152,0.0993303705123444,0.0221732411744271,0.748181083265966,7.532248993000431,1.0,0.0192294668521719,3.5766559604373347,0.8937241103131376,0.207627593942793,0.7204092283235077,0.4857041451062102,acousticness_very_high|instrumentalness_high|loudness_very_low|mode_1|valence_very_low,danceability_very_low|energy_very_low,"acousticness_very_high|instrumentalness_high|loudness_very_low|mode_1|valence_very_low  →  danceability_very_low|energy_very_low (conf=0.75, lift=7.53)"
"frozenset({'energy_very_low', 'danceability_very_low', 'mode_1', 'instrumentalness_high'})","frozenset({'loudness_very_low', 'valence_very_low'})",0.0327507516860527,0.1035589789048742,0.025539357203608,0.7798098024871983,7.530103239077944,1.0,0.0221477228006333,4.07121221208318,0.8965628015930912,0.2305612631123608,0.7543729120697654,0.5132131719202909,danceability_very_low|energy_very_low|instrumentalness_high|mode_1,loudness_very_low|valence_very_low,"danceability_very_low|energy_very_low|instrumentalness_high|mode_1  →  loudness_very_low|valence_very_low (conf=0.78, lift=7.53)"
"frozenset({'energy_very_low', 'acousticness_very_high', 'instrumentalness_high', 'danceability_very_low', 'mode_1'})","frozenset({'loudness_very_low', 'valence_very_low'})",0.0286299548389415,0.1035589789048742,0.0221732411744271,0.7744769874476988,7.478607800479635,1.0,0.0192083522852136,3.9749425610711513,0.8918179815884048,0.2015461672473867,0.7484240376719999,0.4942945955167933,acousticness_very_high|danceability_very_low|energy_very_low|instrumentalness_high|mode_1,loudness_very_low|valence_very_low,"acousticness_very_high|danceability_very_low|energy_very_low|instrumentalness_high|mode_1  →  loudness_very_low|valence_very_low (conf=0.77, lift=7.48)"
"frozenset({'danceability_very_low', 'acousticness_very_high', 'instrumentalness_high'})","frozenset({'loudness_very_low', 'valence_very_low'})",0.0464667760754201,0.1035589789048742,0.035985098048611,0.7744263985563289,7.478119297291356,1.0,0.031173046165239,3.974051109517705,0.9084911951568764,0.3155462184873949,0.7483676046327041,0.5609552467044223,acousticness_very_high|danceability_very_low|instrumentalness_high,loudness_very_low|valence_very_low,"acousticness_very_high|danceability_very_low|instrumentalness_high  →  loudness_very_low|valence_very_low (conf=0.77, lift=7.48)"
"frozenset({'energy_very_low', 'mode_1', 'valence_very_low', 'instrumentalness_high'})","frozenset({'loudness_very_low', 'danceability_very_low'})",0.0356976005941614,0.0957007151499179,0.025539357203608,0.7154362416107384,7.475766931208265,1.0,0.0221230712976107,3.1778441849684502,0.8983016744500829,0.2412583455923956,0.685321261271994,0.4911515918280253,energy_very_low|instrumentalness_high|mode_1|valence_very_low,danceability_very_low|loudness_very_low,"energy_very_low|instrumentalness_high|mode_1|valence_very_low  →  danceability_very_low|loudness_very_low (conf=0.72, lift=7.48)"
"frozenset({'loudness_very_low', 'tempo_very_low', 'valence_very_low', 'instrumentalness_high'})","frozenset({'energy_very_low', 'danceability_very_low'})",0.0304507720504558,0.0993303705123444,0.0224128223864684,0.7360346184107003,7.409965498107435,1.0,0.0193881359163097,3.4120748109651577,0.8922152482527816,0.2087470712930938,0.7069231903162362,0.480836894347656,instrumentalness_high|loudness_very_low|tempo_very_low|valence_very_low,danceability_very_low|energy_very_low,"instrumentalness_high|loudness_very_low|tempo_very_low|valence_very_low  →  danceability_very_low|energy_very_low (conf=0.74, lift=7.41)"
"frozenset({'valence_very_low', 'mode_1', 'acousticness_very_high', 'tempo_very_low'})","frozenset({'energy_very_low', 'danceability_very_low'})",0.028366415505696,0.0993303705123444,0.0207836701445872,0.7326858108108109,7.376251664336189,1.0,0.0179660235822993,3.369329672396159,0.8896664360437935,0.1943977591036415,0.7032050593942527,0.4709618151979766,acousticness_very_high|mode_1|tempo_very_low|valence_very_low,danceability_very_low|energy_very_low,"acousticness_very_high|mode_1|tempo_very_low|valence_very_low  →  danceability_very_low|energy_very_low (conf=0.73, lift=7.38)"
"frozenset({'loudness_very_low', 'danceability_very_low', 'speechiness_low', 'instrumentalness_high'})","frozenset({'energy_very_low', 'valence_very_low'})",0.0284023526875022,0.1050204242983265,0.0219695971441919,0.7735132855335303,7.365360506792925,1.0,0.0189867700138797,3.951576487874616,0.8894930149275501,0.1971195184866724,0.7469364434502298,0.4913534261590316,danceability_very_low|instrumentalness_high|loudness_very_low|speechiness_low,energy_very_low|valence_very_low,"danceability_very_low|instrumentalness_high|loudness_very_low|speechiness_low  →  energy_very_low|valence_very_low (conf=0.77, lift=7.37)"
"frozenset({'energy_very_low', 'tempo_very_low', 'acousticness_very_high', 'instrumentalness_high'})","frozenset({'loudness_very_low', 'danceability_very_low'})",0.0327627307466548,0.0957007151499179,0.0230836497801842,0.7045703839122487,7.362226946878284,1.0,0.0199482330174651,3.0609635446348697,0.893443171036604,0.2190519495282482,0.6733054852114267,0.4728885215342943,acousticness_very_high|energy_very_low|instrumentalness_high|tempo_very_low,danceability_very_low|loudness_very_low,"acousticness_very_high|energy_very_low|instrumentalness_high|tempo_very_low  →  danceability_very_low|loudness_very_low (conf=0.70, lift=7.36)"
"frozenset({'loudness_very_low', 'valence_very_low', 'acousticness_very_high', 'instrumentalness_high'})","frozenset({'energy_very_low', 'danceability_very_low'})",0.0468261478934821,0.0993303705123444,0.0340684483522802,0.7275518035303146,7.324565485637619,1.0,0.0294171897323547,3.305838104851873,0.9058925903948916,0.3039435716575825,0.697504848004404,0.5352664951081385,acousticness_very_high|instrumentalness_high|loudness_very_low|valence_very_low,danceability_very_low|energy_very_low,"acousticness_very_high|instrumentalness_high|loudness_very_low|valence_very_low  →  danceability_very_low|energy_very_low (conf=0.73, lift=7.32)"
"frozenset({'valence_very_low', 'acousticness_very_high', 'tempo_very_low'})","frozenset({'energy_very_low', 'danceability_very_low'})",0.042010565531451,0.0993303705123444,0.0305226464140682,0.7265469061876247,7.31444876768412,1.0,0.026349721374396,3.2936896669585067,0.90114177324701,0.2754296832774835,0.6963891255354878,0.5169155177344298,acousticness_very_high|tempo_very_low|valence_very_low,danceability_very_low|energy_very_low,"acousticness_very_high|tempo_very_low|valence_very_low  →  danceability_very_low|energy_very_low (conf=0.73, lift=7.31)"
"frozenset({'loudness_very_low', 'danceability_very_low', 'acousticness_very_high', 'instrumentalness_high'})","frozenset({'energy_very_low', 'valence_very_low'})",0.0444542938942728,0.1050204242983265,0.0340684483522802,0.7663702506063055,7.297344832937581,1.0,0.0293998395456211,3.830760329214427,0.9031110182609736,0.2952044841187461,0.738955216703659,0.5453842812287829,acousticness_very_high|danceability_very_low|instrumentalness_high|loudness_very_low,energy_very_low|valence_very_low,"acousticness_very_high|danceability_very_low|instrumentalness_high|loudness_very_low  →  energy_very_low|valence_very_low (conf=0.77, lift=7.30)"
"frozenset({'valence_very_low', 'mode_1', 'acousticness_very_high', 'instrumentalness_high'})","frozenset({'energy_very_low', 'danceability_very_low'})",0.0312773272319984,0.0993303705123444,0.0226164664167036,0.7230945997702029,7.279692968429422,1.0,0.0195096779141133,3.2526257297265118,0.8904835134133633,0.20942872989462,0.6925560814265334,0.4753919694461241,acousticness_very_high|instrumentalness_high|mode_1|valence_very_low,danceability_very_low|energy_very_low,"acousticness_very_high|instrumentalness_high|mode_1|valence_very_low  →  danceability_very_low|energy_very_low (conf=0.72, lift=7.28)"
"frozenset({'danceability_very_low', 'mode_1', 'acousticness_very_high', 'instrumentalness_high'})","frozenset({'loudness_very_low', 'valence_very_low'})",0.0306544160806909,0.1035589789048742,0.0230716707195821,0.7526377491207503,7.2677208396588915,1.0,0.0198971306913406,3.624000905185509,0.8896778365001855,0.2075878422073723,0.7240618790770387,0.4877127438489813,acousticness_very_high|danceability_very_low|instrumentalness_high|mode_1,loudness_very_low|valence_very_low,"acousticness_very_high|danceability_very_low|instrumentalness_high|mode_1  →  loudness_very_low|valence_very_low (conf=0.75, lift=7.27)"
"frozenset({'danceability_very_low', 'loudness_very_low', 'tempo_very_low', 'instrumentalness_high'})","frozenset({'energy_very_low', 'valence_very_low'})",0.0294085937780759,0.1050204242983265,0.0224128223864684,0.7621181262729124,7.25685628643053,1.0,0.0193243193898777,3.762285716348644,0.8883236317519502,0.2000855523473425,0.7342041313729583,0.4877660324532122,danceability_very_low|instrumentalness_high|loudness_very_low|tempo_very_low,energy_very_low|valence_very_low,"danceability_very_low|instrumentalness_high|loudness_very_low|tempo_very_low  →  energy_very_low|valence_very_low (conf=0.76, lift=7.26)"
"frozenset({'loudness_very_low', 'instrumentalness_high', 'speechiness_low', 'acousticness_very_high'})","frozenset({'energy_very_low', 'danceability_very_low'})",0.0327148145042465,0.0993303705123444,0.0235508331436648,0.7198828268033688,7.247358719092912,1.0,0.0203012584977154,3.2153317099748864,0.8911732649674678,0.2170696698686099,0.6889900980052193,0.4784894114721137,acousticness_very_high|instrumentalness_high|loudness_very_low|speechiness_low,danceability_very_low|energy_very_low,"acousticness_very_high|instrumentalness_high|loudness_very_low|speechiness_low  →  danceability_very_low|energy_very_low (conf=0.72, lift=7.25)"
"frozenset({'acousticness_very_high', 'instrumentalness_high', 'danceability_very_low', 'loudness_very_low', 'mode_1'})","frozenset({'energy_very_low', 'valence_very_low'})",0.0293846356568717,0.1050204242983265,0.0221732411744271,0.7545862209539339,7.185137805294108,1.0,0.0190872542698906,3.646818769428911,0.886884605528372,0.1975664425232148,0.7257884026530337,0.4828594387534583,acousticness_very_high|danceability_very_low|instrumentalness_high|loudness_very_low|mode_1,energy_very_low|valence_very_low,"acousticness_very_high|danceability_very_low|instrumentalness_high|loudness_very_low|mode_1  →  energy_very_low|valence_very_low (conf=0.75, lift=7.19)"
"frozenset({'loudness_very_low', 'mode_1', 'valence_very_low', 'tempo_very_low'})","frozenset({'energy_very_low', 'danceability_very_low'})",0.0296601540507193,0.0993303705123444,0.0211670000838534,0.7136510500807753,7.184620840532205,1.0,0.0182208459925422,3.1453568443038566,0.8871261071950488,0.1963115209421175,0.682071049645458,0.4633740055034846,loudness_very_low|mode_1|tempo_very_low|valence_very_low,danceability_very_low|energy_very_low,"loudness_very_low|mode_1|tempo_very_low|valence_very_low  →  danceability_very_low|energy_very_low (conf=0.71, lift=7.18)"
"frozenset({'loudness_very_low', 'danceability_very_low', 'speechiness_low', 'acousticness_very_high'})","frozenset({'energy_very_low', 'valence_very_low'})",0.0354819775033241,0.1050204242983265,0.0267133051426107,0.7528696826468602,7.1687930007616325,1.0,0.0229869728102679,3.621488392388464,0.8921621821668053,0.2347615538477734,0.7238704389880773,0.5036163173129362,acousticness_very_high|danceability_very_low|loudness_very_low|speechiness_low,energy_very_low|valence_very_low,"acousticness_very_high|danceability_very_low|loudness_very_low|speechiness_low  →  energy_very_low|valence_very_low (conf=0.75, lift=7.17)"
"frozenset({'loudness_very_low', 'valence_very_low', 'speechiness_low', 'instrumentalness_high'})","frozenset({'energy_very_low', 'danceability_very_low'})",0.0310497250805591,0.0993303705123444,0.0219695971441919,0.7075617283950618,7.123317115857618,1.0,0.0188854164476335,3.0798623741847018,0.8871621043447407,0.2026519337016575,0.6753101669795492,0.4643693832520413,instrumentalness_high|loudness_very_low|speechiness_low|valence_very_low,danceability_very_low|energy_very_low,"instrumentalness_high|loudness_very_low|speechiness_low|valence_very_low  →  danceability_very_low|energy_very_low (conf=0.71, lift=7.12)"
"frozenset({'danceability_very_low', 'acousticness_very_high', 'instrumentalness_high'})","frozenset({'energy_very_low', 'valence_very_low'})",0.0464667760754201,0.1050204242983265,0.0346314642005773,0.7452951791698891,7.096668901782042,1.0,0.0297515036613614,3.5137912693793423,0.9009532094926378,0.2963608405945668,0.7154071134747186,0.5375272519551966,acousticness_very_high|danceability_very_low|instrumentalness_high,energy_very_low|valence_very_low,"acousticness_very_high|danceability_very_low|instrumentalness_high  →  energy_very_low|valence_very_low (conf=0.75, lift=7.10)"
"frozenset({'valence_very_low', 'acousticness_very_high', 'instrumentalness_high'})","frozenset({'energy_very_low', 'danceability_very_low'})",0.0492459181350998,0.0993303705123444,0.0346314642005773,0.703235222573583,7.079760388955636,1.0,0.0297398489059973,3.034961349855533,0.9032328109114932,0.3039318755256517,0.6705065123654372,0.5259422615521074,acousticness_very_high|instrumentalness_high|valence_very_low,danceability_very_low|energy_very_low,"acousticness_very_high|instrumentalness_high|valence_very_low  →  danceability_very_low|energy_very_low (conf=0.70, lift=7.08)"
"frozenset({'loudness_very_low', 'valence_very_low', 'tempo_very_low'})","frozenset({'energy_very_low', 'danceability_very_low'})",0.045208974712203,0.0993303705123444,0.0317684687166832,0.7027027027027026,7.074399290752401,1.0,0.0272778445080368,3.029525117367568,0.8993017521340713,0.2817080943275972,0.669915263528521,0.5112645206711777,loudness_very_low|tempo_very_low|valence_very_low,danceability_very_low|energy_very_low,"loudness_very_low|tempo_very_low|valence_very_low  →  danceability_very_low|energy_very_low (conf=0.70, lift=7.07)"
"frozenset({'loudness_very_low', 'tempo_very_low', 'acousticness_very_high', 'instrumentalness_high'})","frozenset({'energy_very_low', 'danceability_very_low'})",0.0328705422920734,0.0993303705123444,0.0230836497801842,0.7022594752186588,7.0699371360080105,1.0,0.0198186066353708,3.025015254974451,0.8877364036287135,0.211549017455264,0.6694231546913485,0.4673260714250554,acousticness_very_high|instrumentalness_high|loudness_very_low|tempo_very_low,danceability_very_low|energy_very_low,"acousticness_very_high|instrumentalness_high|loudness_very_low|tempo_very_low  →  danceability_very_low|energy_very_low (conf=0.70, lift=7.07)"
"frozenset({'danceability_very_low', 'mode_1', 'acousticness_very_high', 'instrumentalness_high'})","frozenset({'energy_very_low', 'valence_very_low'})",0.0306544160806909,0.1050204242983265,0.0226164664167036,0.737788198515045,7.025187752234223,1.0,0.0193971266332919,3.413193344591032,0.8847773839720334,0.2000423818605636,0.7070192341770725,0.4765706134585034,acousticness_very_high|danceability_very_low|instrumentalness_high|mode_1,energy_very_low|valence_very_low,"acousticness_very_high|danceability_very_low|instrumentalness_high|mode_1  →  energy_very_low|valence_very_low (conf=0.74, lift=7.03)"
"frozenset({'loudness_very_low', 'tempo_very_low', 'acousticness_very_high', 'danceability_very_low'})","frozenset({'energy_very_low', 'valence_very_low'})",0.0378418524419315,0.1050204242983265,0.0278153787180009,0.7350427350427351,6.999045566172292,1.0,0.0238412113183146,3.377826140551478,0.8908341923005652,0.241774260724698,0.7039516072201585,0.4999497922960909,acousticness_very_high|danceability_very_low|loudness_very_low|tempo_very_low,energy_very_low|valence_very_low,"acousticness_very_high|danceability_very_low|loudness_very_low|tempo_very_low  →  energy_very_low|valence_very_low (conf=0.74, lift=7.00)"
"frozenset({'loudness_very_low', 'liveness_low', 'acousticness_very_high', 'danceability_very_low'})","frozenset({'energy_very_low', 'valence_very_low'})",0.0295643215659028,0.1050204242983265,0.0216461625079361,0.7321717990275527,6.971708635909783,1.0,0.0185413049129928,3.3416181434670653,0.8826583341893414,0.1916631310988544,0.7007437842785773,0.4691428175016855,acousticness_very_high|danceability_very_low|liveness_low|loudness_very_low,energy_very_low|valence_very_low,"acousticness_very_high|danceability_very_low|liveness_low|loudness_very_low  →  energy_very_low|valence_very_low (conf=0.73, lift=6.97)"
"frozenset({'energy_very_low', 'danceability_very_low', 'speechiness_low', 'acousticness_very_high'})","frozenset({'loudness_very_low', 'valence_very_low'})",0.0376262293510942,0.1035589789048742,0.0267133051426107,0.7099649793059535,6.855658358297477,1.0,0.0228167712509707,3.090802686344445,0.8875294760801532,0.2333612390121389,0.6764594503498635,0.4839587765240004,acousticness_very_high|danceability_very_low|energy_very_low|speechiness_low,loudness_very_low|valence_very_low,"acousticness_very_high|danceability_very_low|energy_very_low|speechiness_low  →  loudness_very_low|valence_very_low (conf=0.71, lift=6.86)"
"frozenset({'energy_very_low', 'acousticness_very_high', 'speechiness_low', 'instrumentalness_high'})","frozenset({'loudness_very_low', 'valence_very_low'})",0.0322476311407659,0.1035589789048742,0.022868026689347,0.7091381872213968,6.847674578491032,1.0,0.0195284949363082,3.082016895003932,0.8824210101850132,0.2024819686041578,0.6755371452956541,0.4649797356002877,acousticness_very_high|energy_very_low|instrumentalness_high|speechiness_low,loudness_very_low|valence_very_low,"acousticness_very_high|energy_very_low|instrumentalness_high|speechiness_low  →  loudness_very_low|valence_very_low (conf=0.71, lift=6.85)"
"frozenset({'energy_very_low', 'tempo_very_low', 'acousticness_very_high', 'instrumentalness_high'})","frozenset({'loudness_very_low', 'valence_very_low'})",0.0327627307466548,0.1035589789048742,0.0231794822650007,0.7074954296160878,6.831811563785008,1.0,0.0197866073227418,3.0647077408689616,0.8825403719568221,0.204870301746956,0.6737046124611994,0.4656621161961295,acousticness_very_high|energy_very_low|instrumentalness_high|tempo_very_low,loudness_very_low|valence_very_low,"acousticness_very_high|energy_very_low|instrumentalness_high|tempo_very_low  →  loudness_very_low|valence_very_low (conf=0.71, lift=6.83)"
"frozenset({'loudness_very_low', 'speechiness_low', 'danceability_very_low'})","frozenset({'energy_very_low', 'valence_very_low'})",0.0418907749254303,0.1050204242983265,0.0296242168689131,0.7071775807835288,6.73371475604291,1.0,0.0252248299120587,3.056390211160891,0.888722849822771,0.2525788989888673,0.6728166461375441,0.4946290550204857,danceability_very_low|loudness_very_low|speechiness_low,energy_very_low|valence_very_low,"danceability_very_low|loudness_very_low|speechiness_low  →  energy_very_low|valence_very_low (conf=0.71, lift=6.73)"
"frozenset({'loudness_very_low', 'tempo_very_low', 'acousticness_very_high', 'instrumentalness_high'})","frozenset({'energy_very_low', 'valence_very_low'})",0.0328705422920734,0.1050204242983265,0.0231794822650007,0.7051749271137026,6.71464557323198,1.0,0.0197274039665711,3.0356291170894822,0.8799978172119877,0.2020676691729323,0.6705789932075809,0.4629444842024541,acousticness_very_high|instrumentalness_high|loudness_very_low|tempo_very_low,energy_very_low|valence_very_low,"acousticness_very_high|instrumentalness_high|loudness_very_low|tempo_very_low  →  energy_very_low|valence_very_low (conf=0.71, lift=6.71)"
"frozenset({'energy_very_low', 'danceability_very_low', 'speechiness_low', 'instrumentalness_high'})","frozenset({'loudness_very_low', 'acousticness_very_high'})",0.0265575773547838,0.1506965823740102,0.0235508331436648,0.8867839422643212,5.884565716715681,1.0,0.0195486970001655,7.501616242537133,0.8527098325041494,0.1532226638609617,0.8666953936766849,0.5215318757426535,danceability_very_low|energy_very_low|instrumentalness_high|speechiness_low,acousticness_very_high|loudness_very_low,"danceability_very_low|energy_very_low|instrumentalness_high|speechiness_low  →  acousticness_very_high|loudness_very_low (conf=0.89, lift=5.88)"
"frozenset({'energy_very_low', 'tempo_very_low', 'danceability_very_low', 'instrumentalness_high'})","frozenset({'loudness_very_low', 'acousticness_very_high'})",0.0269289282334479,0.1506965823740102,0.0230836497801842,0.8572064056939502,5.688293604207096,1.0,0.0190255523284086,5.947769728421264,0.8470094099590552,0.1493682660258894,0.8318697519136417,0.505193027966212,danceability_very_low|energy_very_low|instrumentalness_high|tempo_very_low,acousticness_very_high|loudness_very_low,"danceability_very_low|energy_very_low|instrumentalness_high|tempo_very_low  →  acousticness_very_high|loudness_very_low (conf=0.86, lift=5.69)"
"frozenset({'energy_very_low', 'danceability_very_low', 'mode_1', 'instrumentalness_high'})","frozenset({'loudness_very_low', 'acousticness_very_high'})",0.0327507516860527,0.1506965823740102,0.0280429808694402,0.8562545720555963,5.681977378428388,1.0,0.0231075545201722,5.908385607606762,0.8519054758350981,0.1804517073922762,0.8307490291912315,0.5211718011311368,danceability_very_low|energy_very_low|instrumentalness_high|mode_1,acousticness_very_high|loudness_very_low,"danceability_very_low|energy_very_low|instrumentalness_high|mode_1  →  acousticness_very_high|loudness_very_low (conf=0.86, lift=5.68)"
"frozenset({'energy_very_low', 'valence_very_low', 'speechiness_low', 'danceability_very_low'})","frozenset({'loudness_very_low', 'acousticness_very_high'})",0.0316486781106625,0.1506965823740102,0.0267133051426107,0.8440575321725966,5.601039644533878,1.0,0.0219439575146787,5.446261236329772,0.8483095944998325,0.1716440886699507,0.8163878013545495,0.5106615164837546,danceability_very_low|energy_very_low|speechiness_low|valence_very_low,acousticness_very_high|loudness_very_low,"danceability_very_low|energy_very_low|speechiness_low|valence_very_low  →  acousticness_very_high|loudness_very_low (conf=0.84, lift=5.60)"
"frozenset({'energy_very_low', 'instrumentalness_high', 'danceability_very_low', 'mode_1', 'valence_very_low'})","frozenset({'loudness_very_low', 'acousticness_very_high'})",0.0262940380215383,0.1506965823740102,0.0221732411744271,0.8432801822323462,5.59588126650032,1.0,0.0182108195077689,5.419247097933277,0.8434755148531653,0.1432219127205199,0.8154725219336527,0.4952092485088599,danceability_very_low|energy_very_low|instrumentalness_high|mode_1|valence_very_low,acousticness_very_high|loudness_very_low,"danceability_very_low|energy_very_low|instrumentalness_high|mode_1|valence_very_low  →  acousticness_very_high|loudness_very_low (conf=0.84, lift=5.60)"
"frozenset({'energy_very_low', 'mode_1', 'speechiness_low', 'instrumentalness_high'})","frozenset({'loudness_very_low', 'acousticness_very_high'})",0.0244492626888199,0.1506965823740102,0.0206159632961583,0.8432141107300343,5.5954428258849385,1.0,0.0169315429673887,5.416963360545765,0.8418661414645257,0.1334108527131782,0.8153947270008398,0.490009281120184,energy_very_low|instrumentalness_high|mode_1|speechiness_low,acousticness_very_high|loudness_very_low,"energy_very_low|instrumentalness_high|mode_1|speechiness_low  →  acousticness_very_high|loudness_very_low (conf=0.84, lift=5.60)"
"frozenset({'energy_very_low', 'danceability_very_low', 'instrumentalness_high'})","frozenset({'loudness_very_low', 'acousticness_very_high'})",0.0498808083470094,0.1506965823740102,0.0418668168042262,0.8393371757925072,5.569716065022472,1.0,0.0343499494602788,5.286247281008403,0.8635312719235708,0.2637934938485923,0.8108298861476566,0.5585795576895763,danceability_very_low|energy_very_low|instrumentalness_high,acousticness_very_high|loudness_very_low,"danceability_very_low|energy_very_low|instrumentalness_high  →  acousticness_very_high|loudness_very_low (conf=0.84, lift=5.57)"
"frozenset({'energy_very_low', 'valence_very_low', 'speechiness_low', 'instrumentalness_high'})","frozenset({'loudness_very_low', 'acousticness_very_high'})",0.0272643419303058,0.1506965823740102,0.022868026689347,0.8387521968365553,5.565834232092114,1.0,0.0187593835397735,5.267069696230933,0.8433251184888176,0.1474472850853479,0.8101411111541603,0.4952505022338579,energy_very_low|instrumentalness_high|speechiness_low|valence_very_low,acousticness_very_high|loudness_very_low,"energy_very_low|instrumentalness_high|speechiness_low|valence_very_low  →  acousticness_very_high|loudness_very_low (conf=0.84, lift=5.57)"
"frozenset({'energy_very_low', 'danceability_very_low', 'valence_very_low', 'instrumentalness_high'})","frozenset({'loudness_very_low', 'acousticness_very_high'})",0.0409803663196732,0.1506965823740102,0.0340684483522802,0.8313358667056416,5.516620573666157,1.0,0.0278928472034704,5.035471389425496,0.8537151633982382,0.2161586987915177,0.8014088607275174,0.5287044993305633,danceability_very_low|energy_very_low|instrumentalness_high|valence_very_low,acousticness_very_high|loudness_very_low,"danceability_very_low|energy_very_low|instrumentalness_high|valence_very_low  →  acousticness_very_high|loudness_very_low (conf=0.83, lift=5.52)"
"frozenset({'energy_very_low', 'tempo_very_low', 'valence_very_low', 'instrumentalness_high'})","frozenset({'loudness_very_low', 'acousticness_very_high'})",0.0282346458390733,0.1506965823740102,0.0231794822650007,0.8209588459906662,5.44776021498051,1.0,0.0189246176325118,4.743621221195399,0.8401599415739474,0.1488232579603138,0.7891905880824106,0.4873872131384173,energy_very_low|instrumentalness_high|tempo_very_low|valence_very_low,acousticness_very_high|loudness_very_low,"energy_very_low|instrumentalness_high|tempo_very_low|valence_very_low  →  acousticness_very_high|loudness_very_low (conf=0.82, lift=5.45)"
"frozenset({'energy_very_low', 'mode_1', 'speechiness_low', 'danceability_very_low'})","frozenset({'loudness_very_low', 'acousticness_very_high'})",0.0284862061117167,0.1506965823740102,0.0232513566286131,0.8162321278385197,5.41639441970046,1.0,0.0189585827227758,4.621609901864081,0.8392833340070215,0.1491126987785204,0.7836251822992115,0.4852623278302296,danceability_very_low|energy_very_low|mode_1|speechiness_low,acousticness_very_high|loudness_very_low,"danceability_very_low|energy_very_low|mode_1|speechiness_low  →  acousticness_very_high|loudness_very_low (conf=0.82, lift=5.42)"
"frozenset({'energy_very_low', 'speechiness_low', 'instrumentalness_high'})","frozenset({'loudness_very_low', 'acousticness_very_high'})",0.0383210148660142,0.1506965823740102,0.0311814947471819,0.8136917786808378,5.399537042328907,1.0,0.0254066487737699,4.558593343935471,0.8472670710140326,0.1975561627200971,0.7806340850011658,0.5103037589747591,energy_very_low|instrumentalness_high|speechiness_low,acousticness_very_high|loudness_very_low,"energy_very_low|instrumentalness_high|speechiness_low  →  acousticness_very_high|loudness_very_low (conf=0.81, lift=5.40)"
"frozenset({'energy_very_low', 'speechiness_low', 'danceability_very_low'})","frozenset({'loudness_very_low', 'acousticness_very_high'})",0.0425256651373399,0.1506965823740102,0.0344637573521484,0.8104225352112677,5.377842831232227,1.0,0.0280552849527697,4.479980880493708,0.8502074744968415,0.2170829246208405,0.7767847616595639,0.5195594393067468,danceability_very_low|energy_very_low|speechiness_low,acousticness_very_high|loudness_very_low,"danceability_very_low|energy_very_low|speechiness_low  →  acousticness_very_high|loudness_very_low (conf=0.81, lift=5.38)"
"frozenset({'danceability_very_low', 'instrumentalness_high', 'speechiness_low', 'acousticness_very_high'})","frozenset({'energy_very_low', 'loudness_very_low'})",0.0248325926280861,0.1776973849710705,0.0235508331436648,0.9483839845634348,5.337073388659227,1.0,0.019138146371602,15.931152532289484,0.8333250147977875,0.1315842313098186,0.9372299023580882,0.5404586769251042,acousticness_very_high|danceability_very_low|instrumentalness_high|speechiness_low,energy_very_low|loudness_very_low,"acousticness_very_high|danceability_very_low|instrumentalness_high|speechiness_low  →  energy_very_low|loudness_very_low (conf=0.95, lift=5.34)"
"frozenset({'acousticness_very_high', 'valence_very_low', 'speechiness_low', 'instrumentalness_high'})","frozenset({'energy_very_low', 'loudness_very_low'})",0.0242336395979827,0.1776973849710705,0.022868026689347,0.9436480474542758,5.310421690267998,1.0,0.0185617723044541,14.592264826346687,0.8318497851928841,0.1277093925608776,0.9314705419686136,0.5361694464047704,acousticness_very_high|instrumentalness_high|speechiness_low|valence_very_low,energy_very_low|loudness_very_low,"acousticness_very_high|instrumentalness_high|speechiness_low|valence_very_low  →  energy_very_low|loudness_very_low (conf=0.94, lift=5.31)"
"frozenset({'energy_very_low', 'tempo_very_low', 'mode_1', 'instrumentalness_high'})","frozenset({'loudness_very_low', 'acousticness_very_high'})",0.0261263311731094,0.1506965823740102,0.0208675235688017,0.7987161852361302,5.300161242235843,1.0,0.0169303747510425,4.219432241098596,0.8330921357800908,0.1338044396651048,0.7630012895432504,0.4685949765608314,energy_very_low|instrumentalness_high|mode_1|tempo_very_low,acousticness_very_high|loudness_very_low,"energy_very_low|instrumentalness_high|mode_1|tempo_very_low  →  acousticness_very_high|loudness_very_low (conf=0.80, lift=5.30)"
"frozenset({'speechiness_very_high', 'loudness_very_high', 'danceability_very_low'})","frozenset({'acousticness_very_low', 'energy_very_high'})",0.0285700595359311,0.1469471364055631,0.0222331364774374,0.7781970649895178,5.295762027248712,1.0,0.0180348480416959,3.8459944795325742,0.8350265201494562,0.1450453266645826,0.7399892263699932,0.4647486506980686,danceability_very_low|loudness_very_high|speechiness_very_high,acousticness_very_low|energy_very_high,"danceability_very_low|loudness_very_high|speechiness_very_high  →  acousticness_very_low|energy_very_high (conf=0.78, lift=5.30)"
"frozenset({'energy_very_low', 'liveness_low', 'mode_1', 'instrumentalness_high'})","frozenset({'loudness_very_low', 'acousticness_very_high'})",0.0271445513242851,0.1506965823740102,0.0215982462655278,0.79567519858782,5.279981709293531,1.0,0.0175076551508821,4.156634005055061,0.8332228653479772,0.1382350686191827,0.7594207238876801,0.4694989665435125,energy_very_low|instrumentalness_high|liveness_low|mode_1,acousticness_very_high|loudness_very_low,"energy_very_low|instrumentalness_high|liveness_low|mode_1  →  acousticness_very_high|loudness_very_low (conf=0.80, lift=5.28)"
"frozenset({'energy_very_low', 'mode_1', 'valence_very_low', 'instrumentalness_high'})","frozenset({'loudness_very_low', 'acousticness_very_high'})",0.0356976005941614,0.1506965823740102,0.0282466248996753,0.7912751677852349,5.250783762443849,1.0,0.0228671184911828,4.06900994296696,0.8395211311345397,0.1786093016209665,0.7542399713894925,0.4893577746716318,energy_very_low|instrumentalness_high|mode_1|valence_very_low,acousticness_very_high|loudness_very_low,"energy_very_low|instrumentalness_high|mode_1|valence_very_low  →  acousticness_very_high|loudness_very_low (conf=0.79, lift=5.25)"
"frozenset({'energy_very_low', 'liveness_low', 'valence_very_low', 'instrumentalness_high'})","frozenset({'loudness_very_low', 'acousticness_very_high'})",0.02659351453659,0.1506965823740102,0.0210352304172306,0.7909909909909909,5.248898007705638,1.0,0.017027678663253,4.063477558469173,0.8315989585425562,0.134621281815394,0.7539053715417273,0.4652888182299947,energy_very_low|instrumentalness_high|liveness_low|valence_very_low,acousticness_very_high|loudness_very_low,"energy_very_low|instrumentalness_high|liveness_low|valence_very_low  →  acousticness_very_high|loudness_very_low (conf=0.79, lift=5.25)"
"frozenset({'acousticness_very_high', 'instrumentalness_high', 'danceability_very_low', 'mode_1', 'valence_very_low'})","frozenset({'energy_very_low', 'loudness_very_low'})",0.0238143724769103,0.1776973849710705,0.0221732411744271,0.931086519114688,5.239731126410613,1.0,0.017941489460553,11.932391231222708,0.8288900079124322,0.1236390354685725,0.9161945011169792,0.5279337139189457,acousticness_very_high|danceability_very_low|instrumentalness_high|mode_1|valence_very_low,energy_very_low|loudness_very_low,"acousticness_very_high|danceability_very_low|instrumentalness_high|mode_1|valence_very_low  →  energy_very_low|loudness_very_low (conf=0.93, lift=5.24)"
"frozenset({'energy_very_low', 'valence_very_low', 'mode_1', 'speechiness_low'})","frozenset({'loudness_very_low', 'acousticness_very_high'})",0.0265216401729776,0.1506965823740102,0.0208196073263934,0.7850045167118338,5.209172659029187,1.0,0.0168228867933724,3.950331442487272,0.8300450932064803,0.1331188725490195,0.7468566841646169,0.4615801597867595,energy_very_low|mode_1|speechiness_low|valence_very_low,acousticness_very_high|loudness_very_low,"energy_very_low|mode_1|speechiness_low|valence_very_low  →  acousticness_very_high|loudness_very_low (conf=0.79, lift=5.21)"
"frozenset({'energy_very_low', 'duration_ms_very_low', 'danceability_very_low'})","frozenset({'loudness_very_low', 'acousticness_very_high'})",0.0304747301716599,0.1506965823740102,0.0238503096587165,0.7826257861635221,5.193387758596555,1.0,0.0192578719730772,3.9071028832559103,0.8328276589807653,0.151602832559202,0.7440558823558113,0.4704464383917769,danceability_very_low|duration_ms_very_low|energy_very_low,acousticness_very_high|loudness_very_low,"danceability_very_low|duration_ms_very_low|energy_very_low  →  acousticness_very_high|loudness_very_low (conf=0.78, lift=5.19)"
"frozenset({'energy_very_low', 'valence_very_low', 'speechiness_low'})","frozenset({'loudness_very_low', 'acousticness_very_high'})",0.0409683872590711,0.1506965823740102,0.0320439871105307,0.7821637426900584,5.190321707156071,1.0,0.0258701911652138,3.898815688967629,0.8418217966119146,0.2007504690431519,0.7435118559644479,0.4974014261939958,energy_very_low|speechiness_low|valence_very_low,acousticness_very_high|loudness_very_low,"energy_very_low|speechiness_low|valence_very_low  →  acousticness_very_high|loudness_very_low (conf=0.78, lift=5.19)"
"frozenset({'danceability_very_low', 'valence_very_low', 'acousticness_very_high', 'instrumentalness_high'})","frozenset({'energy_very_low', 'loudness_very_low'})",0.0370152972603888,0.1776973849710705,0.0340684483522802,0.9203883495145632,5.179526697392896,1.0,0.0274909268251822,10.328923091217048,0.8379491011874591,0.1885941644562334,0.9031844858201794,0.5560550349433406,acousticness_very_high|danceability_very_low|instrumentalness_high|valence_very_low,energy_very_low|loudness_very_low,"acousticness_very_high|danceability_very_low|instrumentalness_high|valence_very_low  →  energy_very_low|loudness_very_low (conf=0.92, lift=5.18)"
"frozenset({'danceability_very_low', 'tempo_very_low', 'acousticness_very_high', 'instrumentalness_high'})","frozenset({'energy_very_low', 'loudness_very_low'})",0.0250841529007295,0.1776973849710705,0.0230836497801842,0.9202483285577842,5.17873872318156,1.0,0.0186262614055101,10.310788478266938,0.8276640411194633,0.1284581027931471,0.9030142067109806,0.5250763012614996,acousticness_very_high|danceability_very_low|instrumentalness_high|tempo_very_low,energy_very_low|loudness_very_low,"acousticness_very_high|danceability_very_low|instrumentalness_high|tempo_very_low  →  energy_very_low|loudness_very_low (conf=0.92, lift=5.18)"
"frozenset({'danceability_very_low', 'valence_very_low', 'speechiness_low', 'acousticness_very_high'})","frozenset({'energy_very_low', 'loudness_very_low'})",0.029073180081218,0.1776973849710705,0.0267133051426107,0.9188298310671612,5.170756064962623,1.0,0.0215470770693852,10.130601252158447,0.8307574454222934,0.1483600558845053,0.9012891757251884,0.5345800766499349,acousticness_very_high|danceability_very_low|speechiness_low|valence_very_low,energy_very_low|loudness_very_low,"acousticness_very_high|danceability_very_low|speechiness_low|valence_very_low  →  energy_very_low|loudness_very_low (conf=0.92, lift=5.17)"
"frozenset({'energy_very_low', 'duration_ms_very_low', 'mode_1', 'instrumentalness_high'})","frozenset({'loudness_very_low', 'acousticness_very_high'})",0.0258268546580577,0.1506965823740102,0.020040968387259,0.775974025974026,5.149247672041789,1.0,0.0161489496568194,3.7910935163594894,0.8271598090922827,0.1280716527597029,0.7362238637256621,0.4544814485990956,duration_ms_very_low|energy_very_low|instrumentalness_high|mode_1,acousticness_very_high|loudness_very_low,"duration_ms_very_low|energy_very_low|instrumentalness_high|mode_1  →  acousticness_very_high|loudness_very_low (conf=0.78, lift=5.15)"
"frozenset({'energy_very_low', 'tempo_very_low', 'valence_very_low', 'danceability_very_low'})","frozenset({'loudness_very_low', 'acousticness_very_high'})",0.0358533283819882,0.1506965823740102,0.0278153787180009,0.7758102238556632,5.148160705663506,1.0,0.0224124046641021,3.788323590096256,0.8357191838221906,0.1752320579578899,0.7360309972954049,0.4801944600995327,danceability_very_low|energy_very_low|tempo_very_low|valence_very_low,acousticness_very_high|loudness_very_low,"danceability_very_low|energy_very_low|tempo_very_low|valence_very_low  →  acousticness_very_high|loudness_very_low (conf=0.78, lift=5.15)"
"frozenset({'danceability_very_low', 'mode_1', 'acousticness_very_high', 'instrumentalness_high'})","frozenset({'energy_very_low', 'loudness_very_low'})",0.0306544160806909,0.1776973849710705,0.0280429808694402,0.9148104728409536,5.148136946359037,1.0,0.0225957712940863,9.652625650729512,0.8312360280946814,0.1555275046505448,0.8964012449892923,0.5363118024175106,acousticness_very_high|danceability_very_low|instrumentalness_high|mode_1,energy_very_low|loudness_very_low,"acousticness_very_high|danceability_very_low|instrumentalness_high|mode_1  →  energy_very_low|loudness_very_low (conf=0.91, lift=5.15)"
"frozenset({'liveness_low', 'valence_very_low', 'acousticness_very_high', 'instrumentalness_high'})","frozenset({'energy_very_low', 'loudness_very_low'})",0.0229997963559697,0.1776973849710705,0.0210352304172306,0.9145833333333332,5.146858708597367,1.0,0.0169482267499076,9.62695744424112,0.8246740673025085,0.1170822776370182,0.8961250212445674,0.5164800177520111,acousticness_very_high|instrumentalness_high|liveness_low|valence_very_low,energy_very_low|loudness_very_low,"acousticness_very_high|instrumentalness_high|liveness_low|valence_very_low  →  energy_very_low|loudness_very_low (conf=0.91, lift=5.15)"
"frozenset({'tempo_very_low', 'valence_very_low', 'acousticness_very_high', 'instrumentalness_high'})","frozenset({'energy_very_low', 'loudness_very_low'})",0.0254195665975874,0.1776973849710705,0.0231794822650007,0.911875589066918,5.131620756351439,1.0,0.0186624917535115,9.331155877494057,0.8261296504807232,0.1288196524865188,0.8928321407198958,0.5211595823182776,acousticness_very_high|instrumentalness_high|tempo_very_low|valence_very_low,energy_very_low|loudness_very_low,"acousticness_very_high|instrumentalness_high|tempo_very_low|valence_very_low  →  energy_very_low|loudness_very_low (conf=0.91, lift=5.13)"
"frozenset({'energy_very_low', 'valence_very_low', 'instrumentalness_high'})","frozenset({'loudness_very_low', 'acousticness_very_high'})",0.0569963703446375,0.1506965823740102,0.0440589848944045,0.7730138713745272,5.129604528495561,1.0,0.0354698266757443,3.7416533898745,0.8537116638390029,0.2692532942898975,0.7327384725944533,0.532691355401095,energy_very_low|instrumentalness_high|valence_very_low,acousticness_very_high|loudness_very_low,"energy_very_low|instrumentalness_high|valence_very_low  →  acousticness_very_high|loudness_very_low (conf=0.77, lift=5.13)"
"frozenset({'energy_very_low', 'tempo_very_low', 'instrumentalness_high'})","frozenset({'loudness_very_low', 'acousticness_very_high'})",0.0403215179865594,0.1506965823740102,0.0310736832017633,0.7706476530005942,5.113902656982242,1.0,0.0249973682450566,3.703050911566169,0.838254313892652,0.1942780107849011,0.7299524030640293,0.4884239854828091,energy_very_low|instrumentalness_high|tempo_very_low,acousticness_very_high|loudness_very_low,"energy_very_low|instrumentalness_high|tempo_very_low  →  acousticness_very_high|loudness_very_low (conf=0.77, lift=5.11)"
"frozenset({'valence_very_low', 'mode_1', 'acousticness_very_high', 'instrumentalness_high'})","frozenset({'energy_very_low', 'loudness_very_low'})",0.0312773272319984,0.1776973849710705,0.0282466248996753,0.9031022596706242,5.0822484518703,1.0,0.0226887256416647,8.486292995417125,0.8291709464607565,0.156293497713263,0.8821629184215024,0.5310307037870446,acousticness_very_high|instrumentalness_high|mode_1|valence_very_low,energy_very_low|loudness_very_low,"acousticness_very_high|instrumentalness_high|mode_1|valence_very_low  →  energy_very_low|loudness_very_low (conf=0.90, lift=5.08)"
"frozenset({'acousticness_very_high', 'mode_1', 'speechiness_low', 'instrumentalness_high'})","frozenset({'energy_very_low', 'loudness_very_low'})",0.022868026689347,0.1776973849710705,0.0206159632961583,0.9015191199580932,5.073339262166757,1.0,0.0165523747540127,8.349870702607582,0.8216813954099662,0.1145653042204766,0.8802376664721635,0.5087681888047173,acousticness_very_high|instrumentalness_high|mode_1|speechiness_low,energy_very_low|loudness_very_low,"acousticness_very_high|instrumentalness_high|mode_1|speechiness_low  →  energy_very_low|loudness_very_low (conf=0.90, lift=5.07)"
"frozenset({'danceability_very_low', 'acousticness_very_high', 'instrumentalness_high'})","frozenset({'energy_very_low', 'loudness_very_low'})",0.0464667760754201,0.1776973849710705,0.0418668168042262,0.9010054137664348,5.070448357544034,1.0,0.0336097922075877,8.306541259628176,0.8418991200638385,0.2296622420817453,0.8796129497531969,0.5683064010992076,acousticness_very_high|danceability_very_low|instrumentalness_high,energy_very_low|loudness_very_low,"acousticness_very_high|danceability_very_low|instrumentalness_high  →  energy_very_low|loudness_very_low (conf=0.90, lift=5.07)"
"frozenset({'energy_very_low', 'liveness_low', 'valence_very_low', 'danceability_very_low'})","frozenset({'loudness_very_low', 'acousticness_very_high'})",0.0284023526875022,0.1506965823740102,0.0216461625079361,0.762125685364825,5.0573521533044685,1.0,0.0173660250265482,3.570387239700747,0.8257204745268621,0.137477175897748,0.719918335781467,0.4528831924439387,danceability_very_low|energy_very_low|liveness_low|valence_very_low,acousticness_very_high|loudness_very_low,"danceability_very_low|energy_very_low|liveness_low|valence_very_low  →  acousticness_very_high|loudness_very_low (conf=0.76, lift=5.06)"
"frozenset({'energy_very_low', 'mode_1', 'instrumentalness_high'})","frozenset({'loudness_very_low', 'acousticness_very_high'})",0.0572359515566789,0.1506965823740102,0.0435798224703218,0.7614064462118041,5.052579389770683,1.0,0.0349545601818059,3.5596243240499814,0.8507762788939613,0.2651603498542274,0.7190714780647851,0.5252978177004967,energy_very_low|instrumentalness_high|mode_1,acousticness_very_high|loudness_very_low,"energy_very_low|instrumentalness_high|mode_1  →  acousticness_very_high|loudness_very_low (conf=0.76, lift=5.05)"
"frozenset({'valence_very_low', 'acousticness_very_high', 'instrumentalness_high'})","frozenset({'energy_very_low', 'loudness_very_low'})",0.0492459181350998,0.1776973849710705,0.0440589848944045,0.8946728289953783,5.034811452858648,1.0,0.0353081140212979,7.807127137145333,0.8428918115976463,0.2409117704853605,0.8719119104334646,0.5713083708142592,acousticness_very_high|instrumentalness_high|valence_very_low,energy_very_low|loudness_very_low,"acousticness_very_high|instrumentalness_high|valence_very_low  →  energy_very_low|loudness_very_low (conf=0.89, lift=5.03)"
"frozenset({'energy_very_low', 'liveness_low', 'instrumentalness_high'})","frozenset({'loudness_very_low', 'acousticness_very_high'})",0.0418069215012158,0.1506965823740102,0.0316965943530708,0.7581661891117479,5.031077527890271,1.0,0.025396434163259,3.511930008903679,0.8361941244623329,0.1971096543504171,0.7152562843038633,0.4842500261933938,energy_very_low|instrumentalness_high|liveness_low,acousticness_very_high|loudness_very_low,"energy_very_low|instrumentalness_high|liveness_low  →  acousticness_very_high|loudness_very_low (conf=0.76, lift=5.03)"
"frozenset({'danceability_very_low', 'valence_very_low', 'speechiness_low', 'instrumentalness_high'})","frozenset({'loudness_very_low', 'acousticness_very_high'})",0.0266174726577941,0.1506965823740102,0.0200529474478611,0.7533753375337533,4.999286152780619,1.0,0.0160417852868978,3.443708383147716,0.8218469302282627,0.1275137111517367,0.7096153655478947,0.4432218500069402,danceability_very_low|instrumentalness_high|speechiness_low|valence_very_low,acousticness_very_high|loudness_very_low,"danceability_very_low|instrumentalness_high|speechiness_low|valence_very_low  →  acousticness_very_high|loudness_very_low (conf=0.75, lift=5.00)"
"frozenset({'valence_very_low', 'speechiness_low', 'acousticness_very_high'})","frozenset({'energy_very_low', 'loudness_very_low'})",0.0361408258364379,0.1776973849710705,0.0320439871105307,0.8866423599602253,4.989619628361848,1.0,0.0256218568687008,7.254055524977423,0.8295650887154719,0.1762651555086979,0.8621460786236383,0.5334856669694614,acousticness_very_high|speechiness_low|valence_very_low,energy_very_low|loudness_very_low,"acousticness_very_high|speechiness_low|valence_very_low  →  energy_very_low|loudness_very_low (conf=0.89, lift=4.99)"
"frozenset({'speechiness_low', 'acousticness_very_high', 'instrumentalness_high'})","frozenset({'energy_very_low', 'loudness_very_low'})",0.0352184381700787,0.1776973849710705,0.0311814947471819,0.8853741496598638,4.982482718043398,1.0,0.0249232703815936,7.173797294317656,0.8284744204000842,0.1715773515259376,0.8606038114859899,0.5304247045993805,acousticness_very_high|instrumentalness_high|speechiness_low,energy_very_low|loudness_very_low,"acousticness_very_high|instrumentalness_high|speechiness_low  →  energy_very_low|loudness_very_low (conf=0.89, lift=4.98)"
"frozenset({'liveness_low', 'mode_1', 'acousticness_very_high', 'instrumentalness_high'})","frozenset({'energy_very_low', 'loudness_very_low'})",0.0244971789312282,0.1776973849710705,0.0215982462655278,0.8816625916870415,4.961595759164254,1.0,0.0172451616302801,6.948796891463472,0.8185029532539927,0.1195940567789864,0.8560901958109483,0.5016038453918557,acousticness_very_high|instrumentalness_high|liveness_low|mode_1,energy_very_low|loudness_very_low,"acousticness_very_high|instrumentalness_high|liveness_low|mode_1  →  energy_very_low|loudness_very_low (conf=0.88, lift=4.96)"
"frozenset({'valence_very_low', 'mode_1', 'speechiness_low', 'acousticness_very_high'})","frozenset({'energy_very_low', 'loudness_very_low'})",0.0236706237496855,0.1776973849710705,0.0208196073263934,0.8795546558704455,4.949733255858765,1.0,0.0166133993854402,6.827184736542715,0.8173152733073413,0.1153131634819532,0.8535267407299718,0.4983589647155921,acousticness_very_high|mode_1|speechiness_low|valence_very_low,energy_very_low|loudness_very_low,"acousticness_very_high|mode_1|speechiness_low|valence_very_low  →  energy_very_low|loudness_very_low (conf=0.88, lift=4.95)"
"frozenset({'energy_very_low', 'duration_ms_very_low', 'valence_very_low'})","frozenset({'loudness_very_low', 'acousticness_very_high'})",0.0298518190203524,0.1506965823740102,0.0222451155380395,0.7451845906902087,4.9449335807812345,1.0,0.0177465484340249,3.333014357045617,0.8223205797291213,0.140522133938706,0.6999712893867042,0.4463999265056766,duration_ms_very_low|energy_very_low|valence_very_low,acousticness_very_high|loudness_very_low,"duration_ms_very_low|energy_very_low|valence_very_low  →  acousticness_very_high|loudness_very_low (conf=0.75, lift=4.94)"
"frozenset({'energy_very_low', 'duration_ms_very_low', 'instrumentalness_high'})","frozenset({'loudness_very_low', 'acousticness_very_high'})",0.039710585895854,0.1506965823740102,0.0295643215659028,0.7444947209653091,4.9403557083833896,1.0,0.023580071987328,3.324015146906913,0.8305677574909847,0.1838087435763759,0.6991590122775081,0.4703395703395703,duration_ms_very_low|energy_very_low|instrumentalness_high,acousticness_very_high|loudness_very_low,"duration_ms_very_low|energy_very_low|instrumentalness_high  →  acousticness_very_high|loudness_very_low (conf=0.74, lift=4.94)"
"frozenset({'tempo_very_low', 'mode_1', 'acousticness_very_high', 'instrumentalness_high'})","frozenset({'energy_very_low', 'loudness_very_low'})",0.0238023934163082,0.1776973849710705,0.0208675235688017,0.8766985405133367,4.933660338648567,1.0,0.0166379005026711,6.66904202474483,0.8167513699583142,0.1155249021818422,0.850053426520691,0.4970657324381433,acousticness_very_high|instrumentalness_high|mode_1|tempo_very_low,energy_very_low|loudness_very_low,"acousticness_very_high|instrumentalness_high|mode_1|tempo_very_low  →  energy_very_low|loudness_very_low (conf=0.88, lift=4.93)"
"frozenset({'energy_very_low', 'speechiness_low', 'tempo_very_low'})","frozenset({'loudness_very_low', 'acousticness_very_high'})",0.0310497250805591,0.1506965823740102,0.0229878172953676,0.7403549382716049,4.912884729091837,1.0,0.0183087298420748,3.271017025983009,0.8219757201795801,0.1447974043612767,0.6942846851433069,0.4464493292311919,energy_very_low|speechiness_low|tempo_very_low,acousticness_very_high|loudness_very_low,"energy_very_low|speechiness_low|tempo_very_low  →  acousticness_very_high|loudness_very_low (conf=0.74, lift=4.91)"
"frozenset({'liveness_low', 'valence_very_low', 'acousticness_very_high', 'danceability_very_low'})","frozenset({'energy_very_low', 'loudness_very_low'})",0.0250362366583212,0.1776973849710705,0.0216461625079361,0.8645933014354067,4.865537563066355,1.0,0.0171972887242355,6.072835566821422,0.814874248625261,0.1195342991334259,0.8353322778137711,0.4932040256671438,acousticness_very_high|danceability_very_low|liveness_low|valence_very_low,energy_very_low|loudness_very_low,"acousticness_very_high|danceability_very_low|liveness_low|valence_very_low  →  energy_very_low|loudness_very_low (conf=0.86, lift=4.87)"
"frozenset({'energy_very_low', 'tempo_very_low', 'mode_1', 'danceability_very_low'})","frozenset({'loudness_very_low', 'acousticness_very_high'})",0.0338049090190347,0.1506965823740102,0.0247367601432695,0.7317505315379165,4.855787171880264,1.0,0.0196424758866366,3.1660954353243644,0.8218424770110577,0.1548324210842018,0.6841535511397019,0.4479499875495624,danceability_very_low|energy_very_low|mode_1|tempo_very_low,acousticness_very_high|loudness_very_low,"danceability_very_low|energy_very_low|mode_1|tempo_very_low  →  acousticness_very_high|loudness_very_low (conf=0.73, lift=4.86)"
"frozenset({'energy_very_low', 'tempo_very_low', 'danceability_very_low'})","frozenset({'loudness_very_low', 'acousticness_very_high'})",0.0489943578624564,0.1506965823740102,0.0358293702607841,0.7312958435207824,4.852769930148759,1.0,0.0284460879753027,3.1607379236490423,0.8348342924788508,0.2186563345273777,0.68361818532379,0.4845270950513292,danceability_very_low|energy_very_low|tempo_very_low,acousticness_very_high|loudness_very_low,"danceability_very_low|energy_very_low|tempo_very_low  →  acousticness_very_high|loudness_very_low (conf=0.73, lift=4.85)"
"frozenset({'liveness_low', 'acousticness_very_high', 'instrumentalness_high'})","frozenset({'energy_very_low', 'loudness_very_low'})",0.0368356113513578,0.1776973849710705,0.0316965943530708,0.8604878048780487,4.842433697142687,1.0,0.0251510025421238,5.894127135696866,0.8238388767111574,0.173360414073249,0.8303395944848805,0.5194309052703577,acousticness_very_high|instrumentalness_high|liveness_low,energy_very_low|loudness_very_low,"acousticness_very_high|instrumentalness_high|liveness_low  →  energy_very_low|loudness_very_low (conf=0.86, lift=4.84)"
"frozenset({'tempo_very_low', 'acousticness_very_high', 'instrumentalness_high'})","frozenset({'energy_very_low', 'loudness_very_low'})",0.0362007211394482,0.1776973849710705,0.0310736832017633,0.8583719391131701,4.830526567697744,1.0,0.0246409097212164,5.806071267797723,0.8227680274657695,0.1699646180055038,0.8277664958151115,0.5166202421735461,acousticness_very_high|instrumentalness_high|tempo_very_low,energy_very_low|loudness_very_low,"acousticness_very_high|instrumentalness_high|tempo_very_low  →  energy_very_low|loudness_very_low (conf=0.86, lift=4.83)"
"frozenset({'energy_very_low', 'instrumentalness_high'})","frozenset({'loudness_very_low', 'acousticness_very_high'})",0.0909450280908971,0.1506965823740102,0.066112435462811,0.7269494204425712,4.8239277161466925,1.0,0.0524073305456044,3.110425251623982,0.8720045202769791,0.3766464205282195,0.6785005524637218,0.5828308310479946,energy_very_low|instrumentalness_high,acousticness_very_high|loudness_very_low,"energy_very_low|instrumentalness_high  →  acousticness_very_high|loudness_very_low (conf=0.73, lift=4.82)"
"frozenset({'energy_very_low', 'key_very_low', 'instrumentalness_high'})","frozenset({'loudness_very_low', 'acousticness_very_high'})",0.0304747301716599,0.1506965823740102,0.0221492830532229,0.726808176100629,4.822990439801622,1.0,0.0175568453675836,3.108817114302904,0.8175751408389034,0.1392843691148776,0.6783342463603776,0.4368937541870394,energy_very_low|instrumentalness_high|key_very_low,acousticness_very_high|loudness_very_low,"energy_very_low|instrumentalness_high|key_very_low  →  acousticness_very_high|loudness_very_low (conf=0.73, lift=4.82)"
"frozenset({'energy_very_low', 'valence_very_low', 'danceability_very_low'})","frozenset({'loudness_very_low', 'acousticness_very_high'})",0.0676457552198756,0.1506965823740102,0.0491381065896812,0.7264034000354169,4.820304406324052,1.0,0.0389441224659371,3.104217734196739,0.8500462421931766,0.2904070796460177,0.6778576486488747,0.5262382659954509,danceability_very_low|energy_very_low|valence_very_low,acousticness_very_high|loudness_very_low,"danceability_very_low|energy_very_low|valence_very_low  →  acousticness_very_high|loudness_very_low (conf=0.73, lift=4.82)"
"frozenset({'energy_very_low', 'liveness_low', 'danceability_very_low'})","frozenset({'loudness_very_low', 'acousticness_very_high'})",0.0392434025323734,0.1506965823740102,0.0284981851723187,0.7261904761904762,4.818891475509123,1.0,0.0225843385299625,3.10180378611231,0.8248534507621337,0.1765229650515693,0.677606944553587,0.4576500870618517,danceability_very_low|energy_very_low|liveness_low,acousticness_very_high|loudness_very_low,"danceability_very_low|energy_very_low|liveness_low  →  acousticness_very_high|loudness_very_low (conf=0.73, lift=4.82)"
"frozenset({'loudness_very_low', 'valence_very_low', 'speechiness_low', 'danceability_very_low'})","frozenset({'energy_very_low', 'acousticness_very_high'})",0.0315768037470501,0.1766671857592927,0.0267133051426107,0.84597875569044,4.788544924483472,1.0,0.0211347200893458,5.345579552557891,0.8169654529964491,0.1471558664379042,0.8129295448383151,0.4985928495023938,danceability_very_low|loudness_very_low|speechiness_low|valence_very_low,acousticness_very_high|energy_very_low,"danceability_very_low|loudness_very_low|speechiness_low|valence_very_low  →  acousticness_very_high|energy_very_low (conf=0.85, lift=4.79)"
"frozenset({'energy_very_low', 'duration_ms_very_low', 'speechiness_low'})","frozenset({'loudness_very_low', 'acousticness_very_high'})",0.0278752740210112,0.1506965823740102,0.0201128427508714,0.7215298667812634,4.787964367967654,1.0,0.015912134223166,3.049890513604441,0.8138286708913974,0.1269277290595706,0.6721193775516311,0.4274978427705999,duration_ms_very_low|energy_very_low|speechiness_low,acousticness_very_high|loudness_very_low,"duration_ms_very_low|energy_very_low|speechiness_low  →  acousticness_very_high|loudness_very_low (conf=0.72, lift=4.79)"
"frozenset({'tempo_very_low', 'valence_very_low', 'acousticness_very_high', 'danceability_very_low'})","frozenset({'energy_very_low', 'loudness_very_low'})",0.0327747098072569,0.1776973849710705,0.0278153787180009,0.8486842105263158,4.776008440779717,1.0,0.0219913984920656,5.434347716712926,0.8174105283996588,0.1522822665267576,0.815985275118746,0.5026082506049403,acousticness_very_high|danceability_very_low|tempo_very_low|valence_very_low,energy_very_low|loudness_very_low,"acousticness_very_high|danceability_very_low|tempo_very_low|valence_very_low  →  energy_very_low|loudness_very_low (conf=0.85, lift=4.78)"
"frozenset({'energy_very_low', 'mode_1', 'valence_very_low', 'danceability_very_low'})","frozenset({'loudness_very_low', 'acousticness_very_high'})",0.0451011631667844,0.1506965823740102,0.0324273170497969,0.7189907038512616,4.771114862225713,1.0,0.0256307258994699,3.0223321052569485,0.8277372962237302,0.1984895145915823,0.6691296769601754,0.4670867668699869,danceability_very_low|energy_very_low|mode_1|valence_very_low,acousticness_very_high|loudness_very_low,"danceability_very_low|energy_very_low|mode_1|valence_very_low  →  acousticness_very_high|loudness_very_low (conf=0.72, lift=4.77)"
"frozenset({'energy_very_low', 'speechiness_low', 'liveness_low'})","frozenset({'loudness_very_low', 'acousticness_very_high'})",0.0322356520801638,0.1506965823740102,0.0231076079013883,0.7168338907469343,4.756802572787228,1.0,0.01824980530231,2.9993116756319407,0.8160816771288039,0.1445810223354819,0.6665901686295057,0.4350862617486658,energy_very_low|liveness_low|speechiness_low,acousticness_very_high|loudness_very_low,"energy_very_low|liveness_low|speechiness_low  →  acousticness_very_high|loudness_very_low (conf=0.72, lift=4.76)"
"frozenset({'energy_very_low', 'mode_1', 'valence_very_low', 'tempo_very_low'})","frozenset({'loudness_very_low', 'acousticness_very_high'})",0.0316846152924687,0.1506965823740102,0.0226164664167036,0.7137996219281664,4.736667618357822,1.0,0.0178417031782932,2.9675132623787888,0.8146943904289309,0.1415610707055559,0.6630175127849673,0.431939556592064,energy_very_low|mode_1|tempo_very_low|valence_very_low,acousticness_very_high|loudness_very_low,"energy_very_low|mode_1|tempo_very_low|valence_very_low  →  acousticness_very_high|loudness_very_low (conf=0.71, lift=4.74)"
"frozenset({'mode_1', 'acousticness_very_high', 'instrumentalness_high'})","frozenset({'energy_very_low', 'loudness_very_low'})",0.0517974580433402,0.1776973849710705,0.0435798224703218,0.8413506012950972,4.734738226069396,1.0,0.0343755496278715,5.183143596771272,0.8318845888309895,0.2344072164948453,0.8070668926435053,0.543299002953063,acousticness_very_high|instrumentalness_high|mode_1,energy_very_low|loudness_very_low,"acousticness_very_high|instrumentalness_high|mode_1  →  energy_very_low|loudness_very_low (conf=0.84, lift=4.73)"
"frozenset({'loudness_very_low', 'mode_1', 'speechiness_low', 'danceability_very_low'})","frozenset({'energy_very_low', 'acousticness_very_high'})",0.0278033996573988,0.1766671857592927,0.0232513566286131,0.8362774666092201,4.7336321287680425,1.0,0.0183394082565996,5.0288301627702126,0.8113027032620896,0.1283051295610788,0.8011465952055271,0.4839442662582309,danceability_very_low|loudness_very_low|mode_1|speechiness_low,acousticness_very_high|energy_very_low,"danceability_very_low|loudness_very_low|mode_1|speechiness_low  →  acousticness_very_high|energy_very_low (conf=0.84, lift=4.73)"
"frozenset({'energy_very_low', 'valence_very_low', 'tempo_very_low'})","frozenset({'loudness_very_low', 'acousticness_very_high'})",0.0473532265599731,0.1506965823740102,0.033685118413014,0.7113584619276498,4.720468445410038,1.0,0.0265491490060438,2.9424157842905667,0.8273335301132898,0.2049413308067925,0.6601432043224627,0.4674439368461778,energy_very_low|tempo_very_low|valence_very_low,acousticness_very_high|loudness_very_low,"energy_very_low|tempo_very_low|valence_very_low  →  acousticness_very_high|loudness_very_low (conf=0.71, lift=4.72)"
"frozenset({'duration_ms_very_low', 'mode_1', 'acousticness_very_high', 'instrumentalness_high'})","frozenset({'energy_very_low', 'loudness_very_low'})",0.0239820793253393,0.1776973849710705,0.020040968387259,0.8356643356643356,4.702738511320148,1.0,0.0157794156049775,5.003798891452633,0.8067043896619335,0.110334366550155,0.800151840293147,0.4742228918445717,acousticness_very_high|duration_ms_very_low|instrumentalness_high|mode_1,energy_very_low|loudness_very_low,"acousticness_very_high|duration_ms_very_low|instrumentalness_high|mode_1  →  energy_very_low|loudness_very_low (conf=0.84, lift=4.70)"
"frozenset({'loudness_very_low', 'danceability_very_low', 'speechiness_low', 'instrumentalness_high'})","frozenset({'energy_very_low', 'acousticness_very_high'})",0.0284023526875022,0.1766671857592927,0.0235508331436648,0.8291859974694222,4.693491855353262,1.0,0.0185330694254209,4.82005457423387,0.8099433100791072,0.1297432851580545,0.7925334693624405,0.4812461042405424,danceability_very_low|instrumentalness_high|loudness_very_low|speechiness_low,acousticness_very_high|energy_very_low,"danceability_very_low|instrumentalness_high|loudness_very_low|speechiness_low  →  acousticness_very_high|energy_very_low (conf=0.83, lift=4.69)"
"frozenset({'key_very_low', 'acousticness_very_high', 'instrumentalness_high'})","frozenset({'energy_very_low', 'loudness_very_low'})",0.0265575773547838,0.1776973849710705,0.0221492830532229,0.8340099233198016,4.693428231684894,1.0,0.0174300710061109,4.953926351954178,0.8084054156551146,0.1216287330614392,0.7981399138875915,0.4793280033209497,acousticness_very_high|instrumentalness_high|key_very_low,energy_very_low|loudness_very_low,"acousticness_very_high|instrumentalness_high|key_very_low  →  energy_very_low|loudness_very_low (conf=0.83, lift=4.69)"
"frozenset({'loudness_very_low', 'liveness_low', 'valence_very_low', 'danceability_very_low'})","frozenset({'energy_very_low', 'acousticness_very_high'})",0.0261143521125073,0.1766671857592927,0.0216461625079361,0.8288990825688073,4.691867813517865,1.0,0.0170326134122922,4.811971943819682,0.8079647414100811,0.119502678394286,0.7921849895063576,0.4757120853581764,danceability_very_low|liveness_low|loudness_very_low|valence_very_low,acousticness_very_high|energy_very_low,"danceability_very_low|liveness_low|loudness_very_low|valence_very_low  →  acousticness_very_high|energy_very_low (conf=0.83, lift=4.69)"
"frozenset({'danceability_very_low', 'speechiness_low', 'acousticness_very_high'})","frozenset({'energy_very_low', 'loudness_very_low'})",0.0415793193497765,0.1776973849710705,0.0344637573521484,0.8288677614520311,4.664490485253748,1.0,0.0270752210348161,4.805071341355916,0.8196967451325774,0.1864791288566243,0.7918865446609965,0.5114070504711956,acousticness_very_high|danceability_very_low|speechiness_low,energy_very_low|loudness_very_low,"acousticness_very_high|danceability_very_low|speechiness_low  →  energy_very_low|loudness_very_low (conf=0.83, lift=4.66)"
"frozenset({'loudness_very_low', 'speechiness_low', 'danceability_very_low'})","frozenset({'energy_very_low', 'acousticness_very_high'})",0.0418907749254303,0.1766671857592927,0.0344637573521484,0.8227051758650272,4.656808067265841,1.0,0.0270630320367967,4.643862663547991,0.8195940671635477,0.1872071837584591,0.78466202115547,0.5088912372408945,danceability_very_low|loudness_very_low|speechiness_low,acousticness_very_high|energy_very_low,"danceability_very_low|loudness_very_low|speechiness_low  →  acousticness_very_high|energy_very_low (conf=0.82, lift=4.66)"
"frozenset({'valence_very_low', 'acousticness_very_high', 'danceability_very_low'})","frozenset({'energy_very_low', 'loudness_very_low'})",0.0594041615256531,0.1776973849710705,0.0491381065896812,0.827182899778181,4.655008850652742,1.0,0.0385821424301735,4.758224816719324,0.8347662248923466,0.2614237460964884,0.7898375889078997,0.5518548987228508,acousticness_very_high|danceability_very_low|valence_very_low,energy_very_low|loudness_very_low,"acousticness_very_high|danceability_very_low|valence_very_low  →  energy_very_low|loudness_very_low (conf=0.83, lift=4.66)"
"frozenset({'duration_ms_very_low', 'valence_very_low', 'acousticness_very_high'})","frozenset({'energy_very_low', 'loudness_very_low'})",0.0268929910516417,0.1776973849710705,0.0222451155380395,0.8271714922048998,4.654944654022707,1.0,0.0174663013541123,4.757910749329761,0.8068739279277352,0.1219944816712652,0.7898237161886931,0.4761784385657099,acousticness_very_high|duration_ms_very_low|valence_very_low,energy_very_low|loudness_very_low,"acousticness_very_high|duration_ms_very_low|valence_very_low  →  energy_very_low|loudness_very_low (conf=0.83, lift=4.65)"
"frozenset({'danceability_very_low', 'mode_1', 'speechiness_low', 'acousticness_very_high'})","frozenset({'energy_very_low', 'loudness_very_low'})",0.0281627714754608,0.1776973849710705,0.0232513566286131,0.8256061250531688,4.646135480201799,1.0,0.0182469057838859,4.715203531543932,0.8075090540737782,0.1273287850957754,0.7879200774027748,0.4782270884130614,acousticness_very_high|danceability_very_low|mode_1|speechiness_low,energy_very_low|loudness_very_low,"acousticness_very_high|danceability_very_low|mode_1|speechiness_low  →  energy_very_low|loudness_very_low (conf=0.83, lift=4.65)"
"frozenset({'danceability_very_low', 'valence_very_low', 'speechiness_low', 'instrumentalness_high'})","frozenset({'energy_very_low', 'loudness_very_low'})",0.0266174726577941,0.1776973849710705,0.0219695971441919,0.8253825382538255,4.644877235465222,1.0,0.0172397418583629,4.709166006686294,0.8061671901727206,0.1204835107081855,0.7876481740970369,0.4745087155338158,danceability_very_low|instrumentalness_high|speechiness_low|valence_very_low,energy_very_low|loudness_very_low,"danceability_very_low|instrumentalness_high|speechiness_low|valence_very_low  →  energy_very_low|loudness_very_low (conf=0.83, lift=4.64)"
"frozenset({'acousticness_very_high', 'instrumentalness_high'})","frozenset({'energy_very_low', 'loudness_very_low'})",0.0804274128822817,0.1776973849710705,0.066112435462811,0.8220137027107537,4.625918962423555,1.0,0.0518206945136409,4.620033269710656,0.8523815816389436,0.3443134319046728,0.7835513422476656,0.5970321985307847,acousticness_very_high|instrumentalness_high,energy_very_low|loudness_very_low,"acousticness_very_high|instrumentalness_high  →  energy_very_low|loudness_very_low (conf=0.82, lift=4.63)"
"frozenset({'valence_very_low', 'mode_1', 'acousticness_very_high', 'danceability_very_low'})","frozenset({'energy_very_low', 'loudness_very_low'})",0.0396626696534457,0.1776973849710705,0.0324273170497969,0.8175777710661433,4.600955558233152,1.0,0.0253793643714082,4.50768867278276,0.8149780501582068,0.1753465474802435,0.7781568176972915,0.500031975731265,acousticness_very_high|danceability_very_low|mode_1|valence_very_low,energy_very_low|loudness_very_low,"acousticness_very_high|danceability_very_low|mode_1|valence_very_low  →  energy_very_low|loudness_very_low (conf=0.82, lift=4.60)"
"frozenset({'duration_ms_very_low', 'acousticness_very_high', 'instrumentalness_high'})","frozenset({'energy_very_low', 'loudness_very_low'})",0.0364043651696833,0.1776973849710705,0.0295643215659028,0.8121092464626521,4.570181190876077,1.0,0.0230953610737181,4.37649325231684,0.8107034386240345,0.1602077247646867,0.7715065596249653,0.4892418957134617,acousticness_very_high|duration_ms_very_low|instrumentalness_high,energy_very_low|loudness_very_low,"acousticness_very_high|duration_ms_very_low|instrumentalness_high  →  energy_very_low|loudness_very_low (conf=0.81, lift=4.57)"
"frozenset({'loudness_very_low', 'liveness_low', 'danceability_very_low'})","frozenset({'energy_very_low', 'acousticness_very_high'})",0.03545801938212,0.1766671857592927,0.0284981851723187,0.8037162162162163,4.549323705825436,1.0,0.0222339166754811,4.19460435482357,0.8088679640391598,0.155196033661687,0.7615984928709537,0.4825131121764563,danceability_very_low|liveness_low|loudness_very_low,acousticness_very_high|energy_very_low,"danceability_very_low|liveness_low|loudness_very_low  →  acousticness_very_high|energy_very_low (conf=0.80, lift=4.55)"
"frozenset({'valence_very_low', 'acousticness_very_high', 'tempo_very_low'})","frozenset({'energy_very_low', 'loudness_very_low'})",0.042010565531451,0.1776973849710705,0.033685118413014,0.8018249215854008,4.51230569158876,1.0,0.0262199507769194,4.149374490512888,0.8125181562480012,0.1810805589542147,0.7589998197833443,0.4956947177699149,acousticness_very_high|tempo_very_low|valence_very_low,energy_very_low|loudness_very_low,"acousticness_very_high|tempo_very_low|valence_very_low  →  energy_very_low|loudness_very_low (conf=0.80, lift=4.51)"
"frozenset({'valence_very_low', 'mode_1', 'acousticness_very_high', 'liveness_low'})","frozenset({'energy_very_low', 'loudness_very_low'})",0.0262581008397321,0.1776973849710705,0.0210472094778327,0.801551094890511,4.510764719587769,1.0,0.0163812136243056,4.143649039410147,0.7992960977889153,0.1150697491649748,0.7586668198756642,0.4599976048808764,acousticness_very_high|liveness_low|mode_1|valence_very_low,energy_very_low|loudness_very_low,"acousticness_very_high|liveness_low|mode_1|valence_very_low  →  energy_very_low|loudness_very_low (conf=0.80, lift=4.51)"
"frozenset({'valence_very_low', 'acousticness_very_high', 'liveness_low'})","frozenset({'energy_very_low', 'loudness_very_low'})",0.0384048682902286,0.1776973849710705,0.0307262904443033,0.8000623830318153,4.502386926864832,1.0,0.0239018457789713,4.112795918537827,0.8089637338702534,0.1657512116316639,0.7568564013855766,0.4864879799748533,acousticness_very_high|liveness_low|valence_very_low,energy_very_low|loudness_very_low,"acousticness_very_high|liveness_low|valence_very_low  →  energy_very_low|loudness_very_low (conf=0.80, lift=4.50)"
"frozenset({'valence_very_low', 'mode_1', 'acousticness_very_high', 'tempo_very_low'})","frozenset({'energy_very_low', 'loudness_very_low'})",0.028366415505696,0.1776973849710705,0.0226164664167036,0.7972972972972973,4.48682628293657,1.0,0.0175758285603385,4.056692900809384,0.7998131457853634,0.1232858821992947,0.7534937880556644,0.4622862379704768,acousticness_very_high|mode_1|tempo_very_low|valence_very_low,energy_very_low|loudness_very_low,"acousticness_very_high|mode_1|tempo_very_low|valence_very_low  →  energy_very_low|loudness_very_low (conf=0.80, lift=4.49)"
"frozenset({'liveness_low', 'acousticness_very_high', 'danceability_very_low'})","frozenset({'energy_very_low', 'loudness_very_low'})",0.0358413493213862,0.1776973849710705,0.0284981851723187,0.7951203208556149,4.474575250418355,1.0,0.0221292711240738,4.013587967645279,0.805381043862281,0.1540104874732957,0.7508463728560839,0.4777475677353442,acousticness_very_high|danceability_very_low|liveness_low,energy_very_low|loudness_very_low,"acousticness_very_high|danceability_very_low|liveness_low  →  energy_very_low|loudness_very_low (conf=0.80, lift=4.47)"
"frozenset({'duration_ms_very_low', 'acousticness_very_high', 'danceability_very_low'})","frozenset({'energy_very_low', 'loudness_very_low'})",0.0301033792929958,0.1776973849710705,0.0238503096587165,0.7922801432550737,4.4585920236477214,1.0,0.0185010178795589,3.9587097156469353,0.7997903405281279,0.1296561604584527,0.7473924405097282,0.4632494150278334,acousticness_very_high|danceability_very_low|duration_ms_very_low,energy_very_low|loudness_very_low,"acousticness_very_high|danceability_very_low|duration_ms_very_low  →  energy_very_low|loudness_very_low (conf=0.79, lift=4.46)"
"frozenset({'danceability_very_low', 'loudness_very_low', 'tempo_very_low', 'instrumentalness_high'})","frozenset({'energy_very_low', 'acousticness_very_high'})",0.0294085937780759,0.1766671857592927,0.0230836497801842,0.784928716904277,4.442979682563883,1.0,0.0178881162802733,3.8281857177290464,0.7984058142439975,0.1261455878502226,0.7387796534089732,0.4577952507765215,danceability_very_low|instrumentalness_high|loudness_very_low|tempo_very_low,acousticness_very_high|energy_very_low,"danceability_very_low|instrumentalness_high|loudness_very_low|tempo_very_low  →  acousticness_very_high|energy_very_low (conf=0.78, lift=4.44)"
"frozenset({'loudness_very_low', 'tempo_very_low', 'valence_very_low', 'danceability_very_low'})","frozenset({'energy_very_low', 'acousticness_very_high'})",0.0354819775033241,0.1766671857592927,0.0278153787180009,0.7839297771775826,4.437325323366384,1.0,0.0215468776073141,3.810487180907772,0.8031358649636287,0.1508968027034052,0.7375663655265807,0.4706874272380997,danceability_very_low|loudness_very_low|tempo_very_low|valence_very_low,acousticness_very_high|energy_very_low,"danceability_very_low|loudness_very_low|tempo_very_low|valence_very_low  →  acousticness_very_high|energy_very_low (conf=0.78, lift=4.44)"
"frozenset({'valence_very_low', 'mode_0', 'acousticness_very_high'})","frozenset({'energy_very_low', 'loudness_very_low'})",0.0287377663843601,0.1776973849710705,0.0226524035985098,0.7882451021258858,4.435884648804558,1.0,0.0175457776620994,3.883275538296067,0.797483725131142,0.1232564202841872,0.7424854378376695,0.4578612594356003,acousticness_very_high|mode_0|valence_very_low,energy_very_low|loudness_very_low,"acousticness_very_high|mode_0|valence_very_low  →  energy_very_low|loudness_very_low (conf=0.79, lift=4.44)"
"frozenset({'mode_0', 'acousticness_very_high', 'instrumentalness_high'})","frozenset({'energy_very_low', 'loudness_very_low'})",0.0286299548389415,0.1776973849710705,0.0225326129924891,0.7870292887029289,4.4290426042626265,1.0,0.0174451448857693,3.861106581373559,0.7970366949805395,0.1225966238675617,0.7410068904018035,0.4569162892213579,acousticness_very_high|instrumentalness_high|mode_0,energy_very_low|loudness_very_low,"acousticness_very_high|instrumentalness_high|mode_0  →  energy_very_low|loudness_very_low (conf=0.79, lift=4.43)"
"frozenset({'loudness_very_low', 'tempo_very_low', 'mode_1', 'danceability_very_low'})","frozenset({'energy_very_low', 'acousticness_very_high'})",0.0316247199894584,0.1766671857592927,0.0247367601432695,0.7821969696969697,4.427517007955881,1.0,0.0191497098623062,3.780171529731248,0.799421245235388,0.1347647327546825,0.7354617397292827,0.4611079776610696,danceability_very_low|loudness_very_low|mode_1|tempo_very_low,acousticness_very_high|energy_very_low,"danceability_very_low|loudness_very_low|mode_1|tempo_very_low  →  acousticness_very_high|energy_very_low (conf=0.78, lift=4.43)"
"frozenset({'loudness_very_low', 'valence_very_low', 'mode_1', 'speechiness_low'})","frozenset({'energy_very_low', 'acousticness_very_high'})",0.0266414307789983,0.1766671857592927,0.0208196073263934,0.7814748201438849,4.423429380986668,1.0,0.0161129407260668,3.7676793803936897,0.7951140335242891,0.1140869108572929,0.7345846344559422,0.4496606539016143,loudness_very_low|mode_1|speechiness_low|valence_very_low,acousticness_very_high|energy_very_low,"loudness_very_low|mode_1|speechiness_low|valence_very_low  →  acousticness_very_high|energy_very_low (conf=0.78, lift=4.42)"
"frozenset({'loudness_very_low', 'speechiness_low', 'tempo_very_low'})","frozenset({'energy_very_low', 'acousticness_very_high'})",0.0296481749901172,0.1766671857592927,0.0229878172953676,0.7753535353535354,4.388780700961336,1.0,0.0177499576569646,3.665015674902429,0.795738475617195,0.1253920543648719,0.7271498709138202,0.4527364367844433,loudness_very_low|speechiness_low|tempo_very_low,acousticness_very_high|energy_very_low,"loudness_very_low|speechiness_low|tempo_very_low  →  acousticness_very_high|energy_very_low (conf=0.78, lift=4.39)"
"frozenset({'loudness_very_low', 'tempo_very_low', 'danceability_very_low'})","frozenset({'energy_very_low', 'acousticness_very_high'})",0.0466823991662573,0.1766671857592927,0.0358293702607841,0.7675134719014627,4.344403113700991,1.0,0.0275821221755895,3.541421608273771,0.807515545051883,0.1910693752395554,0.7176275206364261,0.4851603160971919,danceability_very_low|loudness_very_low|tempo_very_low,acousticness_very_high|energy_very_low,"danceability_very_low|loudness_very_low|tempo_very_low  →  acousticness_very_high|energy_very_low (conf=0.77, lift=4.34)"
"frozenset({'valence_very_low', 'key_very_low', 'acousticness_very_high'})","frozenset({'energy_very_low', 'loudness_very_low'})",0.0292648450508511,0.1776973849710705,0.0225326129924891,0.7699549733933688,4.332956129425983,1.0,0.0173323265553693,3.5745289831239764,0.7924001472268518,0.1221745908028059,0.7202428614451896,0.4483791315665779,acousticness_very_high|key_very_low|valence_very_low,energy_very_low|loudness_very_low,"acousticness_very_high|key_very_low|valence_very_low  →  energy_very_low|loudness_very_low (conf=0.77, lift=4.33)"
"frozenset({'tempo_very_low', 'acousticness_very_high', 'danceability_very_low'})","frozenset({'energy_very_low', 'loudness_very_low'})",0.0466704201056553,0.1776973849710705,0.0358293702607841,0.7677104722792608,4.320325098786599,1.0,0.0275361586525079,3.53999004215769,0.8061597514691603,0.1900374864985069,0.7175133296729611,0.4846709298163191,acousticness_very_high|danceability_very_low|tempo_very_low,energy_very_low|loudness_very_low,"acousticness_very_high|danceability_very_low|tempo_very_low  →  energy_very_low|loudness_very_low (conf=0.77, lift=4.32)"
"frozenset({'tempo_very_low', 'mode_1', 'acousticness_very_high', 'danceability_very_low'})","frozenset({'energy_very_low', 'loudness_very_low'})",0.0322236730195618,0.1776973849710705,0.0247367601432695,0.7676579925650558,4.320029766842274,1.0,0.0190106977135305,3.5391904550845137,0.7941092296835054,0.1335791448347241,0.7174495092335683,0.4534326096032776,acousticness_very_high|danceability_very_low|mode_1|tempo_very_low,energy_very_low|loudness_very_low,"acousticness_very_high|danceability_very_low|mode_1|tempo_very_low  →  energy_very_low|loudness_very_low (conf=0.77, lift=4.32)"
"frozenset({'loudness_very_low', 'mode_1', 'valence_very_low', 'tempo_very_low'})","frozenset({'energy_very_low', 'acousticness_very_high'})",0.0296601540507193,0.1766671857592927,0.0226164664167036,0.7625201938610662,4.316139358782746,1.0,0.0173764904713759,3.466959265408147,0.7917962653402457,0.1231090245174752,0.7115628066422421,0.4452687760734677,loudness_very_low|mode_1|tempo_very_low|valence_very_low,acousticness_very_high|energy_very_low,"loudness_very_low|mode_1|tempo_very_low|valence_very_low  →  acousticness_very_high|energy_very_low (conf=0.76, lift=4.32)"
"frozenset({'valence_very_low', 'acousticness_very_high'})","frozenset({'energy_very_low', 'loudness_very_low'})",0.087746618910145,0.1776973849710705,0.0672624252806095,0.7665529010238907,4.313810814653726,1.0,0.0516700805602236,3.5224366404017,0.8420756988387709,0.3393979690522243,0.7161056103805575,0.5725376073138868,acousticness_very_high|valence_very_low,energy_very_low|loudness_very_low,"acousticness_very_high|valence_very_low  →  energy_very_low|loudness_very_low (conf=0.77, lift=4.31)"
"frozenset({'loudness_very_low', 'tempo_very_low', 'valence_very_low', 'instrumentalness_high'})","frozenset({'energy_very_low', 'acousticness_very_high'})",0.0304507720504558,0.1766671857592927,0.0231794822650007,0.7612116443745083,4.308732496659857,1.0,0.017799830062649,3.447960484019569,0.7920311452883299,0.1260175838489091,0.709973474280013,0.4462079377283444,instrumentalness_high|loudness_very_low|tempo_very_low|valence_very_low,acousticness_very_high|energy_very_low,"instrumentalness_high|loudness_very_low|tempo_very_low|valence_very_low  →  acousticness_very_high|energy_very_low (conf=0.76, lift=4.31)"
"frozenset({'loudness_very_low', 'mode_1', 'valence_very_low', 'liveness_low'})","frozenset({'energy_very_low', 'acousticness_very_high'})",0.027827357778603,0.1766671857592927,0.0210472094778327,0.7563495479982781,4.281211277281548,1.0,0.0161310284919699,3.37915570226354,0.7883591984834509,0.1147316181272038,0.7040680903427603,0.4377421729684908,liveness_low|loudness_very_low|mode_1|valence_very_low,acousticness_very_high|energy_very_low,"liveness_low|loudness_very_low|mode_1|valence_very_low  →  acousticness_very_high|energy_very_low (conf=0.76, lift=4.28)"
"frozenset({'loudness_very_low', 'valence_very_low', 'speechiness_low'})","frozenset({'energy_very_low', 'acousticness_very_high'})",0.0423819164101151,0.1766671857592927,0.0320439871105307,0.7560768795929903,4.279667875748796,1.0,0.0245564932112701,3.3753783276751115,0.8002532755757839,0.1713535327653577,0.7037369139332068,0.4687287028830154,loudness_very_low|speechiness_low|valence_very_low,acousticness_very_high|energy_very_low,"loudness_very_low|speechiness_low|valence_very_low  →  acousticness_very_high|energy_very_low (conf=0.76, lift=4.28)"
"frozenset({'loudness_very_low', 'duration_ms_very_low', 'speechiness_low'})","frozenset({'energy_very_low', 'acousticness_very_high'})",0.0266054935971921,0.1766671857592927,0.0201128427508714,0.7559657811796487,4.279039018653099,1.0,0.0154125250713186,3.373841661307399,0.7872477843973792,0.1098103335513407,0.7036019765039924,0.4349058631962795,duration_ms_very_low|loudness_very_low|speechiness_low,acousticness_very_high|energy_very_low,"duration_ms_very_low|loudness_very_low|speechiness_low  →  acousticness_very_high|energy_very_low (conf=0.76, lift=4.28)"
"frozenset({'loudness_very_low', 'tempo_very_low', 'mode_1', 'instrumentalness_high'})","frozenset({'energy_very_low', 'acousticness_very_high'})",0.0276237137483678,0.1766671857592927,0.0208675235688017,0.7554206418039896,4.275953333140443,1.0,0.0159873198006573,3.366321754679204,0.7878987123969877,0.1137669801462904,0.7029398634845302,0.4367691763400203,instrumentalness_high|loudness_very_low|mode_1|tempo_very_low,acousticness_very_high|energy_very_low,"instrumentalness_high|loudness_very_low|mode_1|tempo_very_low  →  acousticness_very_high|energy_very_low (conf=0.76, lift=4.28)"
"frozenset({'liveness_low', 'speechiness_low', 'acousticness_very_high'})","frozenset({'energy_very_low', 'loudness_very_low'})",0.0304148348686496,0.1776973849710705,0.0231076079013883,0.7597479322567939,4.27551554785391,1.0,0.0177029712809024,3.4226661304236905,0.7901421196226864,0.1249028749028749,0.7078301061528866,0.4448935158115573,acousticness_very_high|liveness_low|speechiness_low,energy_very_low|loudness_very_low,"acousticness_very_high|liveness_low|speechiness_low  →  energy_very_low|loudness_very_low (conf=0.76, lift=4.28)"
"frozenset({'loudness_very_low', 'mode_1', 'valence_very_low', 'danceability_very_low'})","frozenset({'energy_very_low', 'acousticness_very_high'})",0.0429688903796164,0.1766671857592927,0.0324273170497969,0.7546696403679956,4.271702394106313,1.0,0.0248361241112305,3.3560168235016103,0.800288817128835,0.1732147427693882,0.7020277154163318,0.4691099761373474,danceability_very_low|loudness_very_low|mode_1|valence_very_low,acousticness_very_high|energy_very_low,"danceability_very_low|loudness_very_low|mode_1|valence_very_low  →  acousticness_very_high|energy_very_low (conf=0.75, lift=4.27)"
"frozenset({'instrumentalness_high', 'danceability_very_low', 'loudness_very_low', 'mode_1', 'valence_very_low'})","frozenset({'energy_very_low', 'acousticness_very_high'})",0.0294445309598821,0.1766671857592927,0.0221732411744271,0.7530512611879577,4.26254178415443,1.0,0.0169713587537423,3.3340231588198663,0.7886187019524741,0.1205470530771735,0.7000620714482478,0.439279902359642,danceability_very_low|instrumentalness_high|loudness_very_low|mode_1|valence_very_low,acousticness_very_high|energy_very_low,"danceability_very_low|instrumentalness_high|loudness_very_low|mode_1|valence_very_low  →  acousticness_very_high|energy_very_low (conf=0.75, lift=4.26)"
"frozenset({'valence_very_low', 'mode_1', 'acousticness_very_high'})","frozenset({'energy_very_low', 'loudness_very_low'})",0.0590088525257849,0.1776973849710705,0.0446100216820996,0.7559886317498985,4.254359915723997,1.0,0.0341243028981241,3.3699356752350305,0.812916270737622,0.2322274881516587,0.7032584309104782,0.5035167643042333,acousticness_very_high|mode_1|valence_very_low,energy_very_low|loudness_very_low,"acousticness_very_high|mode_1|valence_very_low  →  energy_very_low|loudness_very_low (conf=0.76, lift=4.25)"
"frozenset({'loudness_very_low', 'danceability_very_low', 'mode_1', 'instrumentalness_high'})","frozenset({'energy_very_low', 'acousticness_very_high'})",0.0373147737754405,0.1766671857592927,0.0280429808694402,0.7515248796147673,4.253901913843312,1.0,0.0214506847992884,3.313542269198713,0.794570942068352,0.1508181935317614,0.6982081655346374,0.455129133596372,danceability_very_low|instrumentalness_high|loudness_very_low|mode_1,acousticness_very_high|energy_very_low,"danceability_very_low|instrumentalness_high|loudness_very_low|mode_1  →  acousticness_very_high|energy_very_low (conf=0.75, lift=4.25)"
"frozenset({'loudness_very_low', 'duration_ms_very_low', 'liveness_low'})","frozenset({'energy_very_low', 'acousticness_very_high'})",0.0327866888678589,0.1766671857592927,0.0246049904766468,0.7504567044208988,4.247855656926514,1.0,0.0188126584239966,3.299358583567813,0.7905051508987346,0.1331086773378264,0.6969107859386916,0.4448649131000616,duration_ms_very_low|liveness_low|loudness_very_low,acousticness_very_high|energy_very_low,"duration_ms_very_low|liveness_low|loudness_very_low  →  acousticness_very_high|energy_very_low (conf=0.75, lift=4.25)"
"frozenset({'danceability_very_low', 'speechiness_low', 'instrumentalness_high'})","frozenset({'energy_very_low', 'loudness_very_low'})",0.0346314642005773,0.1776973849710705,0.0260903939913032,0.7533725354548599,4.239637716545521,1.0,0.0199364733651413,3.3341891445282403,0.7915430857759289,0.1400913359490577,0.7000770032374718,0.4500986986294119,danceability_very_low|instrumentalness_high|speechiness_low,energy_very_low|loudness_very_low,"danceability_very_low|instrumentalness_high|speechiness_low  →  energy_very_low|loudness_very_low (conf=0.75, lift=4.24)"
"frozenset({'loudness_very_low', 'liveness_low', 'tempo_very_low'})","frozenset({'energy_very_low', 'acousticness_very_high'})",0.0327627307466548,0.1766671857592927,0.0244133255070137,0.7451553930530165,4.217848322258799,1.0,0.0186252260682127,3.2307248880176966,0.7887540257353425,0.1319520880543865,0.6904719421610738,0.4416718109827057,liveness_low|loudness_very_low|tempo_very_low,acousticness_very_high|energy_very_low,"liveness_low|loudness_very_low|tempo_very_low  →  acousticness_very_high|energy_very_low (conf=0.75, lift=4.22)"
"frozenset({'loudness_very_low', 'valence_very_low', 'tempo_very_low'})","frozenset({'energy_very_low', 'acousticness_very_high'})",0.045208974712203,0.1766671857592927,0.033685118413014,0.7450980392156864,4.21752367885044,1.0,0.0256981760795461,3.229997963559699,0.7990167690727981,0.1789942711648632,0.6904022815859843,0.4678839802804768,loudness_very_low|tempo_very_low|valence_very_low,acousticness_very_high|energy_very_low,"loudness_very_low|tempo_very_low|valence_very_low  →  acousticness_very_high|energy_very_low (conf=0.75, lift=4.22)"
"frozenset({'danceability_very_low', 'tempo_very_low', 'valence_very_low', 'instrumentalness_high'})","frozenset({'energy_very_low', 'loudness_very_low'})",0.029959630565771,0.1776973849710705,0.0224128223864684,0.7481007596961216,4.209970562132434,1.0,0.0170890743802315,3.264410857440242,0.7860174400028069,0.1209906880496637,0.6936660109064394,0.4371149612151903,danceability_very_low|instrumentalness_high|tempo_very_low|valence_very_low,energy_very_low|loudness_very_low,"danceability_very_low|instrumentalness_high|tempo_very_low|valence_very_low  →  energy_very_low|loudness_very_low (conf=0.75, lift=4.21)"
"frozenset({'loudness_very_low', 'valence_very_low', 'danceability_very_low'})","frozenset({'energy_very_low', 'acousticness_very_high'})",0.066471807280873,0.1766671857592927,0.0491381065896812,0.7392322941070464,4.184321445603616,1.0,0.0373947194650353,3.157341939337724,0.8152004733898699,0.2532880518678604,0.6832778903225928,0.508685851420217,danceability_very_low|loudness_very_low|valence_very_low,acousticness_very_high|energy_very_low,"danceability_very_low|loudness_very_low|valence_very_low  →  acousticness_very_high|energy_very_low (conf=0.74, lift=4.18)"
"frozenset({'tempo_very_low', 'speechiness_low', 'acousticness_very_high'})","frozenset({'energy_very_low', 'loudness_very_low'})",0.0310137878987529,0.1776973849710705,0.0229878172953676,0.7412128234839707,4.171208392316192,1.0,0.0174767482877118,3.177524582552087,0.7845945680773516,0.1237745098039215,0.6852896101918331,0.4352888979223817,acousticness_very_high|speechiness_low|tempo_very_low,energy_very_low|loudness_very_low,"acousticness_very_high|speechiness_low|tempo_very_low  →  energy_very_low|loudness_very_low (conf=0.74, lift=4.17)"
"frozenset({'loudness_very_low', 'valence_very_low', 'speechiness_low', 'instrumentalness_high'})","frozenset({'energy_very_low', 'acousticness_very_high'})",0.0310497250805591,0.1766671857592927,0.022868026689347,0.7364969135802469,4.168838205096653,1.0,0.0173825591407649,3.1245661120232997,0.7844829968416641,0.1237120082949906,0.6799555637014656,0.4329690968769148,instrumentalness_high|loudness_very_low|speechiness_low|valence_very_low,acousticness_very_high|energy_very_low,"instrumentalness_high|loudness_very_low|speechiness_low|valence_very_low  →  acousticness_very_high|energy_very_low (conf=0.74, lift=4.17)"
"frozenset({'loudness_very_low', 'danceability_very_low', 'valence_very_low', 'instrumentalness_high'})","frozenset({'energy_very_low', 'acousticness_very_high'})",0.0465506294996346,0.1766671857592927,0.0340684483522802,0.7318579516212044,4.142580007010206,1.0,0.0258444796432562,3.070509900325709,0.7956421861621845,0.1801139962001266,0.6743211933972519,0.4623488293500651,danceability_very_low|instrumentalness_high|loudness_very_low|valence_very_low,acousticness_very_high|energy_very_low,"danceability_very_low|instrumentalness_high|loudness_very_low|valence_very_low  →  acousticness_very_high|energy_very_low (conf=0.73, lift=4.14)"
"frozenset({'loudness_very_low', 'duration_ms_very_low', 'danceability_very_low'})","frozenset({'energy_very_low', 'acousticness_very_high'})",0.03261898201943,0.1766671857592927,0.0238503096587165,0.7311788468600807,4.138736029090906,1.0,0.0180876059030108,3.062753078111264,0.7839520561333271,0.1286175710594315,0.6734963692807129,0.4330901014880821,danceability_very_low|duration_ms_very_low|loudness_very_low,acousticness_very_high|energy_very_low,"danceability_very_low|duration_ms_very_low|loudness_very_low  →  acousticness_very_high|energy_very_low (conf=0.73, lift=4.14)"
"frozenset({'mode_0', 'acousticness_very_high', 'danceability_very_low'})","frozenset({'energy_very_low', 'loudness_very_low'})",0.0292049497478407,0.1776973849710705,0.0214305394170989,0.7337981952420016,4.129482239490836,1.0,0.016240896218696,3.0890196848082123,0.7806373657251201,0.1155460828004908,0.676272700715377,0.4271997582654662,acousticness_very_high|danceability_very_low|mode_0,energy_very_low|loudness_very_low,"acousticness_very_high|danceability_very_low|mode_0  →  energy_very_low|loudness_very_low (conf=0.73, lift=4.13)"
"frozenset({'loudness_very_low', 'mode_1', 'danceability_very_low'})","frozenset({'energy_very_low', 'acousticness_very_high'})",0.0639562045544388,0.1766671857592927,0.0465386504390325,0.72766435662109,4.118842746567126,1.0,0.0352396877685542,3.0232282635702434,0.8089507793654197,0.2397852117022589,0.6692277549631458,0.4955449529240519,danceability_very_low|loudness_very_low|mode_1,acousticness_very_high|energy_very_low,"danceability_very_low|loudness_very_low|mode_1  →  acousticness_very_high|energy_very_low (conf=0.73, lift=4.12)"
"frozenset({'loudness_very_low', 'danceability_very_low', 'instrumentalness_high'})","frozenset({'energy_very_low', 'acousticness_very_high'})",0.0576552186777512,0.1766671857592927,0.0418668168042262,0.7261583212133804,4.110318042892039,1.0,0.0316810315760912,3.006601543960944,0.8030073907296881,0.217540146894062,0.6673985610069951,0.4815698034057138,danceability_very_low|instrumentalness_high|loudness_very_low,acousticness_very_high|energy_very_low,"danceability_very_low|instrumentalness_high|loudness_very_low  →  acousticness_very_high|energy_very_low (conf=0.73, lift=4.11)"
"frozenset({'loudness_very_low', 'tempo_very_low', 'instrumentalness_high'})","frozenset({'energy_very_low', 'acousticness_very_high'})",0.0428371207129936,0.1766671857592927,0.0310736832017633,0.7253914988814318,4.105977551879784,1.0,0.0235057696393676,2.998205849006894,0.7903071197805752,0.164907819453274,0.6664671972635791,0.4506398774580742,instrumentalness_high|loudness_very_low|tempo_very_low,acousticness_very_high|energy_very_low,"instrumentalness_high|loudness_very_low|tempo_very_low  →  acousticness_very_high|energy_very_low (conf=0.73, lift=4.11)"
"frozenset({'liveness_low', 'danceability_very_low', 'instrumentalness_high'})","frozenset({'energy_very_low', 'loudness_very_low'})",0.030139316474802,0.1776973849710705,0.0219336599623857,0.7277424483306836,4.095403252271614,1.0,0.0165779822399979,3.0203115027923886,0.7793117235494016,0.1179844062117404,0.668908323172804,0.4255875515214157,danceability_very_low|instrumentalness_high|liveness_low,energy_very_low|loudness_very_low,"danceability_very_low|instrumentalness_high|liveness_low  →  energy_very_low|loudness_very_low (conf=0.73, lift=4.10)"
"frozenset({'key_very_low', 'acousticness_very_high', 'danceability_very_low'})","frozenset({'energy_very_low', 'loudness_very_low'})",0.0313132644138046,0.1776973849710705,0.0227841732651325,0.7276205049732211,4.094717010560841,1.0,0.0172198880638917,3.018959319783176,0.7802139238048017,0.1223465843303743,0.6687600281835461,0.4279197307123082,acousticness_very_high|danceability_very_low|key_very_low,energy_very_low|loudness_very_low,"acousticness_very_high|danceability_very_low|key_very_low  →  energy_very_low|loudness_very_low (conf=0.73, lift=4.09)"
"frozenset({'duration_ms_very_low', 'acousticness_very_high', 'liveness_low'})","frozenset({'energy_very_low', 'loudness_very_low'})",0.0338767833826471,0.1776973849710705,0.0246049904766468,0.7263083451202265,4.087332772164715,1.0,0.018585174658319,3.004485523645754,0.7818274724193318,0.1315991799077396,0.6671643141130655,0.4323870160278225,acousticness_very_high|duration_ms_very_low|liveness_low,energy_very_low|loudness_very_low,"acousticness_very_high|duration_ms_very_low|liveness_low  →  energy_very_low|loudness_very_low (conf=0.73, lift=4.09)"
"frozenset({'loudness_very_low', 'valence_very_low', 'liveness_low'})","frozenset({'energy_very_low', 'acousticness_very_high'})",0.0426574348039626,0.1766671857592927,0.0307262904443033,0.7203032855939343,4.0771764292172525,1.0,0.0231901214857767,2.943662802722047,0.7883617111047596,0.1629192073170731,0.6602871772285583,0.4471125866537613,liveness_low|loudness_very_low|valence_very_low,acousticness_very_high|energy_very_low,"liveness_low|loudness_very_low|valence_very_low  →  acousticness_very_high|energy_very_low (conf=0.72, lift=4.08)"
"frozenset({'acousticness_very_high', 'danceability_very_low'})","frozenset({'energy_very_low', 'loudness_very_low'})",0.0941075000898429,0.1776973849710705,0.0679691898561314,0.7222505091649695,4.064497118415969,1.0,0.0512465331840016,2.9605908999391706,0.8322920250407693,0.3334508697696287,0.6622295907142907,0.5523750860507334,acousticness_very_high|danceability_very_low,energy_very_low|loudness_very_low,"acousticness_very_high|danceability_very_low  →  energy_very_low|loudness_very_low (conf=0.72, lift=4.06)"
"frozenset({'loudness_very_low', 'speechiness_very_low', 'acousticness_very_high'})","frozenset({'energy_very_low', 'mode_1'})",0.04432252422765,0.1738161693360006,0.0312653481713964,0.7054054054054055,4.058341684206606,1.0,0.0235613767948441,2.8044772233548616,0.7885442058591072,0.1673076923076923,0.6434273055697175,0.4426406765138675,acousticness_very_high|loudness_very_low|speechiness_very_low,energy_very_low|mode_1,"acousticness_very_high|loudness_very_low|speechiness_very_low  →  energy_very_low|mode_1 (conf=0.71, lift=4.06)"
"frozenset({'loudness_very_low', 'speechiness_low', 'liveness_low'})","frozenset({'energy_very_low', 'acousticness_very_high'})",0.0322835683225721,0.1766671857592927,0.0231076079013883,0.715769944341373,4.051516082429718,1.0,0.0174041607395717,2.8967127080661967,0.7783052870361901,0.1243393064328993,0.654781091264109,0.4232836702992463,liveness_low|loudness_very_low|speechiness_low,acousticness_very_high|energy_very_low,"liveness_low|loudness_very_low|speechiness_low  →  acousticness_very_high|energy_very_low (conf=0.72, lift=4.05)"
"frozenset({'mode_1', 'acousticness_very_high', 'danceability_very_low'})","frozenset({'energy_very_low', 'loudness_very_low'})",0.0649025503420021,0.1776973849710705,0.0465386504390325,0.7170542635658914,4.035255013362346,1.0,0.0350056369653055,2.906220201061147,0.8043912297278256,0.2373678743813771,0.6559104504074157,0.4894763026067289,acousticness_very_high|danceability_very_low|mode_1,energy_very_low|loudness_very_low,"acousticness_very_high|danceability_very_low|mode_1  →  energy_very_low|loudness_very_low (conf=0.72, lift=4.04)"
"frozenset({'loudness_very_low', 'mode_1', 'speechiness_low', 'instrumentalness_high'})","frozenset({'energy_very_low', 'acousticness_very_high'})",0.0289533894751973,0.1766671857592927,0.0206159632961583,0.7120397186594951,4.030401659477624,1.0,0.0155008494593824,2.8591888103732592,0.7743045111588175,0.1114348614348614,0.6502504499276308,0.4143667538239162,instrumentalness_high|loudness_very_low|mode_1|speechiness_low,acousticness_very_high|energy_very_low,"instrumentalness_high|loudness_very_low|mode_1|speechiness_low  →  acousticness_very_high|energy_very_low (conf=0.71, lift=4.03)"
"frozenset({'duration_ms_very_low', 'speechiness_low', 'acousticness_very_high'})","frozenset({'energy_very_low', 'loudness_very_low'})",0.0280908971118484,0.1776973849710705,0.0201128427508714,0.7159914712153518,4.029274101765292,1.0,0.0151211637926046,2.8953447931574163,0.7735459377910143,0.1083225806451612,0.6546179914864353,0.4145886977217382,acousticness_very_high|duration_ms_very_low|speechiness_low,energy_very_low|loudness_very_low,"acousticness_very_high|duration_ms_very_low|speechiness_low  →  energy_very_low|loudness_very_low (conf=0.72, lift=4.03)"
"frozenset({'loudness_very_low', 'danceability_very_low'})","frozenset({'energy_very_low', 'acousticness_very_high'})",0.0957007151499179,0.1766671857592927,0.0679691898561314,0.7102265615220928,4.020138536025413,1.0,0.0510620138354437,2.8412984246086435,0.830756328072642,0.3325323800035163,0.6480482333925418,0.5474783472107345,danceability_very_low|loudness_very_low,acousticness_very_high|energy_very_low,"danceability_very_low|loudness_very_low  →  acousticness_very_high|energy_very_low (conf=0.71, lift=4.02)"
"frozenset({'loudness_very_low', 'duration_ms_very_low', 'mode_1', 'instrumentalness_high'})","frozenset({'energy_very_low', 'acousticness_very_high'})",0.0283184992632877,0.1766671857592927,0.020040968387259,0.7076988155668359,4.005830582092751,1.0,0.0150380188174874,2.816727601830727,0.77223234197874,0.1083619405401904,0.6449780946691288,0.4105689629773426,duration_ms_very_low|instrumentalness_high|loudness_very_low|mode_1,acousticness_very_high|energy_very_low,"duration_ms_very_low|instrumentalness_high|loudness_very_low|mode_1  →  acousticness_very_high|energy_very_low (conf=0.71, lift=4.01)"
"frozenset({'loudness_very_low', 'liveness_low', 'mode_1', 'instrumentalness_high'})","frozenset({'energy_very_low', 'acousticness_very_high'})",0.0306064998382826,0.1766671857592927,0.0215982462655278,0.7056751467710373,3.994375886716804,1.0,0.0161910820731562,2.797360824980063,0.7733165096216899,0.1163225806451613,0.6425201957966481,0.4139645058509377,instrumentalness_high|liveness_low|loudness_very_low|mode_1,acousticness_very_high|energy_very_low,"instrumentalness_high|liveness_low|loudness_very_low|mode_1  →  acousticness_very_high|energy_very_low (conf=0.71, lift=3.99)"
"frozenset({'loudness_very_low', 'liveness_low', 'valence_very_low', 'instrumentalness_high'})","frozenset({'energy_very_low', 'acousticness_very_high'})",0.029959630565771,0.1766671857592927,0.0210352304172306,0.7021191523390643,3.9742476754890665,1.0,0.0157423467987878,2.763966937471152,0.7714937170988988,0.1133415090686116,0.6382011714963081,0.4105930722367955,instrumentalness_high|liveness_low|loudness_very_low|valence_very_low,acousticness_very_high|energy_very_low,"instrumentalness_high|liveness_low|loudness_very_low|valence_very_low  →  acousticness_very_high|energy_very_low (conf=0.70, lift=3.97)"
"frozenset({'liveness_low', 'acousticness_very_high', 'tempo_very_low'})","frozenset({'energy_very_low', 'loudness_very_low'})",0.0346554223217815,0.1776973849710705,0.0244133255070137,0.7044590390597996,3.9643748228173794,1.0,0.018255147585365,2.7823642868756644,0.7745974183658187,0.1298999298871821,0.6405934317382622,0.4209230613931868,acousticness_very_high|liveness_low|tempo_very_low,energy_very_low|loudness_very_low,"acousticness_very_high|liveness_low|tempo_very_low  →  energy_very_low|loudness_very_low (conf=0.70, lift=3.96)"
"frozenset({'energy_very_low', 'speechiness_low', 'instrumentalness_high', 'acousticness_very_high', 'danceability_very_low'})",frozenset({'loudness_very_low'}),0.0238023934163082,0.2500029947651505,0.0235508331436648,0.9894313034725718,3.957677804628022,1.0,0.0176001635070095,70.96400235245989,0.7655484621773407,0.0941075104111818,0.985908348361846,0.5418167537966596,acousticness_very_high|danceability_very_low|energy_very_low|instrumentalness_high|speechiness_low,loudness_very_low,"acousticness_very_high|danceability_very_low|energy_very_low|instrumentalness_high|speechiness_low  →  loudness_very_low (conf=0.99, lift=3.96)"
"frozenset({'tempo_very_low', 'valence_very_low', 'instrumentalness_high'})","frozenset({'energy_very_low', 'loudness_very_low'})",0.0382611195630038,0.1776973849710705,0.0268810119910396,0.7025673137132123,3.953729053624461,1.0,0.0200821110986284,2.7646679498972646,0.7767952782295069,0.1421692853522554,0.6382929096287457,0.42692070687683,instrumentalness_high|tempo_very_low|valence_very_low,energy_very_low|loudness_very_low,"instrumentalness_high|tempo_very_low|valence_very_low  →  energy_very_low|loudness_very_low (conf=0.70, lift=3.95)"
"frozenset({'energy_very_low', 'acousticness_very_high', 'speechiness_low', 'instrumentalness_high', 'valence_very_low'})",frozenset({'loudness_very_low'}),0.0231914613256028,0.2500029947651505,0.022868026689347,0.9860537190082644,3.944167628610009,1.0,0.0170700919049661,53.77756304202425,0.7641836149694406,0.0913528257644637,0.9814048844270136,0.538762365014434,acousticness_very_high|energy_very_low|instrumentalness_high|speechiness_low|valence_very_low,loudness_very_low,"acousticness_very_high|energy_very_low|instrumentalness_high|speechiness_low|valence_very_low  →  loudness_very_low (conf=0.99, lift=3.94)"
"frozenset({'speechiness_low', 'instrumentalness_high', 'acousticness_very_high', 'danceability_very_low', 'valence_very_low'})",frozenset({'loudness_very_low'}),0.0203644030235148,0.2500029947651505,0.0200529474478611,0.9847058823529412,3.938776346571211,1.0,0.0149617857053779,49.0382657268941,0.7616240629175963,0.0801110260336906,0.9796077617106356,0.5324583556470025,acousticness_very_high|danceability_very_low|instrumentalness_high|speechiness_low|valence_very_low,loudness_very_low,"acousticness_very_high|danceability_very_low|instrumentalness_high|speechiness_low|valence_very_low  →  loudness_very_low (conf=0.98, lift=3.94)"
"frozenset({'energy_very_low', 'speechiness_low', 'instrumentalness_high', 'danceability_very_low', 'valence_very_low'})",frozenset({'loudness_very_low'}),0.0223169899016519,0.2500029947651505,0.0219695971441919,0.9844337090713904,3.937687666486372,1.0,0.0163902828346353,48.18084209491512,0.7630733501695414,0.0877553949949758,0.9792448625528374,0.536155522480113,danceability_very_low|energy_very_low|instrumentalness_high|speechiness_low|valence_very_low,loudness_very_low,"danceability_very_low|energy_very_low|instrumentalness_high|speechiness_low|valence_very_low  →  loudness_very_low (conf=0.98, lift=3.94)"
"frozenset({'energy_very_low', 'acousticness_very_high', 'instrumentalness_high', 'danceability_very_low', 'valence_very_low'})",frozenset({'loudness_very_low'}),0.0346314642005773,0.2500029947651505,0.0340684483522802,0.9837426496022138,3.9349234617222426,1.0,0.0254104785890337,46.1327945134884,0.7726224992437791,0.1359659607018215,0.9783234462480348,0.5600074052994298,acousticness_very_high|danceability_very_low|energy_very_low|instrumentalness_high|valence_very_low,loudness_very_low,"acousticness_very_high|danceability_very_low|energy_very_low|instrumentalness_high|valence_very_low  →  loudness_very_low (conf=0.98, lift=3.93)"
"frozenset({'energy_very_low', 'danceability_very_low', 'speechiness_low', 'instrumentalness_high'})",frozenset({'loudness_very_low'}),0.0265575773547838,0.2500029947651505,0.0260903939913032,0.9824086603518268,3.929587568639681,1.0,0.0194509201189,42.63444514373501,0.7658597470630826,0.1041656702855229,0.9765447868119624,0.543384493089186,danceability_very_low|energy_very_low|instrumentalness_high|speechiness_low,loudness_very_low,"danceability_very_low|energy_very_low|instrumentalness_high|speechiness_low  →  loudness_very_low (conf=0.98, lift=3.93)"
"frozenset({'speechiness_low', 'acousticness_very_high', 'danceability_very_low', 'loudness_very_low', 'valence_very_low'})",frozenset({'energy_very_low'}),0.0271924675666934,0.2505061153104373,0.0267133051426107,0.9823788546255507,3.921576339196937,1.0,0.0199014257267732,42.53377795613289,0.7658251777633828,0.1064337533409698,0.976489273982872,0.5445080960197379,acousticness_very_high|danceability_very_low|loudness_very_low|speechiness_low|valence_very_low,energy_very_low,"acousticness_very_high|danceability_very_low|loudness_very_low|speechiness_low|valence_very_low  →  energy_very_low (conf=0.98, lift=3.92)"
"frozenset({'energy_very_low', 'acousticness_very_high', 'instrumentalness_high', 'danceability_very_low', 'mode_1', 'valence_very_low'})",frozenset({'loudness_very_low'}),0.0226164664167036,0.2500029947651505,0.0221732411744271,0.9804025423728814,3.921563192848384,1.0,0.0165190568392457,38.27011745630804,0.7622387947166951,0.0885349404505667,0.9738699521593664,0.5345472223124589,acousticness_very_high|danceability_very_low|energy_very_low|instrumentalness_high|mode_1|valence_very_low,loudness_very_low,"acousticness_very_high|danceability_very_low|energy_very_low|instrumentalness_high|mode_1|valence_very_low  →  loudness_very_low (conf=0.98, lift=3.92)"
"frozenset({'acousticness_very_low', 'speechiness_very_high', 'loudness_very_high', 'danceability_very_low'})",frozenset({'energy_very_high'}),0.0228081313863366,0.2486014446747086,0.0222331364774374,0.9747899159663866,3.921095137809377,1.0,0.0165630020644635,29.80547602790333,0.7623571496507339,0.089226479496178,0.9664491183075278,0.5321113845239345,acousticness_very_low|danceability_very_low|loudness_very_high|speechiness_very_high,energy_very_high,"acousticness_very_low|danceability_very_low|loudness_very_high|speechiness_very_high  →  energy_very_high (conf=0.97, lift=3.92)"
"frozenset({'energy_very_low', 'acousticness_very_high', 'instrumentalness_high', 'danceability_very_low', 'mode_1'})",frozenset({'loudness_very_low'}),0.0286299548389415,0.2500029947651505,0.0280429808694402,0.9794979079497907,3.917944698502184,1.0,0.0208854064197138,36.58148658186318,0.7667151563586725,0.1119078349825517,0.9726637681122616,0.5458342438646894,acousticness_very_high|danceability_very_low|energy_very_low|instrumentalness_high|mode_1,loudness_very_low,"acousticness_very_high|danceability_very_low|energy_very_low|instrumentalness_high|mode_1  →  loudness_very_low (conf=0.98, lift=3.92)"
"frozenset({'speechiness_low', 'acousticness_very_high', 'mode_1', 'loudness_very_low', 'valence_very_low'})",frozenset({'energy_very_low'}),0.0212149163262616,0.2505061153104373,0.0208196073263934,0.9813664596273292,3.9175349408583497,1.0,0.0155051410508656,40.22283847833979,0.7608794329669158,0.0829792313201241,0.9751385024570428,0.5322383178014228,acousticness_very_high|loudness_very_low|mode_1|speechiness_low|valence_very_low,energy_very_low,"acousticness_very_high|loudness_very_low|mode_1|speechiness_low|valence_very_low  →  energy_very_low (conf=0.98, lift=3.92)"
"frozenset({'energy_very_low', 'acousticness_very_high', 'instrumentalness_high', 'tempo_very_low', 'danceability_very_low'})",frozenset({'loudness_very_low'}),0.023574791264869,0.2500029947651505,0.0230836497801842,0.9791666666666666,3.916619749241335,1.0,0.0171898813630036,35.99985625127271,0.7626572787330361,0.0921524556453541,0.9722221113045516,0.5357500798594473,acousticness_very_high|danceability_very_low|energy_very_low|instrumentalness_high|tempo_very_low,loudness_very_low,"acousticness_very_high|danceability_very_low|energy_very_low|instrumentalness_high|tempo_very_low  →  loudness_very_low (conf=0.98, lift=3.92)"
"frozenset({'energy_very_low', 'danceability_very_low', 'acousticness_very_high', 'instrumentalness_high'})",frozenset({'loudness_very_low'}),0.0427892044705854,0.2500029947651505,0.0418668168042262,0.9784434490481524,3.913726913420733,1.0,0.0311693875429614,34.7920688662194,0.7777691960323047,0.1668496682102448,0.9712578172960872,0.5729543550942726,acousticness_very_high|danceability_very_low|energy_very_low|instrumentalness_high,loudness_very_low,"acousticness_very_high|danceability_very_low|energy_very_low|instrumentalness_high  →  loudness_very_low (conf=0.98, lift=3.91)"
"frozenset({'energy_very_low', 'acousticness_very_high', 'speechiness_low', 'instrumentalness_high', 'mode_1'})",frozenset({'loudness_very_low'}),0.021095125720241,0.2500029947651505,0.0206159632961583,0.9772856331629756,3.909095705357548,1.0,0.0153421186911507,33.018618155464225,0.7602233679040683,0.0823051171688187,0.9697140566182504,0.5298742492599736,acousticness_very_high|energy_very_low|instrumentalness_high|mode_1|speechiness_low,loudness_very_low,"acousticness_very_high|energy_very_low|instrumentalness_high|mode_1|speechiness_low  →  loudness_very_low (conf=0.98, lift=3.91)"
"frozenset({'loudness_very_low', 'valence_very_low', 'speechiness_low', 'acousticness_very_high'})",frozenset({'energy_very_low'}),0.032798667928461,0.2505061153104373,0.0320439871105307,0.976990504017531,3.900066482635781,1.0,0.0238277202204149,32.57324216317484,0.7688100603672502,0.1275327771156138,0.9692999550063046,0.5524537447402116,acousticness_very_high|loudness_very_low|speechiness_low|valence_very_low,energy_very_low,"acousticness_very_high|loudness_very_low|speechiness_low|valence_very_low  →  energy_very_low (conf=0.98, lift=3.90)"
"frozenset({'danceability_very_low', 'instrumentalness_high', 'speechiness_low', 'acousticness_very_high'})",frozenset({'loudness_very_low'}),0.0248325926280861,0.2500029947651505,0.0242096814767785,0.9749155812831646,3.899615611400925,1.0,0.018001458951974,29.898919074074,0.7624993035865714,0.0965968836631297,0.9665539748268986,0.5358765735836043,acousticness_very_high|danceability_very_low|instrumentalness_high|speechiness_low,loudness_very_low,"acousticness_very_high|danceability_very_low|instrumentalness_high|speechiness_low  →  loudness_very_low (conf=0.97, lift=3.90)"
"frozenset({'energy_very_low', 'liveness_low', 'danceability_very_low', 'instrumentalness_high'})",frozenset({'loudness_very_low'}),0.0225086548712849,0.2500029947651505,0.0219336599623857,0.974454497072911,3.897771296653068,1.0,0.0163064288364293,29.35925776742239,0.7605623668090938,0.0875322688593555,0.9659391934250592,0.5310940429782379,danceability_very_low|energy_very_low|instrumentalness_high|liveness_low,loudness_very_low,"danceability_very_low|energy_very_low|instrumentalness_high|liveness_low  →  loudness_very_low (conf=0.97, lift=3.90)"
"frozenset({'acousticness_very_high', 'instrumentalness_high', 'tempo_very_low', 'danceability_very_low', 'valence_very_low'})",frozenset({'loudness_very_low'}),0.021095125720241,0.2500029947651505,0.0205440889325459,0.973878478137422,3.895467248511444,1.0,0.0152702443275383,28.711841874316715,0.7593091066147485,0.0819946452476572,0.965171165110988,0.5280269247419261,acousticness_very_high|danceability_very_low|instrumentalness_high|tempo_very_low|valence_very_low,loudness_very_low,"acousticness_very_high|danceability_very_low|instrumentalness_high|tempo_very_low|valence_very_low  →  loudness_very_low (conf=0.97, lift=3.90)"
"frozenset({'energy_very_low', 'acousticness_very_high', 'instrumentalness_high', 'tempo_very_low', 'valence_very_low'})",frozenset({'loudness_very_low'}),0.0238383305981144,0.2500029947651505,0.0231794822650007,0.9723618090452262,3.8894006448148746,1.0,0.0172198282252704,27.13625528031551,0.7610327266948064,0.0924731182795698,0.9631489315799076,0.5325393137224215,acousticness_very_high|energy_very_low|instrumentalness_high|tempo_very_low|valence_very_low,loudness_very_low,"acousticness_very_high|energy_very_low|instrumentalness_high|tempo_very_low|valence_very_low  →  loudness_very_low (conf=0.97, lift=3.89)"
"frozenset({'danceability_very_low', 'valence_very_low', 'acousticness_very_high', 'instrumentalness_high'})",frozenset({'loudness_very_low'}),0.0370152972603888,0.2500029947651505,0.035985098048611,0.972168284789644,3.8886265570653897,1.0,0.0267311628813915,26.94756681599633,0.7713931421247143,0.1433479671693071,0.9628908982087988,0.558053476367031,acousticness_very_high|danceability_very_low|instrumentalness_high|valence_very_low,loudness_very_low,"acousticness_very_high|danceability_very_low|instrumentalness_high|valence_very_low  →  loudness_very_low (conf=0.97, lift=3.89)"
"frozenset({'acousticness_very_high', 'mode_1', 'loudness_very_low', 'liveness_low', 'valence_very_low'})",frozenset({'energy_very_low'}),0.0216102253261299,0.2505061153104373,0.0210472094778327,0.9739467849223948,3.887916204023364,1.0,0.0156337158804007,28.76780782936114,0.7591992779243775,0.083830335416766,0.96523892241176,0.5289827650702257,acousticness_very_high|liveness_low|loudness_very_low|mode_1|valence_very_low,energy_very_low,"acousticness_very_high|liveness_low|loudness_very_low|mode_1|valence_very_low  →  energy_very_low (conf=0.97, lift=3.89)"
"frozenset({'energy_very_low', 'instrumentalness_high', 'tempo_very_low', 'danceability_very_low', 'valence_very_low'})",frozenset({'loudness_very_low'}),0.0230596916589801,0.2500029947651505,0.0224128223864684,0.971948051948052,3.8877456362516254,1.0,0.0166478304133624,26.736004353279306,0.7603141354915665,0.089418849168419,0.9625972532474792,0.5307991337842799,danceability_very_low|energy_very_low|instrumentalness_high|tempo_very_low|valence_very_low,loudness_very_low,"danceability_very_low|energy_very_low|instrumentalness_high|tempo_very_low|valence_very_low  →  loudness_very_low (conf=0.97, lift=3.89)"
"frozenset({'valence_very_low', 'speechiness_low', 'acousticness_very_high', 'instrumentalness_high'})",frozenset({'loudness_very_low'}),0.0242336395979827,0.2500029947651505,0.0235508331436648,0.971824023727138,3.8872495293108646,1.0,0.0174923506701098,26.61831476473863,0.7611952295285818,0.0939456204902757,0.9624318816259284,0.5330131139239427,acousticness_very_high|instrumentalness_high|speechiness_low|valence_very_low,loudness_very_low,"acousticness_very_high|instrumentalness_high|speechiness_low|valence_very_low  →  loudness_very_low (conf=0.97, lift=3.89)"
"frozenset({'acousticness_very_high', 'danceability_very_low', 'loudness_very_low', 'liveness_low', 'valence_very_low'})",frozenset({'energy_very_low'}),0.0222331364774374,0.2505061153104373,0.0216461625079361,0.9735991379310344,3.88652842556163,1.0,0.0160766258578064,28.388992856812692,0.7595890146771338,0.0862077190973712,0.9647750800796716,0.5300044274199931,acousticness_very_high|danceability_very_low|liveness_low|loudness_very_low|valence_very_low,energy_very_low,"acousticness_very_high|danceability_very_low|liveness_low|loudness_very_low|valence_very_low  →  energy_very_low (conf=0.97, lift=3.89)"
"frozenset({'energy_very_low', 'instrumentalness_high', 'danceability_very_low', 'mode_1', 'valence_very_low'})",frozenset({'loudness_very_low'}),0.0262940380215383,0.2500029947651505,0.025539357203608,0.9712984054669704,3.885147081455545,1.0,0.0189657689537547,26.130848039531703,0.7626629763958264,0.1018487555534323,0.9617310544806214,0.5367273052730156,danceability_very_low|energy_very_low|instrumentalness_high|mode_1|valence_very_low,loudness_very_low,"danceability_very_low|energy_very_low|instrumentalness_high|mode_1|valence_very_low  →  loudness_very_low (conf=0.97, lift=3.89)"
"frozenset({'energy_very_low', 'acousticness_very_high', 'instrumentalness_high', 'liveness_low', 'valence_very_low'})",frozenset({'loudness_very_low'}),0.0216581415685381,0.2500029947651505,0.0210352304172306,0.9712389380530972,3.884909214649473,1.0,0.0156206301640485,26.07681895124237,0.7590329710272358,0.0839307905553962,0.9616517642788498,0.527689425902447,acousticness_very_high|energy_very_low|instrumentalness_high|liveness_low|valence_very_low,loudness_very_low,"acousticness_very_high|energy_very_low|instrumentalness_high|liveness_low|valence_very_low  →  loudness_very_low (conf=0.97, lift=3.88)"
"frozenset({'energy_very_low', 'valence_very_low', 'acousticness_very_high', 'instrumentalness_high'})",frozenset({'loudness_very_low'}),0.045376681560632,0.2500029947651505,0.0440589848944045,0.970960929250264,3.8837971927591175,1.0,0.0327146786117419,25.82716959845101,0.7778146748695576,0.1753098188751191,0.96128108439494,0.5735973788560855,acousticness_very_high|energy_very_low|instrumentalness_high|valence_very_low,loudness_very_low,"acousticness_very_high|energy_very_low|instrumentalness_high|valence_very_low  →  loudness_very_low (conf=0.97, lift=3.88)"
"frozenset({'speechiness_low', 'instrumentalness_high', 'acousticness_very_high', 'danceability_very_low', 'loudness_very_low'})",frozenset({'energy_very_low'}),0.0242096814767785,0.2505061153104373,0.0235508331436648,0.9727857496288966,3.8832814457378855,1.0,0.017486159884014,27.540493471956527,0.7609071492996395,0.0937663948108933,0.9636898299945764,0.5333993782574475,acousticness_very_high|danceability_very_low|instrumentalness_high|loudness_very_low|speechiness_low,energy_very_low,"acousticness_very_high|danceability_very_low|instrumentalness_high|loudness_very_low|speechiness_low  →  energy_very_low (conf=0.97, lift=3.88)"
"frozenset({'energy_very_low', 'valence_very_low', 'speechiness_low', 'instrumentalness_high'})",frozenset({'loudness_very_low'}),0.0272643419303058,0.2500029947651505,0.0264617448699673,0.9705623901581724,3.8822030554870177,1.0,0.0196455777370897,25.47751020767938,0.7632230726556245,0.1055069971820222,0.9607496968169762,0.5382040508529242,energy_very_low|instrumentalness_high|speechiness_low|valence_very_low,loudness_very_low,"energy_very_low|instrumentalness_high|speechiness_low|valence_very_low  →  loudness_very_low (conf=0.97, lift=3.88)"
"frozenset({'speechiness_low', 'acousticness_very_high', 'danceability_very_low', 'loudness_very_low', 'mode_1'})",frozenset({'energy_very_low'}),0.0239221840223289,0.2505061153104373,0.0232513566286131,0.971957936905358,3.879976884799272,1.0,0.0172587032394381,26.72748728080458,0.7604583298921229,0.0925696299122472,0.9625853343603236,0.5323877289729545,acousticness_very_high|danceability_very_low|loudness_very_low|mode_1|speechiness_low,energy_very_low,"acousticness_very_high|danceability_very_low|loudness_very_low|mode_1|speechiness_low  →  energy_very_low (conf=0.97, lift=3.88)"
"frozenset({'loudness_very_low', 'danceability_very_low', 'speechiness_low', 'acousticness_very_high'})",frozenset({'energy_very_low'}),0.0354819775033241,0.2505061153104373,0.0344637573521484,0.9713031735313976,3.877363122763368,1.0,0.0255753050042583,26.117657487652775,0.7693923267667543,0.1370195742248892,0.9617117270002964,0.5544398423127532,acousticness_very_high|danceability_very_low|loudness_very_low|speechiness_low,energy_very_low,"acousticness_very_high|danceability_very_low|loudness_very_low|speechiness_low  →  energy_very_low (conf=0.97, lift=3.88)"
"frozenset({'acousticness_very_high', 'speechiness_low', 'instrumentalness_high', 'loudness_very_low', 'valence_very_low'})",frozenset({'energy_very_low'}),0.0235508331436648,0.2505061153104373,0.022868026689347,0.9710071210579856,3.87618130541314,1.0,0.0169683989662032,25.85096451402933,0.7599106608164139,0.0910391530354332,0.961316723812866,0.5311472101081818,acousticness_very_high|instrumentalness_high|loudness_very_low|speechiness_low|valence_very_low,energy_very_low,"acousticness_very_high|instrumentalness_high|loudness_very_low|speechiness_low|valence_very_low  →  energy_very_low (conf=0.97, lift=3.88)"
"frozenset({'energy_very_low', 'danceability_very_low', 'valence_very_low', 'instrumentalness_high'})",frozenset({'loudness_very_low'}),0.0409803663196732,0.2500029947651505,0.039710585895854,0.9690149079216605,3.876013200689616,1.0,0.0294653715893628,24.205092027438017,0.7737098559803569,0.1580377574370709,0.9586863789294238,0.5639276743729049,danceability_very_low|energy_very_low|instrumentalness_high|valence_very_low,loudness_very_low,"danceability_very_low|energy_very_low|instrumentalness_high|valence_very_low  →  loudness_very_low (conf=0.97, lift=3.88)"
"frozenset({'acousticness_very_high', 'instrumentalness_high', 'danceability_very_low', 'mode_1', 'valence_very_low'})",frozenset({'loudness_very_low'}),0.0238143724769103,0.2500029947651505,0.0230716707195821,0.9688128772635816,3.875205087737734,1.0,0.0171180062819018,24.04829107107869,0.7600492370689458,0.0920122300783489,0.9584170036430308,0.5305492273236929,acousticness_very_high|danceability_very_low|instrumentalness_high|mode_1|valence_very_low,loudness_very_low,"acousticness_very_high|danceability_very_low|instrumentalness_high|mode_1|valence_very_low  →  loudness_very_low (conf=0.97, lift=3.88)"
"frozenset({'energy_very_low', 'danceability_very_low', 'mode_1', 'instrumentalness_high'})",frozenset({'loudness_very_low'}),0.0327507516860527,0.2500029947651505,0.0317205524742749,0.9685442574981712,3.874130621547189,1.0,0.0235327664719519,23.842928050140458,0.7669973111052867,0.1263599923649551,0.9580588425256724,0.5477124737418982,danceability_very_low|energy_very_low|instrumentalness_high|mode_1,loudness_very_low,"danceability_very_low|energy_very_low|instrumentalness_high|mode_1  →  loudness_very_low (conf=0.97, lift=3.87)"
"frozenset({'liveness_low', 'danceability_very_low', 'acousticness_very_high', 'instrumentalness_high'})",frozenset({'loudness_very_low'}),0.0209753351142203,0.2500029947651505,0.0203045077205045,0.9680182752712736,3.872026717842388,1.0,0.0150606111257468,23.450799217253984,0.7576288380422403,0.0809997132753512,0.9573575300894543,0.5246176666246162,acousticness_very_high|danceability_very_low|instrumentalness_high|liveness_low,loudness_very_low,"acousticness_very_high|danceability_very_low|instrumentalness_high|liveness_low  →  loudness_very_low (conf=0.97, lift=3.87)"
"frozenset({'energy_very_low', 'acousticness_very_high', 'instrumentalness_high', 'mode_1', 'valence_very_low'})",frozenset({'loudness_very_low'}),0.0291929706872387,0.2500029947651505,0.0282466248996753,0.9675830939679936,3.870286013481271,1.0,0.0209482948017744,23.13598356654848,0.7639223247816361,0.1125590720320779,0.9567772860348212,0.5402841200553911,acousticness_very_high|energy_very_low|instrumentalness_high|mode_1|valence_very_low,loudness_very_low,"acousticness_very_high|energy_very_low|instrumentalness_high|mode_1|valence_very_low  →  loudness_very_low (conf=0.97, lift=3.87)"
"frozenset({'energy_very_low', 'speechiness_low', 'acousticness_very_high', 'instrumentalness_high'})",frozenset({'loudness_very_low'}),0.0322476311407659,0.2500029947651505,0.0311814947471819,0.9669390787518574,3.867709983475146,1.0,0.0231194903879085,22.68530267519343,0.7661557824821483,0.1241948566248389,0.9559185956512052,0.5458317818292109,acousticness_very_high|energy_very_low|instrumentalness_high|speechiness_low,loudness_very_low,"acousticness_very_high|energy_very_low|instrumentalness_high|speechiness_low  →  loudness_very_low (conf=0.97, lift=3.87)"
"frozenset({'energy_very_low', 'tempo_very_low', 'danceability_very_low', 'instrumentalness_high'})",frozenset({'loudness_very_low'}),0.0269289282334479,0.2500029947651505,0.0260304986882928,0.9666370106761566,3.866501725646137,1.0,0.019298185984115,22.47991023690589,0.7618850250105993,0.1037479111959894,0.9555158366087124,0.535378879080292,danceability_very_low|energy_very_low|instrumentalness_high|tempo_very_low,loudness_very_low,"danceability_very_low|energy_very_low|instrumentalness_high|tempo_very_low  →  loudness_very_low (conf=0.97, lift=3.87)"
"frozenset({'loudness_very_low', 'valence_very_low', 'acousticness_very_high', 'liveness_low'})",frozenset({'energy_very_low'}),0.0317564896560811,0.2505061153104373,0.0307262904443033,0.967559411542814,3.862418329962824,1.0,0.0227710955846623,23.103584747814363,0.765401307963552,0.1221544909038955,0.9567166735848384,0.5451081296428684,acousticness_very_high|liveness_low|loudness_very_low|valence_very_low,energy_very_low,"acousticness_very_high|liveness_low|loudness_very_low|valence_very_low  →  energy_very_low (conf=0.97, lift=3.86)"
"frozenset({'energy_very_low', 'danceability_very_low', 'instrumentalness_high'})",frozenset({'loudness_very_low'}),0.0498808083470094,0.2500029947651505,0.0480599911354951,0.9634966378482228,3.8539403848074647,1.0,0.0355896396674362,20.54597059077572,0.7794025350035753,0.1908476833793168,0.9513286561186378,0.5778671497818019,danceability_very_low|energy_very_low|instrumentalness_high,loudness_very_low,"danceability_very_low|energy_very_low|instrumentalness_high  →  loudness_very_low (conf=0.96, lift=3.85)"
"frozenset({'energy_very_low', 'acousticness_very_high', 'instrumentalness_high', 'liveness_low', 'mode_1'})",frozenset({'loudness_very_low'}),0.0224367805076725,0.2500029947651505,0.0215982462655278,0.9626268019220502,3.850461082781544,1.0,0.0159889839457213,20.067777011498187,0.7572818092217481,0.0861031518624641,0.9501688702526926,0.5245093760448775,acousticness_very_high|energy_very_low|instrumentalness_high|liveness_low|mode_1,loudness_very_low,"acousticness_very_high|energy_very_low|instrumentalness_high|liveness_low|mode_1  →  loudness_very_low (conf=0.96, lift=3.85)"
"frozenset({'tempo_very_low', 'danceability_very_low', 'acousticness_very_high', 'instrumentalness_high'})",frozenset({'loudness_very_low'}),0.0250841529007295,0.2500029947651505,0.0241378071131661,0.9622731614135626,3.849046537692515,1.0,0.0178666937668368,19.87966745521234,0.7592402987302183,0.0961859754642226,0.94969734769191,0.5294116166435326,acousticness_very_high|danceability_very_low|instrumentalness_high|tempo_very_low,loudness_very_low,"acousticness_very_high|danceability_very_low|instrumentalness_high|tempo_very_low  →  loudness_very_low (conf=0.96, lift=3.85)"
"frozenset({'loudness_very_low', 'liveness_low', 'acousticness_very_high', 'danceability_very_low'})",frozenset({'energy_very_low'}),0.0295643215659028,0.2505061153104373,0.0284981851723187,0.963938411669368,3.8479635935227217,1.0,0.0210921418250558,20.78371806082966,0.7626701056362805,0.1132803199847626,0.9518854135206604,0.5388504223610803,acousticness_very_high|danceability_very_low|liveness_low|loudness_very_low,energy_very_low,"acousticness_very_high|danceability_very_low|liveness_low|loudness_very_low  →  energy_very_low (conf=0.96, lift=3.85)"
"frozenset({'danceability_very_low', 'valence_very_low', 'speechiness_low', 'acousticness_very_high'})",frozenset({'energy_very_low'}),0.029073180081218,0.2505061153104373,0.028019022748236,0.9637412443345694,3.847176517588252,1.0,0.0207360133463693,20.67070066069964,0.7622295512176487,0.1113809523809523,0.9516223462177428,0.537795450017323,acousticness_very_high|danceability_very_low|speechiness_low|valence_very_low,energy_very_low,"acousticness_very_high|danceability_very_low|speechiness_low|valence_very_low  →  energy_very_low (conf=0.96, lift=3.85)"
"frozenset({'energy_very_low', 'mode_1', 'speechiness_low', 'instrumentalness_high'})",frozenset({'loudness_very_low'}),0.0244492626888199,0.2500029947651505,0.0235148959618586,0.961783439490446,3.847087673465402,1.0,0.0174025070698538,19.624921636978566,0.7586105807709079,0.093708229902616,0.9490443825204512,0.5279209483029613,energy_very_low|instrumentalness_high|mode_1|speechiness_low,loudness_very_low,"energy_very_low|instrumentalness_high|mode_1|speechiness_low  →  loudness_very_low (conf=0.96, lift=3.85)"
"frozenset({'acousticness_very_high', 'instrumentalness_high', 'danceability_very_low', 'loudness_very_low', 'mode_1', 'valence_very_low'})",frozenset({'energy_very_low'}),0.0230716707195821,0.2505061153104373,0.0221732411744271,0.9610591900311526,3.83646997535437,1.0,0.016393646568743,19.24700295882794,0.7568044612723733,0.0881974555677324,0.948043858976946,0.5247864810140461,acousticness_very_high|danceability_very_low|instrumentalness_high|loudness_very_low|mode_1|valence_very_low,energy_very_low,"acousticness_very_high|danceability_very_low|instrumentalness_high|loudness_very_low|mode_1|valence_very_low  →  energy_very_low (conf=0.96, lift=3.84)"
"frozenset({'danceability_very_low', 'mode_1', 'acousticness_very_high', 'instrumentalness_high'})",frozenset({'loudness_very_low'}),0.0306544160806909,0.2500029947651505,0.0293846356568717,0.9585775693630324,3.8342643465671578,1.0,0.021720939833922,18.1060597773206,0.7625699129799398,0.1169431731502669,0.9447698719490264,0.5380573520030304,acousticness_very_high|danceability_very_low|instrumentalness_high|mode_1,loudness_very_low,"acousticness_very_high|danceability_very_low|instrumentalness_high|mode_1  →  loudness_very_low (conf=0.96, lift=3.83)"
"frozenset({'loudness_very_low', 'liveness_low', 'speechiness_low', 'acousticness_very_high'})",frozenset({'energy_very_low'}),0.0240659327495537,0.2505061153104373,0.0231076079013883,0.960179193628671,3.832957101421568,1.0,0.0170789445769754,18.82166517926665,0.7573306982384279,0.0918921493902439,0.946869738119581,0.5262114407317036,acousticness_very_high|liveness_low|loudness_very_low|speechiness_low,energy_very_low,"acousticness_very_high|liveness_low|loudness_very_low|speechiness_low  →  energy_very_low (conf=0.96, lift=3.83)"
"frozenset({'loudness_very_low', 'liveness_low', 'acousticness_very_high', 'tempo_very_low'})",frozenset({'energy_very_low'}),0.0254435247187915,0.2505061153104373,0.0244133255070137,0.9595103578154426,3.830287163354788,1.0,0.0180395669699041,18.510755942798045,0.7582146215935694,0.0970568625583388,0.94597735483682,0.528483181968165,acousticness_very_high|liveness_low|loudness_very_low|tempo_very_low,energy_very_low,"acousticness_very_high|liveness_low|loudness_very_low|tempo_very_low  →  energy_very_low (conf=0.96, lift=3.83)"
"frozenset({'acousticness_very_high', 'speechiness_low', 'instrumentalness_high', 'loudness_very_low', 'mode_1'})",frozenset({'energy_very_low'}),0.0214904347201092,0.2505061153104373,0.0206159632961583,0.959308807134894,3.8294825894612576,1.0,0.0152324779780912,18.419068892233906,0.7550954462653032,0.0820109602096735,0.9457084391262778,0.5208030263677531,acousticness_very_high|instrumentalness_high|loudness_very_low|mode_1|speechiness_low,energy_very_low,"acousticness_very_high|instrumentalness_high|loudness_very_low|mode_1|speechiness_low  →  energy_very_low (conf=0.96, lift=3.83)"
"frozenset({'energy_very_low', 'acousticness_very_high', 'instrumentalness_high', 'tempo_very_low', 'mode_1'})",frozenset({'loudness_very_low'}),0.021801890295763,0.2500029947651505,0.0208675235688017,0.9571428571428572,3.828525566431652,1.0,0.0154169857033197,17.499930122146505,0.7552691361400421,0.0831582967347718,0.942856914683649,0.520305975768362,acousticness_very_high|energy_very_low|instrumentalness_high|mode_1|tempo_very_low,loudness_very_low,"acousticness_very_high|energy_very_low|instrumentalness_high|mode_1|tempo_very_low  →  loudness_very_low (conf=0.96, lift=3.83)"
"frozenset({'danceability_very_low', 'acousticness_very_high', 'instrumentalness_high'})",frozenset({'loudness_very_low'}),0.0464667760754201,0.2500029947651505,0.0444542938942728,0.9566898685228152,3.826713633656736,1.0,0.0328374607183361,17.316895138726107,0.7746758550228913,0.1763950945907405,0.9422529274451932,0.5672524570213501,acousticness_very_high|danceability_very_low|instrumentalness_high,loudness_very_low,"acousticness_very_high|danceability_very_low|instrumentalness_high  →  loudness_very_low (conf=0.96, lift=3.83)"
"frozenset({'acousticness_very_high', 'mode_1', 'danceability_very_low', 'loudness_very_low', 'valence_very_low'})",frozenset({'energy_very_low'}),0.0338288671402388,0.2505061153104373,0.0324273170497969,0.9585694050991502,3.8265309567842367,1.0,0.0239529789571428,18.0903481227635,0.7645298695797755,0.1287269960530695,0.9447219040112512,0.5440083062221076,acousticness_very_high|danceability_very_low|loudness_very_low|mode_1|valence_very_low,energy_very_low,"acousticness_very_high|danceability_very_low|loudness_very_low|mode_1|valence_very_low  →  energy_very_low (conf=0.96, lift=3.83)"
"frozenset({'danceability_very_low', 'instrumentalness_high', 'speechiness_low', 'acousticness_very_high'})",frozenset({'energy_very_low'}),0.0248325926280861,0.2505061153104373,0.0238023934163082,0.9585142305836952,3.826310704614397,1.0,0.0175816771039598,18.06628863908678,0.7574613769938474,0.0946280598152204,0.9446482883132687,0.5267657227899347,acousticness_very_high|danceability_very_low|instrumentalness_high|speechiness_low,energy_very_low,"acousticness_very_high|danceability_very_low|instrumentalness_high|speechiness_low  →  energy_very_low (conf=0.96, lift=3.83)"
"frozenset({'tempo_very_low', 'valence_very_low', 'acousticness_very_high', 'instrumentalness_high'})",frozenset({'loudness_very_low'}),0.0254195665975874,0.2500029947651505,0.0243055139615951,0.9561734213006596,3.824647869514028,1.0,0.017950546186566,17.11283489363813,0.7578009940829152,0.0967895816438486,0.9415643283993956,0.5266971562660462,acousticness_very_high|instrumentalness_high|tempo_very_low|valence_very_low,loudness_very_low,"acousticness_very_high|instrumentalness_high|tempo_very_low|valence_very_low  →  loudness_very_low (conf=0.96, lift=3.82)"
"frozenset({'acousticness_very_high', 'instrumentalness_high', 'loudness_very_low', 'liveness_low', 'valence_very_low'})",frozenset({'energy_very_low'}),0.0219695971441919,0.2505061153104373,0.0210352304172306,0.9574700109051252,3.822142264745072,1.0,0.0155317119817038,17.62271518616223,0.7549526249188979,0.0836588851834206,0.9432550552263804,0.520720468344682,acousticness_very_high|instrumentalness_high|liveness_low|loudness_very_low|valence_very_low,energy_very_low,"acousticness_very_high|instrumentalness_high|liveness_low|loudness_very_low|valence_very_low  →  energy_very_low (conf=0.96, lift=3.82)"
"frozenset({'danceability_very_low', 'loudness_very_high', 'speechiness_very_high'})",frozenset({'energy_very_high'}),0.0285700595359311,0.2486014446747086,0.0271445513242851,0.950104821802935,3.821799278142303,1.0,0.0200419932492102,15.05954247437663,0.7600580431966208,0.1085665005749329,0.9335969202449896,0.5296469273569198,danceability_very_low|loudness_very_high|speechiness_very_high,energy_very_high,"danceability_very_low|loudness_very_high|speechiness_very_high  →  energy_very_high (conf=0.95, lift=3.82)"
"frozenset({'liveness_low', 'valence_very_low', 'acousticness_very_high', 'instrumentalness_high'})",frozenset({'loudness_very_low'}),0.0229997963559697,0.2500029947651505,0.0219695971441919,0.9552083333333334,3.820787563887558,1.0,0.0162195791762109,16.74411918663854,0.7556537370575427,0.0875167016606222,0.940277539304786,0.5215428346110845,acousticness_very_high|instrumentalness_high|liveness_low|valence_very_low,loudness_very_low,"acousticness_very_high|instrumentalness_high|liveness_low|valence_very_low  →  loudness_very_low (conf=0.96, lift=3.82)"
"frozenset({'valence_very_low', 'speechiness_low', 'acousticness_very_high', 'instrumentalness_high'})",frozenset({'energy_very_low'}),0.0242336395979827,0.2505061153104373,0.0231914613256028,0.9569945625308948,3.820244313576729,1.0,0.017120786410079,17.427886537091762,0.7565711083081308,0.0921948664222105,0.942620695982172,0.524786493201178,acousticness_very_high|instrumentalness_high|speechiness_low|valence_very_low,energy_very_low,"acousticness_very_high|instrumentalness_high|speechiness_low|valence_very_low  →  energy_very_low (conf=0.96, lift=3.82)"
"frozenset({'liveness_low', 'valence_very_low', 'acousticness_very_high', 'danceability_very_low'})",frozenset({'energy_very_low'}),0.0250362366583212,0.2505061153104373,0.0239461421435331,0.9564593301435408,3.818107709499456,1.0,0.0176744117562642,17.213650758254794,0.7570436792933566,0.0951768794934056,0.941906570892845,0.526025189172765,acousticness_very_high|danceability_very_low|liveness_low|valence_very_low,energy_very_low,"acousticness_very_high|danceability_very_low|liveness_low|valence_very_low  →  energy_very_low (conf=0.96, lift=3.82)"
"frozenset({'acousticness_very_high', 'instrumentalness_high', 'danceability_very_low', 'tempo_very_low', 'loudness_very_low'})",frozenset({'energy_very_low'}),0.0241378071131661,0.2505061153104373,0.0230836497801842,0.9563275434243176,3.817581627654868,1.0,0.0170369814881523,17.161706564198496,0.7563097202359255,0.0917619047619047,0.941730736610651,0.5242377961957089,acousticness_very_high|danceability_very_low|instrumentalness_high|loudness_very_low|tempo_very_low,energy_very_low,"acousticness_very_high|danceability_very_low|instrumentalness_high|loudness_very_low|tempo_very_low  →  energy_very_low (conf=0.96, lift=3.82)"
"frozenset({'loudness_very_low', 'tempo_very_low', 'speechiness_low', 'acousticness_very_high'})",frozenset({'energy_very_low'}),0.0240419746283496,0.2505061153104373,0.0229878172953676,0.9561534628799204,3.816886712306468,1.0,0.0169651556268277,17.09357075649947,0.7561865901390445,0.0913809523809523,0.9414984724815456,0.5239594781882386,acousticness_very_high|loudness_very_low|speechiness_low|tempo_very_low,energy_very_low,"acousticness_very_high|loudness_very_low|speechiness_low|tempo_very_low  →  energy_very_low (conf=0.96, lift=3.82)"
"frozenset({'energy_very_low', 'speechiness_low', 'acousticness_very_high', 'danceability_very_low', 'valence_very_low'})",frozenset({'loudness_very_low'}),0.028019022748236,0.2500029947651505,0.0267133051426107,0.9533988884138522,3.813549870910396,1.0,0.0197084655451588,16.093972433434118,0.7590448220481458,0.1062967729634396,0.937864936445239,0.5301254144992117,acousticness_very_high|danceability_very_low|energy_very_low|speechiness_low|valence_very_low,loudness_very_low,"acousticness_very_high|danceability_very_low|energy_very_low|speechiness_low|valence_very_low  →  loudness_very_low (conf=0.95, lift=3.81)"
"frozenset({'acousticness_very_high', 'instrumentalness_high', 'tempo_very_low', 'loudness_very_low', 'mode_1'})",frozenset({'energy_very_low'}),0.0218498065381712,0.2505061153104373,0.0208675235688017,0.9550438596491228,3.812457266624384,1.0,0.0153940134126398,16.671668849680007,0.7541806799504593,0.0829760884062112,0.9400180024557532,0.5191726566799554,acousticness_very_high|instrumentalness_high|loudness_very_low|mode_1|tempo_very_low,energy_very_low,"acousticness_very_high|instrumentalness_high|loudness_very_low|mode_1|tempo_very_low  →  energy_very_low (conf=0.96, lift=3.81)"
"frozenset({'acousticness_very_high', 'tempo_very_low', 'danceability_very_low', 'loudness_very_low', 'valence_very_low'})",frozenset({'energy_very_low'}),0.0291450544448304,0.2505061153104373,0.0278153787180009,0.9543773119605424,3.8097964625647536,1.0,0.0205143643485152,16.42809568873609,0.7596590917423932,0.1104504590210721,0.9391286720660114,0.5327070186428573,acousticness_very_high|danceability_very_low|loudness_very_low|tempo_very_low|valence_very_low,energy_very_low,"acousticness_very_high|danceability_very_low|loudness_very_low|tempo_very_low|valence_very_low  →  energy_very_low (conf=0.95, lift=3.81)"
"frozenset({'acousticness_very_high', 'instrumentalness_high', 'danceability_very_low', 'loudness_very_low', 'mode_1'})",frozenset({'energy_very_low'}),0.0293846356568717,0.2505061153104373,0.0280429808694402,0.9543416225030577,3.809653993158604,1.0,0.0206819499412247,16.41525445663839,0.7598364885339118,0.1113489345509893,0.9390810539890474,0.5331434585353849,acousticness_very_high|danceability_very_low|instrumentalness_high|loudness_very_low|mode_1,energy_very_low,"acousticness_very_high|danceability_very_low|instrumentalness_high|loudness_very_low|mode_1  →  energy_very_low (conf=0.95, lift=3.81)"
"frozenset({'energy_very_low', 'mode_1', 'acousticness_very_high', 'instrumentalness_high'})",frozenset({'loudness_very_low'}),0.0457600114998981,0.2500029947651505,0.0435798224703218,0.9523560209424085,3.8093784509943127,1.0,0.0321396825548596,15.741695384599613,0.7728558773415445,0.1728101843055291,0.9364744409310372,0.5633366113336863,acousticness_very_high|energy_very_low|instrumentalness_high|mode_1,loudness_very_low,"acousticness_very_high|energy_very_low|instrumentalness_high|mode_1  →  loudness_very_low (conf=0.95, lift=3.81)"
"frozenset({'energy_very_low', 'tempo_very_low', 'valence_very_low', 'instrumentalness_high'})",frozenset({'loudness_very_low'}),0.0282346458390733,0.2500029947651505,0.0268810119910396,0.952057700466695,3.808185183385684,1.0,0.0198222659751379,15.64374284370392,0.7588331120385963,0.1069437163418004,0.93607667870848,0.5297902302045981,energy_very_low|instrumentalness_high|tempo_very_low|valence_very_low,loudness_very_low,"energy_very_low|instrumentalness_high|tempo_very_low|valence_very_low  →  loudness_very_low (conf=0.95, lift=3.81)"
"frozenset({'acousticness_very_high', 'instrumentalness_high', 'tempo_very_low', 'loudness_very_low', 'valence_very_low'})",frozenset({'energy_very_low'}),0.0243055139615951,0.2505061153104373,0.0231794822650007,0.9536717594874324,3.8069799545835576,1.0,0.0170908023818579,16.17790523441623,0.7556920797623183,0.0921165381319622,0.9381873001782306,0.5231011819625379,acousticness_very_high|instrumentalness_high|loudness_very_low|tempo_very_low|valence_very_low,energy_very_low,"acousticness_very_high|instrumentalness_high|loudness_very_low|tempo_very_low|valence_very_low  →  energy_very_low (conf=0.95, lift=3.81)"
"frozenset({'loudness_very_low', 'speechiness_low', 'acousticness_very_high', 'instrumentalness_high'})",frozenset({'energy_very_low'}),0.0327148145042465,0.2505061153104373,0.0311814947471819,0.9531307213474918,3.804820174415037,1.0,0.0229862336526215,15.99115468036872,0.7621077015574756,0.1237167300380227,0.9374654288581404,0.5388023537877474,acousticness_very_high|instrumentalness_high|loudness_very_low|speechiness_low,energy_very_low,"acousticness_very_high|instrumentalness_high|loudness_very_low|speechiness_low  →  energy_very_low (conf=0.95, lift=3.80)"
"frozenset({'loudness_very_low', 'mode_1', 'acousticness_very_high', 'liveness_low'})",frozenset({'energy_very_low'}),0.0429329531978102,0.2505061153104373,0.0409204710166628,0.953125,3.80479733526205,1.0,0.0301655036922746,15.9892028733773,0.7702427058465054,0.1620493358633775,0.9374577952434988,0.5582380929609793,acousticness_very_high|liveness_low|loudness_very_low|mode_1,energy_very_low,"acousticness_very_high|liveness_low|loudness_very_low|mode_1  →  energy_very_low (conf=0.95, lift=3.80)"
"frozenset({'acousticness_very_high', 'instrumentalness_high', 'mode_1', 'loudness_very_low', 'valence_very_low'})",frozenset({'energy_very_low'}),0.0296361959295152,0.2505061153104373,0.0282466248996753,0.9531123686337912,3.804746911877404,1.0,0.0208225765847935,15.9848954372584,0.7596845899888167,0.1121361993532432,0.9374409420490076,0.532935296788204,acousticness_very_high|instrumentalness_high|loudness_very_low|mode_1|valence_very_low,energy_very_low,"acousticness_very_high|instrumentalness_high|loudness_very_low|mode_1|valence_very_low  →  energy_very_low (conf=0.95, lift=3.80)"
"frozenset({'valence_very_low', 'acousticness_very_high', 'instrumentalness_high'})",frozenset({'loudness_very_low'}),0.0492459181350998,0.2500029947651505,0.0468261478934821,0.9508635368523474,3.803408586147442,1.0,0.0345145208797477,15.263552913467656,0.7752561460918591,0.1855068337129841,0.934484454198232,0.5690829423600501,acousticness_very_high|instrumentalness_high|valence_very_low,loudness_very_low,"acousticness_very_high|instrumentalness_high|valence_very_low  →  loudness_very_low (conf=0.95, lift=3.80)"
"frozenset({'acousticness_very_high', 'tempo_very_low', 'danceability_very_low', 'loudness_very_low', 'mode_1'})",frozenset({'energy_very_low'}),0.0259825824458845,0.2505061153104373,0.0247367601432695,0.9520516366989396,3.800512556426491,1.0,0.0182279643490178,15.631271498958302,0.7565343111870005,0.098258469737343,0.9360256777533008,0.5253993837664553,acousticness_very_high|danceability_very_low|loudness_very_low|mode_1|tempo_very_low,energy_very_low,"acousticness_very_high|danceability_very_low|loudness_very_low|mode_1|tempo_very_low  →  energy_very_low (conf=0.95, lift=3.80)"
"frozenset({'energy_very_low', 'duration_ms_very_low', 'acousticness_very_high', 'instrumentalness_high', 'mode_1'})",frozenset({'loudness_very_low'}),0.021107104780843,0.2500029947651505,0.020040968387259,0.949489216799092,3.797911371785883,1.0,0.0147641289812264,14.848255317121398,0.7525822155554843,0.0798225106159644,0.9326520201436118,0.514826065035866,acousticness_very_high|duration_ms_very_low|energy_very_low|instrumentalness_high|mode_1,loudness_very_low,"acousticness_very_high|duration_ms_very_low|energy_very_low|instrumentalness_high|mode_1  →  loudness_very_low (conf=0.95, lift=3.80)"
"frozenset({'loudness_very_low', 'duration_ms_very_low', 'acousticness_very_high', 'liveness_low'})",frozenset({'energy_very_low'}),0.0258627918398639,0.2505061153104373,0.0246049904766468,0.951366373320982,3.797777040859901,1.0,0.01812620296176,15.411021876616855,0.7562467221708413,0.0977304087167531,0.9351113762600454,0.524793745191478,acousticness_very_high|duration_ms_very_low|liveness_low|loudness_very_low,energy_very_low,"acousticness_very_high|duration_ms_very_low|liveness_low|loudness_very_low  →  energy_very_low (conf=0.95, lift=3.80)"
"frozenset({'energy_very_low', 'liveness_low', 'valence_very_low', 'instrumentalness_high'})",frozenset({'loudness_very_low'}),0.02659351453659,0.2500029947651505,0.0252398806885564,0.949099099099099,3.796350919678662,1.0,0.0185914224130783,14.734454439127088,0.75671280905408,0.1004146213601487,0.9321318611332824,0.5250287062337852,energy_very_low|instrumentalness_high|liveness_low|valence_very_low,loudness_very_low,"energy_very_low|instrumentalness_high|liveness_low|valence_very_low  →  loudness_very_low (conf=0.95, lift=3.80)"
"frozenset({'energy_very_low', 'liveness_low', 'acousticness_very_high', 'instrumentalness_high'})",frozenset({'loudness_very_low'}),0.0333976209585644,0.2500029947651505,0.0316965943530708,0.949067431850789,3.79622425220278,1.0,0.0233470890953983,14.725293314047583,0.7620303682123286,0.1259280411193603,0.932089637966938,0.5379261452497835,acousticness_very_high|energy_very_low|instrumentalness_high|liveness_low,loudness_very_low,"acousticness_very_high|energy_very_low|instrumentalness_high|liveness_low  →  loudness_very_low (conf=0.95, lift=3.80)"
"frozenset({'loudness_very_low', 'valence_very_low', 'acousticness_very_high', 'danceability_very_low'})",frozenset({'energy_very_low'}),0.0516776674373195,0.2505061153104373,0.0491381065896812,0.9508576726935558,3.795746349406338,1.0,0.0361925348716536,15.251493483730046,0.7766844412716677,0.1941867070630562,0.9344326507389732,0.5735064951072981,acousticness_very_high|danceability_very_low|loudness_very_low|valence_very_low,energy_very_low,"acousticness_very_high|danceability_very_low|loudness_very_low|valence_very_low  →  energy_very_low (conf=0.95, lift=3.80)"
"frozenset({'acousticness_very_high', 'instrumentalness_high', 'loudness_very_low', 'liveness_low', 'mode_1'})",frozenset({'energy_very_low'}),0.0227242779621222,0.2505061153104373,0.0215982462655278,0.9504480759093306,3.794111272419424,1.0,0.015905675670002,15.125424460171292,0.7535577208075803,0.0858326192516423,0.9338861529054454,0.5183332575415054,acousticness_very_high|instrumentalness_high|liveness_low|loudness_very_low|mode_1,energy_very_low,"acousticness_very_high|instrumentalness_high|liveness_low|loudness_very_low|mode_1  →  energy_very_low (conf=0.95, lift=3.79)"
"frozenset({'energy_very_low', 'tempo_very_low', 'acousticness_very_high', 'instrumentalness_high'})",frozenset({'loudness_very_low'}),0.0327627307466548,0.2500029947651505,0.0310736832017633,0.9484460694698356,3.79373883245196,1.0,0.0228829023984153,14.547814250477426,0.7613517532896262,0.1234591404502403,0.93126115148417,0.5363696566802939,acousticness_very_high|energy_very_low|instrumentalness_high|tempo_very_low,loudness_very_low,"acousticness_very_high|energy_very_low|instrumentalness_high|tempo_very_low  →  loudness_very_low (conf=0.95, lift=3.79)"
"frozenset({'energy_very_low', 'mode_1', 'valence_very_low', 'instrumentalness_high'})",frozenset({'loudness_very_low'}),0.0356976005941614,0.2500029947651505,0.0338408462008409,0.947986577181208,3.79190088531433,1.0,0.0249163391463703,14.419297261934522,0.7635364458438277,0.1343638525564803,0.9306484926529742,0.541674170238903,energy_very_low|instrumentalness_high|mode_1|valence_very_low,loudness_very_low,"energy_very_low|instrumentalness_high|mode_1|valence_very_low  →  loudness_very_low (conf=0.95, lift=3.79)"
"frozenset({'acousticness_very_high', 'instrumentalness_high', 'danceability_very_low', 'mode_1', 'valence_very_low'})",frozenset({'energy_very_low'}),0.0238143724769103,0.2505061153104373,0.0226164664167036,0.9496981891348087,3.791117785519544,1.0,0.0166508204789569,14.899938427628474,0.7541860190862295,0.0898534170949933,0.9328856286985902,0.5199906400915053,acousticness_very_high|danceability_very_low|instrumentalness_high|mode_1|valence_very_low,energy_very_low,"acousticness_very_high|danceability_very_low|instrumentalness_high|mode_1|valence_very_low  →  energy_very_low (conf=0.95, lift=3.79)"
"frozenset({'valence_very_low', 'mode_1', 'acousticness_very_high', 'instrumentalness_high'})",frozenset({'loudness_very_low'}),0.0312773272319984,0.2500029947651505,0.0296361959295152,0.9475296821141324,3.79007332693846,1.0,0.0218167704532659,14.293738545023285,0.7599211649800153,0.1177702670538391,0.9300392967976756,0.5330365228970279,acousticness_very_high|instrumentalness_high|mode_1|valence_very_low,loudness_very_low,"acousticness_very_high|instrumentalness_high|mode_1|valence_very_low  →  loudness_very_low (conf=0.95, lift=3.79)"
"frozenset({'energy_very_low', 'speechiness_low', 'instrumentalness_high'})",frozenset({'loudness_very_low'}),0.0383210148660142,0.2500029947651505,0.0362965536242647,0.9471709909346672,3.788638579407527,1.0,0.0267161851453213,14.196688874238388,0.7653832049871655,0.1440182518180522,0.9295610399820328,0.5461777331290489,energy_very_low|instrumentalness_high|speechiness_low,loudness_very_low,"energy_very_low|instrumentalness_high|speechiness_low  →  loudness_very_low (conf=0.95, lift=3.79)"
"frozenset({'acousticness_very_high', 'mode_1', 'tempo_very_low', 'loudness_very_low', 'valence_very_low'})",frozenset({'energy_very_low'}),0.0238383305981144,0.2505061153104373,0.0226164664167036,0.9487437185929648,3.78730761689088,1.0,0.016644818823084,14.622478730708096,0.7539326821900262,0.0898448653278766,0.9316121419345996,0.5195134048205834,acousticness_very_high|loudness_very_low|mode_1|tempo_very_low|valence_very_low,energy_very_low,"acousticness_very_high|loudness_very_low|mode_1|tempo_very_low|valence_very_low  →  energy_very_low (conf=0.95, lift=3.79)"
"frozenset({'loudness_very_low', 'duration_ms_very_low', 'speechiness_low', 'acousticness_very_high'})",frozenset({'energy_very_low'}),0.0212029372656596,0.2505061153104373,0.0201128427508714,0.9485875706214688,3.78668428691228,1.0,0.0148013773032801,14.578067867038714,0.7518583267333948,0.0799409608151216,0.9314038040486134,0.5144382000008645,acousticness_very_high|duration_ms_very_low|loudness_very_low|speechiness_low,energy_very_low,"acousticness_very_high|duration_ms_very_low|loudness_very_low|speechiness_low  →  energy_very_low (conf=0.95, lift=3.79)"
"frozenset({'energy_very_low', 'key_very_low', 'acousticness_very_high', 'instrumentalness_high'})",frozenset({'loudness_very_low'}),0.02340708441644,0.2500029947651505,0.0221492830532229,0.9462640736949848,3.7850109539043424,1.0,0.0162974418503922,13.957087125989515,0.7534357051533696,0.0881525625744934,0.9283518121673184,0.517430072305087,acousticness_very_high|energy_very_low|instrumentalness_high|key_very_low,loudness_very_low,"acousticness_very_high|energy_very_low|instrumentalness_high|key_very_low  →  loudness_very_low (conf=0.95, lift=3.79)"
"frozenset({'valence_very_low', 'mode_1', 'speechiness_low', 'acousticness_very_high'})",frozenset({'energy_very_low'}),0.0236706237496855,0.2505061153104373,0.0224248014470705,0.9473684210526316,3.7818175411750494,1.0,0.0164951654445618,14.240383809101706,0.7534105765704604,0.0890749904834412,0.9297771736067356,0.5184432005798736,acousticness_very_high|mode_1|speechiness_low|valence_very_low,energy_very_low,"acousticness_very_high|mode_1|speechiness_low|valence_very_low  →  energy_very_low (conf=0.95, lift=3.78)"
"frozenset({'loudness_very_low', 'mode_1', 'speechiness_low', 'acousticness_very_high'})",frozenset({'energy_very_low'}),0.0378897686843397,0.2505061153104373,0.0358772865031924,0.9468858678469808,3.779891228098608,1.0,0.0263856677400674,14.111006888530277,0.7644052611549986,0.14207779886148,0.9291333348570028,0.545052536065801,acousticness_very_high|loudness_very_low|mode_1|speechiness_low,energy_very_low,"acousticness_very_high|loudness_very_low|mode_1|speechiness_low  →  energy_very_low (conf=0.95, lift=3.78)"
"frozenset({'loudness_very_low', 'tempo_very_low', 'acousticness_very_high', 'danceability_very_low'})",frozenset({'energy_very_low'}),0.0378418524419315,0.2505061153104373,0.0358293702607841,0.9468186134852804,3.779622754166876,1.0,0.0263497548094051,14.093161796037707,0.7643476620099342,0.1418880455407969,0.9290436018210512,0.544923270017315,acousticness_very_high|danceability_very_low|loudness_very_low|tempo_very_low,energy_very_low,"acousticness_very_high|danceability_very_low|loudness_very_low|tempo_very_low  →  energy_very_low (conf=0.95, lift=3.78)"
"frozenset({'acousticness_very_high', 'instrumentalness_high', 'danceability_very_low', 'loudness_very_low', 'valence_very_low'})",frozenset({'energy_very_low'}),0.035985098048611,0.2505061153104373,0.0340684483522802,0.9467376830892144,3.779299686620339,1.0,0.0250539612310574,14.071747685046562,0.7628520183212457,0.1349658314350797,0.9289356217591468,0.5413680764336661,acousticness_very_high|danceability_very_low|instrumentalness_high|loudness_very_low|valence_very_low,energy_very_low,"acousticness_very_high|danceability_very_low|instrumentalness_high|loudness_very_low|valence_very_low  →  energy_very_low (conf=0.95, lift=3.78)"
"frozenset({'valence_very_low', 'speechiness_low', 'acousticness_very_high'})",frozenset({'energy_very_low'}),0.0361408258364379,0.2505061153104373,0.0341882389583008,0.9459728206827976,3.776246418218212,1.0,0.0251347410739037,13.872534049744864,0.7627533074281588,0.1354211150652432,0.9279151165595164,0.5412247423995472,acousticness_very_high|speechiness_low|valence_very_low,energy_very_low,"acousticness_very_high|speechiness_low|valence_very_low  →  energy_very_low (conf=0.95, lift=3.78)"
"frozenset({'loudness_very_low', 'liveness_very_low', 'acousticness_very_high', 'mode_1'})",frozenset({'energy_very_low'}),0.0234789587800524,0.2505061153104373,0.0222091783562333,0.9459183673469388,3.776029044938556,1.0,0.0163275556007084,13.858566169731512,0.7528476065030232,0.088210105623751,0.9278424630836558,0.517287798822666,acousticness_very_high|liveness_very_low|loudness_very_low|mode_1,energy_very_low,"acousticness_very_high|liveness_very_low|loudness_very_low|mode_1  →  energy_very_low (conf=0.95, lift=3.78)"
"frozenset({'energy_very_low', 'valence_very_low', 'instrumentalness_high'})",frozenset({'loudness_very_low'}),0.0569963703446375,0.2500029947651505,0.0537979611638855,0.9438839848675914,3.775490712638316,1.0,0.0395486978869825,13.365115171937871,0.7795662122804231,0.2124710223778208,0.9251783477257528,0.5795366258789323,energy_very_low|instrumentalness_high|valence_very_low,loudness_very_low,"energy_very_low|instrumentalness_high|valence_very_low  →  loudness_very_low (conf=0.94, lift=3.78)"
"frozenset({'loudness_very_low', 'tempo_very_low', 'acousticness_very_high', 'instrumentalness_high'})",frozenset({'energy_very_low'}),0.0328705422920734,0.2505061153104373,0.0310736832017633,0.94533527696793,3.7737013956582737,1.0,0.0228394113440285,13.71074146392105,0.7599894454663088,0.1231601937137973,0.9270644842489782,0.5346894441457859,acousticness_very_high|instrumentalness_high|loudness_very_low|tempo_very_low,energy_very_low,"acousticness_very_high|instrumentalness_high|loudness_very_low|tempo_very_low  →  energy_very_low (conf=0.95, lift=3.77)"
"frozenset({'loudness_very_low', 'speechiness_low', 'acousticness_very_high'})",frozenset({'energy_very_low'}),0.0554031552845625,0.2505061153104373,0.0523724529522394,0.9452972972972974,3.773549783907856,1.0,0.0384936237459627,13.7012222003527,0.7781071233340753,0.2065674462556106,0.9270138104924494,0.5771819309745859,acousticness_very_high|loudness_very_low|speechiness_low,energy_very_low,"acousticness_very_high|loudness_very_low|speechiness_low  →  energy_very_low (conf=0.95, lift=3.77)"
"frozenset({'loudness_very_low', 'acousticness_very_high', 'liveness_low'})",frozenset({'energy_very_low'}),0.0603145701314103,0.2505061153104373,0.0569963703446375,0.9449851042701092,3.772303534782156,1.0,0.041887201684399,13.623471875133372,0.7820808557892797,0.2245504743027042,0.9265972720342104,0.5862549851878472,acousticness_very_high|liveness_low|loudness_very_low,energy_very_low,"acousticness_very_high|liveness_low|loudness_very_low  →  energy_very_low (conf=0.94, lift=3.77)"
"frozenset({'loudness_very_low', 'mode_1', 'acousticness_very_high', 'danceability_very_low'})",frozenset({'energy_very_low'}),0.0492578971957019,0.2505061153104373,0.0465386504390325,0.9447957198443578,3.7715475275864168,1.0,0.0341992459641763,13.576735038958036,0.77292974158674,0.1837835280760679,0.9263445889508388,0.5652871101134567,acousticness_very_high|danceability_very_low|loudness_very_low|mode_1,energy_very_low,"acousticness_very_high|danceability_very_low|loudness_very_low|mode_1  →  energy_very_low (conf=0.94, lift=3.77)"
"frozenset({'energy_very_low', 'acousticness_very_high', 'instrumentalness_high'})",frozenset({'loudness_very_low'}),0.0701254207645036,0.2500029947651505,0.066112435462811,0.942774171506662,3.771051512372048,1.0,0.0485808702625188,13.105917816850171,0.7902377259760528,0.260268804527234,0.9236985906691472,0.603610372768185,acousticness_very_high|energy_very_low|instrumentalness_high,loudness_very_low,"acousticness_very_high|energy_very_low|instrumentalness_high  →  loudness_very_low (conf=0.94, lift=3.77)"
"frozenset({'loudness_very_low', 'liveness_low', 'acousticness_very_high', 'instrumentalness_high'})",frozenset({'energy_very_low'}),0.0335533487463913,0.2505061153104373,0.0316965943530708,0.9446626204926812,3.771016205820033,1.0,0.023291275302956,13.544079813003012,0.7603311462940393,0.1255992784924288,0.926167003310188,0.5355964211874271,acousticness_very_high|instrumentalness_high|liveness_low|loudness_very_low,energy_very_low,"acousticness_very_high|instrumentalness_high|liveness_low|loudness_very_low  →  energy_very_low (conf=0.94, lift=3.77)"
"frozenset({'loudness_very_low', 'valence_very_low', 'mode_1', 'acousticness_very_high'})",frozenset({'energy_very_low'}),0.0472454150145545,0.2505061153104373,0.0446100216820996,0.9442190669371197,3.769245576168889,1.0,0.0327747563005742,13.436381278252885,0.7711271416018605,0.1762256293772477,0.92557519920795,0.5611493192374963,acousticness_very_high|loudness_very_low|mode_1|valence_very_low,energy_very_low,"acousticness_very_high|loudness_very_low|mode_1|valence_very_low  →  energy_very_low (conf=0.94, lift=3.77)"
"frozenset({'loudness_very_low', 'valence_very_low', 'acousticness_very_high', 'tempo_very_low'})",frozenset({'energy_very_low'}),0.0357335377759676,0.2505061153104373,0.033685118413014,0.9426751592356688,3.76308242242896,1.0,0.0247336486784576,13.074504432917957,0.7614704373425304,0.1333776028079495,0.9235152655207122,0.5385717035658069,acousticness_very_high|loudness_very_low|tempo_very_low|valence_very_low,energy_very_low,"acousticness_very_high|loudness_very_low|tempo_very_low|valence_very_low  →  energy_very_low (conf=0.94, lift=3.76)"
"frozenset({'loudness_very_low', 'danceability_very_low', 'acousticness_very_high', 'instrumentalness_high'})",frozenset({'energy_very_low'}),0.0444542938942728,0.2505061153104373,0.0418668168042262,0.9417946645109134,3.759567559234245,1.0,0.0307307443319034,12.876721324458163,0.7681599707822211,0.1654202953426732,0.9223404797849752,0.5544617928522433,acousticness_very_high|danceability_very_low|instrumentalness_high|loudness_very_low,energy_very_low,"acousticness_very_high|danceability_very_low|instrumentalness_high|loudness_very_low  →  energy_very_low (conf=0.94, lift=3.76)"
"frozenset({'loudness_very_low', 'liveness_low', 'valence_very_low', 'danceability_very_low'})",frozenset({'energy_very_low'}),0.0261143521125073,0.2505061153104373,0.0245930114160447,0.941743119266055,3.7593617948169,1.0,0.0180512065144916,12.865328099395638,0.7536792484013554,0.0975806834925614,0.9222717063821344,0.5199582084471055,danceability_very_low|liveness_low|loudness_very_low|valence_very_low,energy_very_low,"danceability_very_low|liveness_low|loudness_very_low|valence_very_low  →  energy_very_low (conf=0.94, lift=3.76)"
"frozenset({'liveness_low', 'valence_very_low', 'acousticness_very_high', 'instrumentalness_high'})",frozenset({'energy_very_low'}),0.0229997963559697,0.2505061153104373,0.0216581415685381,0.9416666666666668,3.759056602269829,1.0,0.015896551930473,12.848466594678214,0.7512545074324282,0.0859969558599695,0.9221697007474654,0.5140621015047182,acousticness_very_high|instrumentalness_high|liveness_low|valence_very_low,energy_very_low,"acousticness_very_high|instrumentalness_high|liveness_low|valence_very_low  →  energy_very_low (conf=0.94, lift=3.76)"
"frozenset({'mode_1', 'speechiness_low', 'acousticness_very_high', 'instrumentalness_high'})",frozenset({'loudness_very_low'}),0.022868026689347,0.2500029947651505,0.0214904347201092,0.9397590361445785,3.758991115395939,1.0,0.0157733595634031,12.449950286898506,0.7511484551572819,0.0854896354538956,0.919678394133643,0.5128598726482355,acousticness_very_high|instrumentalness_high|mode_1|speechiness_low,loudness_very_low,"acousticness_very_high|instrumentalness_high|mode_1|speechiness_low  →  loudness_very_low (conf=0.94, lift=3.76)"
"frozenset({'loudness_very_low', 'speechiness_very_low', 'mode_1', 'acousticness_very_high'})",frozenset({'energy_very_low'}),0.0332059559889313,0.2505061153104373,0.0312653481713964,0.9415584415584416,3.758624576456443,1.0,0.0229470531314398,12.824673138021414,0.7591536520141183,0.1238492929676378,0.9220253031607258,0.533183581911585,acousticness_very_high|loudness_very_low|mode_1|speechiness_very_low,energy_very_low,"acousticness_very_high|loudness_very_low|mode_1|speechiness_very_low  →  energy_very_low (conf=0.94, lift=3.76)"
"frozenset({'loudness_very_low', 'valence_very_low', 'acousticness_very_high', 'instrumentalness_high'})",frozenset({'energy_very_low'}),0.0468261478934821,0.2505061153104373,0.0440589848944045,0.940905602455871,3.7560184959551286,1.0,0.0323287484906563,12.682993918837642,0.7698077615798292,0.1739582840656481,0.9211542632284374,0.5583927400190601,acousticness_very_high|instrumentalness_high|loudness_very_low|valence_very_low,energy_very_low,"acousticness_very_high|instrumentalness_high|loudness_very_low|valence_very_low  →  energy_very_low (conf=0.94, lift=3.76)"
"frozenset({'danceability_very_low', 'tempo_very_low', 'acousticness_very_high', 'instrumentalness_high'})",frozenset({'energy_very_low'}),0.0250841529007295,0.2505061153104373,0.023574791264869,0.9398280802292264,3.751717115027524,1.0,0.0172910575658542,12.45587455984083,0.7523268655307429,0.0935450137845802,0.919716596759563,0.5169683629914303,acousticness_very_high|danceability_very_low|instrumentalness_high|tempo_very_low,energy_very_low,"acousticness_very_high|danceability_very_low|instrumentalness_high|tempo_very_low  →  energy_very_low (conf=0.94, lift=3.75)"
"frozenset({'loudness_very_low', 'speechiness_very_low', 'acousticness_very_high'})",frozenset({'energy_very_low'}),0.04432252422765,0.2505061153104373,0.041651193713389,0.9397297297297298,3.7513245078475568,1.0,0.0305481303483676,12.43554875942325,0.7674424749939149,0.1645138396025549,0.9195853742085782,0.5529989505572903,acousticness_very_high|loudness_very_low|speechiness_very_low,energy_very_low,"acousticness_very_high|loudness_very_low|speechiness_very_low  →  energy_very_low (conf=0.94, lift=3.75)"
"frozenset({'acousticness_very_low', 'speechiness_very_high', 'mode_1', 'danceability_very_low'})",frozenset({'energy_very_high'}),0.0230117754165718,0.2486014446747086,0.021454497538303,0.9323269130661116,3.750287590991468,1.0,0.0157337369252133,11.103358652152972,0.7506270436296126,0.0857635397213044,0.9099371612384964,0.5093138444287817,acousticness_very_low|danceability_very_low|mode_1|speechiness_very_high,energy_very_high,"acousticness_very_low|danceability_very_low|mode_1|speechiness_very_high  →  energy_very_high (conf=0.93, lift=3.75)"
"frozenset({'valence_very_low', 'mode_1', 'acousticness_very_high', 'liveness_low'})",frozenset({'energy_very_low'}),0.0262581008397321,0.2505061153104373,0.0246648857796571,0.939324817518248,3.749708131293316,1.0,0.0180870709428661,12.35256086646256,0.7530872166866435,0.0978379662627702,0.9190451266898816,0.5188925158746558,acousticness_very_high|liveness_low|mode_1|valence_very_low,energy_very_low,"acousticness_very_high|liveness_low|mode_1|valence_very_low  →  energy_very_low (conf=0.94, lift=3.75)"
"frozenset({'energy_very_low', 'valence_very_low', 'speechiness_low', 'acousticness_very_high'})",frozenset({'loudness_very_low'}),0.0341882389583008,0.2500029947651505,0.0320439871105307,0.9372810091100208,3.7490791259940313,1.0,0.0234968249852089,11.958052809722098,0.7592243773092806,0.1270844220628058,0.916374344894431,0.5327277110715414,acousticness_very_high|energy_very_low|speechiness_low|valence_very_low,loudness_very_low,"acousticness_very_high|energy_very_low|speechiness_low|valence_very_low  →  loudness_very_low (conf=0.94, lift=3.75)"
"frozenset({'loudness_very_low', 'valence_very_low', 'acousticness_very_high'})",frozenset({'energy_very_low'}),0.0716467614609662,0.2505061153104373,0.0672624252806095,0.9388062196957032,3.747637931043305,1.0,0.0493144733924492,12.247876842426988,0.7897481558539402,0.2638875834194943,0.918353195997532,0.6036561702916159,acousticness_very_high|loudness_very_low|valence_very_low,energy_very_low,"acousticness_very_high|loudness_very_low|valence_very_low  →  energy_very_low (conf=0.94, lift=3.75)"
"frozenset({'loudness_very_low', 'liveness_very_low', 'acousticness_very_high'})",frozenset({'energy_very_low'}),0.0347871919884042,0.2505061153104373,0.0326429401406341,0.9383608815426996,3.7458601774245897,1.0,0.0239285358130606,12.159386822002732,0.7594580330024736,0.1292020293015978,0.9177590108252436,0.5343344193482436,acousticness_very_high|liveness_very_low|loudness_very_low,energy_very_low,"acousticness_very_high|liveness_very_low|loudness_very_low  →  energy_very_low (conf=0.94, lift=3.75)"
"frozenset({'loudness_very_low', 'valence_very_low', 'speechiness_low', 'danceability_very_low'})",frozenset({'energy_very_low'}),0.0315768037470501,0.2505061153104373,0.0296242168689131,0.938163884673748,3.74507378197589,1.0,0.0217140344283195,12.1206495708079,0.7568824936667793,0.1173428232502965,0.917496170963604,0.5282106722527119,danceability_very_low|loudness_very_low|speechiness_low|valence_very_low,energy_very_low,"danceability_very_low|loudness_very_low|speechiness_low|valence_very_low  →  energy_very_low (conf=0.94, lift=3.75)"
"frozenset({'energy_very_low', 'valence_very_low', 'speechiness_low', 'danceability_very_low'})",frozenset({'loudness_very_low'}),0.0316486781106625,0.2500029947651505,0.0296242168689131,0.9360333080999244,3.744088381738073,1.0,0.0217119525608892,11.724805253434758,0.7568660993934462,0.1175436094871429,0.9147107369048154,0.527264378055712,danceability_very_low|energy_very_low|speechiness_low|valence_very_low,loudness_very_low,"danceability_very_low|energy_very_low|speechiness_low|valence_very_low  →  loudness_very_low (conf=0.94, lift=3.74)"
"frozenset({'tempo_very_low', 'valence_very_low', 'acousticness_very_high', 'instrumentalness_high'})",frozenset({'energy_very_low'}),0.0254195665975874,0.2505061153104373,0.0238383305981144,0.937794533459001,3.7435993620229504,1.0,0.0174705737168779,12.04868199478222,0.7519927278760161,0.0945637711461699,0.9170033701252088,0.5164776033783146,acousticness_very_high|instrumentalness_high|tempo_very_low|valence_very_low,energy_very_low,"acousticness_very_high|instrumentalness_high|tempo_very_low|valence_very_low  →  energy_very_low (conf=0.94, lift=3.74)"
"frozenset({'loudness_very_low', 'acousticness_very_high', 'danceability_very_low'})",frozenset({'energy_very_low'}),0.072497274763713,0.2505061153104373,0.0679691898561314,0.9375413086582948,3.742588509252381,1.0,0.0498081791844803,11.99983330725196,0.7900842017499933,0.2665100986378581,0.9166655090620582,0.60443438807054,acousticness_very_high|danceability_very_low|loudness_very_low,energy_very_low,"acousticness_very_high|danceability_very_low|loudness_very_low  →  energy_very_low (conf=0.94, lift=3.74)"
"frozenset({'liveness_very_low', 'valence_very_low', 'acousticness_very_high'})",frozenset({'energy_very_low'}),0.0223888642652643,0.2505061153104373,0.0209873141748224,0.9373996789727126,3.742023135088135,1.0,0.0153787667615183,11.97268436311787,0.7495463724060137,0.0833135194255551,0.9164765419624256,0.5105896635108398,acousticness_very_high|liveness_very_low|valence_very_low,energy_very_low,"acousticness_very_high|liveness_very_low|valence_very_low  →  energy_very_low (conf=0.94, lift=3.74)"
"frozenset({'danceability_very_low', 'valence_very_low', 'speechiness_low', 'acousticness_very_high'})",frozenset({'loudness_very_low'}),0.029073180081218,0.2500029947651505,0.0271924675666934,0.9353110836423568,3.74119951851367,1.0,0.0199240854790423,11.593902749713246,0.7546460085122925,0.1079564369620012,0.9137477671162342,0.5220398254819355,acousticness_very_high|danceability_very_low|speechiness_low|valence_very_low,loudness_very_low,"acousticness_very_high|danceability_very_low|speechiness_low|valence_very_low  →  loudness_very_low (conf=0.94, lift=3.74)"
"frozenset({'acousticness_very_low', 'mode_1', 'loudness_very_high', 'speechiness_very_high'})",frozenset({'energy_very_high'}),0.0268450748092334,0.2486014446747086,0.0249404041735047,0.92904953145917,3.737104314396957,1.0,0.0182666797935286,10.590466430716829,0.7526172076454049,0.0995600612088753,0.9055754525504582,0.5146861881745327,acousticness_very_low|loudness_very_high|mode_1|speechiness_very_high,energy_very_high,"acousticness_very_low|loudness_very_high|mode_1|speechiness_very_high  →  energy_very_high (conf=0.93, lift=3.74)"
"frozenset({'acousticness_very_low', 'danceability_very_low', 'speechiness_very_high'})",frozenset({'energy_very_high'}),0.0369194647755723,0.2486014446747086,0.0342840714431174,0.9286177806619078,3.735367595618725,1.0,0.0251058391632931,10.526410670511575,0.7603608462675532,0.1364611643541696,0.9050008562936486,0.5332627765160838,acousticness_very_low|danceability_very_low|speechiness_very_high,energy_very_high,"acousticness_very_low|danceability_very_low|speechiness_very_high  →  energy_very_high (conf=0.93, lift=3.74)"
"frozenset({'danceability_very_low', 'valence_very_low', 'acousticness_very_high', 'instrumentalness_high'})",frozenset({'energy_very_low'}),0.0370152972603888,0.2505061153104373,0.0346314642005773,0.9355987055016182,3.734833795742616,1.0,0.0253589058768163,11.637869867792714,0.7603967811325456,0.1369428260148737,0.9140736224618342,0.5369223443345887,acousticness_very_high|danceability_very_low|instrumentalness_high|valence_very_low,energy_very_low,"acousticness_very_high|danceability_very_low|instrumentalness_high|valence_very_low  →  energy_very_low (conf=0.94, lift=3.73)"
"frozenset({'loudness_very_low', 'mode_1', 'acousticness_very_high', 'instrumentalness_high'})",frozenset({'energy_very_low'}),0.0466584410450532,0.2505061153104373,0.0435798224703218,0.9340179717586647,3.728523635445753,1.0,0.0318915976576845,11.359061015042188,0.7676129521118392,0.171855071094525,0.9119645542289316,0.553992535994099,acousticness_very_high|instrumentalness_high|loudness_very_low|mode_1,energy_very_low,"acousticness_very_high|instrumentalness_high|loudness_very_low|mode_1  →  energy_very_low (conf=0.93, lift=3.73)"
"frozenset({'danceability_very_low', 'mode_1', 'acousticness_very_high', 'instrumentalness_high'})",frozenset({'energy_very_low'}),0.0306544160806909,0.2505061153104373,0.0286299548389415,0.9339585775693632,3.7282865386817545,1.0,0.0209508361494578,11.34884527171948,0.7549219643555183,0.1133722309188368,0.911885308499894,0.5241235121970763,acousticness_very_high|danceability_very_low|instrumentalness_high|mode_1,energy_very_low,"acousticness_very_high|danceability_very_low|instrumentalness_high|mode_1  →  energy_very_low (conf=0.93, lift=3.73)"
"frozenset({'energy_very_low', 'liveness_low', 'mode_1', 'instrumentalness_high'})",frozenset({'loudness_very_low'}),0.0271445513242851,0.2500029947651505,0.0252997759915667,0.9320388349514565,3.728110680542052,1.0,0.0185135568689391,11.03567021988422,0.7521853541510185,0.1004566210045662,0.9093847514400905,0.5166183633310228,energy_very_low|instrumentalness_high|liveness_low|mode_1,loudness_very_low,"energy_very_low|instrumentalness_high|liveness_low|mode_1  →  loudness_very_low (conf=0.93, lift=3.73)"
"frozenset({'speechiness_low', 'instrumentalness_high', 'danceability_very_low', 'loudness_very_low', 'valence_very_low'})",frozenset({'energy_very_low'}),0.0235268750224607,0.2505061153104373,0.0219695971441919,0.9338085539714868,3.727687656703603,1.0,0.0160759710769211,11.323122996386951,0.7493674552341693,0.0871590153027278,0.9116851419595914,0.5107546977967611,danceability_very_low|instrumentalness_high|loudness_very_low|speechiness_low|valence_very_low,energy_very_low,"danceability_very_low|instrumentalness_high|loudness_very_low|speechiness_low|valence_very_low  →  energy_very_low (conf=0.93, lift=3.73)"
"frozenset({'duration_ms_very_low', 'acousticness_very_high', 'instrumentalness_high', 'loudness_very_low', 'mode_1'})",frozenset({'energy_very_low'}),0.0214664765989051,0.2505061153104373,0.020040968387259,0.93359375,3.726830176752582,1.0,0.0146634847250649,11.286496145913414,0.7477265117442623,0.0795492368408539,0.9113985432616236,0.5067978313886764,acousticness_very_high|duration_ms_very_low|instrumentalness_high|loudness_very_low|mode_1,energy_very_low,"acousticness_very_high|duration_ms_very_low|instrumentalness_high|loudness_very_low|mode_1  →  energy_very_low (conf=0.93, lift=3.73)"
"frozenset({'loudness_very_low', 'duration_ms_very_low', 'acousticness_very_high', 'danceability_very_low'})",frozenset({'energy_very_low'}),0.0255513362642101,0.2505061153104373,0.0238503096587165,0.93342709798406,3.7261649154844743,1.0,0.0174495436701785,11.25824264818899,0.7508117966939047,0.0945663531870428,0.911176190525538,0.514317795357753,acousticness_very_high|danceability_very_low|duration_ms_very_low|loudness_very_low,energy_very_low,"acousticness_very_high|danceability_very_low|duration_ms_very_low|loudness_very_low  →  energy_very_low (conf=0.93, lift=3.73)"
"frozenset({'valence_very_low', 'mode_1', 'acousticness_very_high', 'instrumentalness_high'})",frozenset({'energy_very_low'}),0.0312773272319984,0.2505061153104373,0.0291929706872387,0.9333588663347376,3.725892540300189,1.0,0.0213578089450574,11.246715706462323,0.7552294930736023,0.1155743147111827,0.9110851535595048,0.5249474132744842,acousticness_very_high|instrumentalness_high|mode_1|valence_very_low,energy_very_low,"acousticness_very_high|instrumentalness_high|mode_1|valence_very_low  →  energy_very_low (conf=0.93, lift=3.73)"
"frozenset({'acousticness_very_high', 'tempo_very_low', 'mode_1', 'danceability_very_low', 'valence_very_low'})",frozenset({'energy_very_low'}),0.0222690736592436,0.2505061153104373,0.0207836701445872,0.9332974717590102,3.7256474581565806,1.0,0.0152051310106481,11.236363964821752,0.7482531828456467,0.0824776573493059,0.911003238847482,0.5081320947165365,acousticness_very_high|danceability_very_low|mode_1|tempo_very_low|valence_very_low,energy_very_low,"acousticness_very_high|danceability_very_low|mode_1|tempo_very_low|valence_very_low  →  energy_very_low (conf=0.93, lift=3.73)"
"frozenset({'valence_very_low', 'loudness_very_high', 'speechiness_very_high'})",frozenset({'energy_very_high'}),0.0226284454773056,0.2486014446747086,0.0209393979324141,0.9253573319216516,3.722252431527372,1.0,0.015313933696013,10.06660901425159,0.7482778279969362,0.0836603809706135,0.9006616827390166,0.5047930590606186,loudness_very_high|speechiness_very_high|valence_very_low,energy_very_high,"loudness_very_high|speechiness_very_high|valence_very_low  →  energy_very_high (conf=0.93, lift=3.72)"
"frozenset({'energy_very_low', 'duration_ms_very_high', 'instrumentalness_high'})",frozenset({'loudness_very_low'}),0.0237065609314917,0.2500029947651505,0.0220534505684064,0.9302678120262758,3.721026673701077,1.0,0.0161267393399509,10.755391835940332,0.7490134995984444,0.0876332825590251,0.9070233781108384,0.5092402787970383,duration_ms_very_high|energy_very_low|instrumentalness_high,loudness_very_low,"duration_ms_very_high|energy_very_low|instrumentalness_high  →  loudness_very_low (conf=0.93, lift=3.72)"
"frozenset({'tempo_very_low', 'valence_very_low', 'acousticness_very_high', 'danceability_very_low'})",frozenset({'energy_very_low'}),0.0327747098072569,0.2505061153104373,0.0305226464140682,0.9312865497076024,3.7176200211859673,1.0,0.0223123811798253,10.907528023992793,0.7557812118225139,0.1207582938388625,0.9083201988754606,0.5265652335378104,acousticness_very_high|danceability_very_low|tempo_very_low|valence_very_low,energy_very_low,"acousticness_very_high|danceability_very_low|tempo_very_low|valence_very_low  →  energy_very_low (conf=0.93, lift=3.72)"
"frozenset({'acousticness_very_high', 'speechiness_low', 'instrumentalness_high'})",frozenset({'loudness_very_low'}),0.0352184381700787,0.2500029947651505,0.0327148145042465,0.9289115646258502,3.7156017490848754,1.0,0.0239100994907756,10.55019710713136,0.7575441104518394,0.129560225817164,0.9052150410228778,0.5298846275453161,acousticness_very_high|instrumentalness_high|speechiness_low,loudness_very_low,"acousticness_very_high|instrumentalness_high|speechiness_low  →  loudness_very_low (conf=0.93, lift=3.72)"
"frozenset({'energy_very_low', 'duration_ms_very_low', 'acousticness_very_high', 'instrumentalness_high'})",frozenset({'loudness_very_low'}),0.0318403430802956,0.2500029947651505,0.0295643215659028,0.928517682468021,3.714026239326685,1.0,0.021604140441479,10.492063367969624,0.754782970077521,0.1171889838556504,0.9046898627153912,0.5233867760687014,acousticness_very_high|duration_ms_very_low|energy_very_low|instrumentalness_high,loudness_very_low,"acousticness_very_high|duration_ms_very_low|energy_very_low|instrumentalness_high  →  loudness_very_low (conf=0.93, lift=3.71)"
"frozenset({'acousticness_very_low', 'loudness_very_high', 'speechiness_very_high'})",frozenset({'energy_very_high'}),0.0433881575006887,0.2486014446747086,0.040057978653314,0.9232468249585866,3.713762911420896,1.0,0.0292716200168689,9.78980419923817,0.7638744342234232,0.1590033759688079,0.8978529110850022,0.5421900775397664,acousticness_very_low|loudness_very_high|speechiness_very_high,energy_very_high,"acousticness_very_low|loudness_very_high|speechiness_very_high  →  energy_very_high (conf=0.92, lift=3.71)"
"frozenset({'energy_very_low', 'speechiness_low', 'acousticness_very_high', 'mode_1', 'valence_very_low'})",frozenset({'loudness_very_low'}),0.0224248014470705,0.2500029947651505,0.0208196073263934,0.9284188034188036,3.713630727867671,1.0,0.0152133398076119,10.47757010298238,0.7474839241534298,0.0827461435916968,0.9045580234566644,0.505848117569488,acousticness_very_high|energy_very_low|mode_1|speechiness_low|valence_very_low,loudness_very_low,"acousticness_very_high|energy_very_low|mode_1|speechiness_low|valence_very_low  →  loudness_very_low (conf=0.93, lift=3.71)"
"frozenset({'liveness_very_low', 'acousticness_very_high', 'danceability_very_low'})",frozenset({'energy_very_low'}),0.0215503300231195,0.2505061153104373,0.020040968387259,0.9299610894941636,3.712328892018136,1.0,0.0146424789295094,10.701107131400985,0.7467193640659128,0.0795227683239851,0.90655172518873,0.5049815011357581,acousticness_very_high|danceability_very_low|liveness_very_low,energy_very_low,"acousticness_very_high|danceability_very_low|liveness_very_low  →  energy_very_low (conf=0.93, lift=3.71)"
"frozenset({'liveness_low', 'mode_1', 'acousticness_very_high', 'instrumentalness_high'})",frozenset({'loudness_very_low'}),0.0244971789312282,0.2500029947651505,0.0227242779621222,0.9276283618581906,3.710468999499755,1.0,0.0165999098660174,10.36313429530585,0.7488366768945514,0.0902559710724141,0.9035040971674982,0.5092621924288557,acousticness_very_high|instrumentalness_high|liveness_low|mode_1,loudness_very_low,"acousticness_very_high|instrumentalness_high|liveness_low|mode_1  →  loudness_very_low (conf=0.93, lift=3.71)"
"frozenset({'valence_very_low', 'mode_1', 'acousticness_very_high', 'danceability_very_low'})",frozenset({'energy_very_low'}),0.0396626696534457,0.2505061153104373,0.0368475904119598,0.9290244639081848,3.708589958999205,1.0,0.026911849114234,10.559890434924023,0.7605199918921891,0.1454579845841017,0.9053020477662564,0.5380585211660283,acousticness_very_high|danceability_very_low|mode_1|valence_very_low,energy_very_low,"acousticness_very_high|danceability_very_low|mode_1|valence_very_low  →  energy_very_low (conf=0.93, lift=3.71)"
"frozenset({'loudness_very_low', 'key_very_low', 'acousticness_very_high', 'danceability_very_low'})",frozenset({'energy_very_low'}),0.0245331161130344,0.2505061153104373,0.0227841732651325,0.9287109375,3.707338387125215,1.0,0.0166384776511964,10.51344846468647,0.7486309588859146,0.0903219678981859,0.9048837302661548,0.5098317503108263,acousticness_very_high|danceability_very_low|key_very_low|loudness_very_low,energy_very_low,"acousticness_very_high|danceability_very_low|key_very_low|loudness_very_low  →  energy_very_low (conf=0.93, lift=3.71)"
"frozenset({'loudness_very_low', 'valence_low', 'mode_1', 'acousticness_very_high'})",frozenset({'energy_very_low'}),0.0280310018088381,0.2505061153104373,0.0260304986882928,0.9286324786324786,3.707025185719236,1.0,0.0190085613169009,10.501890360320807,0.7513016571977545,0.1030883818017932,0.904779047800928,0.5162720541593915,acousticness_very_high|loudness_very_low|mode_1|valence_low,energy_very_low,"acousticness_very_high|loudness_very_low|mode_1|valence_low  →  energy_very_low (conf=0.93, lift=3.71)"
"frozenset({'valence_very_low', 'acousticness_very_high', 'liveness_low'})",frozenset({'energy_very_low'}),0.0384048682902286,0.2505061153104373,0.0356616634123552,0.9285714285714284,3.706781478850147,1.0,0.026041009047961,10.492914385653863,0.7593883947950694,0.140816423064188,0.904697592751998,0.5354649415236638,acousticness_very_high|liveness_low|valence_very_low,energy_very_low,"acousticness_very_high|liveness_low|valence_very_low  →  energy_very_low (conf=0.93, lift=3.71)"
"frozenset({'loudness_very_low', 'valence_very_low', 'key_very_low', 'acousticness_very_high'})",frozenset({'energy_very_low'}),0.0242695767797889,0.2505061153104373,0.0225326129924891,0.9284304047384008,3.7062185231999303,1.0,0.0164529355931558,10.472238692283128,0.7483452279107765,0.0893289642399202,0.9045094340012618,0.5091893798749387,acousticness_very_high|key_very_low|loudness_very_low|valence_very_low,energy_very_low,"acousticness_very_high|key_very_low|loudness_very_low|valence_very_low  →  energy_very_low (conf=0.93, lift=3.71)"
"frozenset({'loudness_very_low', 'valence_very_low', 'mode_0', 'acousticness_very_high'})",frozenset({'energy_very_low'}),0.0244013464464116,0.2505061153104373,0.0226524035985098,0.928325969563083,3.705801626489891,1.0,0.016539717091875,10.456979747346848,0.7484151903348801,0.089799601101719,0.904370093070734,0.5093762594563693,acousticness_very_high|loudness_very_low|mode_0|valence_very_low,energy_very_low,"acousticness_very_high|loudness_very_low|mode_0|valence_very_low  →  energy_very_low (conf=0.93, lift=3.71)"
"frozenset({'loudness_very_low', 'duration_ms_very_low', 'acousticness_very_high', 'instrumentalness_high'})",frozenset({'energy_very_low'}),0.0318643012014997,0.2505061153104373,0.0295643215659028,0.9278195488721804,3.703780036357151,1.0,0.0215821192548333,10.383613194136649,0.7540322760969581,0.1169446550416982,0.9036944095178088,0.5229189557673832,acousticness_very_high|duration_ms_very_low|instrumentalness_high|loudness_very_low,energy_very_low,"acousticness_very_high|duration_ms_very_low|instrumentalness_high|loudness_very_low  →  energy_very_low (conf=0.93, lift=3.70)"
"frozenset({'energy_very_low', 'duration_ms_very_low', 'valence_very_low', 'acousticness_very_high'})",frozenset({'loudness_very_low'}),0.0240299955677475,0.2500029947651505,0.0222451155380395,0.9257228315054836,3.702846969393688,1.0,0.0162375446819093,10.09727511745711,0.7479097987677229,0.0883486369475236,0.90096337988542,0.5073511138840308,acousticness_very_high|duration_ms_very_low|energy_very_low|valence_very_low,loudness_very_low,"acousticness_very_high|duration_ms_very_low|energy_very_low|valence_very_low  →  loudness_very_low (conf=0.93, lift=3.70)"
"frozenset({'energy_very_low', 'tempo_very_low', 'mode_1', 'instrumentalness_high'})",frozenset({'loudness_very_low'}),0.0261263311731094,0.2500029947651505,0.0241857233555744,0.9257221458046768,3.702844226623316,1.0,0.0176540623200709,10.097181903809911,0.7495195249060222,0.0959965766451121,0.9009624656140268,0.5112319401759369,energy_very_low|instrumentalness_high|mode_1|tempo_very_low,loudness_very_low,"energy_very_low|instrumentalness_high|mode_1|tempo_very_low  →  loudness_very_low (conf=0.93, lift=3.70)"
"frozenset({'loudness_very_low', 'duration_ms_very_low', 'valence_very_low', 'acousticness_very_high'})",frozenset({'energy_very_low'}),0.0239940583859413,0.2505061153104373,0.0222451155380395,0.927109335996006,3.7009449244266728,1.0,0.0162344571812455,10.28244007556982,0.7477400535774625,0.0881850128217304,0.9027468195631976,0.5079550122979265,acousticness_very_high|duration_ms_very_low|loudness_very_low|valence_very_low,energy_very_low,"acousticness_very_high|duration_ms_very_low|loudness_very_low|valence_very_low  →  energy_very_low (conf=0.93, lift=3.70)"
"frozenset({'energy_very_low', 'mode_0', 'acousticness_very_high', 'instrumentalness_high'})",frozenset({'loudness_very_low'}),0.0243654092646054,0.2500029947651505,0.0225326129924891,0.9247787610619468,3.699070732855307,1.0,0.0164411877076592,9.97054842253388,0.7478843414744621,0.0894734338581553,0.8997046142677613,0.5074540666833453,acousticness_very_high|energy_very_low|instrumentalness_high|mode_0,loudness_very_low,"acousticness_very_high|energy_very_low|instrumentalness_high|mode_0  →  loudness_very_low (conf=0.92, lift=3.70)"
"frozenset({'loudness_very_low', 'liveness_low', 'mode_1', 'danceability_very_low'})",frozenset({'energy_very_low'}),0.0242216605373806,0.2505061153104373,0.0224128223864684,0.9253214638971315,3.6938078846915,1.0,0.0163451482988811,10.036269104915863,0.7473794330483488,0.0888287518397189,0.9003613803549576,0.5073958122852146,danceability_very_low|liveness_low|loudness_very_low|mode_1,energy_very_low,"danceability_very_low|liveness_low|loudness_very_low|mode_1  →  energy_very_low (conf=0.93, lift=3.69)"
"frozenset({'liveness_low', 'mode_1', 'acousticness_very_high', 'danceability_very_low'})",frozenset({'energy_very_low'}),0.0251440482037398,0.2505061153104373,0.0232633356892152,0.925202477370176,3.693332900171429,1.0,0.0169645978505179,10.020303592123495,0.7480508727033338,0.0921733352318572,0.9002026245206728,0.5090339089222724,acousticness_very_high|danceability_very_low|liveness_low|mode_1,energy_very_low,"acousticness_very_high|danceability_very_low|liveness_low|mode_1  →  energy_very_low (conf=0.93, lift=3.69)"
"frozenset({'loudness_very_low', 'acousticness_very_high', 'instrumentalness_high'})",frozenset({'energy_very_low'}),0.0715030127337414,0.2505061153104373,0.066112435462811,0.9246104875188474,3.690969724922813,1.0,0.0482004935098887,9.941619994915564,0.7852136304724072,0.258355959179852,0.8994127717101006,0.5942629713799287,acousticness_very_high|instrumentalness_high|loudness_very_low,energy_very_low,"acousticness_very_high|instrumentalness_high|loudness_very_low  →  energy_very_low (conf=0.92, lift=3.69)"
"frozenset({'valence_very_low', 'acousticness_very_high', 'danceability_very_low'})",frozenset({'energy_very_low'}),0.0594041615256531,0.2505061153104373,0.0549000347392757,0.9241782617463198,3.6892443148585032,1.0,0.0400189290022106,9.884947271743457,0.7749787415651256,0.2152856069146937,0.8988360815177493,0.571667363466886,acousticness_very_high|danceability_very_low|valence_very_low,energy_very_low,"acousticness_very_high|danceability_very_low|valence_very_low  →  energy_very_low (conf=0.92, lift=3.69)"
"frozenset({'loudness_very_low', 'speechiness_very_low', 'danceability_very_low'})",frozenset({'energy_very_low'}),0.0272164256878975,0.2505061153104373,0.0251200900825357,0.922975352112676,3.684442397619265,1.0,0.0183022090108253,9.730572034369631,0.7489728748503613,0.0994451557831839,0.8972311189447165,0.5116263524144099,danceability_very_low|loudness_very_low|speechiness_very_low,energy_very_low,"danceability_very_low|loudness_very_low|speechiness_very_low  →  energy_very_low (conf=0.92, lift=3.68)"
"frozenset({'loudness_very_low', 'key_very_low', 'acousticness_very_high', 'instrumentalness_high'})",frozenset({'energy_very_low'}),0.0240060374465434,0.2505061153104373,0.0221492830532229,0.9226546906187624,3.6831623430644447,1.0,0.0161356238684924,9.690230612373444,0.7464125919303883,0.0877675986139459,0.8968032815727728,0.5055364118740331,acousticness_very_high|instrumentalness_high|key_very_low|loudness_very_low,energy_very_low,"acousticness_very_high|instrumentalness_high|key_very_low|loudness_very_low  →  energy_very_low (conf=0.92, lift=3.68)"
"frozenset({'mode_1', 'speechiness_low', 'acousticness_very_high', 'instrumentalness_high'})",frozenset({'energy_very_low'}),0.022868026689347,0.2505061153104373,0.021095125720241,0.922472498690414,3.6824350477322616,1.0,0.0153665451894772,9.667458282921466,0.7454884086625638,0.0836182336182336,0.8965601949618338,0.503341260821871,acousticness_very_high|instrumentalness_high|mode_1|speechiness_low,energy_very_low,"acousticness_very_high|instrumentalness_high|mode_1|speechiness_low  →  energy_very_low (conf=0.92, lift=3.68)"
"frozenset({'loudness_very_low', 'mode_0', 'acousticness_very_high', 'danceability_very_low'})",frozenset({'energy_very_low'}),0.0232393775680111,0.2505061153104373,0.0214305394170989,0.9221649484536082,3.6812073322474537,1.0,0.0156089332203039,9.629259180779805,0.7456791107398969,0.0849356691829274,0.8961498510709919,0.5038569577769189,acousticness_very_high|danceability_very_low|loudness_very_low|mode_0,energy_very_low,"acousticness_very_high|danceability_very_low|loudness_very_low|mode_0  →  energy_very_low (conf=0.92, lift=3.68)"
"frozenset({'energy_very_low', 'mode_1', 'instrumentalness_high'})",frozenset({'loudness_very_low'}),0.0572359515566789,0.2500029947651505,0.0526599504066891,0.9200502302218502,3.680156836065636,1.0,0.0383507911092863,9.380852594272543,0.7724864470460577,0.2068511198945981,0.8933998813060395,0.5653437543059419,energy_very_low|instrumentalness_high|mode_1,loudness_very_low,"energy_very_low|instrumentalness_high|mode_1  →  loudness_very_low (conf=0.92, lift=3.68)"
"frozenset({'valence_very_low', 'acousticness_very_high', 'instrumentalness_high'})",frozenset({'energy_very_low'}),0.0492459181350998,0.2505061153104373,0.045376681560632,0.9214303089272684,3.678274711119904,1.0,0.0330402779137123,9.53922402464022,0.765848314142124,0.1783847421709441,0.8951696702565157,0.5512851621147435,acousticness_very_high|instrumentalness_high|valence_very_low,energy_very_low,"acousticness_very_high|instrumentalness_high|valence_very_low  →  energy_very_low (conf=0.92, lift=3.68)"
"frozenset({'danceability_very_low', 'acousticness_very_high', 'instrumentalness_high'})",frozenset({'energy_very_low'}),0.0464667760754201,0.2505061153104373,0.0427892044705854,0.9208558906934776,3.675981680336688,1.0,0.0311489929049319,9.469989507201351,0.7634383423275392,0.1683396955558697,0.8944032620902523,0.5458334541455147,acousticness_very_high|danceability_very_low|instrumentalness_high,energy_very_low,"acousticness_very_high|danceability_very_low|instrumentalness_high  →  energy_very_low (conf=0.92, lift=3.68)"
"frozenset({'danceability_very_low', 'acousticness_very_high', 'liveness_low'})",frozenset({'energy_very_low'}),0.0358413493213862,0.2505061153104373,0.0330023119586962,0.920788770053476,3.67571374021108,1.0,0.0240238347727113,9.46196499152393,0.755004369160449,0.1302662064400208,0.8943137074702976,0.5262656551109002,acousticness_very_high|danceability_very_low|liveness_low,energy_very_low,"acousticness_very_high|danceability_very_low|liveness_low  →  energy_very_low (conf=0.92, lift=3.68)"
"frozenset({'tempo_very_low', 'mode_1', 'acousticness_very_high', 'instrumentalness_high'})",frozenset({'loudness_very_low'}),0.0238023934163082,0.2500029947651505,0.0218498065381712,0.9179667840966282,3.671823151394462,1.0,0.0158991369015159,9.142601530071463,0.7453979849275916,0.086720867208672,0.8906219420467094,0.502682481650614,acousticness_very_high|instrumentalness_high|mode_1|tempo_very_low,loudness_very_low,"acousticness_very_high|instrumentalness_high|mode_1|tempo_very_low  →  loudness_very_low (conf=0.92, lift=3.67)"
"frozenset({'energy_very_low', 'speechiness_low', 'danceability_very_low', 'loudness_very_low', 'mode_1'})",frozenset({'acousticness_very_high'}),0.0253836294157812,0.249751434492507,0.0232513566286131,0.9159981123171308,3.6676390435091255,1.0,0.0169117587693956,8.931329833204364,0.7462885455246386,0.0923098872877728,0.8880345907412065,0.5045480513142083,danceability_very_low|energy_very_low|loudness_very_low|mode_1|speechiness_low,acousticness_very_high,"danceability_very_low|energy_very_low|loudness_very_low|mode_1|speechiness_low  →  acousticness_very_high (conf=0.92, lift=3.67)"
"frozenset({'loudness_very_low', 'danceability_very_low', 'speechiness_low', 'instrumentalness_high'})",frozenset({'energy_very_low'}),0.0284023526875022,0.2505061153104373,0.0260903939913032,0.9185997469422186,3.6669753383219903,1.0,0.01897543095388,9.207512956471271,0.7485564486499267,0.1031982942430703,0.8913930390619569,0.5113752368988063,danceability_very_low|instrumentalness_high|loudness_very_low|speechiness_low,energy_very_low,"danceability_very_low|instrumentalness_high|loudness_very_low|speechiness_low  →  energy_very_low (conf=0.92, lift=3.67)"
"frozenset({'energy_very_low', 'instrumentalness_high', 'liveness_low'})",frozenset({'loudness_very_low'}),0.0418069215012158,0.2500029947651505,0.0383210148660142,0.9166189111747852,3.666431724291322,1.0,0.0278691592887986,8.994809444225515,0.758986124424556,0.1511743301356268,0.8888247709747782,0.5349505672309,energy_very_low|instrumentalness_high|liveness_low,loudness_very_low,"energy_very_low|instrumentalness_high|liveness_low  →  loudness_very_low (conf=0.92, lift=3.67)"
"frozenset({'loudness_very_low', 'valence_low', 'acousticness_very_high'})",frozenset({'energy_very_low'}),0.0386204913810658,0.2505061153104373,0.0354699984427221,0.918424317617866,3.666275038753913,1.0,0.025795329175471,9.187712107373196,0.756458389525064,0.1398347107438016,0.8911589753451792,0.5300088305763393,acousticness_very_high|loudness_very_low|valence_low,energy_very_low,"acousticness_very_high|loudness_very_low|valence_low  →  energy_very_low (conf=0.92, lift=3.67)"
"frozenset({'loudness_very_low', 'liveness_low', 'danceability_very_low', 'instrumentalness_high'})",frozenset({'energy_very_low'}),0.0238862468405227,0.2505061153104373,0.0219336599623857,0.9182547642928786,3.6655981956965,1.0,0.0159500090570201,9.168655251969245,0.7449882031743703,0.0868801897983392,0.8909327515847844,0.50290607380673,danceability_very_low|instrumentalness_high|liveness_low|loudness_very_low,energy_very_low,"danceability_very_low|instrumentalness_high|liveness_low|loudness_very_low  →  energy_very_low (conf=0.92, lift=3.67)"
"frozenset({'energy_very_low', 'danceability_very_low', 'speechiness_low', 'acousticness_very_high'})",frozenset({'loudness_very_low'}),0.0376262293510942,0.2500029947651505,0.0344637573521484,0.9159503342884432,3.6637574487812623,1.0,0.0250570873326544,8.92325982364645,0.7554821105023143,0.1361313523232706,0.8879333315667867,0.5269018561715335,acousticness_very_high|danceability_very_low|energy_very_low|speechiness_low,loudness_very_low,"acousticness_very_high|danceability_very_low|energy_very_low|speechiness_low  →  loudness_very_low (conf=0.92, lift=3.66)"
"frozenset({'loudness_very_low', 'key_low', 'mode_1', 'acousticness_very_high'})",frozenset({'energy_very_low'}),0.0238622887193186,0.2505061153104373,0.0218977227805795,0.9176706827309236,3.663266589694662,1.0,0.0159200735310869,9.10360864818054,0.7447920368766988,0.0867337255646232,0.8901534502804157,0.5025423038750257,acousticness_very_high|key_low|loudness_very_low|mode_1,energy_very_low,"acousticness_very_high|key_low|loudness_very_low|mode_1  →  energy_very_low (conf=0.92, lift=3.66)"
"frozenset({'energy_very_low', 'liveness_very_low', 'instrumentalness_high'})",frozenset({'loudness_very_low'}),0.0250961319613315,0.2500029947651505,0.0229758382347656,0.9155131264916468,3.66200863854318,1.0,0.0167017300874113,8.877083197553722,0.7456384629332773,0.0911293771083764,0.8873503855100093,0.5037076892640313,energy_very_low|instrumentalness_high|liveness_very_low,loudness_very_low,"energy_very_low|instrumentalness_high|liveness_very_low  →  loudness_very_low (conf=0.92, lift=3.66)"
"frozenset({'tempo_very_low', 'mode_1', 'acousticness_very_high', 'instrumentalness_high'})",frozenset({'energy_very_low'}),0.0238023934163082,0.2505061153104373,0.021801890295763,0.9159536990437848,3.656412530722843,1.0,0.0158392451859528,8.917630831605761,0.7442221524609981,0.0863418568243275,0.8878625927801572,0.5014925342961846,acousticness_very_high|instrumentalness_high|mode_1|tempo_very_low,energy_very_low,"acousticness_very_high|instrumentalness_high|mode_1|tempo_very_low  →  energy_very_low (conf=0.92, lift=3.66)"
"frozenset({'liveness_low', 'mode_1', 'acousticness_very_high', 'instrumentalness_high'})",frozenset({'energy_very_low'}),0.0244971789312282,0.2505061153104373,0.0224367805076725,0.9158924205378972,3.6561679119205777,1.0,0.0163000873775459,8.911133687152057,0.7447334544834824,0.0888351356478846,0.8877808329324263,0.5027291100394153,acousticness_very_high|instrumentalness_high|liveness_low|mode_1,energy_very_low,"acousticness_very_high|instrumentalness_high|liveness_low|mode_1  →  energy_very_low (conf=0.92, lift=3.66)"
"frozenset({'acousticness_very_high', 'speechiness_low', 'instrumentalness_high'})",frozenset({'energy_very_low'}),0.0352184381700787,0.2505061153104373,0.0322476311407659,0.9156462585034012,3.655185253137214,1.0,0.0234251970074786,8.885129116884315,0.7529331862091786,0.1272211720226843,0.8874523952499788,0.5221880871705988,acousticness_very_high|instrumentalness_high|speechiness_low,energy_very_low,"acousticness_very_high|instrumentalness_high|speechiness_low  →  energy_very_low (conf=0.92, lift=3.66)"
"frozenset({'loudness_very_low', 'mode_1', 'duration_ms_low', 'acousticness_very_high'})",frozenset({'energy_very_low'}),0.0219216809017836,0.2505061153104373,0.0200649265084632,0.9153005464480874,3.653805198782512,1.0,0.0145734113846823,8.848863283754193,0.7425915773799132,0.079508235629183,0.8869911345747741,0.497699049046538,acousticness_very_high|duration_ms_low|loudness_very_low|mode_1,energy_very_low,"acousticness_very_high|duration_ms_low|loudness_very_low|mode_1  →  energy_very_low (conf=0.92, lift=3.65)"
"frozenset({'energy_very_low', 'instrumentalness_high', 'tempo_very_low'})",frozenset({'loudness_very_low'}),0.0403215179865594,0.2500029947651505,0.0368236322907557,0.9132501485442662,3.6529568351857593,1.0,0.026743132040639,8.645513423357892,0.7567629932219763,0.1452603723655609,0.8843330695319651,0.5302714566391671,energy_very_low|instrumentalness_high|tempo_very_low,loudness_very_low,"energy_very_low|instrumentalness_high|tempo_very_low  →  loudness_very_low (conf=0.91, lift=3.65)"
"frozenset({'loudness_very_low', 'speechiness_very_low', 'valence_very_low'})",frozenset({'energy_very_low'}),0.0294445309598821,0.2505061153104373,0.0269289282334479,0.9145646867371848,3.6508677067776127,1.0,0.0195528931655499,8.772647469366406,0.7481205720532628,0.106429315405738,0.8860093257489321,0.511031386979916,loudness_very_low|speechiness_very_low|valence_very_low,energy_very_low,"loudness_very_low|speechiness_very_low|valence_very_low  →  energy_very_low (conf=0.91, lift=3.65)"
"frozenset({'loudness_very_low', 'danceability_very_low', 'liveness_low'})",frozenset({'energy_very_low'}),0.03545801938212,0.2505061153104373,0.0324153379891948,0.9141891891891892,3.649368751163175,1.0,0.0235328872971778,8.734259443626405,0.7526681279735777,0.1278465463479164,0.8855083242655764,0.5217942885502181,danceability_very_low|liveness_low|loudness_very_low,energy_very_low,"danceability_very_low|liveness_low|loudness_very_low  →  energy_very_low (conf=0.91, lift=3.65)"
"frozenset({'energy_very_low', 'speechiness_low', 'acousticness_very_high', 'danceability_very_low', 'mode_1'})",frozenset({'loudness_very_low'}),0.0254914409611998,0.2500029947651505,0.0232513566286131,0.912124060150376,3.648452535567477,1.0,0.0168784200474342,8.534725278822245,0.7448997620940155,0.092178372987605,0.8828316123447625,0.502564186280267,acousticness_very_high|danceability_very_low|energy_very_low|mode_1|speechiness_low,loudness_very_low,"acousticness_very_high|danceability_very_low|energy_very_low|mode_1|speechiness_low  →  loudness_very_low (conf=0.91, lift=3.65)"
"frozenset({'loudness_very_low', 'liveness_low', 'mode_1', 'tempo_very_low'})",frozenset({'energy_very_low'}),0.0222451155380395,0.2505061153104373,0.0203164867811066,0.9133010231556272,3.645823264728797,1.0,0.0147439493030404,8.644783502288929,0.7422243956609922,0.0804821335358041,0.8843233032110955,0.4972013914553959,liveness_low|loudness_very_low|mode_1|tempo_very_low,energy_very_low,"liveness_low|loudness_very_low|mode_1|tempo_very_low  →  energy_very_low (conf=0.91, lift=3.65)"
"frozenset({'energy_very_low', 'acousticness_very_high', 'tempo_very_low', 'danceability_very_low', 'valence_very_low'})",frozenset({'loudness_very_low'}),0.0305226464140682,0.2500029947651505,0.0278153787180009,0.9113029827315542,3.645168265234663,1.0,0.0201846257063261,8.455718448399987,0.7485107713591179,0.1100682593856655,0.8817368380815443,0.5112815824055471,acousticness_very_high|danceability_very_low|energy_very_low|tempo_very_low|valence_very_low,loudness_very_low,"acousticness_very_high|danceability_very_low|energy_very_low|tempo_very_low|valence_very_low  →  loudness_very_low (conf=0.91, lift=3.65)"
"frozenset({'loudness_very_low', 'mode_1', 'speechiness_low', 'danceability_very_low'})",frozenset({'energy_very_low'}),0.0278033996573988,0.2505061153104373,0.0253836294157812,0.912968548039638,3.644496051157275,1.0,0.0184187077751826,8.611758942398383,0.7463651294980382,0.1003599507435824,0.8838797037064416,0.5071489641498879,danceability_very_low|loudness_very_low|mode_1|speechiness_low,energy_very_low,"danceability_very_low|loudness_very_low|mode_1|speechiness_low  →  energy_very_low (conf=0.91, lift=3.64)"
"frozenset({'instrumentalness_high', 'acousticness_very_high', 'liveness_low'})",frozenset({'loudness_very_low'}),0.0368356113513578,0.2500029947651505,0.0335533487463913,0.9108943089430892,3.6435335896626806,1.0,0.0243443355945466,8.416937193785252,0.7532890223542832,0.1324725690503216,0.8811919375211256,0.5225530480987608,acousticness_very_high|instrumentalness_high|liveness_low,loudness_very_low,"acousticness_very_high|instrumentalness_high|liveness_low  →  loudness_very_low (conf=0.91, lift=3.64)"
"frozenset({'energy_very_low', 'key_very_low', 'instrumentalness_high'})",frozenset({'loudness_very_low'}),0.0304747301716599,0.2500029947651505,0.0277315252937864,0.9099842767295596,3.639893504413364,1.0,0.0201127514862115,8.331844459901557,0.748063727645348,0.1097208398502298,0.8799785563913641,0.5104545245650673,energy_very_low|instrumentalness_high|key_very_low,loudness_very_low,"energy_very_low|instrumentalness_high|key_very_low  →  loudness_very_low (conf=0.91, lift=3.64)"
"frozenset({'speechiness_very_low', 'valence_very_low', 'acousticness_very_high'})",frozenset({'energy_very_low'}),0.0302231698990165,0.2505061153104373,0.0275518393847554,0.9116131589377724,3.639085448305581,1.0,0.0199807505009854,8.479699870276981,0.7478067742649255,0.1088242252188313,0.8820712978881249,0.5107989283594754,acousticness_very_high|speechiness_very_low|valence_very_low,energy_very_low,"acousticness_very_high|speechiness_very_low|valence_very_low  →  energy_very_low (conf=0.91, lift=3.64)"
"frozenset({'loudness_very_low', 'speechiness_low', 'danceability_very_low'})",frozenset({'energy_very_low'}),0.0418907749254303,0.2505061153104373,0.038117370835779,0.9099227909636832,3.632337637091493,1.0,0.0276234755418656,8.320571792886993,0.7563805643196182,0.1499034248834032,0.8798159519692058,0.5310421146861263,danceability_very_low|loudness_very_low|speechiness_low,energy_very_low,"danceability_very_low|loudness_very_low|speechiness_low  →  energy_very_low (conf=0.91, lift=3.63)"
"frozenset({'tempo_very_low', 'acousticness_very_high', 'instrumentalness_high'})",frozenset({'loudness_very_low'}),0.0362007211394482,0.2500029947651505,0.0328705422920734,0.9080079417604237,3.631988259234231,1.0,0.0238202535945533,8.152845143236393,0.7518875863321738,0.1297522224323813,0.87734343257708,0.5197442679573561,acousticness_very_high|instrumentalness_high|tempo_very_low,loudness_very_low,"acousticness_very_high|instrumentalness_high|tempo_very_low  →  loudness_very_low (conf=0.91, lift=3.63)"
"frozenset({'valence_very_low', 'speechiness_low', 'acousticness_very_high'})",frozenset({'loudness_very_low'}),0.0361408258364379,0.2500029947651505,0.032798667928461,0.907524030493868,3.63005263735494,1.0,0.0237633532360658,8.110182669510891,0.7516885457629014,0.1294623859284126,0.876698214978639,0.5193585653188075,acousticness_very_high|speechiness_low|valence_very_low,loudness_very_low,"acousticness_very_high|speechiness_low|valence_very_low  →  loudness_very_low (conf=0.91, lift=3.63)"
"frozenset({'energy_very_low', 'duration_ms_very_low', 'mode_1', 'instrumentalness_high'})",frozenset({'loudness_very_low'}),0.0258268546580577,0.2500029947651505,0.0234310425376442,0.907235621521336,3.62889901528412,1.0,0.0169742515277654,8.08496771643168,0.7436402145731731,0.0928334124347413,0.8763136681464262,0.5004793344789238,duration_ms_very_low|energy_very_low|instrumentalness_high|mode_1,loudness_very_low,"duration_ms_very_low|energy_very_low|instrumentalness_high|mode_1  →  loudness_very_low (conf=0.91, lift=3.63)"
"frozenset({'valence_very_low', 'mode_1', 'acousticness_very_high', 'tempo_very_low'})",frozenset({'energy_very_low'}),0.028366415505696,0.2505061153104373,0.0257669593550473,0.9083614864864864,3.62610503684035,1.0,0.0186609988014337,8.178808843063976,0.7453653415619683,0.1018032088598608,0.8777328069174708,0.5056105443143986,acousticness_very_high|mode_1|tempo_very_low|valence_very_low,energy_very_low,"acousticness_very_high|mode_1|tempo_very_low|valence_very_low  →  energy_very_low (conf=0.91, lift=3.63)"
"frozenset({'energy_very_low', 'instrumentalness_high'})",frozenset({'loudness_very_low'}),0.0909450280908971,0.2500029947651505,0.0824398950634291,0.9064805057955744,3.6258785885629488,1.0,0.0597033656817041,8.019686286961937,0.796656745408646,0.3189063948100092,0.8753068431584715,0.618118067943307,energy_very_low|instrumentalness_high,loudness_very_low,"energy_very_low|instrumentalness_high  →  loudness_very_low (conf=0.91, lift=3.63)"
"frozenset({'loudness_very_low', 'mode_1', 'acousticness_very_high', 'instrumentalness_medium'})",frozenset({'energy_very_low'}),0.022868026689347,0.2505061153104373,0.020747732962781,0.9072812991094814,3.6217930168496735,1.0,0.0150191524320173,8.083524439956923,0.740835100755072,0.0821281236663663,0.8762915845151661,0.4950522792410452,acousticness_very_high|instrumentalness_medium|loudness_very_low|mode_1,energy_very_low,"acousticness_very_high|instrumentalness_medium|loudness_very_low|mode_1  →  energy_very_low (conf=0.91, lift=3.62)"
"frozenset({'loudness_very_low', 'mode_1', 'tempo_low', 'acousticness_very_high'})",frozenset({'energy_very_low'}),0.0249883204159129,0.2505061153104373,0.0226643826591118,0.9069990412272292,3.620666266383314,1.0,0.016404655583589,8.05899094568262,0.742358019734024,0.0896427556145171,0.875914986536159,0.4987367050053514,acousticness_very_high|loudness_very_low|mode_1|tempo_low,energy_very_low,"acousticness_very_high|loudness_very_low|mode_1|tempo_low  →  energy_very_low (conf=0.91, lift=3.62)"
"frozenset({'loudness_very_low', 'mode_0', 'acousticness_very_high', 'instrumentalness_high'})",frozenset({'energy_very_low'}),0.0248445716886881,0.2505061153104373,0.0225326129924891,0.9069431051108968,3.620442973964832,1.0,0.0163088958522041,8.054146719410129,0.7422311196558866,0.0891257995735607,0.8758403546846192,0.4984457300611868,acousticness_very_high|instrumentalness_high|loudness_very_low|mode_0,energy_very_low,"acousticness_very_high|instrumentalness_high|loudness_very_low|mode_0  →  energy_very_low (conf=0.91, lift=3.62)"
"frozenset({'energy_very_low', 'loudness_very_low', 'speechiness_low', 'danceability_very_low'})",frozenset({'acousticness_very_high'}),0.038117370835779,0.249751434492507,0.0344637573521484,0.9041483343808924,3.620192757723753,1.0,0.0249438893068297,7.827183394901119,0.75245315045613,0.1360026472534745,0.8722401214399254,0.5210702821120252,danceability_very_low|energy_very_low|loudness_very_low|speechiness_low,acousticness_very_high,"danceability_very_low|energy_very_low|loudness_very_low|speechiness_low  →  acousticness_very_high (conf=0.90, lift=3.62)"
"frozenset({'energy_very_low', 'valence_very_low', 'speechiness_low'})",frozenset({'loudness_very_low'}),0.0409683872590711,0.2500029947651505,0.0370751925633991,0.9049707602339182,3.619839678656792,1.0,0.0268329730579329,7.892276178163653,0.7546619545790957,0.1460250058976173,0.8732938410383053,0.5266348770024407,energy_very_low|speechiness_low|valence_very_low,loudness_very_low,"energy_very_low|speechiness_low|valence_very_low  →  loudness_very_low (conf=0.90, lift=3.62)"
"frozenset({'loudness_very_low', 'duration_ms_very_low', 'mode_1', 'acousticness_very_high'})",frozenset({'energy_very_low'}),0.04432252422765,0.2505061153104373,0.0401897483199367,0.9067567567567568,3.619699086519572,1.0,0.0290866849549153,8.038050357540234,0.7572993606462293,0.1578303617631838,0.8755917224303114,0.5335954786079116,acousticness_very_high|duration_ms_very_low|loudness_very_low|mode_1,energy_very_low,"acousticness_very_high|duration_ms_very_low|loudness_very_low|mode_1  →  energy_very_low (conf=0.91, lift=3.62)"
"frozenset({'instrumentalness_high', 'acousticness_very_high', 'liveness_low'})",frozenset({'energy_very_low'}),0.0368356113513578,0.2505061153104373,0.0333976209585644,0.9066666666666668,3.619339454220862,1.0,0.0241700750538507,8.030291621673891,0.7513841863296237,0.1315156375300721,0.8754715211959447,0.519993624075491,acousticness_very_high|instrumentalness_high|liveness_low,energy_very_low,"acousticness_very_high|instrumentalness_high|liveness_low  →  energy_very_low (conf=0.91, lift=3.62)"
"frozenset({'energy_very_low', 'acousticness_very_high', 'danceability_very_low', 'liveness_low', 'valence_very_low'})",frozenset({'loudness_very_low'}),0.0239461421435331,0.2500029947651505,0.0216461625079361,0.903951975987994,3.615764590488823,1.0,0.0156595552589808,7.808562570127411,0.7411817662670588,0.0857943215269205,0.8719354566196832,0.4952677944146965,acousticness_very_high|danceability_very_low|energy_very_low|liveness_low|valence_very_low,loudness_very_low,"acousticness_very_high|danceability_very_low|energy_very_low|liveness_low|valence_very_low  →  loudness_very_low (conf=0.90, lift=3.62)"
"frozenset({'key_very_low', 'acousticness_very_high', 'instrumentalness_high'})",frozenset({'loudness_very_low'}),0.0265575773547838,0.2500029947651505,0.0240060374465434,0.9039242219215156,3.615653575552765,1.0,0.0173665635741403,7.806306857303574,0.7431613969275399,0.0950528862116397,0.871898451049948,0.4999736107211794,acousticness_very_high|instrumentalness_high|key_very_low,loudness_very_low,"acousticness_very_high|instrumentalness_high|key_very_low  →  loudness_very_low (conf=0.90, lift=3.62)"
"frozenset({'loudness_very_low', 'acousticness_very_high', 'instrumentalness_medium'})",frozenset({'energy_very_low'}),0.0324033589285928,0.2505061153104373,0.0293486984750655,0.9057301293900184,3.615600873725581,1.0,0.021231458906854,7.950513561118696,0.7476470757664494,0.1157462087211225,0.8742219615987556,0.5114438711219411,acousticness_very_high|instrumentalness_medium|loudness_very_low,energy_very_low,"acousticness_very_high|instrumentalness_medium|loudness_very_low  →  energy_very_low (conf=0.91, lift=3.62)"
"frozenset({'energy_very_low', 'duration_ms_very_low', 'acousticness_very_high', 'danceability_very_low'})",frozenset({'loudness_very_low'}),0.0263898705063548,0.2500029947651505,0.0238503096587165,0.9037675896504768,3.615027053973749,1.0,0.0172527630006633,7.793600955341386,0.742984152887017,0.0944407551465705,0.8716896071879784,0.4995838427409067,acousticness_very_high|danceability_very_low|duration_ms_very_low|energy_very_low,loudness_very_low,"acousticness_very_high|danceability_very_low|duration_ms_very_low|energy_very_low  →  loudness_very_low (conf=0.90, lift=3.62)"
"frozenset({'loudness_very_low', 'duration_ms_low', 'acousticness_very_high'})",frozenset({'energy_very_low'}),0.0318163849590915,0.2505061153104373,0.0288096407479725,0.9054969879518072,3.6146701921016113,1.0,0.0208394417486491,7.930899433209068,0.7471202529960557,0.1136417332136275,0.8739108964346846,0.5102513631419326,acousticness_very_high|duration_ms_low|loudness_very_low,energy_very_low,"acousticness_very_high|duration_ms_low|loudness_very_low  →  energy_very_low (conf=0.91, lift=3.61)"
"frozenset({'energy_very_low', 'speechiness_low', 'instrumentalness_high', 'danceability_very_low', 'loudness_very_low'})",frozenset({'acousticness_very_high'}),0.0260903939913032,0.249751434492507,0.0235508331436648,0.9026629935720846,3.614245481337429,1.0,0.0170347198178622,7.707742338091137,0.7426942641327957,0.0933478942120507,0.8702603231742625,0.4984800410807327,danceability_very_low|energy_very_low|instrumentalness_high|loudness_very_low|speechiness_low,acousticness_very_high,"danceability_very_low|energy_very_low|instrumentalness_high|loudness_very_low|speechiness_low  →  acousticness_very_high (conf=0.90, lift=3.61)"
"frozenset({'tempo_very_low', 'danceability_very_low', 'loudness_very_low', 'mode_1', 'valence_very_low'})",frozenset({'energy_very_low'}),0.0233831262952359,0.2505061153104373,0.0211670000838534,0.9052254098360656,3.613586074392928,1.0,0.0153093839518205,7.908173313048792,0.7405837525024346,0.0837559842631653,0.8735485477600797,0.4948611746961506,danceability_very_low|loudness_very_low|mode_1|tempo_very_low|valence_very_low,energy_very_low,"danceability_very_low|loudness_very_low|mode_1|tempo_very_low|valence_very_low  →  energy_very_low (conf=0.91, lift=3.61)"
"frozenset({'danceability_very_low', 'mode_1', 'speechiness_low', 'acousticness_very_high'})",frozenset({'energy_very_low'}),0.0281627714754608,0.2505061153104373,0.0254914409611998,0.905146746065504,3.6132720550307096,1.0,0.0184364944825065,7.901614900919999,0.7442013103956023,0.1006860657676839,0.8734435919063115,0.5034532506150013,acousticness_very_high|danceability_very_low|mode_1|speechiness_low,energy_very_low,"acousticness_very_high|danceability_very_low|mode_1|speechiness_low  →  energy_very_low (conf=0.91, lift=3.61)"
"frozenset({'loudness_very_low', 'mode_1', 'acousticness_very_high', 'tempo_very_low'})",frozenset({'energy_very_low'}),0.0439152361671797,0.2505061153104373,0.0397465230776602,0.9050736497545008,3.612980260513388,1.0,0.0287454878624796,7.895530405953847,0.756439402238356,0.1560677328316086,0.8733460643447182,0.5318692655811526,acousticness_very_high|loudness_very_low|mode_1|tempo_very_low,energy_very_low,"acousticness_very_high|loudness_very_low|mode_1|tempo_very_low  →  energy_very_low (conf=0.91, lift=3.61)"
"frozenset({'tempo_very_low', 'acousticness_very_high', 'instrumentalness_high'})",frozenset({'energy_very_low'}),0.0362007211394482,0.2505061153104373,0.0327627307466548,0.9050297816015884,3.612805142421528,1.0,0.0236942287225752,7.891883343316577,0.7503707329649033,0.1290155195999811,0.8732875339766807,0.5179079665467773,acousticness_very_high|instrumentalness_high|tempo_very_low,energy_very_low,"acousticness_very_high|instrumentalness_high|tempo_very_low  →  energy_very_low (conf=0.91, lift=3.61)"
"frozenset({'loudness_very_low', 'key_high', 'mode_1', 'acousticness_very_high'})",frozenset({'energy_very_low'}),0.0240898908707579,0.2505061153104373,0.021801890295763,0.905022376926902,3.612775583563544,1.0,0.015767225315477,7.891268073878055,0.7410564762973071,0.0862436620385727,0.8732776544101658,0.4960268732377432,acousticness_very_high|key_high|loudness_very_low|mode_1,energy_very_low,"acousticness_very_high|key_high|loudness_very_low|mode_1  →  energy_very_low (conf=0.91, lift=3.61)"
"frozenset({'acousticness_very_high', 'speechiness_low', 'danceability_very_low'})",frozenset({'energy_very_low'}),0.0415793193497765,0.2505061153104373,0.0376262293510942,0.9049265341400172,3.612392986967985,1.0,0.0272103555835296,7.883312950780223,0.754548816847064,0.1478674324451558,0.8731497777338613,0.5275636878810263,acousticness_very_high|danceability_very_low|speechiness_low,energy_very_low,"acousticness_very_high|danceability_very_low|speechiness_low  →  energy_very_low (conf=0.90, lift=3.61)"
"frozenset({'energy_very_low', 'speechiness_low', 'danceability_very_low', 'loudness_very_low', 'valence_very_low'})",frozenset({'acousticness_very_high'}),0.0296242168689131,0.249751434492507,0.0267133051426107,0.9017387788111606,3.6105449429889616,1.0,0.0193146144838825,7.63524568930054,0.7451067013914378,0.1057272899677603,0.8690284450962299,0.5043491726086117,danceability_very_low|energy_very_low|loudness_very_low|speechiness_low|valence_very_low,acousticness_very_high,"danceability_very_low|energy_very_low|loudness_very_low|speechiness_low|valence_very_low  →  acousticness_very_high (conf=0.90, lift=3.61)"
"frozenset({'loudness_very_low', 'duration_ms_very_low', 'mode_1', 'liveness_low'})",frozenset({'energy_very_low'}),0.0226044873561015,0.2505061153104373,0.0204362773871273,0.9040805511393748,3.609015891763765,1.0,0.0147737150709664,7.813784311653067,0.7396352301969241,0.0808799127672687,0.8720210387035314,0.4928302526163591,duration_ms_very_low|liveness_low|loudness_very_low|mode_1,energy_very_low,"duration_ms_very_low|liveness_low|loudness_very_low|mode_1  →  energy_very_low (conf=0.90, lift=3.61)"
"frozenset({'valence_very_low', 'acousticness_very_high', 'tempo_very_low'})",frozenset({'energy_very_low'}),0.042010565531451,0.2505061153104373,0.0379257058661459,0.9027658967778728,3.60376789867636,1.0,0.0274018022928676,7.708137987115244,0.7541968889995895,0.1489672046299345,0.8702669825486287,0.5270811121226778,acousticness_very_high|tempo_very_low|valence_very_low,energy_very_low,"acousticness_very_high|tempo_very_low|valence_very_low  →  energy_very_low (conf=0.90, lift=3.60)"
"frozenset({'mode_1', 'acousticness_very_high', 'instrumentalness_high'})",frozenset({'loudness_very_low'}),0.0517974580433402,0.2500029947651505,0.0466584410450532,0.900786308973173,3.603102074114591,1.0,0.0337089214129959,7.559410374441702,0.7619272694926166,0.1828724353256021,0.8677145504124248,0.5437089187414978,acousticness_very_high|instrumentalness_high|mode_1,loudness_very_low,"acousticness_very_high|instrumentalness_high|mode_1  →  loudness_very_low (conf=0.90, lift=3.60)"
"frozenset({'loudness_very_low', 'key_low', 'acousticness_very_high'})",frozenset({'energy_very_low'}),0.0347752129278022,0.2505061153104373,0.031373159716815,0.902170168790906,3.6013898010948755,1.0,0.0226617562171779,7.661199814273944,0.7483535734388613,0.1235610492545763,0.8694721421915071,0.5137046329799977,acousticness_very_high|key_low|loudness_very_low,energy_very_low,"acousticness_very_high|key_low|loudness_very_low  →  energy_very_low (conf=0.90, lift=3.60)"
"frozenset({'loudness_very_low', 'mode_1', 'acousticness_very_high'})",frozenset({'energy_very_low'}),0.1044454293894272,0.2505061153104373,0.0941793744534553,0.9017089115724282,3.5995484998639404,1.0,0.0680151556751793,7.625247585307242,0.8064135939662223,0.3611557719693141,0.868856717265567,0.638832650124393,acousticness_very_high|loudness_very_low|mode_1,energy_very_low,"acousticness_very_high|loudness_very_low|mode_1  →  energy_very_low (conf=0.90, lift=3.60)"
"frozenset({'energy_very_low', 'valence_very_low', 'mode_0', 'acousticness_very_high'})",frozenset({'loudness_very_low'}),0.0252039435067502,0.2500029947651505,0.0226524035985098,0.8987642585551331,3.595013969330328,1.0,0.0163513422419305,7.408421122132035,0.7405004967340648,0.0896931176777498,0.8650184724228778,0.4946863937720562,acousticness_very_high|energy_very_low|mode_0|valence_very_low,loudness_very_low,"acousticness_very_high|energy_very_low|mode_0|valence_very_low  →  loudness_very_low (conf=0.90, lift=3.60)"
"frozenset({'speechiness_very_low', 'mode_1', 'acousticness_very_high', 'danceability_very_low'})",frozenset({'energy_very_low'}),0.0224966758106829,0.2505061153104373,0.0202446124174942,0.8998935037273694,3.5923015396737314,1.0,0.0146090575527617,7.486965507696793,0.7382347602916167,0.0800947867298578,0.8664345389367729,0.4903541734398132,acousticness_very_high|danceability_very_low|mode_1|speechiness_very_low,energy_very_low,"acousticness_very_high|danceability_very_low|mode_1|speechiness_very_low  →  energy_very_low (conf=0.90, lift=3.59)"
"frozenset({'energy_very_low', 'valence_very_low', 'mode_1', 'speechiness_low'})",frozenset({'loudness_very_low'}),0.0265216401729776,0.2500029947651505,0.0238143724769103,0.8979223125564589,3.591646225678037,1.0,0.0171838830075822,7.347315794645829,0.7412349071355471,0.0942358740993553,0.8638958732754178,0.4965893306912625,energy_very_low|mode_1|speechiness_low|valence_very_low,loudness_very_low,"energy_very_low|mode_1|speechiness_low|valence_very_low  →  loudness_very_low (conf=0.90, lift=3.59)"
"frozenset({'loudness_very_low', 'acousticness_very_high', 'liveness_high'})",frozenset({'energy_very_low'}),0.0303309814444351,0.2505061153104373,0.0272763209909078,0.8992890995260664,3.589888807351592,1.0,0.0196782246557094,7.442033396211661,0.7440062808545997,0.1075731090848962,0.865628122482083,0.5040869751647165,acousticness_very_high|liveness_high|loudness_very_low,energy_very_low,"acousticness_very_high|liveness_high|loudness_very_low  →  energy_very_low (conf=0.90, lift=3.59)"
"frozenset({'loudness_very_low', 'acousticness_very_high', 'tempo_high'})",frozenset({'energy_very_low'}),0.027300279112112,0.2505061153104373,0.0245450951736364,0.8990785432207108,3.589048283737649,1.0,0.0177062083063706,7.426506796554403,0.7416210659050313,0.0969160911928861,0.8653471911634202,0.4985302815567976,acousticness_very_high|loudness_very_low|tempo_high,energy_very_low,"acousticness_very_high|loudness_very_low|tempo_high  →  energy_very_low (conf=0.90, lift=3.59)"
"frozenset({'energy_very_low', 'danceability_very_low', 'speechiness_low', 'instrumentalness_high'})",frozenset({'acousticness_very_high'}),0.0265575773547838,0.249751434492507,0.0238023934163082,0.8962562020748759,3.588592809871388,1.0,0.0171696003753053,7.231743781435263,0.74101890686499,0.0942644337966696,0.8617207646975661,0.4957802666089281,danceability_very_low|energy_very_low|instrumentalness_high|speechiness_low,acousticness_very_high,"danceability_very_low|energy_very_low|instrumentalness_high|speechiness_low  →  acousticness_very_high (conf=0.90, lift=3.59)"
"frozenset({'speechiness_very_low', 'acousticness_very_high', 'danceability_very_low'})",frozenset({'energy_very_low'}),0.0307981648079157,0.2505061153104373,0.0276836090513781,0.8988720342279268,3.588223916665699,1.0,0.0199684804266565,7.411341452064865,0.7442315579274327,0.1091535990931418,0.8650716599055909,0.504691372890551,acousticness_very_high|danceability_very_low|speechiness_very_low,energy_very_low,"acousticness_very_high|danceability_very_low|speechiness_very_low  →  energy_very_low (conf=0.90, lift=3.59)"
"frozenset({'loudness_very_low', 'mode_1', 'valence_very_low', 'liveness_low'})",frozenset({'energy_very_low'}),0.027827357778603,0.2505061153104373,0.0250122785371171,0.8988377098579423,3.5880868965776185,1.0,0.0180413552406456,7.4088267835483155,0.7419463559987303,0.0987374095616399,0.8650258631743757,0.4993423438348625,liveness_low|loudness_very_low|mode_1|valence_very_low,energy_very_low,"liveness_low|loudness_very_low|mode_1|valence_very_low  →  energy_very_low (conf=0.90, lift=3.59)"
"frozenset({'energy_very_low', 'speechiness_low', 'danceability_very_low'})",frozenset({'loudness_very_low'}),0.0425256651373399,0.2500029947651505,0.038117370835779,0.8963380281690142,3.585309164040303,1.0,0.0274858271970641,7.23502545810793,0.7531105524915147,0.1498257839721254,0.8617834856573517,0.5244028425464141,danceability_very_low|energy_very_low|speechiness_low,loudness_very_low,"danceability_very_low|energy_very_low|speechiness_low  →  loudness_very_low (conf=0.90, lift=3.59)"
"frozenset({'valence_very_low', 'mode_1', 'speechiness_low', 'acousticness_very_high'})",frozenset({'loudness_very_low'}),0.0236706237496855,0.2500029947651505,0.0212149163262616,0.8962550607287451,3.584977298254667,1.0,0.0152971895008812,7.229239426068606,0.738539905966125,0.0840332147093713,0.8616728619619369,0.4905568547534477,acousticness_very_high|mode_1|speechiness_low|valence_very_low,loudness_very_low,"acousticness_very_high|mode_1|speechiness_low|valence_very_low  →  loudness_very_low (conf=0.90, lift=3.58)"
"frozenset({'loudness_very_low', 'duration_ms_very_low', 'acousticness_very_high'})",frozenset({'energy_very_low'}),0.0625905916458031,0.2505061153104373,0.0561817942236969,0.8976076555023924,3.5831766198204003,1.0,0.0405024682555249,7.319823453276575,0.7690535434798377,0.2186786030680281,0.8633846831985587,0.5609404000541801,acousticness_very_high|duration_ms_very_low|loudness_very_low,energy_very_low,"acousticness_very_high|duration_ms_very_low|loudness_very_low  →  energy_very_low (conf=0.90, lift=3.58)"
"frozenset({'energy_very_low', 'mode_1', 'speechiness_low', 'danceability_very_low'})",frozenset({'acousticness_very_high'}),0.0284862061117167,0.249751434492507,0.0254914409611998,0.8948696383515559,3.583041035059213,1.0,0.0183769701215493,7.136364355107268,0.7420455283966442,0.1008578605621119,0.8598726255779904,0.4984684418914957,danceability_very_low|energy_very_low|mode_1|speechiness_low,acousticness_very_high,"danceability_very_low|energy_very_low|mode_1|speechiness_low  →  acousticness_very_high (conf=0.89, lift=3.58)"
"frozenset({'loudness_very_low', 'acousticness_very_high', 'tempo_very_low'})",frozenset({'energy_very_low'}),0.0632374609183147,0.2505061153104373,0.0567567891325962,0.8975184694070847,3.5828205961952,1.0,0.0409154184558535,7.3134532666842915,0.7695549990877479,0.2208548920896844,0.8632656881044962,0.562043473418156,acousticness_very_high|loudness_very_low|tempo_very_low,energy_very_low,"acousticness_very_high|loudness_very_low|tempo_very_low  →  energy_very_low (conf=0.90, lift=3.58)"
"frozenset({'loudness_very_low', 'key_very_low', 'acousticness_very_high'})",frozenset({'energy_very_low'}),0.0490183159836605,0.2505061153104373,0.0439871105307921,0.8973607038123167,3.5821908087963075,1.0,0.0317077226146658,7.302211847975452,0.7579969588870142,0.1721357584849053,0.863055191931024,0.5364768323958293,acousticness_very_high|key_very_low|loudness_very_low,energy_very_low,"acousticness_very_high|key_very_low|loudness_very_low  →  energy_very_low (conf=0.90, lift=3.58)"
"frozenset({'loudness_very_low', 'liveness_very_low', 'danceability_very_low'})",frozenset({'energy_very_low'}),0.0223888642652643,0.2505061153104373,0.0200888846296673,0.8972712680577848,3.5818337885518274,1.0,0.0144803372163633,7.295854533774952,0.7373211831041611,0.0794636087945413,0.8629358637332111,0.4887322292852045,danceability_very_low|liveness_very_low|loudness_very_low,energy_very_low,"danceability_very_low|liveness_very_low|loudness_very_low  →  energy_very_low (conf=0.90, lift=3.58)"
"frozenset({'loudness_very_low', 'tempo_very_low', 'liveness_low'})",frozenset({'energy_very_low'}),0.0327627307466548,0.2505061153104373,0.0293966147174738,0.8972577696526509,3.581779904018441,1.0,0.0211893503111675,7.294895995110163,0.7452247985341862,0.1157929505025244,0.8629178537061654,0.5073033301208931,liveness_low|loudness_very_low|tempo_very_low,energy_very_low,"liveness_low|loudness_very_low|tempo_very_low  →  energy_very_low (conf=0.90, lift=3.58)"
"frozenset({'duration_ms_very_low', 'mode_1', 'acousticness_very_high', 'instrumentalness_high'})",frozenset({'loudness_very_low'}),0.0239820793253393,0.2500029947651505,0.0214664765989051,0.8951048951048951,3.580376690870222,1.0,0.0154708849468748,7.149971449905565,0.738408346834076,0.0850094876660341,0.8601393016732665,0.4904848864599703,acousticness_very_high|duration_ms_very_low|instrumentalness_high|mode_1,loudness_very_low,"acousticness_very_high|duration_ms_very_low|instrumentalness_high|mode_1  →  loudness_very_low (conf=0.90, lift=3.58)"
"frozenset({'loudness_very_low', 'mode_1', 'key_very_low', 'acousticness_very_high'})",frozenset({'energy_very_low'}),0.0362366583212544,0.2505061153104373,0.0324991914134093,0.8968595041322315,3.58019006051332,1.0,0.0234216869055202,7.266727567903618,0.7477823533899964,0.1278269883151149,0.8623864744266873,0.513296814040102,acousticness_very_high|key_very_low|loudness_very_low|mode_1,energy_very_low,"acousticness_very_high|key_very_low|loudness_very_low|mode_1  →  energy_very_low (conf=0.90, lift=3.58)"
"frozenset({'energy_very_low', 'valence_very_low', 'acousticness_very_high', 'danceability_very_low'})",frozenset({'loudness_very_low'}),0.0549000347392757,0.2500029947651505,0.0491381065896812,0.8950469125027275,3.5801447632398267,1.0,0.0354129334921515,7.146021361728308,0.7625454578893262,0.1921221488454872,0.8600619912283408,0.545798492188115,acousticness_very_high|danceability_very_low|energy_very_low|valence_very_low,loudness_very_low,"acousticness_very_high|danceability_very_low|energy_very_low|valence_very_low  →  loudness_very_low (conf=0.90, lift=3.58)"
"frozenset({'loudness_very_low', 'speechiness_very_low', 'tempo_very_low'})",frozenset({'energy_very_low'}),0.0263060170821404,0.2505061153104373,0.023574791264869,0.8961748633879782,3.577457030449743,1.0,0.016984973116332,7.218809520957374,0.739936620113467,0.0930936613055818,0.8614730036723038,0.4951417545708063,loudness_very_low|speechiness_very_low|tempo_very_low,energy_very_low,"loudness_very_low|speechiness_very_low|tempo_very_low  →  energy_very_low (conf=0.90, lift=3.58)"
"frozenset({'loudness_very_low', 'duration_ms_high', 'acousticness_very_high'})",frozenset({'energy_very_low'}),0.0258508127792618,0.2505061153104373,0.0231555241437966,0.8957367933271548,3.5757082904627757,1.0,0.0166797374568463,7.188479125155899,0.7394505254743592,0.0914510100771159,0.8608885158335472,0.4940858794485812,acousticness_very_high|duration_ms_high|loudness_very_low,energy_very_low,"acousticness_very_high|duration_ms_high|loudness_very_low  →  energy_very_low (conf=0.90, lift=3.58)"
"frozenset({'loudness_very_low', 'tempo_very_low', 'valence_very_low', 'danceability_very_low'})",frozenset({'energy_very_low'}),0.0354819775033241,0.2505061153104373,0.0317684687166832,0.8953409858203915,3.57412825914788,1.0,0.0228800163687931,7.161293182098325,0.7467061048591875,0.1249646593158043,0.8603604161187279,0.5110790621527359,danceability_very_low|loudness_very_low|tempo_very_low|valence_very_low,energy_very_low,"danceability_very_low|loudness_very_low|tempo_very_low|valence_very_low  →  energy_very_low (conf=0.90, lift=3.57)"
"frozenset({'valence_very_low', 'acousticness_very_high', 'mode_1'})",frozenset({'energy_very_low'}),0.0590088525257849,0.2505061153104373,0.0528036991339139,0.8948436865611042,3.5721430810268946,1.0,0.038021620718753,7.127426401507302,0.7652101810739499,0.2056929538030797,0.85969690268727,0.5528158754152116,acousticness_very_high|mode_1|valence_very_low,energy_very_low,"acousticness_very_high|mode_1|valence_very_low  →  energy_very_low (conf=0.89, lift=3.57)"
"frozenset({'acousticness_very_low', 'liveness_very_high', 'mode_1', 'loudness_very_high'})",frozenset({'energy_very_high'}),0.0232992728710214,0.2486014446747086,0.0206878376597707,0.887917737789203,3.5716515603963224,1.0,0.0148956047641645,6.703991697741702,0.7371935550412615,0.082351819178866,0.8508351374693888,0.4855673110475432,acousticness_very_low|liveness_very_high|loudness_very_high|mode_1,energy_very_high,"acousticness_very_low|liveness_very_high|loudness_very_high|mode_1  →  energy_very_high (conf=0.89, lift=3.57)"
"frozenset({'loudness_very_low', 'mode_1', 'valence_very_low', 'tempo_very_low'})",frozenset({'energy_very_low'}),0.0296601540507193,0.2505061153104373,0.0265336192335797,0.8945880452342487,3.5711225816808456,1.0,0.0191035692628248,7.110141220273396,0.7419833487760075,0.1046143673546497,0.8593558174134903,0.5002540455704526,loudness_very_low|mode_1|tempo_very_low|valence_very_low,energy_very_low,"loudness_very_low|mode_1|tempo_very_low|valence_very_low  →  energy_very_low (conf=0.89, lift=3.57)"
"frozenset({'loudness_very_low', 'tempo_low', 'acousticness_very_high'})",frozenset({'energy_very_low'}),0.036344469866673,0.2505061153104373,0.0324991914134093,0.8941990771259063,3.5695698526871427,1.0,0.0233946794540918,7.084001389869568,0.7470036523020206,0.1277728064804784,0.858836843054542,0.5119666005369393,acousticness_very_high|loudness_very_low|tempo_low,energy_very_low,"acousticness_very_high|loudness_very_low|tempo_low  →  energy_very_low (conf=0.89, lift=3.57)"
"frozenset({'loudness_very_low', 'duration_ms_very_low', 'acousticness_very_high', 'tempo_very_low'})",frozenset({'energy_very_low'}),0.0263419542639466,0.2505061153104373,0.0235508331436648,0.8940427467030468,3.5689457943775653,1.0,0.0169520125113183,7.073549581254714,0.7392792757387396,0.092977063135493,0.8586282617357974,0.4940278767945226,acousticness_very_high|duration_ms_very_low|loudness_very_low|tempo_very_low,energy_very_low,"acousticness_very_high|duration_ms_very_low|loudness_very_low|tempo_very_low  →  energy_very_low (conf=0.89, lift=3.57)"
"frozenset({'duration_ms_very_low', 'valence_very_low', 'acousticness_very_high'})",frozenset({'loudness_very_low'}),0.0268929910516417,0.2500029947651505,0.0239940583859413,0.8922048997772829,3.568776848514988,1.0,0.0172707300848385,6.957616846083627,0.739684272984865,0.0948749526335733,0.8562726257967352,0.4940899918148513,acousticness_very_high|duration_ms_very_low|valence_very_low,loudness_very_low,"acousticness_very_high|duration_ms_very_low|valence_very_low  →  loudness_very_low (conf=0.89, lift=3.57)"
"frozenset({'loudness_very_low', 'valence_very_low', 'mode_1', 'speechiness_low'})",frozenset({'energy_very_low'}),0.0266414307789983,0.2505061153104373,0.0238143724769103,0.893884892086331,3.568315651610311,1.0,0.0171405311461515,7.0630271167355465,0.7394558972814179,0.0940041611499905,0.8584176467862422,0.4944749632581617,loudness_very_low|mode_1|speechiness_low|valence_very_low,energy_very_low,"loudness_very_low|mode_1|speechiness_low|valence_very_low  →  energy_very_low (conf=0.89, lift=3.57)"
"frozenset({'loudness_very_low', 'key_high', 'acousticness_very_high'})",frozenset({'energy_very_low'}),0.0338408462008409,0.2505061153104373,0.0302471280202206,0.8938053097345133,3.567997965346568,1.0,0.02176978909963,7.05773408082672,0.7449401882187375,0.1190363944936828,0.8583114653304048,0.5072746900623599,acousticness_very_high|key_high|loudness_very_low,energy_very_low,"acousticness_very_high|key_high|loudness_very_low  →  energy_very_low (conf=0.89, lift=3.57)"
"frozenset({'duration_ms_very_low', 'valence_very_low', 'acousticness_very_high'})",frozenset({'energy_very_low'}),0.0268929910516417,0.2505061153104373,0.0240299955677475,0.8935412026726057,3.5669436714760163,1.0,0.0172931368503224,7.040224983799445,0.7395362844180362,0.094841851449104,0.857959084787611,0.4947334934556601,acousticness_very_high|duration_ms_very_low|valence_very_low,energy_very_low,"acousticness_very_high|duration_ms_very_low|valence_very_low  →  energy_very_low (conf=0.89, lift=3.57)"
"frozenset({'energy_very_low', 'duration_ms_very_low', 'valence_very_low'})",frozenset({'loudness_very_low'}),0.0298518190203524,0.2500029947651505,0.0266174726577941,0.8916532905296951,3.566570437955362,1.0,0.0191544285035187,6.922194581649061,0.7417615346184007,0.1051087984862819,0.8555371438631574,0.4990609528834388,duration_ms_very_low|energy_very_low|valence_very_low,loudness_very_low,"duration_ms_very_low|energy_very_low|valence_very_low  →  loudness_very_low (conf=0.89, lift=3.57)"
"frozenset({'loudness_very_low', 'acousticness_very_high'})",frozenset({'energy_very_low'}),0.1506965823740102,0.2505061153104373,0.1346087039854334,0.8932432432432431,3.565754241713021,1.0,0.0968582885443608,7.020575628737667,0.8472289286506925,0.5049202426421028,0.857561537275284,0.7152951105275129,acousticness_very_high|loudness_very_low,energy_very_low,"acousticness_very_high|loudness_very_low  →  energy_very_low (conf=0.89, lift=3.57)"
"frozenset({'energy_very_low', 'mode_1', 'speechiness_low', 'danceability_very_low'})",frozenset({'loudness_very_low'}),0.0284862061117167,0.2500029947651505,0.0253836294157812,0.8910849453322118,3.564297084398069,1.0,0.0182619925783547,6.886072889762433,0.7405347996825123,0.1002887027308438,0.8547793472406158,0.4963091233608831,danceability_very_low|energy_very_low|mode_1|speechiness_low,loudness_very_low,"danceability_very_low|energy_very_low|mode_1|speechiness_low  →  loudness_very_low (conf=0.89, lift=3.56)"
"frozenset({'tempo_very_low', 'mode_1', 'acousticness_very_high', 'danceability_very_low'})",frozenset({'energy_very_low'}),0.0322236730195618,0.2505061153104373,0.028713808263156,0.8910780669144982,3.557111034236581,1.0,0.0206415811139918,6.881018941347866,0.7428090220318917,0.1130393775053053,0.8546726860478431,0.5028506248880066,acousticness_very_high|danceability_very_low|mode_1|tempo_very_low,energy_very_low,"acousticness_very_high|danceability_very_low|mode_1|tempo_very_low  →  energy_very_low (conf=0.89, lift=3.56)"
"frozenset({'tempo_very_low', 'valence_very_low', 'acousticness_very_high', 'danceability_very_low'})",frozenset({'loudness_very_low'}),0.0327747098072569,0.2500029947651505,0.0291450544448304,0.8892543859649124,3.5569749346413477,1.0,0.0209512788404574,6.772250185883002,0.7432210857077959,0.1149104992207056,0.8523385916715635,0.5029166036197346,acousticness_very_high|danceability_very_low|tempo_very_low|valence_very_low,loudness_very_low,"acousticness_very_high|danceability_very_low|tempo_very_low|valence_very_low  →  loudness_very_low (conf=0.89, lift=3.56)"
"frozenset({'loudness_very_low', 'tempo_very_low', 'mode_1', 'danceability_very_low'})",frozenset({'energy_very_low'}),0.0316247199894584,0.2505061153104373,0.0281747505360629,0.890909090909091,3.55643649579189,1.0,0.0202525647837233,6.8703606096543295,0.7422945229255125,0.110943396226415,0.8544472325666884,0.5016901996244001,danceability_very_low|loudness_very_low|mode_1|tempo_very_low,energy_very_low,"danceability_very_low|loudness_very_low|mode_1|tempo_very_low  →  energy_very_low (conf=0.89, lift=3.56)"
"frozenset({'acousticness_very_high', 'instrumentalness_high'})",frozenset({'loudness_very_low'}),0.0804274128822817,0.2500029947651505,0.0715030127337414,0.8890378313970808,3.556108726746378,1.0,0.0513959186519577,6.759033413619843,0.7816606975550537,0.2761508211889891,0.8520498510948411,0.5875232281086985,acousticness_very_high|instrumentalness_high,loudness_very_low,"acousticness_very_high|instrumentalness_high  →  loudness_very_low (conf=0.89, lift=3.56)"
"frozenset({'energy_very_low', 'valence_very_low', 'acousticness_very_high', 'tempo_very_low'})",frozenset({'loudness_very_low'}),0.0379257058661459,0.2500029947651505,0.033685118413014,0.8881869867340493,3.552705388863042,1.0,0.0242035783678953,6.707600334953485,0.7468491475891471,0.1324915190350546,0.8509153870141944,0.5114629231705704,acousticness_very_high|energy_very_low|tempo_very_low|valence_very_low,loudness_very_low,"acousticness_very_high|energy_very_low|tempo_very_low|valence_very_low  →  loudness_very_low (conf=0.89, lift=3.55)"
"frozenset({'liveness_low', 'valence_very_low', 'acousticness_very_high', 'danceability_very_low'})",frozenset({'loudness_very_low'}),0.0250362366583212,0.2500029947651505,0.0222331364774374,0.8880382775119617,3.552110559100194,1.0,0.015974002335208,6.6986912006018615,0.7369271127039534,0.0879454131918119,0.850717107259676,0.488484879053058,acousticness_very_high|danceability_very_low|liveness_low|valence_very_low,loudness_very_low,"acousticness_very_high|danceability_very_low|liveness_low|valence_very_low  →  loudness_very_low (conf=0.89, lift=3.55)"
"frozenset({'energy_very_low', 'instrumentalness_high', 'tempo_very_low', 'danceability_very_low', 'loudness_very_low'})",frozenset({'acousticness_very_high'}),0.0260304986882928,0.249751434492507,0.0230836497801842,0.8867924528301887,3.550700137647433,1.0,0.0165824953922277,6.627195661982855,0.7375645774225136,0.0913486608200995,0.8491066129620202,0.4896094740528707,danceability_very_low|energy_very_low|instrumentalness_high|loudness_very_low|tempo_very_low,acousticness_very_high,"danceability_very_low|energy_very_low|instrumentalness_high|loudness_very_low|tempo_very_low  →  acousticness_very_high (conf=0.89, lift=3.55)"
"frozenset({'loudness_very_low', 'duration_ms_very_low', 'liveness_low'})",frozenset({'energy_very_low'}),0.0327866888678589,0.2505061153104373,0.0291570335054325,0.8892948483741323,3.5499925711277824,1.0,0.0209437674432531,6.770180733978,0.7426585856607246,0.1147301437662031,0.8522934557741971,0.5028436751434548,duration_ms_very_low|liveness_low|loudness_very_low,energy_very_low,"duration_ms_very_low|liveness_low|loudness_very_low  →  energy_very_low (conf=0.89, lift=3.55)"
"frozenset({'acousticness_very_low', 'liveness_very_high', 'loudness_very_high'})",frozenset({'energy_very_high'}),0.0382251823811976,0.2486014446747086,0.0337330346554223,0.8824819805703541,3.5497862119227386,1.0,0.0242301990925023,6.393900773448012,0.7468410287241498,0.1332828474062855,0.8436009510574976,0.5090866029676808,acousticness_very_low|liveness_very_high|loudness_very_high,energy_very_high,"acousticness_very_low|liveness_very_high|loudness_very_high  →  energy_very_high (conf=0.88, lift=3.55)"
"frozenset({'valence_very_low', 'acousticness_very_high'})",frozenset({'energy_very_low'}),0.087746618910145,0.2505061153104373,0.0780076426406641,0.8890102389078498,3.54885643332959,1.0,0.0560265780058583,6.752820055782344,0.7873021942670285,0.299746835443038,0.8519137202325251,0.600205195965019,acousticness_very_high|valence_very_low,energy_very_low,"acousticness_very_high|valence_very_low  →  energy_very_low (conf=0.89, lift=3.55)"
"frozenset({'energy_very_low', 'duration_ms_very_low', 'danceability_very_low'})",frozenset({'loudness_very_low'}),0.0304747301716599,0.2500029947651505,0.0270247607182644,0.8867924528301887,3.547127320067624,1.0,0.0194059869106896,6.624973546241172,0.7406529274214008,0.1066263351923622,0.849056001051148,0.4974451003968864,danceability_very_low|duration_ms_very_low|energy_very_low,loudness_very_low,"danceability_very_low|duration_ms_very_low|energy_very_low  →  loudness_very_low (conf=0.89, lift=3.55)"
"frozenset({'instrumentalness_high', 'danceability_very_low', 'tempo_very_low', 'loudness_very_low', 'valence_very_low'})",frozenset({'energy_very_low'}),0.0252279016279543,0.2505061153104373,0.0224128223864684,0.8884140550807218,3.546476516071326,1.0,0.0160930787522157,6.716740941090297,0.7366132006367495,0.088475906748002,0.8511182716780983,0.4889421078770097,danceability_very_low|instrumentalness_high|loudness_very_low|tempo_very_low|valence_very_low,energy_very_low,"danceability_very_low|instrumentalness_high|loudness_very_low|tempo_very_low|valence_very_low  →  energy_very_low (conf=0.89, lift=3.55)"
"frozenset({'acousticness_very_low', 'loudness_very_high', 'danceability_very_low'})",frozenset({'energy_very_high'}),0.0419027539860324,0.2486014446747086,0.0369434228967764,0.8816466552315608,3.54642611343302,1.0,0.0265263377199998,6.348773300791952,0.7494291324150574,0.1456984929371191,0.84248925696004,0.515125838096193,acousticness_very_low|danceability_very_low|loudness_very_high,energy_very_high,"acousticness_very_low|danceability_very_low|loudness_very_high  →  energy_very_high (conf=0.88, lift=3.55)"
"frozenset({'energy_very_low', 'duration_ms_very_low', 'instrumentalness_high'})",frozenset({'loudness_very_low'}),0.039710585895854,0.2500029947651505,0.0351944800488745,0.8862745098039214,3.5450555727801416,1.0,0.0252667146510323,6.594801252927116,0.747604799541471,0.1382783451781427,0.8483654075919046,0.5135253718161916,duration_ms_very_low|energy_very_low|instrumentalness_high,loudness_very_low,"duration_ms_very_low|energy_very_low|instrumentalness_high  →  loudness_very_low (conf=0.89, lift=3.55)"
"frozenset({'energy_very_low', 'valence_very_low', 'speechiness_low', 'danceability_very_low'})",frozenset({'acousticness_very_high'}),0.0316486781106625,0.249751434492507,0.028019022748236,0.8853141559424678,3.5447810649873506,1.0,0.0201147199903065,6.54177132036566,0.7413581354205185,0.1105805597579425,0.8471362034795029,0.498750895420512,danceability_very_low|energy_very_low|speechiness_low|valence_very_low,acousticness_very_high,"danceability_very_low|energy_very_low|speechiness_low|valence_very_low  →  acousticness_very_high (conf=0.89, lift=3.54)"
"frozenset({'energy_very_low', 'tempo_very_low', 'valence_very_low', 'danceability_very_low'})",frozenset({'loudness_very_low'}),0.0358533283819882,0.2500029947651505,0.0317684687166832,0.8860674908118943,3.5442275067314863,1.0,0.0228050292488877,6.582818289348686,0.7445455040868054,0.1250294658431945,0.8480893811670227,0.5065699217356069,danceability_very_low|energy_very_low|tempo_very_low|valence_very_low,loudness_very_low,"danceability_very_low|energy_very_low|tempo_very_low|valence_very_low  →  loudness_very_low (conf=0.89, lift=3.54)"
"frozenset({'loudness_very_low', 'speechiness_high', 'acousticness_very_high'})",frozenset({'energy_very_low'}),0.0307502485655074,0.2505061153104373,0.027300279112112,0.8878067783404753,3.5440523168077918,1.0,0.0195971537991363,6.680384729160096,0.7406110977680245,0.1074999999999999,0.8503080225851413,0.4983936340057388,acousticness_very_high|loudness_very_low|speechiness_high,energy_very_low,"acousticness_very_high|loudness_very_low|speechiness_high  →  energy_very_low (conf=0.89, lift=3.54)"
"frozenset({'energy_very_low', 'speechiness_low', 'danceability_very_low'})",frozenset({'acousticness_very_high'}),0.0425256651373399,0.249751434492507,0.0376262293510942,0.8847887323943663,3.542677279080498,1.0,0.0270053834802956,6.511937426776532,0.7496050587940414,0.1477561388653683,0.8464358708534139,0.517721720027103,danceability_very_low|energy_very_low|speechiness_low,acousticness_very_high,"danceability_very_low|energy_very_low|speechiness_low  →  acousticness_very_high (conf=0.88, lift=3.54)"
"frozenset({'energy_very_low', 'instrumentalness_high', 'danceability_very_low', 'loudness_very_low', 'mode_1'})",frozenset({'acousticness_very_high'}),0.0317205524742749,0.249751434492507,0.0280429808694402,0.8840634441087614,3.539773238560856,1.0,0.0201207273860952,6.471199353302416,0.7410009887099125,0.1106541879372282,0.8454691402004677,0.4981735034347826,danceability_very_low|energy_very_low|instrumentalness_high|loudness_very_low|mode_1,acousticness_very_high,"danceability_very_low|energy_very_low|instrumentalness_high|loudness_very_low|mode_1  →  acousticness_very_high (conf=0.88, lift=3.54)"
"frozenset({'acousticness_very_low', 'valence_very_low', 'speechiness_very_high'})",frozenset({'energy_very_high'}),0.0294205728386779,0.2486014446747086,0.0258627918398639,0.879071661237785,3.536068192958563,1.0,0.018548794929011,6.2135853598616695,0.7389400640056364,0.1025653206650831,0.839062321979228,0.4915524065356274,acousticness_very_low|speechiness_very_high|valence_very_low,energy_very_high,"acousticness_very_low|speechiness_very_high|valence_very_low  →  energy_very_high (conf=0.88, lift=3.54)"
"frozenset({'danceability_very_low', 'valence_very_low', 'speechiness_low', 'instrumentalness_high'})",frozenset({'loudness_very_low'}),0.0266174726577941,0.2500029947651505,0.0235268750224607,0.8838883888388838,3.535511203252572,1.0,0.0168724271449326,6.45927653345672,0.7367663289143668,0.0929572131768269,0.8451839002680314,0.488997380811392,danceability_very_low|instrumentalness_high|speechiness_low|valence_very_low,loudness_very_low,"danceability_very_low|instrumentalness_high|speechiness_low|valence_very_low  →  loudness_very_low (conf=0.88, lift=3.54)"
"frozenset({'loudness_very_low', 'valence_very_low', 'tempo_very_low'})",frozenset({'energy_very_low'}),0.045208974712203,0.2505061153104373,0.0400340205321098,0.8855325914149444,3.5349739479116367,1.0,0.028708895899788,6.547661853746324,0.7510674742376426,0.1565779610194902,0.8472737257456509,0.5226725696171891,loudness_very_low|tempo_very_low|valence_very_low,energy_very_low,"loudness_very_low|tempo_very_low|valence_very_low  →  energy_very_low (conf=0.89, lift=3.53)"
"frozenset({'energy_very_low', 'mode_0', 'instrumentalness_high'})",frozenset({'loudness_very_low'}),0.0337090765342181,0.2500029947651505,0.02977994465674,0.8834399431414357,3.5337174419503548,1.0,0.0213525745724178,6.434425526618496,0.7420248688010198,0.1172752146428908,0.8445859702838875,0.5012791474212209,energy_very_low|instrumentalness_high|mode_0,loudness_very_low,"energy_very_low|instrumentalness_high|mode_0  →  loudness_very_low (conf=0.88, lift=3.53)"
"frozenset({'energy_very_low', 'loudness_very_low', 'duration_ms_very_low', 'danceability_very_low'})",frozenset({'acousticness_very_high'}),0.0270247607182644,0.249751434492507,0.0238503096587165,0.8825354609929078,3.5336552231870573,1.0,0.0171008369025132,6.387021750131713,0.7369220552110465,0.0942976224306147,0.8434325043625572,0.4890158239301917,danceability_very_low|duration_ms_very_low|energy_very_low|loudness_very_low,acousticness_very_high,"danceability_very_low|duration_ms_very_low|energy_very_low|loudness_very_low  →  acousticness_very_high (conf=0.88, lift=3.53)"
"frozenset({'danceability_very_low', 'loudness_very_low', 'tempo_very_low', 'instrumentalness_high'})",frozenset({'energy_very_low'}),0.0294085937780759,0.2505061153104373,0.0260304986882928,0.885132382892057,3.533376348098987,1.0,0.0186634661042043,6.524849244371899,0.7387089695069242,0.1025290176465037,0.8467397540467982,0.4945220062891807,danceability_very_low|instrumentalness_high|loudness_very_low|tempo_very_low,energy_very_low,"danceability_very_low|instrumentalness_high|loudness_very_low|tempo_very_low  →  energy_very_low (conf=0.89, lift=3.53)"
"frozenset({'danceability_very_low', 'acousticness_very_high', 'tempo_very_low'})",frozenset({'energy_very_low'}),0.0466704201056553,0.2505061153104373,0.041303800955929,0.8850102669404518,3.532888871170714,1.0,0.0296125753153551,6.517920032925308,0.7520437228006904,0.1614232209737827,0.8465768228286793,0.5249458373722917,acousticness_very_high|danceability_very_low|tempo_very_low,energy_very_low,"acousticness_very_high|danceability_very_low|tempo_very_low  →  energy_very_low (conf=0.89, lift=3.53)"
"frozenset({'valence_very_low', 'key_very_low', 'acousticness_very_high'})",frozenset({'energy_very_low'}),0.0292648450508511,0.2505061153104373,0.025886749961068,0.8845681539091281,3.5311239919749475,1.0,0.0185557273122174,6.492955887576602,0.7384136138076235,0.1019628196659431,0.8459869407224273,0.4939529751948089,acousticness_very_high|key_very_low|valence_very_low,energy_very_low,"acousticness_very_high|key_very_low|valence_very_low  →  energy_very_low (conf=0.88, lift=3.53)"
"frozenset({'acousticness_very_low', 'mode_1', 'loudness_very_high', 'danceability_very_low'})",frozenset({'energy_very_high'}),0.0259466452640783,0.2486014446747086,0.0227721942045304,0.8776546629732226,3.5303683135133066,1.0,0.0163218207074184,6.141619889941819,0.7358359087706577,0.090446284137406,0.8371765075142947,0.4846279386277475,acousticness_very_low|danceability_very_low|loudness_very_high|mode_1,energy_very_high,"acousticness_very_low|danceability_very_low|loudness_very_high|mode_1  →  energy_very_high (conf=0.88, lift=3.53)"
"frozenset({'mode_1', 'acousticness_very_high', 'instrumentalness_high'})",frozenset({'energy_very_low'}),0.0517974580433402,0.2505061153104373,0.0457600114998981,0.883441258094357,3.5266255157067152,1.0,0.0327844315025056,6.430181661503309,0.7555799361118304,0.1783713111692192,0.8444833983483118,0.5330557476393744,acousticness_very_high|instrumentalness_high|mode_1,energy_very_low,"acousticness_very_high|instrumentalness_high|mode_1  →  energy_very_low (conf=0.88, lift=3.53)"
"frozenset({'energy_very_low', 'danceability_very_low', 'loudness_very_low', 'liveness_low', 'valence_very_low'})",frozenset({'acousticness_very_high'}),0.0245930114160447,0.249751434492507,0.0216461625079361,0.8801753531417438,3.5242053961782163,1.0,0.0155040226282883,6.261220751979198,0.7343069117822626,0.0856601090305759,0.840286736466863,0.4834230883412206,danceability_very_low|energy_very_low|liveness_low|loudness_very_low|valence_very_low,acousticness_very_high,"danceability_very_low|energy_very_low|liveness_low|loudness_very_low|valence_very_low  →  acousticness_very_high (conf=0.88, lift=3.52)"
"frozenset({'loudness_very_low', 'tempo_very_low', 'valence_very_low', 'instrumentalness_high'})",frozenset({'energy_very_low'}),0.0304507720504558,0.2505061153104373,0.0268810119910396,0.8827694728560189,3.523943803775229,1.0,0.0192529073764763,6.39333374121097,0.7387216751428132,0.1057991513437057,0.8435870798431698,0.4950381411716973,instrumentalness_high|loudness_very_low|tempo_very_low|valence_very_low,energy_very_low,"instrumentalness_high|loudness_very_low|tempo_very_low|valence_very_low  →  energy_very_low (conf=0.88, lift=3.52)"
"frozenset({'energy_very_low', 'loudness_very_low', 'speechiness_low', 'tempo_very_low'})",frozenset({'acousticness_very_high'}),0.0261383102337114,0.249751434492507,0.0229878172953676,0.879468377635197,3.521374679678096,1.0,0.016459736819288,6.224495703183837,0.735237870305935,0.0908961727927245,0.8393444147630307,0.4857555807308797,energy_very_low|loudness_very_low|speechiness_low|tempo_very_low,acousticness_very_high,"energy_very_low|loudness_very_low|speechiness_low|tempo_very_low  →  acousticness_very_high (conf=0.88, lift=3.52)"
"frozenset({'energy_very_low', 'loudness_very_low', 'liveness_low', 'danceability_very_low'})",frozenset({'acousticness_very_high'}),0.0324153379891948,0.249751434492507,0.0284981851723187,0.8791574279379157,3.520129642996272,1.0,0.0204024080099579,6.208478954933565,0.7399037849740314,0.1123441632036267,0.8389299525280101,0.4966318100407119,danceability_very_low|energy_very_low|liveness_low|loudness_very_low,acousticness_very_high,"danceability_very_low|energy_very_low|liveness_low|loudness_very_low  →  acousticness_very_high (conf=0.88, lift=3.52)"
"frozenset({'energy_very_low', 'acousticness_very_high', 'mode_1', 'danceability_very_low', 'valence_very_low'})",frozenset({'loudness_very_low'}),0.0368475904119598,0.2500029947651505,0.0324273170497969,0.8800390117035111,3.52011387915656,1.0,0.0232153090969273,6.252007555833055,0.7433073669373537,0.1274542115918828,0.8400513769265984,0.5048733630630636,acousticness_very_high|danceability_very_low|energy_very_low|mode_1|valence_very_low,loudness_very_low,"acousticness_very_high|danceability_very_low|energy_very_low|mode_1|valence_very_low  →  loudness_very_low (conf=0.88, lift=3.52)"
"frozenset({'loudness_very_low', 'speechiness_low', 'tempo_very_low'})",frozenset({'energy_very_low'}),0.0296481749901172,0.2505061153104373,0.0261383102337114,0.8816161616161615,3.5193398792824957,1.0,0.0187112610908931,6.331049025961318,0.7377280958073338,0.1029002593727894,0.8420482931186656,0.4929790831034136,loudness_very_low|speechiness_low|tempo_very_low,energy_very_low,"loudness_very_low|speechiness_low|tempo_very_low  →  energy_very_low (conf=0.88, lift=3.52)"
"frozenset({'key_very_low', 'acousticness_very_high', 'instrumentalness_high'})",frozenset({'energy_very_low'}),0.0265575773547838,0.2505061153104373,0.02340708441644,0.8813712223725755,3.518362101780806,1.0,0.0167542488812367,6.317976967135968,0.7353047512743381,0.0922786304604486,0.8417214869250599,0.4874051980263795,acousticness_very_high|instrumentalness_high|key_very_low,energy_very_low,"acousticness_very_high|instrumentalness_high|key_very_low  →  energy_very_low (conf=0.88, lift=3.52)"
"frozenset({'energy_very_low', 'tempo_very_low', 'danceability_very_low', 'loudness_very_low', 'mode_1'})",frozenset({'acousticness_very_high'}),0.0281747505360629,0.249751434492507,0.0247367601432695,0.8779761904761905,3.515399990635613,1.0,0.0177000757804193,6.148378488061405,0.7362819082781485,0.0977006056018168,0.8373554910547965,0.4885108541234135,danceability_very_low|energy_very_low|loudness_very_low|mode_1|tempo_very_low,acousticness_very_high,"danceability_very_low|energy_very_low|loudness_very_low|mode_1|tempo_very_low  →  acousticness_very_high (conf=0.88, lift=3.52)"
"frozenset({'loudness_very_low', 'danceability_very_low', 'tempo_very_low'})",frozenset({'energy_very_low'}),0.0466823991662573,0.2505061153104373,0.0410881778650918,0.8801642288940211,3.5135438821654543,1.0,0.0293939513965814,6.25434190285916,0.7504184070221719,0.1604378128069601,0.8401110755485157,0.5220924434447152,danceability_very_low|loudness_very_low|tempo_very_low,energy_very_low,"danceability_very_low|loudness_very_low|tempo_very_low  →  energy_very_low (conf=0.88, lift=3.51)"
"frozenset({'duration_ms_very_low', 'mode_1', 'acousticness_very_high', 'instrumentalness_high'})",frozenset({'energy_very_low'}),0.0239820793253393,0.2505061153104373,0.021107104780843,0.8801198801198801,3.513366845472813,1.0,0.0150994472519855,6.252028154785433,0.7329504087537528,0.0833018154311649,0.8400519039194377,0.4821888612535131,acousticness_very_high|duration_ms_very_low|instrumentalness_high|mode_1,energy_very_low,"acousticness_very_high|duration_ms_very_low|instrumentalness_high|mode_1  →  energy_very_low (conf=0.88, lift=3.51)"
"frozenset({'energy_very_low', 'acousticness_very_high', 'mode_1', 'tempo_very_low', 'valence_very_low'})",frozenset({'loudness_very_low'}),0.0257669593550473,0.2500029947651505,0.0226164664167036,0.8777312877731288,3.5108830940111653,1.0,0.0161746494119498,6.1340059249435805,0.7340865546129172,0.0893389485638574,0.8369743993996553,0.4840980348784187,acousticness_very_high|energy_very_low|mode_1|tempo_very_low|valence_very_low,loudness_very_low,"acousticness_very_high|energy_very_low|mode_1|tempo_very_low|valence_very_low  →  loudness_very_low (conf=0.88, lift=3.51)"
"frozenset({'energy_very_low', 'speechiness_low', 'instrumentalness_high', 'loudness_very_low', 'mode_1'})",frozenset({'acousticness_very_high'}),0.0235148959618586,0.249751434492507,0.0206159632961583,0.8767193071828834,3.510367453802097,1.0,0.014743084297742,6.085693942525657,0.7323506877615155,0.0815987862121284,0.8356802018891892,0.4796326163234672,energy_very_low|instrumentalness_high|loudness_very_low|mode_1|speechiness_low,acousticness_very_high,"energy_very_low|instrumentalness_high|loudness_very_low|mode_1|speechiness_low  →  acousticness_very_high (conf=0.88, lift=3.51)"
"frozenset({'energy_very_low', 'tempo_very_low', 'danceability_very_low', 'mode_1', 'valence_very_low'})",frozenset({'loudness_very_low'}),0.0241497861737682,0.2500029947651505,0.0211670000838534,0.8764880952380952,3.5059103834394323,1.0,0.0151294812174733,6.072264909853239,0.73245603788127,0.0836687343150717,0.8353168027341269,0.4805775406712756,danceability_very_low|energy_very_low|mode_1|tempo_very_low|valence_very_low,loudness_very_low,"danceability_very_low|energy_very_low|mode_1|tempo_very_low|valence_very_low  →  loudness_very_low (conf=0.88, lift=3.51)"
"frozenset({'energy_very_low', 'tempo_very_low', 'danceability_very_low', 'loudness_very_low', 'valence_very_low'})",frozenset({'acousticness_very_high'}),0.0317684687166832,0.249751434492507,0.0278153787180009,0.8755656108597286,3.505748075637167,1.0,0.0198811580843789,6.0292702900784025,0.7382058448821484,0.1096369044808537,0.8341424497678316,0.4934689294645902,danceability_very_low|energy_very_low|loudness_very_low|tempo_very_low|valence_very_low,acousticness_very_high,"danceability_very_low|energy_very_low|loudness_very_low|tempo_very_low|valence_very_low  →  acousticness_very_high (conf=0.88, lift=3.51)"
"frozenset({'loudness_very_low', 'mode_1', 'valence_very_low', 'danceability_very_low'})",frozenset({'energy_very_low'}),0.0429688903796164,0.2505061153104373,0.0377340408965128,0.8781711736827432,3.505587768164772,1.0,0.0269700710883151,6.152024174785952,0.746831659247921,0.1475478945149655,0.8374518741167343,0.5144011951045697,danceability_very_low|loudness_very_low|mode_1|valence_very_low,energy_very_low,"danceability_very_low|loudness_very_low|mode_1|valence_very_low  →  energy_very_low (conf=0.88, lift=3.51)"
"frozenset({'energy_very_low', 'tempo_very_low', 'danceability_very_low', 'instrumentalness_high'})",frozenset({'acousticness_very_high'}),0.0269289282334479,0.249751434492507,0.023574791264869,0.8754448398576513,3.5052645108387392,1.0,0.0168492528092196,6.0234241973601605,0.7344939599634206,0.0931421269345449,0.83398147511539,0.4849189281546398,danceability_very_low|energy_very_low|instrumentalness_high|tempo_very_low,acousticness_very_high,"danceability_very_low|energy_very_low|instrumentalness_high|tempo_very_low  →  acousticness_very_high (conf=0.88, lift=3.51)"
"frozenset({'duration_ms_very_high', 'valence_very_low', 'acousticness_very_high'})",frozenset({'energy_very_low'}),0.0245331161130344,0.2505061153104373,0.0215383509625175,0.8779296875,3.504623775000597,1.0,0.0153926553485813,6.139853903376897,0.7326365242394084,0.0849636140251393,0.8371296751132786,0.4819545147522953,acousticness_very_high|duration_ms_very_high|valence_very_low,energy_very_low,"acousticness_very_high|duration_ms_very_high|valence_very_low  →  energy_very_low (conf=0.88, lift=3.50)"
"frozenset({'loudness_very_low', 'key_very_high', 'acousticness_very_high'})",frozenset({'energy_very_low'}),0.0330622072617065,0.2505061153104373,0.0290013057176056,0.8771739130434784,3.501606784953927,1.0,0.0207190206128869,6.102074105437152,0.7388446553453377,0.1139240506329113,0.8361212953626757,0.4964723811583115,acousticness_very_high|key_very_high|loudness_very_low,energy_very_low,"acousticness_very_high|key_very_high|loudness_very_low  →  energy_very_low (conf=0.88, lift=3.50)"
"frozenset({'energy_very_low', 'loudness_very_low', 'duration_ms_very_low', 'speechiness_low'})",frozenset({'acousticness_very_high'}),0.0229997963559697,0.249751434492507,0.0201128427508714,0.8744791666666667,3.50139797372376,1.0,0.0143686106179324,5.9770840073626,0.7312176459751609,0.0796111901375059,0.8326943374447815,0.4775053035117592,duration_ms_very_low|energy_very_low|loudness_very_low|speechiness_low,acousticness_very_high,"duration_ms_very_low|energy_very_low|loudness_very_low|speechiness_low  →  acousticness_very_high (conf=0.87, lift=3.50)"
"frozenset({'duration_ms_very_low', 'acousticness_very_high', 'instrumentalness_high'})",frozenset({'loudness_very_low'}),0.0364043651696833,0.2500029947651505,0.0318643012014997,0.8752879236590985,3.5011097546304684,1.0,0.0227631008865547,6.013828229310578,0.7413652075240315,0.1251823615228952,0.8337165675723599,0.5013718008329033,acousticness_very_high|duration_ms_very_low|instrumentalness_high,loudness_very_low,"acousticness_very_high|duration_ms_very_low|instrumentalness_high  →  loudness_very_low (conf=0.88, lift=3.50)"
"frozenset({'valence_very_low', 'mode_0', 'acousticness_very_high'})",frozenset({'energy_very_low'}),0.0287377663843601,0.2505061153104373,0.0252039435067502,0.8770320967069613,3.501040665694358,1.0,0.0180049572871052,6.0950367097296985,0.7355074835725313,0.0992125241665487,0.8359320792270751,0.4888220927299152,acousticness_very_high|mode_0|valence_very_low,energy_very_low,"acousticness_very_high|mode_0|valence_very_low  →  energy_very_low (conf=0.88, lift=3.50)"
"frozenset({'energy_very_low', 'speechiness_low', 'mode_1', 'loudness_very_low', 'valence_very_low'})",frozenset({'acousticness_very_high'}),0.0238143724769103,0.249751434492507,0.0208196073263934,0.8742454728370221,3.5004622680685777,1.0,0.0148719336387462,5.965976592915584,0.7317496030787193,0.0823735722072136,0.8323828489056645,0.4788033925650888,energy_very_low|loudness_very_low|mode_1|speechiness_low|valence_very_low,acousticness_very_high,"energy_very_low|loudness_very_low|mode_1|speechiness_low|valence_very_low  →  acousticness_very_high (conf=0.87, lift=3.50)"
"frozenset({'energy_very_low', 'danceability_very_low', 'mode_1', 'instrumentalness_high'})",frozenset({'acousticness_very_high'}),0.0327507516860527,0.249751434492507,0.0286299548389415,0.8741770299926848,3.5001882242198348,1.0,0.0204504076246419,5.962731331678739,0.7384870858747165,0.1127730854527438,0.8322916220143595,0.4944054126892773,danceability_very_low|energy_very_low|instrumentalness_high|mode_1,acousticness_very_high,"danceability_very_low|energy_very_low|instrumentalness_high|mode_1  →  acousticness_very_high (conf=0.87, lift=3.50)"
"frozenset({'duration_ms_very_low', 'acousticness_very_high', 'danceability_very_low'})",frozenset({'energy_very_low'}),0.0301033792929958,0.2505061153104373,0.0263898705063548,0.876641464385197,3.499481293296282,1.0,0.0188487899019498,6.075735910402809,0.7364118498365106,0.1038073697106776,0.8354108844184931,0.4909938385430193,acousticness_very_high|danceability_very_low|duration_ms_very_low,energy_very_low,"acousticness_very_high|danceability_very_low|duration_ms_very_low  →  energy_very_low (conf=0.88, lift=3.50)"
"frozenset({'acousticness_very_low', 'loudness_very_high', 'instrumentalness_high'})",frozenset({'energy_very_high'}),0.0274919440817451,0.2486014446747086,0.0239102049617269,0.8697167755991285,3.4984381395576376,1.0,0.0170756679460887,5.767423693884761,0.7343467791416496,0.0948128443853315,0.8266123570806309,0.4829478206526457,acousticness_very_low|instrumentalness_high|loudness_very_high,energy_very_high,"acousticness_very_low|instrumentalness_high|loudness_very_high  →  energy_very_high (conf=0.87, lift=3.50)"
"frozenset({'energy_very_low', 'tempo_very_low', 'speechiness_low', 'acousticness_very_high'})",frozenset({'loudness_very_low'}),0.0262940380215383,0.2500029947651505,0.0229878172953676,0.874259681093394,3.4969968336365804,1.0,0.0164142290455143,5.96465009598005,0.7333223531470499,0.0907500236451338,0.832345572010341,0.4831049243991167,acousticness_very_high|energy_very_low|speechiness_low|tempo_very_low,loudness_very_low,"acousticness_very_high|energy_very_low|speechiness_low|tempo_very_low  →  loudness_very_low (conf=0.87, lift=3.50)"
"frozenset({'loudness_very_low', 'tempo_very_low', 'mode_1', 'instrumentalness_high'})",frozenset({'energy_very_low'}),0.0276237137483678,0.2505061153104373,0.0241857233555744,0.8755420641803989,3.4950925772626014,1.0,0.0172658141340233,6.022065847017879,0.7341649070991876,0.0952403415255436,0.8339440276138461,0.4860447505293731,instrumentalness_high|loudness_very_low|mode_1|tempo_very_low,energy_very_low,"instrumentalness_high|loudness_very_low|mode_1|tempo_very_low  →  energy_very_low (conf=0.88, lift=3.50)"
"frozenset({'loudness_very_low', 'valence_very_low', 'speechiness_low'})",frozenset({'energy_very_low'}),0.0423819164101151,0.2505061153104373,0.0370751925633991,0.8747880158281516,3.4920824776835437,1.0,0.0264582633240895,5.985799918807391,0.7452218507110221,0.1449309295247015,0.8329379508897384,0.5113945817472816,loudness_very_low|speechiness_low|valence_very_low,energy_very_low,"loudness_very_low|speechiness_low|valence_very_low  →  energy_very_low (conf=0.87, lift=3.49)"
"frozenset({'energy_very_low', 'loudness_very_low', 'tempo_very_low', 'danceability_very_low'})",frozenset({'acousticness_very_high'}),0.0410881778650918,0.249751434492507,0.0358293702607841,0.8720116618075802,3.491518131135066,1.0,0.0255675388982941,5.861850978794306,0.7441681480290581,0.1405016910935738,0.8294054209809194,0.5077358898994253,danceability_very_low|energy_very_low|loudness_very_low|tempo_very_low,acousticness_very_high,"danceability_very_low|energy_very_low|loudness_very_low|tempo_very_low  →  acousticness_very_high (conf=0.87, lift=3.49)"
"frozenset({'duration_ms_very_low', 'acousticness_very_high', 'instrumentalness_high'})",frozenset({'energy_very_low'}),0.0364043651696833,0.2505061153104373,0.0318403430802956,0.8746298124383022,3.49145094264236,1.0,0.0227208269812956,5.97824649756321,0.7405452011678433,0.1248297562579251,0.8327268705953141,0.500866933763145,acousticness_very_high|duration_ms_very_low|instrumentalness_high,energy_very_low,"acousticness_very_high|duration_ms_very_low|instrumentalness_high  →  energy_very_low (conf=0.87, lift=3.49)"
"frozenset({'liveness_low', 'mode_1', 'acousticness_very_high', 'tempo_very_low'})",frozenset({'energy_very_low'}),0.0243414511434013,0.2505061153104373,0.0212867906898741,0.8745078740157479,3.490964174395592,1.0,0.0151891083229218,5.972437543879177,0.7313482647111091,0.0839514338356876,0.8325641762424381,0.4797415039550813,acousticness_very_high|liveness_low|mode_1|tempo_very_low,energy_very_low,"acousticness_very_high|liveness_low|mode_1|tempo_very_low  →  energy_very_low (conf=0.87, lift=3.49)"
"frozenset({'loudness_very_low', 'mode_0', 'acousticness_very_high'})",frozenset({'energy_very_low'}),0.0462511529845829,0.2505061153104373,0.0404293295319781,0.8741258741258742,3.4894392619622154,1.0,0.0288431328691814,5.954312528367083,0.7480176844432163,0.1577250210300028,0.8320544991154099,0.5177582316306494,acousticness_very_high|loudness_very_low|mode_0,energy_very_low,"acousticness_very_high|loudness_very_low|mode_0  →  energy_very_low (conf=0.87, lift=3.49)"
"frozenset({'energy_very_low', 'loudness_very_low', 'danceability_very_low', 'instrumentalness_high'})",frozenset({'acousticness_very_high'}),0.0480599911354951,0.249751434492507,0.0418668168042262,0.8711365902293121,3.488014361156542,1.0,0.0298637650764391,5.822044960959502,0.7493160557032402,0.1635776467284471,0.828239045437534,0.5193852647534877,danceability_very_low|energy_very_low|instrumentalness_high|loudness_very_low,acousticness_very_high,"danceability_very_low|energy_very_low|instrumentalness_high|loudness_very_low  →  acousticness_very_high (conf=0.87, lift=3.49)"
"frozenset({'loudness_very_low', 'tempo_very_high', 'acousticness_very_high'})",frozenset({'energy_very_low'}),0.0238143724769103,0.2505061153104373,0.0208076282657913,0.8737424547283702,3.4879086829700463,1.0,0.0148419823280447,5.936230449254384,0.7306963206118731,0.0820772102253933,0.8315429280334619,0.4784024056350344,acousticness_very_high|loudness_very_low|tempo_very_high,energy_very_low,"acousticness_very_high|loudness_very_low|tempo_very_high  →  energy_very_low (conf=0.87, lift=3.49)"
"frozenset({'energy_very_low', 'liveness_low', 'speechiness_low', 'acousticness_very_high'})",frozenset({'loudness_very_low'}),0.0265096611123755,0.2500029947651505,0.0231076079013883,0.8716674197921374,3.4866279126414867,1.0,0.0164801132330852,5.844166804875781,0.7326112034952527,0.0911884277205256,0.8288892098073414,0.4820483720906063,acousticness_very_high|energy_very_low|liveness_low|speechiness_low,loudness_very_low,"acousticness_very_high|energy_very_low|liveness_low|speechiness_low  →  loudness_very_low (conf=0.87, lift=3.49)"
"frozenset({'loudness_very_low', 'valence_very_low', 'liveness_low'})",frozenset({'energy_very_low'}),0.0426574348039626,0.2505061153104373,0.0372548784724301,0.8733501825329962,3.486342764330145,1.0,0.0265689301905812,5.917844176007828,0.7449438648891641,0.1455788044750269,0.8310195452502435,0.5110343108533382,liveness_low|loudness_very_low|valence_very_low,energy_very_low,"liveness_low|loudness_very_low|valence_very_low  →  energy_very_low (conf=0.87, lift=3.49)"
"frozenset({'loudness_very_low', 'mode_1', 'danceability_low', 'acousticness_very_high'})",frozenset({'energy_very_low'}),0.02624612177913,0.2505061153104373,0.0229039638711532,0.8726608854404382,3.4835911465035547,1.0,0.0163291498622986,5.885810399121263,0.7321561664729241,0.0902269831532254,0.8300998618390258,0.4820458214501349,acousticness_very_high|danceability_low|loudness_very_low|mode_1,energy_very_low,"acousticness_very_high|danceability_low|loudness_very_low|mode_1  →  energy_very_low (conf=0.87, lift=3.48)"
"frozenset({'energy_very_low', 'valence_very_low', 'key_very_low', 'acousticness_very_high'})",frozenset({'loudness_very_low'}),0.025886749961068,0.2500029947651505,0.0225326129924891,0.8704303563165202,3.481679718013741,1.0,0.0160608479774854,5.788369743973253,0.7317242750512525,0.0889361702127659,0.8272397852536663,0.4802798643106319,acousticness_very_high|energy_very_low|key_very_low|valence_very_low,loudness_very_low,"acousticness_very_high|energy_very_low|key_very_low|valence_very_low  →  loudness_very_low (conf=0.87, lift=3.48)"
"frozenset({'acousticness_very_high', 'instrumentalness_high'})",frozenset({'energy_very_low'}),0.0804274128822817,0.2505061153104373,0.0701254207645036,0.8719094429550195,3.48059144933254,1.0,0.0499778619988946,5.85128132768108,0.7750258304560319,0.2688774572845857,0.8290972619502623,0.5759222042625136,acousticness_very_high|instrumentalness_high,energy_very_low,"acousticness_very_high|instrumentalness_high  →  energy_very_low (conf=0.87, lift=3.48)"
"frozenset({'valence_very_low', 'acousticness_very_high', 'danceability_very_low'})",frozenset({'loudness_very_low'}),0.0594041615256531,0.2500029947651505,0.0516776674373195,0.8699334543254689,3.479692133858927,1.0,0.0368264491543935,5.766256044898634,0.7576242899765268,0.2005112712061352,0.8265772466200676,0.5383208239523847,acousticness_very_high|danceability_very_low|valence_very_low,loudness_very_low,"acousticness_very_high|danceability_very_low|valence_very_low  →  loudness_very_low (conf=0.87, lift=3.48)"
"frozenset({'acousticness_very_high', 'speechiness_low', 'liveness_low'})",frozenset({'energy_very_low'}),0.0304148348686496,0.2505061153104373,0.0265096611123755,0.8716029933044506,3.4793681272983084,1.0,0.0188905589816217,5.837315868793864,0.734944714784294,0.1042000188341651,0.8286883864986689,0.4887137001717356,acousticness_very_high|liveness_low|speechiness_low,energy_very_low,"acousticness_very_high|liveness_low|speechiness_low  →  energy_very_low (conf=0.87, lift=3.48)"
"frozenset({'loudness_very_low', 'speechiness_very_low', 'liveness_low'})",frozenset({'energy_very_low'}),0.026425807688161,0.2505061153104373,0.0230237544771739,0.8712601994560291,3.477999722187732,1.0,0.0164039280492719,5.821772921215408,0.7318172755016037,0.0906774863181732,0.8282310193934477,0.4815845756270199,liveness_low|loudness_very_low|speechiness_very_low,energy_very_low,"liveness_low|loudness_very_low|speechiness_very_low  →  energy_very_low (conf=0.87, lift=3.48)"
"frozenset({'energy_very_low', 'instrumentalness_high', 'danceability_very_low', 'loudness_very_low', 'mode_1', 'valence_very_low'})",frozenset({'acousticness_very_high'}),0.025539357203608,0.249751434492507,0.0221732411744271,0.8681988742964352,3.4762518023594478,1.0,0.0157947500768094,5.692277372462539,0.7310031937468966,0.08760056791292,0.8243233885900068,0.4784900554032897,danceability_very_low|energy_very_low|instrumentalness_high|loudness_very_low|mode_1|valence_very_low,acousticness_very_high,"danceability_very_low|energy_very_low|instrumentalness_high|loudness_very_low|mode_1|valence_very_low  →  acousticness_very_high (conf=0.87, lift=3.48)"
"frozenset({'duration_ms_very_low', 'mode_1', 'acousticness_very_high', 'liveness_low'})",frozenset({'energy_very_low'}),0.0236945818708896,0.2505061153104373,0.0206279423567603,0.8705763397371081,3.47526980991364,1.0,0.0146923046983786,5.7910113434216965,0.7295386712155801,0.0813492063492063,0.8273185907093842,0.476460702385769,acousticness_very_high|duration_ms_very_low|liveness_low|mode_1,energy_very_low,"acousticness_very_high|duration_ms_very_low|liveness_low|mode_1  →  energy_very_low (conf=0.87, lift=3.48)"
"frozenset({'mode_0', 'acousticness_very_high', 'instrumentalness_high'})",frozenset({'loudness_very_low'}),0.0286299548389415,0.2500029947651505,0.0248445716886881,0.8677824267782427,3.471088126737945,1.0,0.0176869972389617,5.672445704149653,0.7328884665494809,0.0978948362125932,0.8237091984382584,0.4835797615443681,acousticness_very_high|instrumentalness_high|mode_0,loudness_very_low,"acousticness_very_high|instrumentalness_high|mode_0  →  loudness_very_low (conf=0.87, lift=3.47)"
"frozenset({'loudness_very_low', 'duration_ms_very_high', 'acousticness_very_high'})",frozenset({'energy_very_low'}),0.0304387929898537,0.2505061153104373,0.0264617448699673,0.8693427784336876,3.470345533706284,1.0,0.0188366410833404,5.736337231916203,0.7341921795378343,0.1039823008849557,0.8256727316455289,0.4874879538687183,acousticness_very_high|duration_ms_very_high|loudness_very_low,energy_very_low,"acousticness_very_high|duration_ms_very_high|loudness_very_low  →  energy_very_low (conf=0.87, lift=3.47)"
"frozenset({'energy_very_low', 'tempo_very_low', 'acousticness_very_high', 'danceability_very_low'})",frozenset({'loudness_very_low'}),0.041303800955929,0.2500029947651505,0.0358293702607841,0.8674593967517401,3.4697960221101347,1.0,0.0255032963266182,5.6586207309622765,0.7424652577684488,0.1402447601631734,0.8232784900164275,0.5053875805033258,acousticness_very_high|danceability_very_low|energy_very_low|tempo_very_low,loudness_very_low,"acousticness_very_high|danceability_very_low|energy_very_low|tempo_very_low  →  loudness_very_low (conf=0.87, lift=3.47)"
"frozenset({'energy_very_low', 'duration_ms_very_low', 'danceability_very_low'})",frozenset({'acousticness_very_high'}),0.0304747301716599,0.249751434492507,0.0263898705063548,0.8659591194968553,3.4672838666831978,1.0,0.0187787629302107,5.597162318624815,0.7339569496444487,0.1039641340254837,0.8213380382640587,0.4858118298812877,danceability_very_low|duration_ms_very_low|energy_very_low,acousticness_very_high,"danceability_very_low|duration_ms_very_low|energy_very_low  →  acousticness_very_high (conf=0.87, lift=3.47)"
"frozenset({'loudness_very_low', 'valence_very_low', 'danceability_very_low'})",frozenset({'energy_very_low'}),0.066471807280873,0.2505061153104373,0.0577151139807616,0.8682645521715625,3.4660413423264087,1.0,0.041063519761166,5.689386547390404,0.7621477577481297,0.2226123919974125,0.8242341258287893,0.549329292153111,danceability_very_low|loudness_very_low|valence_very_low,energy_very_low,"danceability_very_low|loudness_very_low|valence_very_low  →  energy_very_low (conf=0.87, lift=3.47)"
"frozenset({'energy_very_low', 'liveness_low', 'valence_very_low', 'danceability_very_low'})",frozenset({'loudness_very_low'}),0.0284023526875022,0.2500029947651505,0.0245930114160447,0.8658793757908055,3.463476013974157,1.0,0.0174923381857931,5.591958803181848,0.7320650935349116,0.0968944685671134,0.8211717869897404,0.482125121532202,danceability_very_low|energy_very_low|liveness_low|valence_very_low,loudness_very_low,"danceability_very_low|energy_very_low|liveness_low|valence_very_low  →  loudness_very_low (conf=0.87, lift=3.46)"
"frozenset({'tempo_very_low', 'acousticness_very_high', 'liveness_low'})",frozenset({'energy_very_low'}),0.0346554223217815,0.2505061153104373,0.0300674421111896,0.867611475976495,3.463434315371166,1.0,0.0213860468909175,5.661320648581998,0.7368034822218089,0.1178680441418173,0.8233627695597012,0.4938191274297165,acousticness_very_high|liveness_low|tempo_very_low,energy_very_low,"acousticness_very_high|liveness_low|tempo_very_low  →  energy_very_low (conf=0.87, lift=3.46)"
"frozenset({'instrumentalness_high', 'danceability_very_low', 'loudness_very_low', 'mode_1', 'valence_very_low'})",frozenset({'energy_very_low'}),0.0294445309598821,0.2505061153104373,0.025539357203608,0.8673718470301058,3.462477736143181,1.0,0.0181633221357101,5.651091928119466,0.7327654125665842,0.1003861003861004,0.8230430485435805,0.4846614399649381,danceability_very_low|instrumentalness_high|loudness_very_low|mode_1|valence_very_low,energy_very_low,"danceability_very_low|instrumentalness_high|loudness_very_low|mode_1|valence_very_low  →  energy_very_low (conf=0.87, lift=3.46)"
"frozenset({'energy_very_low', 'mode_0', 'acousticness_very_high', 'danceability_very_low'})",frozenset({'loudness_very_low'}),0.0247607182644737,0.2500029947651505,0.0214305394170989,0.8655055636187711,3.461980783197479,1.0,0.0152402856984443,5.576416582087887,0.7292036266986623,0.084594287875922,0.820673368770167,0.4756133472142729,acousticness_very_high|danceability_very_low|energy_very_low|mode_0,loudness_very_low,"acousticness_very_high|danceability_very_low|energy_very_low|mode_0  →  loudness_very_low (conf=0.87, lift=3.46)"
"frozenset({'energy_very_low', 'valence_very_low', 'key_very_low', 'danceability_very_low'})",frozenset({'loudness_very_low'}),0.0231315660225925,0.2500029947651505,0.0200170102660549,0.8653547384774729,3.461377489859174,1.0,0.014234049486799,5.570170065801905,0.7279359753814557,0.079081874112636,0.8204722677787692,0.472710910206633,danceability_very_low|energy_very_low|key_very_low|valence_very_low,loudness_very_low,"danceability_very_low|energy_very_low|key_very_low|valence_very_low  →  loudness_very_low (conf=0.87, lift=3.46)"
"frozenset({'energy_very_low', 'loudness_very_low', 'valence_very_low', 'speechiness_low'})",frozenset({'acousticness_very_high'}),0.0370751925633991,0.249751434492507,0.0320439871105307,0.8642972536348948,3.4606297873369174,1.0,0.0227844045837359,5.528617405346876,0.7384120241532235,0.1257698998542479,0.8191229512404182,0.4963003846955231,energy_very_low|loudness_very_low|speechiness_low|valence_very_low,acousticness_very_high,"energy_very_low|loudness_very_low|speechiness_low|valence_very_low  →  acousticness_very_high (conf=0.86, lift=3.46)"
"frozenset({'energy_very_low', 'speechiness_low', 'instrumentalness_high', 'loudness_very_low', 'valence_very_low'})",frozenset({'acousticness_very_high'}),0.0264617448699673,0.249751434492507,0.022868026689347,0.8641919420552285,3.460208121772192,1.0,0.0162591679488979,5.524330270686836,0.7303257358320889,0.0902643150976405,0.8189825823220251,0.4778775432852765,energy_very_low|instrumentalness_high|loudness_very_low|speechiness_low|valence_very_low,acousticness_very_high,"energy_very_low|instrumentalness_high|loudness_very_low|speechiness_low|valence_very_low  →  acousticness_very_high (conf=0.86, lift=3.46)"
"frozenset({'energy_very_low', 'mode_1', 'speechiness_low', 'instrumentalness_high'})",frozenset({'acousticness_very_high'}),0.0244492626888199,0.249751434492507,0.021095125720241,0.8628123468887801,3.454684248929372,1.0,0.0149888872914241,5.46877615071712,0.7283454549559683,0.0833451654124663,0.8171437315332664,0.4736384147988914,energy_very_low|instrumentalness_high|mode_1|speechiness_low,acousticness_very_high,"energy_very_low|instrumentalness_high|mode_1|speechiness_low  →  acousticness_very_high (conf=0.86, lift=3.45)"
"frozenset({'energy_very_low', 'instrumentalness_high', 'tempo_very_low', 'loudness_very_low', 'mode_1'})",frozenset({'acousticness_very_high'}),0.0241857233555744,0.249751434492507,0.0208675235688017,0.8628033680039624,3.4546482976451043,1.0,0.014827104466508,5.468418244619598,0.7281456628357956,0.0824576351415317,0.8171317636532457,0.4731782680108065,energy_very_low|instrumentalness_high|loudness_very_low|mode_1|tempo_very_low,acousticness_very_high,"energy_very_low|instrumentalness_high|loudness_very_low|mode_1|tempo_very_low  →  acousticness_very_high (conf=0.86, lift=3.45)"
"frozenset({'energy_very_low', 'liveness_low', 'acousticness_very_high', 'danceability_very_low'})",frozenset({'loudness_very_low'}),0.0330023119586962,0.2500029947651505,0.0284981851723187,0.8635208711433757,3.454042108393764,1.0,0.0202475083484709,5.495323801654284,0.7347319859516854,0.1119740186388025,0.8180271015697083,0.4887561231615297,acousticness_very_high|danceability_very_low|energy_very_low|liveness_low,loudness_very_low,"acousticness_very_high|danceability_very_low|energy_very_low|liveness_low  →  loudness_very_low (conf=0.86, lift=3.45)"
"frozenset({'energy_very_low', 'instrumentalness_high', 'tempo_very_low', 'loudness_very_low', 'valence_very_low'})",frozenset({'acousticness_very_high'}),0.0268810119910396,0.249751434492507,0.0231794822650007,0.8622994652406417,3.4526306805517546,1.0,0.0164659109596283,5.4484070582485895,0.7299886108968,0.0914547688817468,0.8164601159001043,0.4775548359825924,energy_very_low|instrumentalness_high|loudness_very_low|tempo_very_low|valence_very_low,acousticness_very_high,"energy_very_low|instrumentalness_high|loudness_very_low|tempo_very_low|valence_very_low  →  acousticness_very_high (conf=0.86, lift=3.45)"
"frozenset({'loudness_very_low', 'duration_ms_very_low', 'speechiness_low'})",frozenset({'energy_very_low'}),0.0266054935971921,0.2505061153104373,0.0229997963559697,0.864475461503827,3.4509156011322677,1.0,0.0163349575090204,5.53031866410471,0.7296341078211787,0.0905105359920803,0.8191785933619636,0.4781443872171009,duration_ms_very_low|loudness_very_low|speechiness_low,energy_very_low,"duration_ms_very_low|loudness_very_low|speechiness_low  →  energy_very_low (conf=0.86, lift=3.45)"
"frozenset({'acousticness_very_low', 'liveness_very_high', 'speechiness_very_high'})",frozenset({'energy_very_high'}),0.0288695360509828,0.2486014446747086,0.0247607182644737,0.8576763485477179,3.450005488383123,1.0,0.0175837098951107,5.279505884355548,0.7312564222931981,0.0979806598407281,0.810588334987325,0.4786382031853416,acousticness_very_low|liveness_very_high|speechiness_very_high,energy_very_high,"acousticness_very_low|liveness_very_high|speechiness_very_high  →  energy_very_high (conf=0.86, lift=3.45)"
"frozenset({'energy_very_low', 'valence_very_low', 'acousticness_very_high'})",frozenset({'loudness_very_low'}),0.0780076426406641,0.2500029947651505,0.0672624252806095,0.8622542997542997,3.448975883526075,1.0,0.0477602810058738,5.444794312251212,0.7701352990487846,0.2579592961822943,0.8163383329743197,0.5656503889763352,acousticness_very_high|energy_very_low|valence_very_low,loudness_very_low,"acousticness_very_high|energy_very_low|valence_very_low  →  loudness_very_low (conf=0.86, lift=3.45)"
"frozenset({'loudness_very_low', 'valence_very_low', 'speechiness_low', 'danceability_very_low'})",frozenset({'acousticness_very_high'}),0.0315768037470501,0.249751434492507,0.0271924675666934,0.8611532625189681,3.448041306624823,1.0,0.0193061155341792,5.403429559228826,0.733130180371908,0.1069997643176997,0.8149323519371059,0.4850156930849912,danceability_very_low|loudness_very_low|speechiness_low|valence_very_low,acousticness_very_high,"danceability_very_low|loudness_very_low|speechiness_low|valence_very_low  →  acousticness_very_high (conf=0.86, lift=3.45)"
"frozenset({'energy_very_low', 'valence_very_low', 'acousticness_very_high', 'liveness_low'})",frozenset({'loudness_very_low'}),0.0356616634123552,0.2500029947651505,0.0307262904443033,0.861605643265032,3.446381288649813,1.0,0.0218107677929077,5.41927447714599,0.7360908011777753,0.1205243868057513,0.8154734542018177,0.4922546663857503,acousticness_very_high|energy_very_low|liveness_low|valence_very_low,loudness_very_low,"acousticness_very_high|energy_very_low|liveness_low|valence_very_low  →  loudness_very_low (conf=0.86, lift=3.45)"
"frozenset({'energy_very_low', 'acousticness_very_high', 'tempo_very_low', 'danceability_very_low', 'mode_1'})",frozenset({'loudness_very_low'}),0.028713808263156,0.2500029947651505,0.0247367601432695,0.8614935335836462,3.4459328552960806,1.0,0.0175582220863682,5.414888016710645,0.7307864820792725,0.0973964720309404,0.8153239740297593,0.4802196944391638,acousticness_very_high|danceability_very_low|energy_very_low|mode_1|tempo_very_low,loudness_very_low,"acousticness_very_high|danceability_very_low|energy_very_low|mode_1|tempo_very_low  →  loudness_very_low (conf=0.86, lift=3.45)"
"frozenset({'energy_very_low', 'tempo_very_low', 'danceability_very_low', 'mode_1', 'valence_very_low'})",frozenset({'acousticness_very_high'}),0.0241497861737682,0.249751434492507,0.0207836701445872,0.8606150793650794,3.445886431498752,1.0,0.0147522264050013,5.382566220865146,0.7273646093321978,0.0821107430194037,0.8142150121398287,0.4719162499324318,danceability_very_low|energy_very_low|mode_1|tempo_very_low|valence_very_low,acousticness_very_high,"danceability_very_low|energy_very_low|mode_1|tempo_very_low|valence_very_low  →  acousticness_very_high (conf=0.86, lift=3.45)"
"frozenset({'acousticness_very_low', 'speechiness_high', 'loudness_very_high'})",frozenset({'energy_very_high'}),0.0366439463817247,0.2486014446747086,0.031385138777417,0.8564890487087283,3.4452295714911547,1.0,0.0222754007683377,5.23582729097965,0.7367406658933727,0.1236315590788977,0.8090082150488782,0.4913679281995913,acousticness_very_low|loudness_very_high|speechiness_high,energy_very_high,"acousticness_very_low|loudness_very_high|speechiness_high  →  energy_very_high (conf=0.86, lift=3.45)"
"frozenset({'loudness_very_low', 'mode_1', 'speechiness_low', 'danceability_very_low'})",frozenset({'acousticness_very_high'}),0.0278033996573988,0.249751434492507,0.0239221840223289,0.8604049978457561,3.4450452690856097,1.0,0.0169782450741251,5.374465804144723,0.7300252357392145,0.0943182354885939,0.8139349962504532,0.4780944841499872,danceability_very_low|loudness_very_low|mode_1|speechiness_low,acousticness_very_high,"danceability_very_low|loudness_very_low|mode_1|speechiness_low  →  acousticness_very_high (conf=0.86, lift=3.45)"
"frozenset({'energy_very_low', 'instrumentalness_high', 'danceability_very_low', 'mode_1', 'valence_very_low'})",frozenset({'acousticness_very_high'}),0.0262940380215383,0.249751434492507,0.0226164664167036,0.8601366742596811,3.443970906543428,1.0,0.0160494927022238,5.364155053058459,0.7288006116762404,0.0892418226507846,0.813577350000382,0.4753462881107029,danceability_very_low|energy_very_low|instrumentalness_high|mode_1|valence_very_low,acousticness_very_high,"danceability_very_low|energy_very_low|instrumentalness_high|mode_1|valence_very_low  →  acousticness_very_high (conf=0.86, lift=3.44)"
"frozenset({'loudness_very_low', 'danceability_low', 'acousticness_very_high'})",frozenset({'energy_very_low'}),0.0366199882605206,0.2505061153104373,0.0315887828076522,0.8626104023552502,3.443470436984216,1.0,0.0224152518057953,5.455244774990459,0.7365684269177472,0.1236171010688167,0.8166901685906935,0.494355124666531,acousticness_very_high|danceability_low|loudness_very_low,energy_very_low,"acousticness_very_high|danceability_low|loudness_very_low  →  energy_very_low (conf=0.86, lift=3.44)"
"frozenset({'speechiness_very_high', 'loudness_very_high', 'instrumentalness_medium'})",frozenset({'energy_very_high'}),0.024652906719055,0.2486014446747086,0.021095125720241,0.8556851311953353,3.44199581106613,1.0,0.014966377494453,5.206660696496464,0.7274034945758084,0.0836579572446555,0.8079383201073781,0.4702701664264634,instrumentalness_medium|loudness_very_high|speechiness_very_high,energy_very_high,"instrumentalness_medium|loudness_very_high|speechiness_very_high  →  energy_very_high (conf=0.86, lift=3.44)"
"frozenset({'energy_very_low', 'loudness_very_low', 'speechiness_low', 'liveness_low'})",frozenset({'acousticness_very_high'}),0.0268810119910396,0.249751434492507,0.0231076079013883,0.8596256684491979,3.4419248489841525,1.0,0.0163940365960159,5.344627876186711,0.7290628412222244,0.0911453411453411,0.812896234655446,0.4760740457934991,energy_very_low|liveness_low|loudness_very_low|speechiness_low,acousticness_very_high,"energy_very_low|liveness_low|loudness_very_low|speechiness_low  →  acousticness_very_high (conf=0.86, lift=3.44)"
"frozenset({'energy_very_low', 'loudness_very_low', 'mode_1', 'danceability_very_low'})",frozenset({'acousticness_very_high'}),0.0541453539213454,0.249751434492507,0.0465386504390325,0.8595132743362831,3.441474825090824,1.0,0.033015770626072,5.340351993848608,0.7500379740276395,0.1808322472537702,0.8127464254880822,0.5229265733761131,danceability_very_low|energy_very_low|loudness_very_low|mode_1,acousticness_very_high,"danceability_very_low|energy_very_low|loudness_very_low|mode_1  →  acousticness_very_high (conf=0.86, lift=3.44)"
"frozenset({'energy_very_low', 'danceability_very_low', 'loudness_very_low', 'mode_1', 'valence_very_low'})",frozenset({'acousticness_very_high'}),0.0377340408965128,0.249751434492507,0.0324273170497969,0.8593650793650793,3.440881455240897,1.0,0.0230031862066939,5.334724562863661,0.7371941065622154,0.1271369528461394,0.8125488976579508,0.4946017204585961,danceability_very_low|energy_very_low|loudness_very_low|mode_1|valence_very_low,acousticness_very_high,"danceability_very_low|energy_very_low|loudness_very_low|mode_1|valence_very_low  →  acousticness_very_high (conf=0.86, lift=3.44)"
"frozenset({'energy_very_low', 'loudness_very_low', 'speechiness_low', 'instrumentalness_high'})",frozenset({'acousticness_very_high'}),0.0362965536242647,0.249751434492507,0.0311814947471819,0.859075907590759,3.439723616948965,1.0,0.0221163784123875,5.3237778770203805,0.7359929764538441,0.122344425643918,0.8121634630331945,0.4919630101529986,energy_very_low|instrumentalness_high|loudness_very_low|speechiness_low,acousticness_very_high,"energy_very_low|instrumentalness_high|loudness_very_low|speechiness_low  →  acousticness_very_high (conf=0.86, lift=3.44)"
"frozenset({'duration_ms_very_low', 'acousticness_very_high', 'liveness_low'})",frozenset({'energy_very_low'}),0.0338767833826471,0.2505061153104373,0.0291809916266366,0.8613861386138615,3.438583275886885,1.0,0.0206946502222365,5.40706302526042,0.7340498019207777,0.1143447239954937,0.8150567146474427,0.4889371396971373,acousticness_very_high|duration_ms_very_low|liveness_low,energy_very_low,"acousticness_very_high|duration_ms_very_low|liveness_low  →  energy_very_low (conf=0.86, lift=3.44)"
"frozenset({'key_very_low', 'acousticness_very_high', 'danceability_very_low'})",frozenset({'energy_very_low'}),0.0313132644138046,0.2505061153104373,0.026952886354652,0.8607498087222646,3.4360430988105355,1.0,0.0191087221286613,5.382354435655261,0.7318852793063885,0.1057529610829103,0.8142077018608199,0.4841717674062738,acousticness_very_high|danceability_very_low|key_very_low,energy_very_low,"acousticness_very_high|danceability_very_low|key_very_low  →  energy_very_low (conf=0.86, lift=3.44)"
"frozenset({'mode_1', 'acousticness_very_high', 'danceability_very_low'})",frozenset({'energy_very_low'}),0.0649025503420021,0.2505061153104373,0.0558583595874411,0.8606496862310816,3.4356434179841457,1.0,0.039599873827526,5.378487241388148,0.7581388500609604,0.2152120736604052,0.8140741150588082,0.541815853061983,acousticness_very_high|danceability_very_low|mode_1,energy_very_low,"acousticness_very_high|danceability_very_low|mode_1  →  energy_very_low (conf=0.86, lift=3.44)"
"frozenset({'energy_very_low', 'instrumentalness_high', 'danceability_very_low', 'loudness_very_low', 'valence_very_low'})",frozenset({'acousticness_very_high'}),0.039710585895854,0.249751434492507,0.0340684483522802,0.857918552036199,3.4350895872909906,1.0,0.0241506725602527,5.280411878253371,0.7382011786175892,0.1333958724202626,0.8106208335530874,0.4971639860761359,danceability_very_low|energy_very_low|instrumentalness_high|loudness_very_low|valence_very_low,acousticness_very_high,"danceability_very_low|energy_very_low|instrumentalness_high|loudness_very_low|valence_very_low  →  acousticness_very_high (conf=0.86, lift=3.44)"
"frozenset({'energy_very_low', 'danceability_very_low', 'instrumentalness_high'})",frozenset({'acousticness_very_high'}),0.0498808083470094,0.249751434492507,0.0427892044705854,0.8578290105667628,3.434731064948093,1.0,0.0303314010322739,5.27708619387365,0.7460710158277847,0.1665967072431323,0.8105014844819222,0.5145780862704791,danceability_very_low|energy_very_low|instrumentalness_high,acousticness_very_high,"danceability_very_low|energy_very_low|instrumentalness_high  →  acousticness_very_high (conf=0.86, lift=3.43)"
"frozenset({'energy_very_low', 'instrumentalness_high', 'tempo_very_low', 'danceability_very_low', 'loudness_very_low'})",frozenset({'valence_very_low'}),0.0260304986882928,0.2507217384012746,0.0224128223864684,0.8610216290842154,3.434172220464463,1.0,0.0158864105038875,5.391330008125931,0.7277527803293226,0.0881217030896759,0.8145170118518477,0.4752074222821937,danceability_very_low|energy_very_low|instrumentalness_high|loudness_very_low|tempo_very_low,valence_very_low,"danceability_very_low|energy_very_low|instrumentalness_high|loudness_very_low|tempo_very_low  →  valence_very_low (conf=0.86, lift=3.43)"
"frozenset({'loudness_very_low', 'instrumentalness_high', 'tempo_very_low'})",frozenset({'energy_very_low'}),0.0428371207129936,0.2505061153104373,0.0368236322907557,0.859619686800895,3.4315317441876387,1.0,0.0260926715898594,5.339024166633223,0.740297146725017,0.1435509479779583,0.8126998551065563,0.5033083131785653,instrumentalness_high|loudness_very_low|tempo_very_low,energy_very_low,"instrumentalness_high|loudness_very_low|tempo_very_low  →  energy_very_low (conf=0.86, lift=3.43)"
"frozenset({'energy_very_low', 'duration_ms_very_low', 'speechiness_low', 'acousticness_very_high'})",frozenset({'loudness_very_low'}),0.0234909378406545,0.2500029947651505,0.0201128427508714,0.8561958184599694,3.4247422486449346,1.0,0.0142400379408658,5.215404706615389,0.7250390706504878,0.0793778366111951,0.8082603256595663,0.4683231128715754,acousticness_very_high|duration_ms_very_low|energy_very_low|speechiness_low,loudness_very_low,"acousticness_very_high|duration_ms_very_low|energy_very_low|speechiness_low  →  loudness_very_low (conf=0.86, lift=3.42)"
"frozenset({'energy_very_low', 'duration_ms_very_low', 'instrumentalness_high', 'loudness_very_low', 'mode_1'})",frozenset({'acousticness_very_high'}),0.0234310425376442,0.249751434492507,0.020040968387259,0.8553169734151329,3.424672915905889,1.0,0.0141890319018274,5.185463583507618,0.7249885490274769,0.0791690327465455,0.807153211300046,0.4677803150926209,duration_ms_very_low|energy_very_low|instrumentalness_high|loudness_very_low|mode_1,acousticness_very_high,"duration_ms_very_low|energy_very_low|instrumentalness_high|loudness_very_low|mode_1  →  acousticness_very_high (conf=0.86, lift=3.42)"
"frozenset({'acousticness_very_low', 'tempo_very_high', 'loudness_very_high'})",frozenset({'energy_very_high'}),0.0430168066220247,0.2486014446747086,0.0366080091999185,0.8510164299637984,3.4232159474267783,1.0,0.0259139689283906,5.043499462005837,0.7396964102164496,0.1435550544907929,0.8017249714145319,0.4991361241998436,acousticness_very_low|loudness_very_high|tempo_very_high,energy_very_high,"acousticness_very_low|loudness_very_high|tempo_very_high  →  energy_very_high (conf=0.85, lift=3.42)"
"frozenset({'loudness_very_low', 'tempo_very_low', 'danceability_very_low', 'instrumentalness_high'})",frozenset({'valence_very_low'}),0.0294085937780759,0.2507217384012746,0.0252279016279543,0.8578411405295315,3.421486888211408,1.0,0.0178545278719782,5.270710980587022,0.729173370974977,0.0989708162977583,0.8102722756601185,0.4792311292709769,danceability_very_low|instrumentalness_high|loudness_very_low|tempo_very_low,valence_very_low,"danceability_very_low|instrumentalness_high|loudness_very_low|tempo_very_low  →  valence_very_low (conf=0.86, lift=3.42)"
"frozenset({'acousticness_very_high', 'danceability_very_low'})",frozenset({'energy_very_low'}),0.0941075000898429,0.2505061153104373,0.0806190778519148,0.8566700610997964,3.419757078737084,1.0,0.0570445735828316,5.229150939716879,0.7810877878827991,0.3053816135765496,0.8087643650894226,0.5892474253471438,acousticness_very_high|danceability_very_low,energy_very_low,"acousticness_very_high|danceability_very_low  →  energy_very_low (conf=0.86, lift=3.42)"
"frozenset({'energy_very_low', 'instrumentalness_high', 'loudness_very_low', 'liveness_low', 'mode_1'})",frozenset({'acousticness_very_high'}),0.0252997759915667,0.249751434492507,0.0215982462655278,0.8536931818181819,3.418171285193535,1.0,0.0152795909192949,5.127912525410439,0.7258087046576646,0.0852159939502788,0.8049888731438608,0.470086074817192,energy_very_low|instrumentalness_high|liveness_low|loudness_very_low|mode_1,acousticness_very_high,"energy_very_low|instrumentalness_high|liveness_low|loudness_very_low|mode_1  →  acousticness_very_high (conf=0.85, lift=3.42)"
"frozenset({'energy_very_low', 'loudness_very_low', 'mode_1', 'speechiness_low'})",frozenset({'acousticness_very_high'}),0.0420345236526551,0.249751434492507,0.0358772865031924,0.8535195212311201,3.4174759515013995,1.0,0.0253791039227325,5.121833105770027,0.738425757739286,0.1401956654027992,0.8047574024086329,0.4985857474734429,energy_very_low|loudness_very_low|mode_1|speechiness_low,acousticness_very_high,"energy_very_low|loudness_very_low|mode_1|speechiness_low  →  acousticness_very_high (conf=0.85, lift=3.42)"
"frozenset({'energy_very_low', 'tempo_very_low', 'danceability_very_low', 'instrumentalness_high'})",frozenset({'valence_very_low'}),0.0269289282334479,0.2507217384012746,0.0230596916589801,0.8563167259786477,3.4154067829895616,1.0,0.0163080239590068,5.214791120971936,0.7267805282577968,0.0905754481720227,0.808237765079722,0.4741449850629025,danceability_very_low|energy_very_low|instrumentalness_high|tempo_very_low,valence_very_low,"danceability_very_low|energy_very_low|instrumentalness_high|tempo_very_low  →  valence_very_low (conf=0.86, lift=3.42)"
"frozenset({'acousticness_very_low', 'tempo_very_high', 'speechiness_very_high'})",frozenset({'energy_very_high'}),0.0306903532624971,0.2486014446747086,0.026054456809497,0.8489461358313818,3.414888183543002,1.0,0.018424790650863,4.974374932153482,0.7295549419946279,0.1028855250709555,0.7989697170721538,0.4768751302681219,acousticness_very_low|speechiness_very_high|tempo_very_high,energy_very_high,"acousticness_very_low|speechiness_very_high|tempo_very_high  →  energy_very_high (conf=0.85, lift=3.41)"
"frozenset({'acousticness_very_high', 'speechiness_low', 'danceability_very_low'})",frozenset({'loudness_very_low'}),0.0415793193497765,0.2500029947651505,0.0354819775033241,0.8533563814462691,3.413384636643656,1.0,0.0250870231455834,5.114419656522914,0.7377090953970099,0.138547172458955,0.8044743945239997,0.4976412956584484,acousticness_very_high|danceability_very_low|speechiness_low,loudness_very_low,"acousticness_very_high|danceability_very_low|speechiness_low  →  loudness_very_low (conf=0.85, lift=3.41)"
"frozenset({'energy_very_low', 'acousticness_very_high', 'mode_1', 'liveness_low', 'valence_very_low'})",frozenset({'loudness_very_low'}),0.0246648857796571,0.2500029947651505,0.0210472094778327,0.8533268576979117,3.4132665430648763,1.0,0.014880914167378,5.11339017807469,0.7249052217280998,0.0829869639146042,0.804435029369004,0.468757343559066,acousticness_very_high|energy_very_low|liveness_low|mode_1|valence_very_low,loudness_very_low,"acousticness_very_high|energy_very_low|liveness_low|mode_1|valence_very_low  →  loudness_very_low (conf=0.85, lift=3.41)"
"frozenset({'loudness_very_low', 'danceability_very_low', 'speechiness_low', 'instrumentalness_high'})",frozenset({'acousticness_very_high'}),0.0284023526875022,0.249751434492507,0.0242096814767785,0.8523829607760439,3.412925185026782,1.0,0.0171161531501127,5.082398139480761,0.7276635715576768,0.0953346855983773,0.8032424905416474,0.4746590327886167,danceability_very_low|instrumentalness_high|loudness_very_low|speechiness_low,acousticness_very_high,"danceability_very_low|instrumentalness_high|loudness_very_low|speechiness_low  →  acousticness_very_high (conf=0.85, lift=3.41)"
"frozenset({'energy_very_low', 'tempo_very_low', 'loudness_very_low', 'mode_1', 'valence_very_low'})",frozenset({'acousticness_very_high'}),0.0265336192335797,0.249751434492507,0.0226164664167036,0.8523702031602708,3.412874103775541,1.0,0.015989656950839,5.081958937611914,0.7262621932054054,0.0891575368341518,0.8032254860229323,0.4714630525609978,energy_very_low|loudness_very_low|mode_1|tempo_very_low|valence_very_low,acousticness_very_high,"energy_very_low|loudness_very_low|mode_1|tempo_very_low|valence_very_low  →  acousticness_very_high (conf=0.85, lift=3.41)"
"frozenset({'speechiness_low', 'instrumentalness_high', 'danceability_very_low', 'loudness_very_low', 'valence_very_low'})",frozenset({'acousticness_very_high'}),0.0235268750224607,0.249751434492507,0.0200529474478611,0.8523421588594705,3.412761814927802,1.0,0.0141770766618756,5.080993733299022,0.7240160224412084,0.079190122522352,0.8031881060103744,0.4663168897803516,danceability_very_low|instrumentalness_high|loudness_very_low|speechiness_low|valence_very_low,acousticness_very_high,"danceability_very_low|instrumentalness_high|loudness_very_low|speechiness_low|valence_very_low  →  acousticness_very_high (conf=0.85, lift=3.41)"
"frozenset({'energy_very_low', 'valence_very_low', 'danceability_very_low'})",frozenset({'loudness_very_low'}),0.0676457552198756,0.2500029947651505,0.0577151139807616,0.8531963874623694,3.4127446683742755,1.0,0.0408034725926424,5.108845703933889,0.7582747863531766,0.2220378819300428,0.8042610683603177,0.5420270389635756,danceability_very_low|energy_very_low|valence_very_low,loudness_very_low,"danceability_very_low|energy_very_low|valence_very_low  →  loudness_very_low (conf=0.85, lift=3.41)"
"frozenset({'loudness_very_low', 'instrumentalness_low', 'acousticness_very_high', 'mode_1'})",frozenset({'energy_very_low'}),0.034918961655027,0.2505061153104373,0.0298518190203524,0.8548885077186964,3.41264526280839,1.0,0.0211044055854774,5.164951947683393,0.7325521406348486,0.1168033747363487,0.8063873565273874,0.487027268396456,acousticness_very_high|instrumentalness_low|loudness_very_low|mode_1,energy_very_low,"acousticness_very_high|instrumentalness_low|loudness_very_low|mode_1  →  energy_very_low (conf=0.85, lift=3.41)"
"frozenset({'acousticness_very_low', 'tempo_very_high', 'mode_1', 'loudness_very_high'})",frozenset({'energy_very_high'}),0.0266174726577941,0.2486014446747086,0.0225805292348974,0.8483348334833483,3.412429218154312,1.0,0.0159633870785802,4.9543251926789225,0.7262855134064108,0.0893788525367472,0.7981561643394515,0.4695825374471143,acousticness_very_low|loudness_very_high|mode_1|tempo_very_high,energy_very_high,"acousticness_very_low|loudness_very_high|mode_1|tempo_very_high  →  energy_very_high (conf=0.85, lift=3.41)"
"frozenset({'loudness_very_low', 'valence_very_low', 'key_very_low', 'danceability_very_low'})",frozenset({'energy_very_low'}),0.0234190634770421,0.2505061153104373,0.0200170102660549,0.8547314578005115,3.412018332332101,1.0,0.0141503916502125,5.159368114676392,0.7238707132418863,0.0788356293640309,0.8061778152337317,0.4673188658551142,danceability_very_low|key_very_low|loudness_very_low|valence_very_low,energy_very_low,"danceability_very_low|key_very_low|loudness_very_low|valence_very_low  →  energy_very_low (conf=0.85, lift=3.41)"
"frozenset({'valence_very_low', 'mode_1', 'acousticness_very_high', 'danceability_very_low'})",frozenset({'loudness_very_low'}),0.0396626696534457,0.2500029947651505,0.0338288671402388,0.852914527333132,3.4116172413628423,1.0,0.0239130809464965,5.099055614645969,0.7360787300634672,0.1322283092194596,0.8038852533540309,0.4941141874806531,acousticness_very_high|danceability_very_low|mode_1|valence_very_low,loudness_very_low,"acousticness_very_high|danceability_very_low|mode_1|valence_very_low  →  loudness_very_low (conf=0.85, lift=3.41)"
"frozenset({'energy_very_low', 'loudness_very_low', 'valence_very_low', 'danceability_very_low'})",frozenset({'acousticness_very_high'}),0.0577151139807616,0.249751434492507,0.0491381065896812,0.8513906185139062,3.40895186545745,1.0,0.0347236740810874,5.048460319294833,0.7499374262828431,0.190215627173661,0.8019198058905057,0.5240693319918565,danceability_very_low|energy_very_low|loudness_very_low|valence_very_low,acousticness_very_high,"danceability_very_low|energy_very_low|loudness_very_low|valence_very_low  →  acousticness_very_high (conf=0.85, lift=3.41)"
"frozenset({'loudness_very_low', 'liveness_low', 'valence_very_low', 'danceability_very_low'})",frozenset({'acousticness_very_high'}),0.0261143521125073,0.249751434492507,0.0222331364774374,0.8513761467889909,3.408893920945761,1.0,0.0157110395764963,5.047968743229429,0.7255982439873927,0.0876588107495395,0.8019005166501384,0.4701986014773771,danceability_very_low|liveness_low|loudness_very_low|valence_very_low,acousticness_very_high,"danceability_very_low|liveness_low|loudness_very_low|valence_very_low  →  acousticness_very_high (conf=0.85, lift=3.41)"
"frozenset({'energy_very_low', 'tempo_very_low', 'valence_very_low', 'danceability_very_low'})",frozenset({'acousticness_very_high'}),0.0358533283819882,0.249751434492507,0.0305226464140682,0.851319746074173,3.4086680935548896,1.0,0.0215682262193357,5.046053834975114,0.7329074528050571,0.1196581196581196,0.8018253406119414,0.4867659212888012,danceability_very_low|energy_very_low|tempo_very_low|valence_very_low,acousticness_very_high,"danceability_very_low|energy_very_low|tempo_very_low|valence_very_low  →  acousticness_very_high (conf=0.85, lift=3.41)"
"frozenset({'energy_very_low', 'loudness_very_low', 'danceability_very_low'})",frozenset({'acousticness_very_high'}),0.0798524179733825,0.249751434492507,0.0679691898561314,0.8511851185118513,3.408129047352431,1.0,0.0480259339195839,5.041488848460636,0.7679027736982069,0.2597866398058697,0.8016458966669461,0.5616662318541318,danceability_very_low|energy_very_low|loudness_very_low,acousticness_very_high,"danceability_very_low|energy_very_low|loudness_very_low  →  acousticness_very_high (conf=0.85, lift=3.41)"
"frozenset({'energy_very_low', 'valence_very_low', 'speechiness_low', 'instrumentalness_high'})",frozenset({'acousticness_very_high'}),0.0272643419303058,0.249751434492507,0.0231914613256028,0.8506151142355008,3.405846761056424,1.0,0.0163821528180147,5.022252162044275,0.7261862500907073,0.0913681627259427,0.8008861427632985,0.4717366424455839,energy_very_low|instrumentalness_high|speechiness_low|valence_very_low,acousticness_very_high,"energy_very_low|instrumentalness_high|speechiness_low|valence_very_low  →  acousticness_very_high (conf=0.85, lift=3.41)"
"frozenset({'loudness_very_low', 'speechiness_very_low', 'instrumentalness_low'})",frozenset({'energy_very_low'}),0.0254555037793936,0.2505061153104373,0.0217180368715485,0.8531764705882353,3.4058109500877625,1.0,0.0153412775065024,5.104725977452952,0.7248352182607765,0.0854221635883905,0.8041030988897547,0.4699365520500472,instrumentalness_low|loudness_very_low|speechiness_very_low,energy_very_low,"instrumentalness_low|loudness_very_low|speechiness_very_low  →  energy_very_low (conf=0.85, lift=3.41)"
"frozenset({'loudness_very_low', 'danceability_very_low', 'valence_very_low', 'instrumentalness_high'})",frozenset({'energy_very_low'}),0.0465506294996346,0.2505061153104373,0.039710585895854,0.853062274832733,3.40535508993696,1.0,0.0280493685346451,5.100758731880285,0.740831017772753,0.1543080575338639,0.8039507350641987,0.5057918489695417,danceability_very_low|instrumentalness_high|loudness_very_low|valence_very_low,energy_very_low,"danceability_very_low|instrumentalness_high|loudness_very_low|valence_very_low  →  energy_very_low (conf=0.85, lift=3.41)"
"frozenset({'loudness_very_low', 'liveness_low', 'danceability_very_low', 'instrumentalness_high'})",frozenset({'acousticness_very_high'}),0.0238862468405227,0.249751434492507,0.0203045077205045,0.8500501504513541,3.4035846567954624,1.0,0.0143388833074418,5.003329898401142,0.7234731766510404,0.0801494231132967,0.8001331072892959,0.4656745068530932,danceability_very_low|instrumentalness_high|liveness_low|loudness_very_low,acousticness_very_high,"danceability_very_low|instrumentalness_high|liveness_low|loudness_very_low  →  acousticness_very_high (conf=0.85, lift=3.40)"
"frozenset({'valence_very_low', 'acousticness_very_high', 'tempo_very_low'})",frozenset({'loudness_very_low'}),0.042010565531451,0.2500029947651505,0.0357335377759676,0.8505845451953236,3.40229742445426,1.0,0.0252307705813272,5.019541025493542,0.7370446191534117,0.1394316163410301,0.8007785980986826,0.4967584920514231,acousticness_very_high|tempo_very_low|valence_very_low,loudness_very_low,"acousticness_very_high|tempo_very_low|valence_very_low  →  loudness_very_low (conf=0.85, lift=3.40)"
"frozenset({'loudness_very_low', 'valence_very_low', 'speechiness_low', 'instrumentalness_high'})",frozenset({'energy_very_low'}),0.0310497250805591,0.2505061153104373,0.0264617448699673,0.8522376543209877,3.402063272047711,1.0,0.0186835988585793,5.072292817533545,0.7286862357253607,0.1037332707208264,0.802850498586503,0.4789353918123684,instrumentalness_high|loudness_very_low|speechiness_low|valence_very_low,energy_very_low,"instrumentalness_high|loudness_very_low|speechiness_low|valence_very_low  →  energy_very_low (conf=0.85, lift=3.40)"
"frozenset({'loudness_very_low', 'liveness_low', 'mode_1', 'danceability_very_low'})",frozenset({'acousticness_very_high'}),0.0242216605373806,0.249751434492507,0.0205800261143521,0.8496538081107814,3.4019977095918232,1.0,0.0145306316493507,4.990140129789968,0.7235814069209802,0.0812177941663121,0.7996048259185681,0.4660279208907305,danceability_very_low|liveness_low|loudness_very_low|mode_1,acousticness_very_high,"danceability_very_low|liveness_low|loudness_very_low|mode_1  →  acousticness_very_high (conf=0.85, lift=3.40)"
"frozenset({'liveness_very_high', 'loudness_very_high', 'speechiness_very_high'})",frozenset({'energy_very_high'}),0.0357814540183758,0.2486014446747086,0.0302591070808227,0.8456645463675928,3.4016879808326643,1.0,0.0213637859192928,4.868606257606603,0.732228499990301,0.1190723107381917,0.7946024083509275,0.4836909442193093,liveness_very_high|loudness_very_high|speechiness_very_high,energy_very_high,"liveness_very_high|loudness_very_high|speechiness_very_high  →  energy_very_high (conf=0.85, lift=3.40)"
"frozenset({'loudness_very_low', 'valence_very_low', 'liveness_very_low'})",frozenset({'energy_very_low'}),0.0268810119910396,0.2505061153104373,0.0229039638711532,0.8520499108734403,3.401313815503248,1.0,0.0161701059816645,5.065856256757165,0.7254980835856919,0.0900018828845791,0.8026000049515547,0.4717403341666359,liveness_very_low|loudness_very_low|valence_very_low,energy_very_low,"liveness_very_low|loudness_very_low|valence_very_low  →  energy_very_low (conf=0.85, lift=3.40)"
"frozenset({'energy_very_low', 'tempo_very_low', 'mode_1', 'danceability_very_low'})",frozenset({'acousticness_very_high'}),0.0338049090190347,0.249751434492507,0.028713808263156,0.8493975903614458,3.400971818590011,1.0,0.0202709837427633,4.981650474969753,0.7306665112058005,0.1126727460750211,0.7992633154364225,0.4821835666325911,danceability_very_low|energy_very_low|mode_1|tempo_very_low,acousticness_very_high,"danceability_very_low|energy_very_low|mode_1|tempo_very_low  →  acousticness_very_high (conf=0.85, lift=3.40)"
"frozenset({'danceability_very_low', 'mode_1', 'speechiness_low', 'acousticness_very_high'})",frozenset({'loudness_very_low'}),0.0281627714754608,0.2500029947651505,0.0239221840223289,0.8494257762654189,3.3976624042578294,1.0,0.0168814068125771,4.980912314426923,0.7261298280622788,0.0940915944214097,0.7992335666894681,0.4725566830536486,acousticness_very_high|danceability_very_low|mode_1|speechiness_low,loudness_very_low,"acousticness_very_high|danceability_very_low|mode_1|speechiness_low  →  loudness_very_low (conf=0.85, lift=3.40)"
"frozenset({'mode_0', 'acousticness_very_high', 'instrumentalness_high'})",frozenset({'energy_very_low'}),0.0286299548389415,0.2505061153104373,0.0243654092646054,0.8510460251046026,3.3973063853149923,1.0,0.0171934304963889,5.031714562943977,0.7264473102274831,0.0956366372014293,0.8012605867263433,0.4741553767451092,acousticness_very_high|instrumentalness_high|mode_0,energy_very_low,"acousticness_very_high|instrumentalness_high|mode_0  →  energy_very_low (conf=0.85, lift=3.40)"
"frozenset({'valence_very_low', 'mode_0', 'acousticness_very_high'})",frozenset({'loudness_very_low'}),0.0287377663843601,0.2500029947651505,0.0244013464464116,0.8491037932471863,3.3963744876129307,1.0,0.0172168187874603,4.970284020879569,0.7264447932779833,0.0959400904295403,0.7988042542842382,0.4733540049130038,acousticness_very_high|mode_0|valence_very_low,loudness_very_low,"acousticness_very_high|mode_0|valence_very_low  →  loudness_very_low (conf=0.85, lift=3.40)"
"frozenset({'duration_ms_very_low', 'acousticness_very_high', 'danceability_very_low'})",frozenset({'loudness_very_low'}),0.0301033792929958,0.2500029947651505,0.0255513362642101,0.8487863111818544,3.3951045745639683,1.0,0.0180254012884099,4.959848616197836,0.7273540783135528,0.1003764705882353,0.7983809431735058,0.4754952159646694,acousticness_very_high|danceability_very_low|duration_ms_very_low,loudness_very_low,"acousticness_very_high|danceability_very_low|duration_ms_very_low  →  loudness_very_low (conf=0.85, lift=3.40)"
"frozenset({'acousticness_very_high', 'instrumentalness_high', 'tempo_very_low', 'danceability_very_low', 'loudness_very_low'})",frozenset({'valence_very_low'}),0.0241378071131661,0.2507217384012746,0.0205440889325459,0.8511166253101737,3.3946662572512176,1.0,0.0144922159719382,5.032652323738107,0.7228686967274389,0.0807819123881299,0.801297618895074,0.4665282123206387,acousticness_very_high|danceability_very_low|instrumentalness_high|loudness_very_low|tempo_very_low,valence_very_low,"acousticness_very_high|danceability_very_low|instrumentalness_high|loudness_very_low|tempo_very_low  →  valence_very_low (conf=0.85, lift=3.39)"
"frozenset({'loudness_very_low', 'danceability_very_low', 'mode_1', 'instrumentalness_high'})",frozenset({'energy_very_low'}),0.0373147737754405,0.2505061153104373,0.0317205524742749,0.8500802568218299,3.3934511170251307,1.0,0.0223729734521015,4.999300751194835,0.7326535487098655,0.1238598624818747,0.799972026135655,0.4883530587858192,danceability_very_low|instrumentalness_high|loudness_very_low|mode_1,energy_very_low,"danceability_very_low|instrumentalness_high|loudness_very_low|mode_1  →  energy_very_low (conf=0.85, lift=3.39)"
"frozenset({'loudness_very_low', 'speechiness_low', 'danceability_very_low'})",frozenset({'acousticness_very_high'}),0.0418907749254303,0.249751434492507,0.0354819775033241,0.8470117243351445,3.391418856337164,1.0,0.0250196963736952,4.903961184261129,0.7359684499235151,0.1385147774036663,0.7960832146858299,0.4945404441619125,danceability_very_low|loudness_very_low|speechiness_low,acousticness_very_high,"danceability_very_low|loudness_very_low|speechiness_low  →  acousticness_very_high (conf=0.85, lift=3.39)"
"frozenset({'energy_very_low', 'speechiness_low', 'tempo_very_low'})",frozenset({'acousticness_very_high'}),0.0310497250805591,0.249751434492507,0.0262940380215383,0.8468364197530864,3.390716940120289,1.0,0.0185393246420707,4.898348316865042,0.7276711094441969,0.1033135649063353,0.7958495526835048,0.4760586242849081,energy_very_low|speechiness_low|tempo_very_low,acousticness_very_high,"energy_very_low|speechiness_low|tempo_very_low  →  acousticness_very_high (conf=0.85, lift=3.39)"
"frozenset({'energy_very_low', 'valence_very_low', 'mode_1', 'speechiness_low'})",frozenset({'acousticness_very_high'}),0.0265216401729776,0.249751434492507,0.0224248014470705,0.8455284552845529,3.3854798752313875,1.0,0.0158009837687752,4.8568722924958765,0.7238177330575658,0.088339389363409,0.7941061778492607,0.4676584671741485,energy_very_low|mode_1|speechiness_low|valence_very_low,acousticness_very_high,"energy_very_low|mode_1|speechiness_low|valence_very_low  →  acousticness_very_high (conf=0.85, lift=3.39)"
"frozenset({'energy_very_low', 'loudness_very_low', 'key_very_low', 'danceability_very_low'})",frozenset({'acousticness_very_high'}),0.026952886354652,0.249751434492507,0.0227841732651325,0.8453333333333334,3.3846986106447954,1.0,0.0160526512343446,4.850745035608791,0.724068454208189,0.0897296787281219,0.7938461014423335,0.4682803651653957,danceability_very_low|energy_very_low|key_very_low|loudness_very_low,acousticness_very_high,"danceability_very_low|energy_very_low|key_very_low|loudness_very_low  →  acousticness_very_high (conf=0.85, lift=3.38)"
"frozenset({'mode_0', 'acousticness_very_high', 'danceability_very_low'})",frozenset({'energy_very_low'}),0.0292049497478407,0.2505061153104373,0.0247607182644737,0.8478260869565218,3.384452654602309,1.0,0.0174446997553055,4.925245527959986,0.7257260411713097,0.097119766950148,0.7969644367325184,0.4733344283290643,acousticness_very_high|danceability_very_low|mode_0,energy_very_low,"acousticness_very_high|danceability_very_low|mode_0  →  energy_very_low (conf=0.85, lift=3.38)"
"frozenset({'acousticness_very_high', 'speechiness_low', 'tempo_very_low'})",frozenset({'energy_very_low'}),0.0310137878987529,0.2505061153104373,0.0262940380215383,0.8478176902278872,3.384419135545801,1.0,0.0185248944939598,4.924973775282431,0.7270777576680386,0.1030226227353797,0.796953233534192,0.4763906737290928,acousticness_very_high|speechiness_low|tempo_very_low,energy_very_low,"acousticness_very_high|speechiness_low|tempo_very_low  →  energy_very_low (conf=0.85, lift=3.38)"
"frozenset({'speechiness_low', 'instrumentalness_high', 'acousticness_very_high', 'loudness_very_low', 'valence_very_low'})",frozenset({'danceability_very_low'}),0.0235508331436648,0.2516321470070317,0.0200529474478611,0.8514750762970498,3.3838088114920226,1.0,0.0141268007401163,5.038668489671832,0.721466158376479,0.0785989294769462,0.8015348693707909,0.4655832965032807,acousticness_very_high|instrumentalness_high|loudness_very_low|speechiness_low|valence_very_low,danceability_very_low,"acousticness_very_high|instrumentalness_high|loudness_very_low|speechiness_low|valence_very_low  →  danceability_very_low (conf=0.85, lift=3.38)"
"frozenset({'energy_very_low', 'danceability_very_low', 'valence_very_low', 'instrumentalness_high'})",frozenset({'acousticness_very_high'}),0.0409803663196732,0.249751434492507,0.0346314642005773,0.8450745396083017,3.383662405485224,1.0,0.0243965589262105,4.842642155851196,0.7345649844886324,0.1352261565087235,0.7935011574638579,0.4918691322435964,danceability_very_low|energy_very_low|instrumentalness_high|valence_very_low,acousticness_very_high,"danceability_very_low|energy_very_low|instrumentalness_high|valence_very_low  →  acousticness_very_high (conf=0.85, lift=3.38)"
"frozenset({'energy_very_low', 'valence_very_low', 'tempo_very_low'})",frozenset({'loudness_very_low'}),0.0473532265599731,0.2500029947651505,0.0400340205321098,0.8454338477105995,3.381694881314477,1.0,0.0281955720803239,4.852271950398296,0.7392984612765405,0.1555793491923094,0.7939109740298221,0.5027840057910927,energy_very_low|tempo_very_low|valence_very_low,loudness_very_low,"energy_very_low|tempo_very_low|valence_very_low  →  loudness_very_low (conf=0.85, lift=3.38)"
"frozenset({'energy_very_low', 'key_very_low', 'acousticness_very_high', 'danceability_very_low'})",frozenset({'loudness_very_low'}),0.026952886354652,0.2500029947651505,0.0227841732651325,0.8453333333333334,3.3812928286216257,1.0,0.0160458709589047,4.84911856832877,0.7237626241315738,0.08964087095862,0.7937769543249906,0.468234467337486,acousticness_very_high|danceability_very_low|energy_very_low|key_very_low,loudness_very_low,"acousticness_very_high|danceability_very_low|energy_very_low|key_very_low  →  loudness_very_low (conf=0.85, lift=3.38)"
"frozenset({'energy_very_low', 'tempo_very_low', 'valence_very_low', 'instrumentalness_high'})",frozenset({'acousticness_very_high'}),0.0282346458390733,0.249751434492507,0.0238383305981144,0.8442935935511243,3.3805355123053533,1.0,0.016786687297418,4.818353866215697,0.7246490892370187,0.0937971342383107,0.7924602410355152,0.4698709082437381,energy_very_low|instrumentalness_high|tempo_very_low|valence_very_low,acousticness_very_high,"energy_very_low|instrumentalness_high|tempo_very_low|valence_very_low  →  acousticness_very_high (conf=0.84, lift=3.38)"
"frozenset({'loudness_very_low', 'mode_1', 'danceability_very_low'})",frozenset({'energy_very_low'}),0.0639562045544388,0.2505061153104373,0.0541453539213454,0.846600486982581,3.3795601593735114,1.0,0.0381239335684133,4.885894811181409,0.752212140224829,0.207997791173899,0.7953291999427634,0.5313721639197526,danceability_very_low|loudness_very_low|mode_1,energy_very_low,"danceability_very_low|loudness_very_low|mode_1  →  energy_very_low (conf=0.85, lift=3.38)"
"frozenset({'energy_very_low', 'liveness_low', 'mode_1', 'danceability_very_low'})",frozenset({'acousticness_very_high'}),0.0275638184453575,0.249751434492507,0.0232633356892152,0.843980877879183,3.379283404694533,1.0,0.0163792324923961,4.808696237417106,0.7240364837347808,0.0915692191625801,0.79204342494773,0.4685634160607963,danceability_very_low|energy_very_low|liveness_low|mode_1,acousticness_very_high,"danceability_very_low|energy_very_low|liveness_low|mode_1  →  acousticness_very_high (conf=0.84, lift=3.38)"
"frozenset({'energy_very_low', 'valence_very_low', 'mode_1', 'acousticness_very_high'})",frozenset({'loudness_very_low'}),0.0528036991339139,0.2500029947651505,0.0446100216820996,0.8448275862068966,3.3792698643490904,1.0,0.0314089387639432,4.8333140337356975,0.7433285868887146,0.1727753549225202,0.7931026221304528,0.511632767708144,acousticness_very_high|energy_very_low|mode_1|valence_very_low,loudness_very_low,"acousticness_very_high|energy_very_low|mode_1|valence_very_low  →  loudness_very_low (conf=0.84, lift=3.38)"
"frozenset({'energy_very_low', 'loudness_very_low', 'duration_ms_very_low', 'liveness_low'})",frozenset({'acousticness_very_high'}),0.0291570335054325,0.249751434492507,0.0246049904766468,0.8438783894823336,3.378873043100184,1.0,0.0173229795331189,4.805539495908521,0.7251876549524129,0.0967544396815676,0.7919068190259576,0.4711981520053042,duration_ms_very_low|energy_very_low|liveness_low|loudness_very_low,acousticness_very_high,"duration_ms_very_low|energy_very_low|liveness_low|loudness_very_low  →  acousticness_very_high (conf=0.84, lift=3.38)"
"frozenset({'energy_very_low', 'loudness_very_low', 'tempo_very_low', 'instrumentalness_high'})",frozenset({'acousticness_very_high'}),0.0368236322907557,0.249751434492507,0.0310736832017633,0.8438516590761223,3.378766015061424,1.0,0.0218769282139224,4.804716854937567,0.7309502006922646,0.1216184537484176,0.7918711902924415,0.4841350482056231,energy_very_low|instrumentalness_high|loudness_very_low|tempo_very_low,acousticness_very_high,"energy_very_low|instrumentalness_high|loudness_very_low|tempo_very_low  →  acousticness_very_high (conf=0.84, lift=3.38)"
"frozenset({'energy_very_low', 'liveness_low', 'valence_very_low', 'danceability_very_low'})",frozenset({'acousticness_very_high'}),0.0284023526875022,0.249751434492507,0.0239461421435331,0.8431041754533953,3.3757731048335167,1.0,0.0168526138168673,4.781826206500718,0.7243446524761616,0.094199142358984,0.7908748756614082,0.4694920368849307,danceability_very_low|energy_very_low|liveness_low|valence_very_low,acousticness_very_high,"danceability_very_low|energy_very_low|liveness_low|valence_very_low  →  acousticness_very_high (conf=0.84, lift=3.38)"
"frozenset({'energy_very_low', 'danceability_very_low', 'tempo_very_low'})",frozenset({'acousticness_very_high'}),0.0489943578624564,0.249751434492507,0.041303800955929,0.8430317848410758,3.375483254196756,1.0,0.0290673897977413,4.779620923560195,0.7400020484174099,0.160439253641059,0.790778386823378,0.5042057096779603,danceability_very_low|energy_very_low|tempo_very_low,acousticness_very_high,"danceability_very_low|energy_very_low|tempo_very_low  →  acousticness_very_high (conf=0.84, lift=3.38)"
"frozenset({'energy_very_low', 'duration_ms_very_low', 'speechiness_low'})",frozenset({'acousticness_very_high'}),0.0278752740210112,0.249751434492507,0.0234909378406545,0.8427159432746025,3.3742186305636026,1.0,0.0165290481670352,4.77002298343152,0.7238115351081098,0.092434598161678,0.790357404257074,0.4683866061041821,duration_ms_very_low|energy_very_low|speechiness_low,acousticness_very_high,"duration_ms_very_low|energy_very_low|speechiness_low  →  acousticness_very_high (conf=0.84, lift=3.37)"
"frozenset({'energy_very_low', 'duration_ms_very_low', 'acousticness_very_high', 'liveness_low'})",frozenset({'loudness_very_low'}),0.0291809916266366,0.2500029947651505,0.0246049904766468,0.8431855500821018,3.3727017985291696,1.0,0.0173096551797708,4.7827034155813966,0.7246477434094666,0.0966497270845097,0.790913231888447,0.4708021665120619,acousticness_very_high|duration_ms_very_low|energy_very_low|liveness_low,loudness_very_low,"acousticness_very_high|duration_ms_very_low|energy_very_low|liveness_low  →  loudness_very_low (conf=0.84, lift=3.37)"
"frozenset({'energy_very_low', 'acousticness_very_high', 'danceability_very_low'})",frozenset({'loudness_very_low'}),0.0806190778519148,0.2500029947651505,0.0679691898561314,0.8430906389301634,3.372322158469148,1.0,0.0478141789579479,4.779810459498615,0.7651544733712653,0.2587795311502326,0.7907866831805509,0.5574820707827626,acousticness_very_high|danceability_very_low|energy_very_low,loudness_very_low,"acousticness_very_high|danceability_very_low|energy_very_low  →  loudness_very_low (conf=0.84, lift=3.37)"
"frozenset({'energy_very_low', 'speechiness_low', 'instrumentalness_high'})",frozenset({'acousticness_very_high'}),0.0383210148660142,0.249751434492507,0.0322476311407659,0.8415129728040013,3.3694019596481954,1.0,0.0226769027067702,4.733816885716903,0.7312330182030058,0.1260535680839108,0.7887539750392022,0.4853159376946285,energy_very_low|instrumentalness_high|speechiness_low,acousticness_very_high,"energy_very_low|instrumentalness_high|speechiness_low  →  acousticness_very_high (conf=0.84, lift=3.37)"
"frozenset({'energy_very_low', 'loudness_very_low', 'liveness_low', 'mode_1', 'valence_very_low'})",frozenset({'acousticness_very_high'}),0.0250122785371171,0.249751434492507,0.0210472094778327,0.8414750957854407,3.369250300785304,1.0,0.0148003570332616,4.732685815044246,0.7212378701021811,0.0829556185080264,0.7887034890798786,0.4628738613849741,energy_very_low|liveness_low|loudness_very_low|mode_1|valence_very_low,acousticness_very_high,"energy_very_low|liveness_low|loudness_very_low|mode_1|valence_very_low  →  acousticness_very_high (conf=0.84, lift=3.37)"
"frozenset({'energy_very_low', 'loudness_very_low', 'valence_very_low', 'tempo_very_low'})",frozenset({'acousticness_very_high'}),0.0400340205321098,0.249751434492507,0.033685118413014,0.8414123279473369,3.368998979553731,1.0,0.0236865643566171,4.730812652690643,0.7325008820687603,0.1315309415781842,0.78861982635663,0.4881434511337241,energy_very_low|loudness_very_low|tempo_very_low|valence_very_low,acousticness_very_high,"energy_very_low|loudness_very_low|tempo_very_low|valence_very_low  →  acousticness_very_high (conf=0.84, lift=3.37)"
"frozenset({'tempo_very_low', 'danceability_very_low', 'valence_very_low', 'instrumentalness_high'})",frozenset({'loudness_very_low'}),0.029959630565771,0.2500029947651505,0.0252279016279543,0.8420631747301079,3.3682123509005595,1.0,0.017737904264454,4.748715215423692,0.7248220044617418,0.0990359746061603,0.7894167254435414,0.4714867862150779,danceability_very_low|instrumentalness_high|tempo_very_low|valence_very_low,loudness_very_low,"danceability_very_low|instrumentalness_high|tempo_very_low|valence_very_low  →  loudness_very_low (conf=0.84, lift=3.37)"
"frozenset({'energy_very_low', 'speechiness_low', 'tempo_very_low'})",frozenset({'loudness_very_low'}),0.0310497250805591,0.2500029947651505,0.0261383102337114,0.841820987654321,3.3672436142019677,1.0,0.018375785976937,4.741444481874951,0.7255492966463937,0.1025375939849624,0.7890938080530765,0.4731864880772803,energy_very_low|speechiness_low|tempo_very_low,loudness_very_low,"energy_very_low|speechiness_low|tempo_very_low  →  loudness_very_low (conf=0.84, lift=3.37)"
"frozenset({'energy_very_low', 'danceability_very_low', 'liveness_low'})",frozenset({'acousticness_very_high'}),0.0392434025323734,0.249751434492507,0.0330023119586962,0.8409645909645909,3.3672062491790054,1.0,0.023201215881869,4.717493859121968,0.7317336116229388,0.1289190453907346,0.7880230414998097,0.4865526106053229,danceability_very_low|energy_very_low|liveness_low,acousticness_very_high,"danceability_very_low|energy_very_low|liveness_low  →  acousticness_very_high (conf=0.84, lift=3.37)"
"frozenset({'valence_low', 'acousticness_very_high', 'liveness_low'})",frozenset({'energy_very_low'}),0.0258028965368535,0.2505061153104373,0.0217419949927526,0.8426183844011141,3.363663930347198,1.0,0.0152782116175483,4.762270877938989,0.7213172125920637,0.0854077455178579,0.7900161444758517,0.4647053283903046,acousticness_very_high|liveness_low|valence_low,energy_very_low,"acousticness_very_high|liveness_low|valence_low  →  energy_very_low (conf=0.84, lift=3.36)"
"frozenset({'energy_very_low', 'loudness_very_low', 'duration_ms_very_low', 'instrumentalness_high'})",frozenset({'acousticness_very_high'}),0.0351944800488745,0.249751434492507,0.0295643215659028,0.8400272294077604,3.3634530713094364,1.0,0.0207744496874784,4.689851671193648,0.7283193212223248,0.1157652797973638,0.7867736401681372,0.4792011057106431,duration_ms_very_low|energy_very_low|instrumentalness_high|loudness_very_low,acousticness_very_high,"duration_ms_very_low|energy_very_low|instrumentalness_high|loudness_very_low  →  acousticness_very_high (conf=0.84, lift=3.36)"
"frozenset({'loudness_very_low', 'liveness_low', 'valence_very_low', 'instrumentalness_high'})",frozenset({'energy_very_low'}),0.029959630565771,0.2505061153104373,0.0252398806885564,0.8424630147940824,3.363043707536113,1.0,0.0177348100193892,4.757574125910143,0.7243516180333768,0.098892330798836,0.7898088451099654,0.4716092809242026,instrumentalness_high|liveness_low|loudness_very_low|valence_very_low,energy_very_low,"instrumentalness_high|liveness_low|loudness_very_low|valence_very_low  →  energy_very_low (conf=0.84, lift=3.36)"
"frozenset({'loudness_very_low', 'valence_high', 'acousticness_very_high'})",frozenset({'energy_very_low'}),0.0246049904766468,0.2505061153104373,0.0207237748415769,0.8422590068159688,3.3622293243109342,1.0,0.0145600742600218,4.751421108494942,0.7203012950319543,0.0814654360519872,0.7895366507901971,0.462493313660471,acousticness_very_high|loudness_very_low|valence_high,energy_very_low,"acousticness_very_high|loudness_very_low|valence_high  →  energy_very_low (conf=0.84, lift=3.36)"
"frozenset({'acousticness_very_low', 'valence_very_low', 'loudness_very_high'})",frozenset({'energy_very_high'}),0.0309179554139364,0.2486014446747086,0.0258388337186597,0.8357225881441303,3.361696426332764,1.0,0.0181525853363669,4.573961488902307,0.724944956928941,0.1018557869386598,0.7813711369397675,0.469829684184338,acousticness_very_low|loudness_very_high|valence_very_low,energy_very_high,"acousticness_very_low|loudness_very_high|valence_very_low  →  energy_very_high (conf=0.84, lift=3.36)"
"frozenset({'valence_very_low', 'mode_1', 'acousticness_very_high', 'tempo_very_low'})",frozenset({'loudness_very_low'}),0.028366415505696,0.2500029947651505,0.0238383305981144,0.8403716216216217,3.3614462195185126,1.0,0.0167466417709378,4.698393937555885,0.7230184407012438,0.0936558734939759,0.7871613122929828,0.4678619008922675,acousticness_very_high|mode_1|tempo_very_low|valence_very_low,loudness_very_low,"acousticness_very_high|mode_1|tempo_very_low|valence_very_low  →  loudness_very_low (conf=0.84, lift=3.36)"
"frozenset({'energy_very_low', 'speechiness_low', 'acousticness_very_high'})",frozenset({'loudness_very_low'}),0.0623390313731597,0.2500029947651505,0.0523724529522394,0.8401229823212913,3.360451674230909,1.0,0.0367875084181908,4.69108703755067,0.7491203947889403,0.2014560869965901,0.786829791902108,0.5248051423345795,acousticness_very_high|energy_very_low|speechiness_low,loudness_very_low,"acousticness_very_high|energy_very_low|speechiness_low  →  loudness_very_low (conf=0.84, lift=3.36)"
"frozenset({'acousticness_very_low', 'danceability_low', 'loudness_very_high'})",frozenset({'energy_very_high'}),0.0385007007750452,0.2486014446747086,0.0321637777165514,0.8354075917859365,3.360429352609174,1.0,0.0225924478828865,4.565207857874265,0.730545491708622,0.1261629546095292,0.7809519235197238,0.4823932383832106,acousticness_very_low|danceability_low|loudness_very_high,energy_very_high,"acousticness_very_low|danceability_low|loudness_very_high  →  energy_very_high (conf=0.84, lift=3.36)"
"frozenset({'acousticness_very_high', 'instrumentalness_high', 'tempo_very_low', 'loudness_very_low', 'valence_very_low'})",frozenset({'danceability_very_low'}),0.0243055139615951,0.2516321470070317,0.0205440889325459,0.8452439625431247,3.3590460225239225,1.0,0.0144280402702803,4.835790999116984,0.7197913259489536,0.0804409005628517,0.7932085981005796,0.4634436512706102,acousticness_very_high|instrumentalness_high|loudness_very_low|tempo_very_low|valence_very_low,danceability_very_low,"acousticness_very_high|instrumentalness_high|loudness_very_low|tempo_very_low|valence_very_low  →  danceability_very_low (conf=0.85, lift=3.36)"
"frozenset({'energy_very_low', 'speechiness_low', 'instrumentalness_high', 'danceability_very_low', 'loudness_very_low'})",frozenset({'valence_very_low'}),0.0260903939913032,0.2507217384012746,0.0219695971441919,0.8420569329660239,3.358531806357893,1.0,0.0154281682071182,4.743976900471001,0.7210636827749036,0.0862085174391275,0.7892063935006268,0.4648411755131122,danceability_very_low|energy_very_low|instrumentalness_high|loudness_very_low|speechiness_low,valence_very_low,"danceability_very_low|energy_very_low|instrumentalness_high|loudness_very_low|speechiness_low  →  valence_very_low (conf=0.84, lift=3.36)"
"frozenset({'energy_very_low', 'danceability_very_low', 'tempo_very_low'})",frozenset({'loudness_very_low'}),0.0489943578624564,0.2500029947651505,0.0410881778650918,0.8386308068459658,3.3544830438281923,1.0,0.0288394416728822,4.647708714258386,0.7380518491318553,0.1593125870877844,0.7848402166572598,0.5014907747694132,danceability_very_low|energy_very_low|tempo_very_low,loudness_very_low,"danceability_very_low|energy_very_low|tempo_very_low  →  loudness_very_low (conf=0.84, lift=3.35)"
"frozenset({'tempo_very_low', 'danceability_very_low', 'acousticness_very_high', 'instrumentalness_high'})",frozenset({'valence_very_low'}),0.0250841529007295,0.2507217384012746,0.021095125720241,0.8409742120343839,3.3542133896998725,1.0,0.0148059832986467,4.711677717080273,0.7199262470355899,0.0828199219301133,0.787761375024674,0.4625559067816449,acousticness_very_high|danceability_very_low|instrumentalness_high|tempo_very_low,valence_very_low,"acousticness_very_high|danceability_very_low|instrumentalness_high|tempo_very_low  →  valence_very_low (conf=0.84, lift=3.35)"
"frozenset({'duration_ms_very_high', 'acousticness_very_high', 'danceability_very_low'})",frozenset({'energy_very_low'}),0.0249284251129026,0.2505061153104373,0.0209393979324141,0.8399807784718886,3.3531348224012425,1.0,0.0146946749965737,4.683774096213154,0.7197129194781153,0.0822781831019063,0.7864969617538763,0.461784574392792,acousticness_very_high|danceability_very_low|duration_ms_very_high,energy_very_low,"acousticness_very_high|danceability_very_low|duration_ms_very_high  →  energy_very_low (conf=0.84, lift=3.35)"
"frozenset({'energy_very_low', 'danceability_very_low', 'speechiness_low', 'instrumentalness_high'})",frozenset({'valence_very_low'}),0.0265575773547838,0.2507217384012746,0.0223169899016519,0.8403247631935048,3.351623072462044,1.0,0.0156584279395341,4.692513858656427,0.7207792444557476,0.0875305393722984,0.7868946091325294,0.4646678761022469,danceability_very_low|energy_very_low|instrumentalness_high|speechiness_low,valence_very_low,"danceability_very_low|energy_very_low|instrumentalness_high|speechiness_low  →  valence_very_low (conf=0.84, lift=3.35)"
"frozenset({'energy_very_low', 'mode_1', 'valence_very_low', 'tempo_very_low'})",frozenset({'loudness_very_low'}),0.0316846152924687,0.2500029947651505,0.0265336192335797,0.8374291115311909,3.3496763201491278,1.0,0.0186123705224808,4.613353671735295,0.7244165522509107,0.1039906103286385,0.7832379498396762,0.4717811585447042,energy_very_low|mode_1|tempo_very_low|valence_very_low,loudness_very_low,"energy_very_low|mode_1|tempo_very_low|valence_very_low  →  loudness_very_low (conf=0.84, lift=3.35)"
"frozenset({'energy_very_low', 'loudness_very_low', 'speechiness_low'})",frozenset({'acousticness_very_high'}),0.0626025707064052,0.249751434492507,0.0523724529522394,0.8365862992728664,3.349675652405373,1.0,0.0367373711153961,4.591099535529459,0.7483097468039746,0.2014468045892272,0.7821872533450364,0.5231423030730489,energy_very_low|loudness_very_low|speechiness_low,acousticness_very_high,"energy_very_low|loudness_very_low|speechiness_low  →  acousticness_very_high (conf=0.84, lift=3.35)"
"frozenset({'acousticness_very_low', 'loudness_very_high', 'instrumentalness_medium'})",frozenset({'energy_very_high'}),0.0386684076234741,0.2486014446747086,0.0321757567771535,0.832094175960347,3.347101128270313,1.0,0.0225627347786873,4.475119071199337,0.7294402995263566,0.1261328950457854,0.7765422586326851,0.4807606233726468,acousticness_very_low|instrumentalness_medium|loudness_very_high,energy_very_high,"acousticness_very_low|instrumentalness_medium|loudness_very_high  →  energy_very_high (conf=0.83, lift=3.35)"
"frozenset({'danceability_very_low', 'valence_very_low', 'speechiness_low', 'instrumentalness_high'})",frozenset({'energy_very_low'}),0.0266174726577941,0.2505061153104373,0.0223169899016519,0.8384338433843384,3.3469595835826884,1.0,0.0156491502267661,4.638928723621747,0.7203965039626199,0.0875840346011,0.7844329888260774,0.4637607242935463,danceability_very_low|instrumentalness_high|speechiness_low|valence_very_low,energy_very_low,"danceability_very_low|instrumentalness_high|speechiness_low|valence_very_low  →  energy_very_low (conf=0.84, lift=3.35)"
"frozenset({'energy_very_low', 'loudness_very_low', 'duration_ms_very_low', 'tempo_very_low'})",frozenset({'acousticness_very_high'}),0.0281747505360629,0.249751434492507,0.0235508331436648,0.8358843537414966,3.3468650758303227,1.0,0.0165141487808146,4.571462761848765,0.7215422045093359,0.0925829997645396,0.7812516360527925,0.4650907211654387,duration_ms_very_low|energy_very_low|loudness_very_low|tempo_very_low,acousticness_very_high,"duration_ms_very_low|energy_very_low|loudness_very_low|tempo_very_low  →  acousticness_very_high (conf=0.84, lift=3.35)"
"frozenset({'energy_very_low', 'mode_1', 'valence_very_low', 'danceability_very_low'})",frozenset({'loudness_very_low'}),0.0451011631667844,0.2500029947651505,0.0377340408965128,0.8366533864541833,3.346573457010482,1.0,0.026458615037425,4.591445080827982,0.7343049019291586,0.14661391668606,0.7822036456070016,0.4937938709942215,danceability_very_low|energy_very_low|mode_1|valence_very_low,loudness_very_low,"danceability_very_low|energy_very_low|mode_1|valence_very_low  →  loudness_very_low (conf=0.84, lift=3.35)"
"frozenset({'energy_very_low', 'loudness_very_low', 'duration_ms_very_low', 'valence_very_low'})",frozenset({'acousticness_very_high'}),0.0266174726577941,0.249751434492507,0.0222451155380395,0.8357335733573358,3.346261354036023,1.0,0.0155973635591903,4.567266609746985,0.7203324561428448,0.0875365324785518,0.7810506621474859,0.4624012967271114,duration_ms_very_low|energy_very_low|loudness_very_low|valence_very_low,acousticness_very_high,"duration_ms_very_low|energy_very_low|loudness_very_low|valence_very_low  →  acousticness_very_high (conf=0.84, lift=3.35)"
"frozenset({'energy_very_low', 'valence_very_low', 'mode_0'})",frozenset({'loudness_very_low'}),0.0350267732004456,0.2500029947651505,0.0293007822326573,0.8365253077975375,3.3460611485208736,1.0,0.0205439840355861,4.587847789344558,0.7265912945620057,0.114577477983886,0.7820328733829104,0.4768635163808004,energy_very_low|mode_0|valence_very_low,loudness_very_low,"energy_very_low|mode_0|valence_very_low  →  loudness_very_low (conf=0.84, lift=3.35)"
"frozenset({'energy_very_low', 'mode_1', 'speechiness_low', 'acousticness_very_high'})",frozenset({'loudness_very_low'}),0.042908995076606,0.2500029947651505,0.0358772865031924,0.8361250697934115,3.344460215682041,1.0,0.0251499092316777,4.57664271337518,0.732425740210638,0.1395814885585123,0.7814992205798559,0.4898162483610085,acousticness_very_high|energy_very_low|mode_1|speechiness_low,loudness_very_low,"acousticness_very_high|energy_very_low|mode_1|speechiness_low  →  loudness_very_low (conf=0.84, lift=3.34)"
"frozenset({'loudness_very_low', 'mode_1', 'liveness_low'})",frozenset({'energy_very_low'}),0.0596437427376945,0.2505061153104373,0.0499526827106218,0.837517573810002,3.3433019101035364,1.0,0.0350115604148268,4.612768914548001,0.745349957995387,0.1919801114129183,0.7832104710803645,0.51846230641533,liveness_low|loudness_very_low|mode_1,energy_very_low,"liveness_low|loudness_very_low|mode_1  →  energy_very_low (conf=0.84, lift=3.34)"
"frozenset({'energy_very_low', 'instrumentalness_high', 'loudness_very_low', 'mode_1', 'valence_very_low'})",frozenset({'acousticness_very_high'}),0.0338408462008409,0.249751434492507,0.0282466248996753,0.8346902654867256,3.3420839691383937,1.0,0.019794825016575,4.538441536528195,0.7253313208204017,0.1106211296678551,0.7796600458656613,0.473894607538317,energy_very_low|instrumentalness_high|loudness_very_low|mode_1|valence_very_low,acousticness_very_high,"energy_very_low|instrumentalness_high|loudness_very_low|mode_1|valence_very_low  →  acousticness_very_high (conf=0.83, lift=3.34)"
"frozenset({'energy_very_low', 'valence_very_low', 'speechiness_low'})",frozenset({'acousticness_very_high'}),0.0409683872590711,0.249751434492507,0.0341882389583008,0.8345029239766083,3.3413338572901954,1.0,0.0239563254715033,4.533304053066479,0.7306519553252041,0.1332710716787298,0.7794103399432109,0.4856959917019595,energy_very_low|speechiness_low|valence_very_low,acousticness_very_high,"energy_very_low|speechiness_low|valence_very_low  →  acousticness_very_high (conf=0.83, lift=3.34)"
"frozenset({'energy_very_low', 'tempo_very_low', 'mode_1', 'instrumentalness_high'})",frozenset({'acousticness_very_high'}),0.0261263311731094,0.249751434492507,0.021801890295763,0.8344795965153599,3.341240454578432,1.0,0.0152768016072526,4.5326651561546845,0.719508062726223,0.0858085808580858,0.7793792469664016,0.4608869755803333,energy_very_low|instrumentalness_high|mode_1|tempo_very_low,acousticness_very_high,"energy_very_low|instrumentalness_high|mode_1|tempo_very_low  →  acousticness_very_high (conf=0.83, lift=3.34)"
"frozenset({'loudness_very_low', 'instrumentalness_low', 'acousticness_very_high'})",frozenset({'energy_very_low'}),0.0467902107116759,0.2505061153104373,0.0391475700475568,0.8366615463389657,3.339884718191972,1.0,0.0274263361276181,4.588594221939549,0.7349782554962386,0.1516473317865429,0.7820683303791219,0.4964677280279373,acousticness_very_high|instrumentalness_low|loudness_very_low,energy_very_low,"acousticness_very_high|instrumentalness_low|loudness_very_low  →  energy_very_low (conf=0.84, lift=3.34)"
"frozenset({'valence_very_low', 'instrumentalness_high', 'speechiness_low', 'acousticness_very_high'})",frozenset({'danceability_very_low'}),0.0242336395979827,0.2516321470070317,0.0203644030235148,0.8403361344537814,3.339542043609789,1.0,0.0142664402616798,4.687146026640167,0.7179564427420939,0.079703689811993,0.7866505557291504,0.4606326963804659,acousticness_very_high|instrumentalness_high|speechiness_low|valence_very_low,danceability_very_low,"acousticness_very_high|instrumentalness_high|speechiness_low|valence_very_low  →  danceability_very_low (conf=0.84, lift=3.34)"
"frozenset({'loudness_very_high', 'instrumentalness_high'})",frozenset({'energy_very_high'}),0.0351345847458642,0.2486014446747086,0.0291690125660345,0.8302079781793386,3.339513892470149,1.0,0.0204345040401667,4.425405547729076,0.7260652208838945,0.1145828431603218,0.7740320092215828,0.4737702060221609,instrumentalness_high|loudness_very_high,energy_very_high,"instrumentalness_high|loudness_very_high  →  energy_very_high (conf=0.83, lift=3.34)"
"frozenset({'danceability_very_low', 'energy_very_high', 'instrumentalness_high'})",frozenset({'acousticness_very_low'}),0.0283184992632877,0.2504581990680291,0.0236826028102876,0.8362944162436549,3.339057852190744,1.0,0.0165900024844952,4.578596427398398,0.7209299784855557,0.0928386945292322,0.7815924561474814,0.4654257617854968,danceability_very_low|energy_very_high|instrumentalness_high,acousticness_very_low,"danceability_very_low|energy_very_high|instrumentalness_high  →  acousticness_very_low (conf=0.84, lift=3.34)"
"frozenset({'danceability_very_low', 'energy_very_high', 'instrumentalness_medium'})",frozenset({'acousticness_very_low'}),0.0261023730519052,0.2504581990680291,0.0218258484169671,0.8361633776961909,3.338534656911245,1.0,0.015288295070985,4.574934409609984,0.7192412943887946,0.0856806959793087,0.7814176312780731,0.4616535273788014,danceability_very_low|energy_very_high|instrumentalness_medium,acousticness_very_low,"danceability_very_low|energy_very_high|instrumentalness_medium  →  acousticness_very_low (conf=0.84, lift=3.34)"
"frozenset({'loudness_very_low', 'danceability_very_low', 'liveness_low'})",frozenset({'acousticness_very_high'}),0.03545801938212,0.249751434492507,0.0295643215659028,0.8337837837837838,3.3384544336172715,1.0,0.0207086303609552,4.5136905567117465,0.7262101661661221,0.1156459397404058,0.7784518040313985,0.4760793828986548,danceability_very_low|liveness_low|loudness_very_low,acousticness_very_high,"danceability_very_low|liveness_low|loudness_very_low  →  acousticness_very_high (conf=0.83, lift=3.34)"
"frozenset({'duration_ms_very_low', 'speechiness_low', 'acousticness_very_high'})",frozenset({'energy_very_low'}),0.0280908971118484,0.2505061153104373,0.0234909378406545,0.8362473347547974,3.338231219299719,1.0,0.0164539963295801,4.576987394783917,0.7206848468597608,0.0920830202854996,0.7815156753239844,0.4650106222358531,acousticness_very_high|duration_ms_very_low|speechiness_low,energy_very_low,"acousticness_very_high|duration_ms_very_low|speechiness_low  →  energy_very_low (conf=0.84, lift=3.34)"
"frozenset({'energy_very_low', 'loudness_very_low', 'mode_0', 'danceability_very_low'})",frozenset({'acousticness_very_high'}),0.025707064052037,0.249751434492507,0.0214305394170989,0.8336439888164026,3.3378946972231027,1.0,0.0150101632935118,4.509897539437197,0.7188905265675302,0.0843629161558049,0.7782654724956807,0.4597257307984358,danceability_very_low|energy_very_low|loudness_very_low|mode_0,acousticness_very_high,"danceability_very_low|energy_very_low|loudness_very_low|mode_0  →  acousticness_very_high (conf=0.83, lift=3.34)"
"frozenset({'mode_1', 'acousticness_very_high', 'liveness_low'})",frozenset({'energy_very_low'}),0.0629499634638651,0.2505061153104373,0.0526359922854849,0.8361560418648906,3.337866785522149,1.0,0.0368666414792181,4.574437124324798,0.7474600386663119,0.2018095806733109,0.7813938692735659,0.5231373170303795,acousticness_very_high|liveness_low|mode_1,energy_very_low,"acousticness_very_high|liveness_low|mode_1  →  energy_very_low (conf=0.84, lift=3.34)"
"frozenset({'energy_very_low', 'instrumentalness_high', 'loudness_very_low', 'liveness_low', 'valence_very_low'})",frozenset({'acousticness_very_high'}),0.0252398806885564,0.249751434492507,0.0210352304172306,0.8334124347413384,3.3369675591046186,1.0,0.0147315340088439,4.503628853345549,0.7184605835098897,0.0828301886792452,0.7779568360174389,0.4588185488973611,energy_very_low|instrumentalness_high|liveness_low|loudness_very_low|valence_very_low,acousticness_very_high,"energy_very_low|instrumentalness_high|liveness_low|loudness_very_low|valence_very_low  →  acousticness_very_high (conf=0.83, lift=3.34)"
"frozenset({'loudness_very_low', 'duration_ms_very_low', 'valence_very_low'})",frozenset({'energy_very_low'}),0.0318523221408977,0.2505061153104373,0.0266174726577941,0.835652500940203,3.3358566911814846,1.0,0.0186382711746612,4.560421600433745,0.7232645870377683,0.1040798163848423,0.7807220280017774,0.4709536414417924,duration_ms_very_low|loudness_very_low|valence_very_low,energy_very_low,"duration_ms_very_low|loudness_very_low|valence_very_low  →  energy_very_low (conf=0.84, lift=3.34)"
"frozenset({'energy_very_low', 'speechiness_low', 'liveness_low'})",frozenset({'loudness_very_low'}),0.0322356520801638,0.2500029947651505,0.0268810119910396,0.8338907469342253,3.335523031304369,1.0,0.0188220024327912,4.515082642252754,0.7235200851823443,0.1052680958859126,0.7785201115386317,0.4707067534383632,energy_very_low|liveness_low|speechiness_low,loudness_very_low,"energy_very_low|liveness_low|speechiness_low  →  loudness_very_low (conf=0.83, lift=3.34)"
"frozenset({'energy_very_low', 'mode_0', 'danceability_very_low'})",frozenset({'loudness_very_low'}),0.0308341019897219,0.2500029947651505,0.025707064052037,0.8337218337218337,3.3348473865483927,1.0,0.0179984462137124,4.510496008117997,0.7224111004743462,0.1007606348013897,0.7782948930228075,0.4682744290794123,danceability_very_low|energy_very_low|mode_0,loudness_very_low,"danceability_very_low|energy_very_low|mode_0  →  loudness_very_low (conf=0.83, lift=3.33)"
"frozenset({'energy_very_low', 'tempo_very_low', 'mode_1', 'danceability_very_low'})",frozenset({'loudness_very_low'}),0.0338049090190347,0.2500029947651505,0.0281747505360629,0.8334514528703049,3.333765876097756,1.0,0.0197234220435408,4.50317350802712,0.7245316503183592,0.110215557638238,0.7779343837812484,0.473074552501276,danceability_very_low|energy_very_low|mode_1|tempo_very_low,loudness_very_low,"danceability_very_low|energy_very_low|mode_1|tempo_very_low  →  loudness_very_low (conf=0.83, lift=3.33)"
"frozenset({'energy_very_low', 'mode_1', 'acousticness_very_high', 'danceability_very_low'})",frozenset({'loudness_very_low'}),0.0558583595874411,0.2500029947651505,0.0465386504390325,0.8331546214883122,3.33257856479266,1.0,0.0325738932595036,4.495161999241777,0.7413422154972092,0.1794623059866961,0.7775386070249136,0.5096534966569496,acousticness_very_high|danceability_very_low|energy_very_low|mode_1,loudness_very_low,"acousticness_very_high|danceability_very_low|energy_very_low|mode_1  →  loudness_very_low (conf=0.83, lift=3.33)"
"frozenset({'loudness_very_low', 'danceability_very_low'})",frozenset({'energy_very_low'}),0.0957007151499179,0.2505061153104373,0.0798524179733825,0.8343972962823882,3.33084601646698,1.0,0.0558788035887458,4.525855362649217,0.7738322765910185,0.2997976163705869,0.7790472916450762,0.5765808210562668,danceability_very_low|loudness_very_low,energy_very_low,"danceability_very_low|loudness_very_low  →  energy_very_low (conf=0.83, lift=3.33)"
"frozenset({'loudness_very_low', 'danceability_very_low', 'instrumentalness_high'})",frozenset({'energy_very_low'}),0.0576552186777512,0.2505061153104373,0.0480599911354951,0.8335757323914398,3.3275664003588847,1.0,0.0336170062771579,4.503513192273238,0.7422761715108912,0.1847740984663565,0.7779511334138602,0.5127136504344345,danceability_very_low|instrumentalness_high|loudness_very_low,energy_very_low,"danceability_very_low|instrumentalness_high|loudness_very_low  →  energy_very_low (conf=0.83, lift=3.33)"
"frozenset({'energy_very_low', 'loudness_very_low', 'liveness_low', 'tempo_very_low'})",frozenset({'acousticness_very_high'}),0.0293966147174738,0.249751434492507,0.0244133255070137,0.830480847595762,3.3252295398554663,1.0,0.0170714788121011,4.425745143642758,0.7204476017076352,0.0958382318363508,0.7740493481789338,0.464115669613028,energy_very_low|liveness_low|loudness_very_low|tempo_very_low,acousticness_very_high,"energy_very_low|liveness_low|loudness_very_low|tempo_very_low  →  acousticness_very_high (conf=0.83, lift=3.33)"
"frozenset({'loudness_very_low', 'valence_very_low', 'mode_1'})",frozenset({'energy_very_low'}),0.0659087914325758,0.2505061153104373,0.0549000347392757,0.8329698291530352,3.325147684002784,1.0,0.0383894794326953,4.487176663288326,0.7486008556359112,0.2099308323026888,0.7771427168933499,0.5260631471702437,loudness_very_low|mode_1|valence_very_low,energy_very_low,"loudness_very_low|mode_1|valence_very_low  →  energy_very_low (conf=0.83, lift=3.33)"
"frozenset({'speechiness_very_low', 'acousticness_very_high', 'liveness_low'})",frozenset({'energy_very_low'}),0.0322955473831742,0.2505061153104373,0.0268929910516417,0.8327151335311573,3.324130959833946,1.0,0.0188027589348585,4.480344818454682,0.7225031275875122,0.1050882366708795,0.7768028934110232,0.4700348812261754,acousticness_very_high|liveness_low|speechiness_very_low,energy_very_low,"acousticness_very_high|liveness_low|speechiness_very_low  →  energy_very_low (conf=0.83, lift=3.32)"
"frozenset({'energy_very_low', 'loudness_very_low', 'mode_1', 'key_low'})",frozenset({'acousticness_very_high'}),0.0263778914457528,0.249751434492507,0.0218977227805795,0.8301544050862852,3.323922470247878,1.0,0.0153098065531151,4.417238880340908,0.7180923873565369,0.0861329689487819,0.7736142357049018,0.4589162355902911,energy_very_low|key_low|loudness_very_low|mode_1,acousticness_very_high,"energy_very_low|key_low|loudness_very_low|mode_1  →  acousticness_very_high (conf=0.83, lift=3.32)"
"frozenset({'loudness_very_low', 'speechiness_low', 'liveness_low'})",frozenset({'energy_very_low'}),0.0322835683225721,0.2505061153104373,0.0268810119910396,0.8326530612244899,3.323883172243649,1.0,0.018793780702193,4.478682969486414,0.7224710095961537,0.1050414267659036,0.7767200744475392,0.4699799353559328,liveness_low|loudness_very_low|speechiness_low,energy_very_low,"liveness_low|loudness_very_low|speechiness_low  →  energy_very_low (conf=0.83, lift=3.32)"
"frozenset({'acousticness_very_low', 'speechiness_very_high', 'instrumentalness_medium'})",frozenset({'energy_very_high'}),0.025347692233975,0.2486014446747086,0.020927418871812,0.8256143667296787,3.321036077686448,1.0,0.0146259459632759,4.30883290804422,0.7170650941847873,0.082709970646719,0.7679185938881301,0.4548974835624012,acousticness_very_low|instrumentalness_medium|speechiness_very_high,energy_very_high,"acousticness_very_low|instrumentalness_medium|speechiness_very_high  →  energy_very_high (conf=0.83, lift=3.32)"
"frozenset({'speechiness_very_low', 'acousticness_very_high', 'tempo_very_low'})",frozenset({'energy_very_low'}),0.0304627511110578,0.2505061153104373,0.0253357131733729,0.831694848604011,3.320058065541996,1.0,0.0177046077308731,4.453184459732611,0.72075667994161,0.0991096532333645,0.7754415948761205,0.4664164755644385,acousticness_very_high|speechiness_very_low|tempo_very_low,energy_very_low,"acousticness_very_high|speechiness_very_low|tempo_very_low  →  energy_very_low (conf=0.83, lift=3.32)"
"frozenset({'valence_very_low', 'key_very_low', 'acousticness_very_high'})",frozenset({'loudness_very_low'}),0.0292648450508511,0.2500029947651505,0.0242695767797889,0.8293082275890299,3.3171931734980653,1.0,0.016953277875738,4.393867347215197,0.7195992791669694,0.0951754592004509,0.772410061347484,0.4631926859075959,acousticness_very_high|key_very_low|valence_very_low,loudness_very_low,"acousticness_very_high|key_very_low|valence_very_low  →  loudness_very_low (conf=0.83, lift=3.32)"
"frozenset({'acousticness_very_low', 'valence_low', 'loudness_very_high'})",frozenset({'energy_very_high'}),0.032798667928461,0.2486014446747086,0.0270367397788665,0.8243243243243243,3.31584687853661,1.0,0.018882943548445,4.277191776467044,0.7221019000036751,0.1062917961759442,0.7662017388366908,0.4665398424975354,acousticness_very_low|loudness_very_high|valence_low,energy_very_high,"acousticness_very_low|loudness_very_high|valence_low  →  energy_very_high (conf=0.82, lift=3.32)"
"frozenset({'speechiness_very_low', 'mode_1', 'acousticness_very_high', 'liveness_low'})",frozenset({'energy_very_low'}),0.0250362366583212,0.2505061153104373,0.0207956492051893,0.830622009569378,3.315775379535296,1.0,0.0145239188179205,4.424978019777363,0.716346025088706,0.0816326530612244,0.7740101768798584,0.4568182733386293,acousticness_very_high|liveness_low|mode_1|speechiness_very_low,energy_very_low,"acousticness_very_high|liveness_low|mode_1|speechiness_very_low  →  energy_very_low (conf=0.83, lift=3.32)"
"frozenset({'energy_very_low', 'loudness_very_low', 'mode_1', 'instrumentalness_high'})",frozenset({'acousticness_very_high'}),0.0526599504066891,0.249751434492507,0.0435798224703218,0.8275705186533211,3.3135766380478966,1.0,0.0304279243159469,4.351045770410207,0.7370228842944577,0.1683713611329662,0.7701701952205108,0.5010316500408435,energy_very_low|instrumentalness_high|loudness_very_low|mode_1,acousticness_very_high,"energy_very_low|instrumentalness_high|loudness_very_low|mode_1  →  acousticness_very_high (conf=0.83, lift=3.31)"
"frozenset({'energy_very_low', 'instrumentalness_high', 'tempo_very_low', 'loudness_very_low', 'valence_very_low'})",frozenset({'danceability_very_low'}),0.0268810119910396,0.2516321470070317,0.0224128223864684,0.8337789661319073,3.3134834958452584,1.0,0.0156486956254413,4.502245206745899,0.717489660632821,0.0875157865194817,0.7778885968934658,0.4614243778579178,energy_very_low|instrumentalness_high|loudness_very_low|tempo_very_low|valence_very_low,danceability_very_low,"energy_very_low|instrumentalness_high|loudness_very_low|tempo_very_low|valence_very_low  →  danceability_very_low (conf=0.83, lift=3.31)"
"frozenset({'loudness_very_low', 'danceability_high', 'acousticness_very_high'})",frozenset({'energy_very_low'}),0.026425807688161,0.2505061153104373,0.0219336599623857,0.8300090661831369,3.313328559482693,1.0,0.0153138335344838,4.409022692333799,0.7171396956417085,0.0860149386949781,0.773192367156841,0.4587832247518592,acousticness_very_high|danceability_high|loudness_very_low,energy_very_low,"acousticness_very_high|danceability_high|loudness_very_low  →  energy_very_low (conf=0.83, lift=3.31)"
"frozenset({'energy_very_low', 'speechiness_low', 'acousticness_very_high', 'loudness_very_low', 'valence_very_low'})",frozenset({'danceability_very_low'}),0.0320439871105307,0.2516321470070317,0.0267133051426107,0.8336448598130842,3.3129505499541305,1.0,0.0186500078673222,4.498615745519532,0.7212665181295693,0.1039578574425434,0.7777093984975344,0.4699025022668201,acousticness_very_high|energy_very_low|loudness_very_low|speechiness_low|valence_very_low,danceability_very_low,"acousticness_very_high|energy_very_low|loudness_very_low|speechiness_low|valence_very_low  →  danceability_very_low (conf=0.83, lift=3.31)"
"frozenset({'danceability_very_low', 'tempo_very_high', 'speechiness_very_high'})",frozenset({'energy_very_high'}),0.0252997759915667,0.2486014446747086,0.0208315863869955,0.8233901515151515,3.3120891658234157,1.0,0.0145420255255455,4.2545676912788615,0.7161953430135758,0.0823156300293477,0.7649584934211225,0.4535926327372895,danceability_very_low|speechiness_very_high|tempo_very_high,energy_very_high,"danceability_very_low|speechiness_very_high|tempo_very_high  →  energy_very_high (conf=0.82, lift=3.31)"
"frozenset({'energy_very_low', 'loudness_very_low', 'liveness_low', 'instrumentalness_high'})",frozenset({'acousticness_very_high'}),0.0383210148660142,0.249751434492507,0.0316965943530708,0.8271334792122539,3.311826740426867,1.0,0.022125865919075,4.340045499201574,0.7258678290006143,0.1236333052985702,0.7695876690269798,0.4770230204829076,energy_very_low|instrumentalness_high|liveness_low|loudness_very_low,acousticness_very_high,"energy_very_low|instrumentalness_high|liveness_low|loudness_very_low  →  acousticness_very_high (conf=0.83, lift=3.31)"
"frozenset({'energy_very_low', 'duration_ms_very_low', 'acousticness_very_high', 'tempo_very_low'})",frozenset({'loudness_very_low'}),0.0284502689299105,0.2500029947651505,0.0235508331436648,0.8277894736842105,3.311118230650896,1.0,0.0164381807093133,4.355117084187696,0.7184266582002545,0.0923915597537478,0.7703850480551392,0.4609958389024789,acousticness_very_high|duration_ms_very_low|energy_very_low|tempo_very_low,loudness_very_low,"acousticness_very_high|duration_ms_very_low|energy_very_low|tempo_very_low  →  loudness_very_low (conf=0.83, lift=3.31)"
"frozenset({'energy_very_low', 'liveness_low', 'mode_1', 'instrumentalness_high'})",frozenset({'acousticness_very_high'}),0.0271445513242851,0.249751434492507,0.0224367805076725,0.8265666372462489,3.3095571159614185,1.0,0.0156573898757768,4.325860685597911,0.7173159881082058,0.0881743715281046,0.7688321301401824,0.4582015401205583,energy_very_low|instrumentalness_high|liveness_low|mode_1,acousticness_very_high,"energy_very_low|instrumentalness_high|liveness_low|mode_1  →  acousticness_very_high (conf=0.83, lift=3.31)"
"frozenset({'valence_very_low', 'acousticness_very_high', 'liveness_low'})",frozenset({'loudness_very_low'}),0.0384048682902286,0.2500029947651505,0.0317564896560811,0.8268870867124141,3.3075087260021854,1.0,0.0221551575699628,4.332415132942208,0.725521183668389,0.1237339556592765,0.7691818606217256,0.476955761851655,acousticness_very_high|liveness_low|valence_very_low,loudness_very_low,"acousticness_very_high|liveness_low|valence_very_low  →  loudness_very_low (conf=0.83, lift=3.31)"
"frozenset({'loudness_very_low', 'duration_ms_very_low', 'danceability_very_low'})",frozenset({'energy_very_low'}),0.03261898201943,0.2505061153104373,0.0270247607182644,0.8284979801689313,3.3072964272437937,1.0,0.018853506247196,4.370175263404023,0.7211617940954433,0.1055241124467935,0.7711762252708649,0.4681893114310609,danceability_very_low|duration_ms_very_low|loudness_very_low,energy_very_low,"danceability_very_low|duration_ms_very_low|loudness_very_low  →  energy_very_low (conf=0.83, lift=3.31)"
"frozenset({'key_very_low', 'acousticness_very_high', 'liveness_low'})",frozenset({'energy_very_low'}),0.0275877765665616,0.2505061153104373,0.0228560476287449,0.8284845853234911,3.3072429561122663,1.0,0.0159451408910032,4.369833965671046,0.7174255168106404,0.0895480358567606,0.7711583534166526,0.4598620325240256,acousticness_very_high|key_very_low|liveness_low,energy_very_low,"acousticness_very_high|key_very_low|liveness_low  →  energy_very_low (conf=0.83, lift=3.31)"
"frozenset({'energy_very_low', 'danceability_very_low', 'liveness_low'})",frozenset({'loudness_very_low'}),0.0392434025323734,0.2500029947651505,0.0324153379891948,0.826007326007326,3.303989725336155,1.0,0.0226043698313272,4.310509103770817,0.7258192370120243,0.1262126865671641,0.7680088416643863,0.4778335623807593,danceability_very_low|energy_very_low|liveness_low,loudness_very_low,"danceability_very_low|energy_very_low|liveness_low  →  loudness_very_low (conf=0.83, lift=3.30)"
"frozenset({'loudness_very_low', 'danceability_very_low', 'speechiness_low', 'instrumentalness_high'})",frozenset({'valence_very_low'}),0.0284023526875022,0.2507217384012746,0.0235268750224607,0.8283424715309996,3.303831876776699,1.0,0.016405787781964,4.3649600939817645,0.7177056901426445,0.0920466794769648,0.7709028310754178,0.4610895348577119,danceability_very_low|instrumentalness_high|loudness_very_low|speechiness_low,valence_very_low,"danceability_very_low|instrumentalness_high|loudness_very_low|speechiness_low  →  valence_very_low (conf=0.83, lift=3.30)"
"frozenset({'speechiness_low', 'instrumentalness_high', 'acousticness_very_high', 'danceability_very_low', 'loudness_very_low'})",frozenset({'valence_very_low'}),0.0242096814767785,0.2507217384012746,0.0200529474478611,0.8283028203859475,3.3036737287624702,1.0,0.013983054021862,4.363952065391999,0.7146070804627479,0.0786765051464022,0.7708499119570019,0.4541418545312441,acousticness_very_high|danceability_very_low|instrumentalness_high|loudness_very_low|speechiness_low,valence_very_low,"acousticness_very_high|danceability_very_low|instrumentalness_high|loudness_very_low|speechiness_low  →  valence_very_low (conf=0.83, lift=3.30)"
"frozenset({'loudness_very_low', 'speechiness_very_low', 'mode_1'})",frozenset({'energy_very_low'}),0.0515458977706968,0.2505061153104373,0.0426574348039626,0.827562165930746,3.303560733059141,1.0,0.0297448721932364,4.346458471454433,0.7351924733488433,0.1644499861457467,0.7699276303759608,0.4989235848781503,loudness_very_low|mode_1|speechiness_very_low,energy_very_low,"loudness_very_low|mode_1|speechiness_very_low  →  energy_very_low (conf=0.83, lift=3.30)"
"frozenset({'loudness_very_low', 'duration_ms_very_low', 'mode_1', 'instrumentalness_high'})",frozenset({'energy_very_low'}),0.0283184992632877,0.2505061153104373,0.0234310425376442,0.8274111675126904,3.302957959678265,1.0,0.0163370852957764,4.342655743642467,0.7175613355120674,0.0917448405253283,0.769726163197722,0.4604729900302549,duration_ms_very_low|instrumentalness_high|loudness_very_low|mode_1,energy_very_low,"duration_ms_very_low|instrumentalness_high|loudness_very_low|mode_1  →  energy_very_low (conf=0.83, lift=3.30)"
"frozenset({'loudness_very_low', 'duration_ms_very_low', 'tempo_very_low'})",frozenset({'energy_very_low'}),0.0340564692916781,0.2505061153104373,0.0281747505360629,0.8272951107984524,3.302494670731829,1.0,0.0196433967126154,4.339737503406166,0.7217798771872458,0.1098911367565294,0.7695713164183036,0.4698832095690808,duration_ms_very_low|loudness_very_low|tempo_very_low,energy_very_low,"duration_ms_very_low|loudness_very_low|tempo_very_low  →  energy_very_low (conf=0.83, lift=3.30)"
"frozenset({'energy_very_low', 'loudness_very_low', 'valence_very_low', 'liveness_low'})",frozenset({'acousticness_very_high'}),0.0372548784724301,0.249751434492507,0.0307262904443033,0.82475884244373,3.302318739908875,1.0,0.0214218311039698,4.281234933446429,0.7241610013384415,0.1198934280639431,0.7664225356595902,0.473893162888132,energy_very_low|liveness_low|loudness_very_low|valence_very_low,acousticness_very_high,"energy_very_low|liveness_low|loudness_very_low|valence_very_low  →  acousticness_very_high (conf=0.82, lift=3.30)"
"frozenset({'energy_very_low', 'duration_ms_very_low', 'speechiness_low'})",frozenset({'loudness_very_low'}),0.0278752740210112,0.2500029947651505,0.0229997963559697,0.8250966910184787,3.3003472290144504,1.0,0.0160308943708177,4.288066415679348,0.7169878104257031,0.090238285472576,0.7667946568309921,0.4585473871958708,duration_ms_very_low|energy_very_low|speechiness_low,loudness_very_low,"duration_ms_very_low|energy_very_low|speechiness_low  →  loudness_very_low (conf=0.83, lift=3.30)"
"frozenset({'loudness_very_low', 'liveness_low', 'mode_1', 'instrumentalness_high'})",frozenset({'energy_very_low'}),0.0306064998382826,0.2505061153104373,0.0252997759915667,0.826614481409002,3.2997776536697625,1.0,0.017632660613829,4.322701750297591,0.7189539418204586,0.0988995551393116,0.7686631977486866,0.4638045628162072,instrumentalness_high|liveness_low|loudness_very_low|mode_1,energy_very_low,"instrumentalness_high|liveness_low|loudness_very_low|mode_1  →  energy_very_low (conf=0.83, lift=3.30)"
"frozenset({'danceability_very_low', 'acousticness_very_high', 'liveness_low'})",frozenset({'loudness_very_low'}),0.0358413493213862,0.2500029947651505,0.0295643215659028,0.8248663101604278,3.2994257166211,1.0,0.0206038768991323,4.282425648211201,0.722823938125929,0.1153594465738057,0.766487481127032,0.4715610899149048,acousticness_very_high|danceability_very_low|liveness_low,loudness_very_low,"acousticness_very_high|danceability_very_low|liveness_low  →  loudness_very_low (conf=0.82, lift=3.30)"
"frozenset({'energy_very_low', 'speechiness_low', 'instrumentalness_high', 'loudness_very_low', 'valence_very_low'})",frozenset({'danceability_very_low'}),0.0264617448699673,0.2516321470070317,0.0219695971441919,0.8302399275690358,3.299419161836406,1.0,0.0153109714690097,4.408385566030578,0.7158592351866679,0.0857770918104859,0.7731595875583938,0.458774157824316,energy_very_low|instrumentalness_high|loudness_very_low|speechiness_low|valence_very_low,danceability_very_low,"energy_very_low|instrumentalness_high|loudness_very_low|speechiness_low|valence_very_low  →  danceability_very_low (conf=0.83, lift=3.30)"
"frozenset({'tempo_very_low', 'valence_very_low', 'acousticness_very_high', 'instrumentalness_high'})",frozenset({'danceability_very_low'}),0.0254195665975874,0.2516321470070317,0.021095125720241,0.8298774740810556,3.2979787517286705,1.0,0.0146987456013018,4.398993307620716,0.7149578971969064,0.0824168109701876,0.7726752622542931,0.4568553322990253,acousticness_very_high|instrumentalness_high|tempo_very_low|valence_very_low,danceability_very_low,"acousticness_very_high|instrumentalness_high|tempo_very_low|valence_very_low  →  danceability_very_low (conf=0.83, lift=3.30)"
"frozenset({'energy_very_low', 'liveness_very_low', 'danceability_very_low'})",frozenset({'loudness_very_low'}),0.0243654092646054,0.2500029947651505,0.0200888846296673,0.8244837758112094,3.2978955975536146,1.0,0.0139974593448374,4.273092181085947,0.7141775604793165,0.0790031563574692,0.7659774332914429,0.4524191758787719,danceability_very_low|energy_very_low|liveness_very_low,loudness_very_low,"danceability_very_low|energy_very_low|liveness_very_low  →  loudness_very_low (conf=0.82, lift=3.30)"
"frozenset({'energy_very_low', 'speechiness_high', 'acousticness_very_high'})",frozenset({'loudness_very_low'}),0.0331340816253189,0.2500029947651505,0.027300279112112,0.8239334779464931,3.29569443246264,1.0,0.0190166594769893,4.259736584147008,0.7204450982222521,0.1067097438778854,0.7652436998753421,0.4665666431419097,acousticness_very_high|energy_very_low|speechiness_high,loudness_very_low,"acousticness_very_high|energy_very_low|speechiness_high  →  loudness_very_low (conf=0.82, lift=3.30)"
"frozenset({'energy_very_low', 'loudness_very_low', 'danceability_very_low', 'instrumentalness_high'})",frozenset({'valence_very_low'}),0.0480599911354951,0.2507217384012746,0.039710585895854,0.8262711864406781,3.2955705863775138,1.0,0.0276609013708128,4.312918774080472,0.731729313215968,0.1532806214454155,0.768138457415488,0.49232813980419,danceability_very_low|energy_very_low|instrumentalness_high|loudness_very_low,valence_very_low,"danceability_very_low|energy_very_low|instrumentalness_high|loudness_very_low  →  valence_very_low (conf=0.83, lift=3.30)"
"frozenset({'energy_very_low', 'valence_very_low', 'liveness_very_low'})",frozenset({'loudness_very_low'}),0.0278033996573988,0.2500029947651505,0.0229039638711532,0.8237828522188712,3.2950919367694844,1.0,0.0159530306921511,4.256095474694585,0.7164377358447765,0.0898538465153437,0.7650428647699076,0.4576988051223728,energy_very_low|liveness_very_low|valence_very_low,loudness_very_low,"energy_very_low|liveness_very_low|valence_very_low  →  loudness_very_low (conf=0.82, lift=3.30)"
"frozenset({'acousticness_very_low', 'mode_1', 'loudness_very_high'})",frozenset({'energy_very_high'}),0.0665077444626792,0.2486014446747086,0.0544807676182033,0.8191642651296831,3.2950905261292736,1.0,0.0379468462627249,4.155144202356594,0.7461424528079461,0.209036172266397,0.7593344655925902,0.5191566519114421,acousticness_very_low|loudness_very_high|mode_1,energy_very_high,"acousticness_very_low|loudness_very_high|mode_1  →  energy_very_high (conf=0.82, lift=3.30)"
"frozenset({'loudness_very_low', 'valence_very_low', 'speechiness_low', 'acousticness_very_high'})",frozenset({'danceability_very_low'}),0.032798667928461,0.2516321470070317,0.0271924675666934,0.8290723155588021,3.2947790074518357,1.0,0.018939268336884,4.378271755330658,0.7201080934976346,0.1057092297662289,0.7715993762190586,0.4685683390609396,acousticness_very_high|loudness_very_low|speechiness_low|valence_very_low,danceability_very_low,"acousticness_very_high|loudness_very_low|speechiness_low|valence_very_low  →  danceability_very_low (conf=0.83, lift=3.29)"
"frozenset({'acousticness_very_high', 'liveness_low'})",frozenset({'energy_very_low'}),0.0880820326070029,0.2505061153104373,0.072676960672744,0.8251053991568068,3.293753520285533,1.0,0.0506118728557164,4.285403214714118,0.7636597109540805,0.2733129110730696,0.7666497293495144,0.5576129520650139,acousticness_very_high|liveness_low,energy_very_low,"acousticness_very_high|liveness_low  →  energy_very_low (conf=0.83, lift=3.29)"
"frozenset({'energy_very_low', 'liveness_very_low', 'danceability_very_low'})",frozenset({'acousticness_very_high'}),0.0243654092646054,0.249751434492507,0.020040968387259,0.8225172074729596,3.2933432760628905,1.0,0.0139556724714268,4.227162277679335,0.7137479530023618,0.0788778877887788,0.7634346792692831,0.4513804321215343,danceability_very_low|energy_very_low|liveness_very_low,acousticness_very_high,"danceability_very_low|energy_very_low|liveness_very_low  →  acousticness_very_high (conf=0.82, lift=3.29)"
"frozenset({'energy_very_low', 'speechiness_low', 'liveness_low'})",frozenset({'acousticness_very_high'}),0.0322356520801638,0.249751434492507,0.0265096611123755,0.8223708658491268,3.292757326980635,1.0,0.0184587607635532,4.223679685733607,0.7194966005988773,0.1037651802878979,0.7632396217502676,0.4642575227130424,energy_very_low|liveness_low|speechiness_low,acousticness_very_high,"energy_very_low|liveness_low|speechiness_low  →  acousticness_very_high (conf=0.82, lift=3.29)"
"frozenset({'acousticness_very_low', 'mode_1', 'key_very_low', 'loudness_very_high'})",frozenset({'energy_very_high'}),0.0260065405670887,0.2486014446747086,0.0212867906898741,0.8185168125287885,3.292486146248289,1.0,0.0148215271339044,4.140320466018292,0.7148694256890831,0.0840308317964723,0.7584728022365643,0.4520714935288861,acousticness_very_low|key_very_low|loudness_very_high|mode_1,energy_very_high,"acousticness_very_low|key_very_low|loudness_very_high|mode_1  →  energy_very_high (conf=0.82, lift=3.29)"
"frozenset({'loudness_very_low', 'tempo_very_low', 'valence_very_low', 'instrumentalness_high'})",frozenset({'danceability_very_low'}),0.0304507720504558,0.2516321470070317,0.0252279016279543,0.8284815106215578,3.292431116118111,1.0,0.0175655084788764,4.363190555752581,0.718141016928963,0.0982184497714765,0.7708099182875328,0.4643692900151491,instrumentalness_high|loudness_very_low|tempo_very_low|valence_very_low,danceability_very_low,"instrumentalness_high|loudness_very_low|tempo_very_low|valence_very_low  →  danceability_very_low (conf=0.83, lift=3.29)"
"frozenset({'valence_very_low', 'mode_1', 'acousticness_very_high', 'liveness_low'})",frozenset({'loudness_very_low'}),0.0262581008397321,0.2500029947651505,0.0216102253261299,0.822992700729927,3.2919313686743448,1.0,0.0150456214793515,4.237096483182449,0.7150015423984171,0.0848621695361746,0.7639893252445108,0.4547162832830277,acousticness_very_high|liveness_low|mode_1|valence_very_low,loudness_very_low,"acousticness_very_high|liveness_low|mode_1|valence_very_low  →  loudness_very_low (conf=0.82, lift=3.29)"
"frozenset({'loudness_very_low', 'tempo_very_low', 'mode_1', 'danceability_very_low'})",frozenset({'acousticness_very_high'}),0.0316247199894584,0.249751434492507,0.0259825824458845,0.821590909090909,3.2896343949350086,1.0,0.0180842632630934,4.205214889468748,0.7187449596081702,0.1017354596622889,0.7622000239501835,0.4628123378492101,danceability_very_low|loudness_very_low|mode_1|tempo_very_low,acousticness_very_high,"danceability_very_low|loudness_very_low|mode_1|tempo_very_low  →  acousticness_very_high (conf=0.82, lift=3.29)"
"frozenset({'loudness_very_low', 'tempo_very_low', 'valence_very_low', 'danceability_very_low'})",frozenset({'acousticness_very_high'}),0.0354819775033241,0.249751434492507,0.0291450544448304,0.8214044564483456,3.2888878420956136,1.0,0.0202833796647443,4.20082467114025,0.7215477916831363,0.1138085882683132,0.7619515027918161,0.4690503504362693,danceability_very_low|loudness_very_low|tempo_very_low|valence_very_low,acousticness_very_high,"danceability_very_low|loudness_very_low|tempo_very_low|valence_very_low  →  acousticness_very_high (conf=0.82, lift=3.29)"
"frozenset({'loudness_very_low', 'tempo_very_low', 'danceability_very_low', 'instrumentalness_high'})",frozenset({'acousticness_very_high'}),0.0294085937780759,0.249751434492507,0.0241378071131661,0.8207739307535642,3.286363229189736,1.0,0.0167929686306843,4.18604597345658,0.7167921204120754,0.0946498191554324,0.761111080398799,0.4587106259840054,danceability_very_low|instrumentalness_high|loudness_very_low|tempo_very_low,acousticness_very_high,"danceability_very_low|instrumentalness_high|loudness_very_low|tempo_very_low  →  acousticness_very_high (conf=0.82, lift=3.29)"
"frozenset({'loudness_very_low', 'key_very_low', 'danceability_very_low'})",frozenset({'energy_very_low'}),0.0327507516860527,0.2505061153104373,0.026952886354652,0.8229700073152889,3.285229210055136,1.0,0.0187486227762822,4.233711323845586,0.7191602754900545,0.1051598429613011,0.7638006175887128,0.465281866702786,danceability_very_low|key_very_low|loudness_very_low,energy_very_low,"danceability_very_low|key_very_low|loudness_very_low  →  energy_very_low (conf=0.82, lift=3.29)"
"frozenset({'acousticness_very_low', 'key_high', 'loudness_very_high'})",frozenset({'energy_very_high'}),0.0290612010206159,0.2486014446747086,0.0237185399920938,0.8161582852431988,3.282998963707271,1.0,0.0164938834343865,4.087203800939816,0.7162145058595529,0.093400632105288,0.7553339523294486,0.4557830890389848,acousticness_very_low|key_high|loudness_very_high,energy_very_high,"acousticness_very_low|key_high|loudness_very_high  →  energy_very_high (conf=0.82, lift=3.28)"
"frozenset({'energy_very_low', 'acousticness_very_high', 'tempo_very_low', 'loudness_very_low', 'valence_very_low'})",frozenset({'danceability_very_low'}),0.033685118413014,0.2516321470070317,0.0278153787180009,0.8257467994310099,3.2815632233505325,1.0,0.0193391200495481,4.294715107380054,0.7195037537323266,0.1080200967621883,0.7671556843708687,0.4681433225946823,acousticness_very_high|energy_very_low|loudness_very_low|tempo_very_low|valence_very_low,danceability_very_low,"acousticness_very_high|energy_very_low|loudness_very_low|tempo_very_low|valence_very_low  →  danceability_very_low (conf=0.83, lift=3.28)"
"frozenset({'energy_very_low', 'key_very_low', 'speechiness_low'})",frozenset({'loudness_very_low'}),0.0254075875369853,0.2500029947651505,0.0208435654475976,0.8203677510608203,3.281431695774136,1.0,0.0144915924735935,4.175180178748333,0.713380241097033,0.0818784998353018,0.7604893783770099,0.4518705070589199,energy_very_low|key_very_low|speechiness_low,loudness_very_low,"energy_very_low|key_very_low|speechiness_low  →  loudness_very_low (conf=0.82, lift=3.28)"
"frozenset({'tempo_very_high', 'loudness_very_high', 'instrumentalness_medium'})",frozenset({'energy_very_high'}),0.0247487392038716,0.2486014446747086,0.0201847171144838,0.8155856727976766,3.2806956285586297,1.0,0.0140321447945237,4.074512901055253,0.7128281957317602,0.0797293460774108,0.7545718901169729,0.4483893766580779,instrumentalness_medium|loudness_very_high|tempo_very_high,energy_very_high,"instrumentalness_medium|loudness_very_high|tempo_very_high  →  energy_very_high (conf=0.82, lift=3.28)"
"frozenset({'instrumentalness_high', 'speechiness_low', 'danceability_very_low'})",frozenset({'loudness_very_low'}),0.0346314642005773,0.2500029947651505,0.0284023526875022,0.8201314424074715,3.280486472483628,1.0,0.0197443829242557,4.169694888719135,0.7201054692129256,0.1108461898083216,0.7601742989144262,0.4668697461198833,danceability_very_low|instrumentalness_high|speechiness_low,loudness_very_low,"danceability_very_low|instrumentalness_high|speechiness_low  →  loudness_very_low (conf=0.82, lift=3.28)"
"frozenset({'energy_very_low', 'loudness_very_low', 'mode_1', 'liveness_low'})",frozenset({'acousticness_very_high'}),0.0499526827106218,0.249751434492507,0.0409204710166628,0.8191846522781775,3.279999788360592,1.0,0.028444716852936,4.149252676613058,0.7316708535431464,0.1581261861778456,0.7589927444919365,0.4915147204985304,energy_very_low|liveness_low|loudness_very_low|mode_1,acousticness_very_high,"energy_very_low|liveness_low|loudness_very_low|mode_1  →  acousticness_very_high (conf=0.82, lift=3.28)"
"frozenset({'loudness_very_low', 'mode_1', 'tempo_very_low'})",frozenset({'energy_very_low'}),0.0596557217982965,0.2505061153104373,0.0490063369230584,0.8214859437751004,3.279304949330605,1.0,0.034062213799327,4.198514674638946,0.7391519768288545,0.1876519425714416,0.7618205299982674,0.508557623762072,loudness_very_low|mode_1|tempo_very_low,energy_very_low,"loudness_very_low|mode_1|tempo_very_low  →  energy_very_low (conf=0.82, lift=3.28)"
"frozenset({'energy_very_low', 'loudness_very_low', 'valence_very_low', 'instrumentalness_high'})",frozenset({'acousticness_very_high'}),0.0537979611638855,0.249751434492507,0.0440589848944045,0.8189712758851035,3.2791454333355348,1.0,0.0306228669209519,4.144362002083826,0.7345603470360088,0.1697904163973779,0.7587083368930634,0.4976913072792106,energy_very_low|instrumentalness_high|loudness_very_low|valence_very_low,acousticness_very_high,"energy_very_low|instrumentalness_high|loudness_very_low|valence_very_low  →  acousticness_very_high (conf=0.82, lift=3.28)"
"frozenset({'energy_very_low', 'danceability_very_low', 'instrumentalness_high'})",frozenset({'valence_very_low'}),0.0498808083470094,0.2507217384012746,0.0409803663196732,0.8215658021133525,3.276803229556644,1.0,0.0284741633380501,4.199185304572129,0.7313024782888222,0.1578461680431873,0.7618585683963062,0.4925076979988645,danceability_very_low|energy_very_low|instrumentalness_high,valence_very_low,"danceability_very_low|energy_very_low|instrumentalness_high  →  valence_very_low (conf=0.82, lift=3.28)"
"frozenset({'instrumentalness_high', 'energy_very_high', 'speechiness_very_high'})",frozenset({'acousticness_very_low'}),0.025168006324944,0.2504581990680291,0.0206519004779645,0.8205616373155641,3.2762418653848275,1.0,0.0143483669396862,4.177154704928572,0.7127097121000284,0.0809960065774019,0.7606025941964483,0.4515090566528079,energy_very_high|instrumentalness_high|speechiness_very_high,acousticness_very_low,"energy_very_high|instrumentalness_high|speechiness_very_high  →  acousticness_very_low (conf=0.82, lift=3.28)"
"frozenset({'energy_very_low', 'mode_1', 'valence_very_low', 'instrumentalness_high'})",frozenset({'acousticness_very_high'}),0.0356976005941614,0.249751434492507,0.0291929706872387,0.8177852348993289,3.2743965477558192,1.0,0.0202774437309063,4.117386234276848,0.720313685773172,0.1139210919970082,0.7571274728430636,0.4673366675240085,energy_very_low|instrumentalness_high|mode_1|valence_very_low,acousticness_very_high,"energy_very_low|instrumentalness_high|mode_1|valence_very_low  →  acousticness_very_high (conf=0.82, lift=3.27)"
"frozenset({'acousticness_very_low', 'key_very_high', 'loudness_very_high'})",frozenset({'energy_very_high'}),0.0266534098396003,0.2486014446747086,0.0216940787503443,0.8139325842696629,3.274046075374509,1.0,0.0150680025587126,4.038313491784476,0.7135870519501893,0.0855577077526338,0.7523718745376269,0.4505985380751774,acousticness_very_low|key_very_high|loudness_very_high,energy_very_high,"acousticness_very_low|key_very_high|loudness_very_high  →  energy_very_high (conf=0.81, lift=3.27)"
"frozenset({'liveness_low', 'mode_1', 'acousticness_very_high', 'danceability_very_low'})",frozenset({'loudness_very_low'}),0.0251440482037398,0.2500029947651505,0.0205800261143521,0.8184849928537399,3.273900753159432,1.0,0.0142939387628978,4.131873265060234,0.71246830360221,0.0808432544350853,0.7579790240770073,0.4504020556027204,acousticness_very_high|danceability_very_low|liveness_low|mode_1,loudness_very_low,"acousticness_very_high|danceability_very_low|liveness_low|mode_1  →  loudness_very_low (conf=0.82, lift=3.27)"
"frozenset({'loudness_very_high', 'energy_very_high', 'instrumentalness_high'})",frozenset({'acousticness_very_low'}),0.0291690125660345,0.2504581990680291,0.0239102049617269,0.8197125256673511,3.2728516323983547,1.0,0.0166045866058451,4.157481287629496,0.7153212698532645,0.093502599896941,0.7594697532432724,0.4575891880297727,energy_very_high|instrumentalness_high|loudness_very_high,acousticness_very_low,"energy_very_high|instrumentalness_high|loudness_very_high  →  acousticness_very_low (conf=0.82, lift=3.27)"
"frozenset({'energy_very_low', 'loudness_very_low', 'duration_ms_very_low', 'mode_1'})",frozenset({'acousticness_very_high'}),0.0491740437714874,0.249751434492507,0.0401897483199367,0.8172959805115713,3.272437582479997,1.0,0.0279084603482104,4.106360481877678,0.7303307096359867,0.1553312653363582,0.7564753497864516,0.4891074847159515,duration_ms_very_low|energy_very_low|loudness_very_low|mode_1,acousticness_very_high,"duration_ms_very_low|energy_very_low|loudness_very_low|mode_1  →  acousticness_very_high (conf=0.82, lift=3.27)"
"frozenset({'energy_very_low', 'duration_ms_very_low', 'mode_1', 'instrumentalness_high'})",frozenset({'acousticness_very_high'}),0.0258268546580577,0.249751434492507,0.021107104780843,0.8172541743970315,3.2722701915914336,1.0,0.0146568107815636,4.105421084350645,0.7128114409541314,0.0829449701078002,0.7564196267681591,0.450883310518579,duration_ms_very_low|energy_very_low|instrumentalness_high|mode_1,acousticness_very_high,"duration_ms_very_low|energy_very_low|instrumentalness_high|mode_1  →  acousticness_very_high (conf=0.82, lift=3.27)"
"frozenset({'energy_very_low', 'mode_1', 'valence_very_low', 'danceability_very_low'})",frozenset({'acousticness_very_high'}),0.0451011631667844,0.249751434492507,0.0368475904119598,0.8169986719787518,3.271247164761582,1.0,0.0255835102137748,4.099689185973458,0.7270992130742568,0.1428173460859875,0.7560790697447585,0.4822678620577724,danceability_very_low|energy_very_low|mode_1|valence_very_low,acousticness_very_high,"danceability_very_low|energy_very_low|mode_1|valence_very_low  →  acousticness_very_high (conf=0.82, lift=3.27)"
"frozenset({'danceability_very_low', 'instrumentalness_high', 'speechiness_low', 'acousticness_very_high'})",frozenset({'valence_very_low'}),0.0248325926280861,0.2507217384012746,0.0203644030235148,0.8200675349734684,3.27082741290254,1.0,0.0141383322307904,4.164219400252434,0.7119464384038754,0.079800966999953,0.7598589546123865,0.450645329837427,acousticness_very_high|danceability_very_low|instrumentalness_high|speechiness_low,valence_very_low,"acousticness_very_high|danceability_very_low|instrumentalness_high|speechiness_low  →  valence_very_low (conf=0.82, lift=3.27)"
"frozenset({'loudness_very_high', 'speechiness_very_high', 'energy_very_high', 'danceability_very_low'})",frozenset({'acousticness_very_low'}),0.0271445513242851,0.2504581990680291,0.0222331364774374,0.8190644307149162,3.270263995200425,1.0,0.0154345610382472,4.142589563199626,0.713584212566614,0.0870625762266629,0.7586050983946315,0.4539171397882979,danceability_very_low|energy_very_high|loudness_very_high|speechiness_very_high,acousticness_very_low,"danceability_very_low|energy_very_high|loudness_very_high|speechiness_very_high  →  acousticness_very_low (conf=0.82, lift=3.27)"
"frozenset({'loudness_very_low', 'duration_ms_very_low', 'instrumentalness_high'})",frozenset({'energy_very_low'}),0.0429688903796164,0.2505061153104373,0.0351944800488745,0.8190688597713967,3.2696561469422543,1.0,0.0244305102406768,4.142426139262651,0.725323800813876,0.1362645517369324,0.7585955750612371,0.4797811781641987,duration_ms_very_low|instrumentalness_high|loudness_very_low,energy_very_low,"duration_ms_very_low|instrumentalness_high|loudness_very_low  →  energy_very_low (conf=0.82, lift=3.27)"
"frozenset({'duration_ms_very_high', 'valence_very_low', 'acousticness_very_high'})",frozenset({'loudness_very_low'}),0.0245331161130344,0.2500029947651505,0.0200529474478611,0.8173828125,3.269492084556181,1.0,0.0139195949486813,4.106935472515967,0.7115998567264848,0.0787987196384861,0.7565094444039595,0.4487968207205318,acousticness_very_high|duration_ms_very_high|valence_very_low,loudness_very_low,"acousticness_very_high|duration_ms_very_high|valence_very_low  →  loudness_very_low (conf=0.82, lift=3.27)"
"frozenset({'acousticness_very_low', 'duration_ms_very_high', 'loudness_very_high'})",frozenset({'energy_very_high'}),0.0246768648402592,0.2486014446747086,0.0200529474478611,0.812621359223301,3.2687716689925286,1.0,0.0139182431985301,4.010054466243784,0.711635621819858,0.079190122522352,0.7506268285336535,0.4466421979463491,acousticness_very_low|duration_ms_very_high|loudness_very_high,energy_very_high,"acousticness_very_low|duration_ms_very_high|loudness_very_high  →  energy_very_high (conf=0.81, lift=3.27)"
"frozenset({'valence_very_low', 'acousticness_very_high'})",frozenset({'loudness_very_low'}),0.087746618910145,0.2500029947651505,0.0716467614609662,0.816518771331058,3.266035961281523,1.0,0.0497098439529135,4.087595285227136,0.7605545235411781,0.2692446205095885,0.75535738491184,0.5515511920862286,acousticness_very_high|valence_very_low,loudness_very_low,"acousticness_very_high|valence_very_low  →  loudness_very_low (conf=0.82, lift=3.27)"
"frozenset({'acousticness_very_low', 'loudness_very_high'})",frozenset({'energy_very_high'}),0.1092370536302543,0.2486014446747086,0.0886809856371063,0.8118214716525934,3.265554119023122,1.0,0.0615244962926165,3.993008989517093,0.7788528479178839,0.3294761671636477,0.7495622968479873,0.5842704910424101,acousticness_very_low|loudness_very_high,energy_very_high,"acousticness_very_low|loudness_very_high  →  energy_very_high (conf=0.81, lift=3.27)"
"frozenset({'energy_very_low', 'mode_1', 'danceability_very_low'})",frozenset({'acousticness_very_high'}),0.0684962685226224,0.249751434492507,0.0558583595874411,0.8154949282966072,3.2652262036199566,1.0,0.0387513182665322,4.066276111442506,0.744755475326123,0.2128834915997078,0.754074742444076,0.5195753695634314,danceability_very_low|energy_very_low|mode_1,acousticness_very_high,"danceability_very_low|energy_very_low|mode_1  →  acousticness_very_high (conf=0.82, lift=3.27)"
"frozenset({'energy_very_low', 'duration_ms_very_low', 'mode_1', 'liveness_low'})",frozenset({'acousticness_very_high'}),0.0252997759915667,0.249751434492507,0.0206279423567603,0.8153409090909091,3.2646095136457385,1.0,0.0143092870105274,4.062884539363653,0.7116902558198799,0.081077263524648,0.7538694515407952,0.4489673992430419,duration_ms_very_low|energy_very_low|liveness_low|mode_1,acousticness_very_high,"duration_ms_very_low|energy_very_low|liveness_low|mode_1  →  acousticness_very_high (conf=0.82, lift=3.26)"
"frozenset({'energy_very_low', 'liveness_low', 'valence_very_low', 'instrumentalness_high'})",frozenset({'acousticness_very_high'}),0.02659351453659,0.249751434492507,0.0216581415685381,0.8144144144144143,3.260899846558631,1.0,0.0150163731648274,4.042601493753964,0.7122781607200053,0.0850383330981609,0.7526345345824828,0.4505666009431177,energy_very_low|instrumentalness_high|liveness_low|valence_very_low,acousticness_very_high,"energy_very_low|instrumentalness_high|liveness_low|valence_very_low  →  acousticness_very_high (conf=0.81, lift=3.26)"
"frozenset({'instrumentalness_high', 'tempo_very_low', 'danceability_very_low', 'loudness_very_low', 'valence_very_low'})",frozenset({'acousticness_very_high'}),0.0252279016279543,0.249751434492507,0.0205440889325459,0.8143399810066477,3.2606018166077004,1.0,0.0142433843117284,4.040980764600461,0.7112515347477203,0.080743879472693,0.7525353229195905,0.448299061441978,danceability_very_low|instrumentalness_high|loudness_very_low|tempo_very_low|valence_very_low,acousticness_very_high,"danceability_very_low|instrumentalness_high|loudness_very_low|tempo_very_low|valence_very_low  →  acousticness_very_high (conf=0.81, lift=3.26)"
"frozenset({'energy_very_low', 'mode_1', 'speechiness_low'})",frozenset({'acousticness_very_high'}),0.0527198457096994,0.249751434492507,0.042908995076606,0.8139059304703476,3.258863886504588,1.0,0.029742137984385,4.031555478386418,0.7317208020933724,0.1653129038213033,0.7519567806120735,0.4928563658778905,energy_very_low|mode_1|speechiness_low,acousticness_very_high,"energy_very_low|mode_1|speechiness_low  →  acousticness_very_high (conf=0.81, lift=3.26)"
"frozenset({'acousticness_very_low', 'key_very_low', 'loudness_very_high'})",frozenset({'energy_very_high'}),0.0345476107763629,0.2486014446747086,0.0279830855664298,0.8099861303744799,3.25817145364676,1.0,0.0193944996173665,3.954440572186387,0.7178804346440473,0.1096662128538566,0.747119729897191,0.4612740847988623,acousticness_very_low|key_very_low|loudness_very_high,energy_very_high,"acousticness_very_low|key_very_low|loudness_very_high  →  energy_very_high (conf=0.81, lift=3.26)"
"frozenset({'energy_very_low', 'valence_very_low', 'speechiness_low', 'acousticness_very_high'})",frozenset({'danceability_very_low'}),0.0341882389583008,0.2516321470070317,0.028019022748236,0.8195515066573229,3.256942788929195,1.0,0.0194161627767693,4.147265732896951,0.7174934335550541,0.1086845406811951,0.7588772785722897,0.4654503224993745,acousticness_very_high|energy_very_low|speechiness_low|valence_very_low,danceability_very_low,"acousticness_very_high|energy_very_low|speechiness_low|valence_very_low  →  danceability_very_low (conf=0.82, lift=3.26)"
"frozenset({'energy_very_low', 'mode_1', 'valence_very_low', 'tempo_very_low'})",frozenset({'acousticness_very_high'}),0.0316846152924687,0.249751434492507,0.0257669593550473,0.8132325141776937,3.25616754045948,1.0,0.01785368123441,4.0170191412293885,0.7155628284110717,0.1007824579487419,0.7510591897020548,0.4582014650124882,energy_very_low|mode_1|tempo_very_low|valence_very_low,acousticness_very_high,"energy_very_low|mode_1|tempo_very_low|valence_very_low  →  acousticness_very_high (conf=0.81, lift=3.26)"
"frozenset({'loudness_very_low', 'key_very_low', 'tempo_very_low'})",frozenset({'energy_very_low'}),0.0283903736269001,0.2505061153104373,0.0231435450831945,0.8151898734177215,3.25417154949493,1.0,0.0160315828737079,4.055480608936676,0.7129428392082459,0.0904918032786885,0.7534201007406135,0.4537885097769556,key_very_low|loudness_very_low|tempo_very_low,energy_very_low,"key_very_low|loudness_very_low|tempo_very_low  →  energy_very_low (conf=0.82, lift=3.25)"
"frozenset({'energy_very_low', 'duration_ms_very_low', 'mode_1', 'acousticness_very_high'})",frozenset({'loudness_very_low'}),0.0494016459229267,0.2500029947651505,0.0401897483199367,0.8135305528612997,3.254083230584975,1.0,0.0278391888928774,4.022090571636566,0.7286923886427467,0.1550441332778779,0.7513730777094098,0.487143810211196,acousticness_very_high|duration_ms_very_low|energy_very_low|mode_1,loudness_very_low,"acousticness_very_high|duration_ms_very_low|energy_very_low|mode_1  →  loudness_very_low (conf=0.81, lift=3.25)"
"frozenset({'energy_very_low', 'loudness_very_low', 'mode_1', 'valence_very_low'})",frozenset({'acousticness_very_high'}),0.0549000347392757,0.249751434492507,0.0446100216820996,0.8125681867772202,3.2535075861660303,1.0,0.030898659252277,4.002781345425891,0.7328742343861944,0.1715496591118482,0.7501737132999453,0.4955929331411162,energy_very_low|loudness_very_low|mode_1|valence_very_low,acousticness_very_high,"energy_very_low|loudness_very_low|mode_1|valence_very_low  →  acousticness_very_high (conf=0.81, lift=3.25)"
"frozenset({'energy_very_low', 'tempo_very_low', 'instrumentalness_high'})",frozenset({'acousticness_very_high'}),0.0403215179865594,0.249751434492507,0.0327627307466548,0.8125371360665478,3.2533832597102665,1.0,0.0226923737885961,4.0021183383490015,0.7217288714973463,0.1273277467411545,0.7501323260689662,0.4718592438450634,energy_very_low|instrumentalness_high|tempo_very_low,acousticness_very_high,"energy_very_low|instrumentalness_high|tempo_very_low  →  acousticness_very_high (conf=0.81, lift=3.25)"
"frozenset({'energy_very_low', 'valence_very_low', 'speechiness_low', 'instrumentalness_high'})",frozenset({'danceability_very_low'}),0.0272643419303058,0.2516321470070317,0.0223169899016519,0.8185413005272407,3.25292817417469,1.0,0.0154564050049952,4.124177320610158,0.7119967902949256,0.0869788505532471,0.7575273994639851,0.4536151232713324,energy_very_low|instrumentalness_high|speechiness_low|valence_very_low,danceability_very_low,"energy_very_low|instrumentalness_high|speechiness_low|valence_very_low  →  danceability_very_low (conf=0.82, lift=3.25)"
"frozenset({'energy_very_low', 'liveness_low', 'mode_1', 'danceability_very_low'})",frozenset({'loudness_very_low'}),0.0275638184453575,0.2500029947651505,0.0224128223864684,0.8131247283789657,3.2524599521009905,1.0,0.0155217852279661,4.013356067547416,0.7121705507987613,0.0878403755868544,0.750831976239002,0.4513874719997368,danceability_very_low|energy_very_low|liveness_low|mode_1,loudness_very_low,"danceability_very_low|energy_very_low|liveness_low|mode_1  →  loudness_very_low (conf=0.81, lift=3.25)"
"frozenset({'loudness_very_low', 'mode_1', 'key_low'})",frozenset({'energy_very_low'}),0.0323794008073886,0.2505061153104373,0.0263778914457528,0.8146503884572697,3.2520179694923685,1.0,0.0182666535334142,4.043676587456861,0.7156716431000764,0.1028347265679727,0.7527003017249414,0.4599743908621467,key_low|loudness_very_low|mode_1,energy_very_low,"key_low|loudness_very_low|mode_1  →  energy_very_low (conf=0.81, lift=3.25)"
"frozenset({'acousticness_very_low', 'loudness_very_high', 'liveness_high'})",frozenset({'energy_very_high'}),0.0291330753842283,0.2486014446747086,0.0235508331436648,0.8083881578947368,3.251743604919517,1.0,0.0163083085153285,3.9214619883071,0.7132519001916436,0.0926528111598096,0.7449930656011022,0.4515607247335198,acousticness_very_low|liveness_high|loudness_very_high,energy_very_high,"acousticness_very_low|liveness_high|loudness_very_high  →  energy_very_high (conf=0.81, lift=3.25)"
"frozenset({'energy_very_low', 'mode_0', 'speechiness_low'})",frozenset({'loudness_very_low'}),0.0253117550521688,0.2500029947651505,0.02056804705375,0.812588736393753,3.2503160098425536,1.0,0.0142400324879459,4.001877959750599,0.7103169768171201,0.0807392081256465,0.7501173174050711,0.4474299695385152,energy_very_low|mode_0|speechiness_low,loudness_very_low,"energy_very_low|mode_0|speechiness_low  →  loudness_very_low (conf=0.81, lift=3.25)"
"frozenset({'energy_very_low', 'danceability_very_low'})",frozenset({'acousticness_very_high'}),0.0993303705123444,0.249751434492507,0.0806190778519148,0.811625663289918,3.2497337400248965,1.0,0.0558111753277846,3.9827535884687135,0.7686308714452253,0.3002989603319798,0.7489174316745821,0.5672114598765289,danceability_very_low|energy_very_low,acousticness_very_high,"danceability_very_low|energy_very_low  →  acousticness_very_high (conf=0.81, lift=3.25)"
"frozenset({'danceability_very_low', 'valence_very_low', 'speechiness_very_high'})",frozenset({'energy_very_high'}),0.0270606979000706,0.2486014446747086,0.0218617855987733,0.8078795927401505,3.2496979001761206,1.0,0.0151344570069099,3.911081420460446,0.7115336866214881,0.0861377259640345,0.7443162408308361,0.4479093429416553,danceability_very_low|speechiness_very_high|valence_very_low,energy_very_high,"danceability_very_low|speechiness_very_high|valence_very_low  →  energy_very_high (conf=0.81, lift=3.25)"
"frozenset({'energy_very_low', 'valence_very_low', 'danceability_very_low'})",frozenset({'acousticness_very_high'}),0.0676457552198756,0.249751434492507,0.0549000347392757,0.8115813706392775,3.249556393093014,1.0,0.0380054103357828,3.981817339681214,0.742492129105479,0.2091452562405877,0.7488583943732438,0.5157000334898147,danceability_very_low|energy_very_low|valence_very_low,acousticness_very_high,"danceability_very_low|energy_very_low|valence_very_low  →  acousticness_very_high (conf=0.81, lift=3.25)"
"frozenset({'acousticness_very_low', 'valence_high', 'loudness_very_high'})",frozenset({'energy_very_high'}),0.0281028761724505,0.2486014446747086,0.022700319840918,0.8077578857630009,3.2492083335233244,1.0,0.0157139042249324,3.9086053454393217,0.7122489679231863,0.0893699302018487,0.7441542669006401,0.4495349926092506,acousticness_very_low|loudness_very_high|valence_high,energy_very_high,"acousticness_very_low|loudness_very_high|valence_high  →  energy_very_high (conf=0.81, lift=3.25)"
"frozenset({'energy_very_low', 'liveness_low', 'acousticness_very_high', 'tempo_very_low'})",frozenset({'loudness_very_low'}),0.0300674421111896,0.2500029947651505,0.0244133255070137,0.8119521912350598,3.247769859708268,1.0,0.0168963749342885,3.988331532075154,0.7135510651279555,0.0954924561896729,0.7492685871378165,0.4548021617411523,acousticness_very_high|energy_very_low|liveness_low|tempo_very_low,loudness_very_low,"acousticness_very_high|energy_very_low|liveness_low|tempo_very_low  →  loudness_very_low (conf=0.81, lift=3.25)"
"frozenset({'energy_very_low', 'loudness_very_low', 'mode_1', 'tempo_very_low'})",frozenset({'acousticness_very_high'}),0.0490063369230584,0.249751434492507,0.0397465230776602,0.8110486433634808,3.247423363199195,1.0,0.0275071201319032,3.970591049794506,0.7277267806070264,0.1534548145407455,0.7481483266699669,0.4850964834161161,energy_very_low|loudness_very_low|mode_1|tempo_very_low,acousticness_very_high,"energy_very_low|loudness_very_low|mode_1|tempo_very_low  →  acousticness_very_high (conf=0.81, lift=3.25)"
"frozenset({'loudness_very_low', 'speechiness_low', 'tempo_very_low'})",frozenset({'acousticness_very_high'}),0.0296481749901172,0.249751434492507,0.0240419746283496,0.8109090909090908,3.2468645978224373,1.0,0.0166373003944829,3.967660682972316,0.7131542859091496,0.0941502087535769,0.747962318377774,0.4535863503372735,loudness_very_low|speechiness_low|tempo_very_low,acousticness_very_high,"loudness_very_low|speechiness_low|tempo_very_low  →  acousticness_very_high (conf=0.81, lift=3.25)"
"frozenset({'loudness_very_low', 'danceability_very_low', 'tempo_very_low'})",frozenset({'acousticness_very_high'}),0.0466823991662573,0.249751434492507,0.0378418524419315,0.810623556581986,3.245721323800068,1.0,0.0261828562846069,3.961678400789564,0.7257833862845047,0.1463380738407374,0.7475817320758043,0.481070807501027,danceability_very_low|loudness_very_low|tempo_very_low,acousticness_very_high,"danceability_very_low|loudness_very_low|tempo_very_low  →  acousticness_very_high (conf=0.81, lift=3.25)"
"frozenset({'loudness_very_low', 'valence_very_low'})",frozenset({'energy_very_low'}),0.1035589789048742,0.2505061153104373,0.084200816971933,0.8130711393869289,3.245713735887597,1.0,0.0582586594609574,4.009514005656727,0.7718314311557121,0.31201171875,0.7505932143922743,0.5745969698464866,loudness_very_low|valence_very_low,energy_very_low,"loudness_very_low|valence_very_low  →  energy_very_low (conf=0.81, lift=3.25)"
"frozenset({'energy_very_low', 'tempo_very_low', 'valence_very_low', 'instrumentalness_high'})",frozenset({'danceability_very_low'}),0.0282346458390733,0.2516321470070317,0.0230596916589801,0.8167161646160374,3.245674983622879,1.0,0.0159549471065109,4.08310886459358,0.7120007671626222,0.089793824050751,0.7550885775612215,0.4541783241436847,energy_very_low|instrumentalness_high|tempo_very_low|valence_very_low,danceability_very_low,"energy_very_low|instrumentalness_high|tempo_very_low|valence_very_low  →  danceability_very_low (conf=0.82, lift=3.25)"
"frozenset({'energy_very_low', 'acousticness_very_high', 'instrumentalness_high', 'danceability_very_low', 'loudness_very_low'})",frozenset({'valence_very_low'}),0.0418668168042262,0.2507217384012746,0.0340684483522802,0.8137339055793991,3.245565824360375,1.0,0.0235715272617969,4.022622925172879,0.7221201888056936,0.1317825865344516,0.7514059809727198,0.4748077076869761,acousticness_very_high|danceability_very_low|energy_very_low|instrumentalness_high|loudness_very_low,valence_very_low,"acousticness_very_high|danceability_very_low|energy_very_low|instrumentalness_high|loudness_very_low  →  valence_very_low (conf=0.81, lift=3.25)"
"frozenset({'energy_very_low', 'key_very_low', 'danceability_very_low'})",frozenset({'acousticness_very_high'}),0.0332538722313396,0.249751434492507,0.026952886354652,0.8105187319884726,3.2453016081186488,1.0,0.0186476840624444,3.959486725948288,0.7156607203091719,0.1052631578947368,0.7474420122571563,0.4592187885085055,danceability_very_low|energy_very_low|key_very_low,acousticness_very_high,"danceability_very_low|energy_very_low|key_very_low  →  acousticness_very_high (conf=0.81, lift=3.25)"
"frozenset({'danceability_very_low', 'acousticness_very_high', 'tempo_very_low'})",frozenset({'loudness_very_low'}),0.0466704201056553,0.2500029947651505,0.0378418524419315,0.8108316221765913,3.2432876371672097,1.0,0.0261741076485699,3.964706014104441,0.7255317591123535,0.1462026195214513,0.7477744890938949,0.4810986093633316,acousticness_very_high|danceability_very_low|tempo_very_low,loudness_very_low,"acousticness_very_high|danceability_very_low|tempo_very_low  →  loudness_very_low (conf=0.81, lift=3.24)"
"frozenset({'loudness_very_low', 'mode_1', 'speechiness_low', 'instrumentalness_high'})",frozenset({'energy_very_low'}),0.0289533894751973,0.2505061153104373,0.0235148959618586,0.8121638394704178,3.2420918685515976,1.0,0.0162618948393568,3.990146958798838,0.7121771084372026,0.0918749414958344,0.7493826642663226,0.4530166940274813,instrumentalness_high|loudness_very_low|mode_1|speechiness_low,energy_very_low,"instrumentalness_high|loudness_very_low|mode_1|speechiness_low  →  energy_very_low (conf=0.81, lift=3.24)"
"frozenset({'energy_very_low', 'key_very_low', 'danceability_very_low'})",frozenset({'loudness_very_low'}),0.0332538722313396,0.2500029947651505,0.026952886354652,0.8105187319884726,3.242036091407077,1.0,0.0186393187092794,3.958159099870612,0.7153396748296565,0.1051598429613011,0.7473573005105608,0.4591644929707576,danceability_very_low|energy_very_low|key_very_low,loudness_very_low,"danceability_very_low|energy_very_low|key_very_low  →  loudness_very_low (conf=0.81, lift=3.24)"
"frozenset({'loudness_very_low', 'valence_very_low', 'acousticness_very_high', 'tempo_very_low'})",frozenset({'danceability_very_low'}),0.0357335377759676,0.2516321470070317,0.0291450544448304,0.8156218571907476,3.241326145692965,1.0,0.0201533476141068,4.058875100869137,0.7171091483112961,0.1128688068287252,0.7536263188325584,0.4657229537310493,acousticness_very_high|loudness_very_low|tempo_very_low|valence_very_low,danceability_very_low,"acousticness_very_high|loudness_very_low|tempo_very_low|valence_very_low  →  danceability_very_low (conf=0.82, lift=3.24)"
"frozenset({'loudness_very_low', 'valence_very_low', 'key_very_low'})",frozenset({'energy_very_low'}),0.0351226056852621,0.2505061153104373,0.0285101642329208,0.8117326057298773,3.240370418598145,1.0,0.0197117367231255,3.981007373024997,0.7165607887163953,0.1108833395452851,0.7488072976764816,0.4627714291082439,key_very_low|loudness_very_low|valence_very_low,energy_very_low,"key_very_low|loudness_very_low|valence_very_low  →  energy_very_low (conf=0.81, lift=3.24)"
"frozenset({'loudness_very_low', 'duration_ms_very_high', 'danceability_very_low'})",frozenset({'energy_very_low'}),0.0277195462331843,0.2505061153104373,0.0224846967500808,0.8111495246326706,3.2380428063700606,1.0,0.0155407809050377,3.9687159019946168,0.7108766481034164,0.0879198088903461,0.7480293312258971,0.4504533009544378,danceability_very_low|duration_ms_very_high|loudness_very_low,energy_very_low,"danceability_very_low|duration_ms_very_high|loudness_very_low  →  energy_very_low (conf=0.81, lift=3.24)"
"frozenset({'mode_1', 'speechiness_very_high', 'energy_very_high', 'danceability_very_low'})",frozenset({'acousticness_very_low'}),0.0264617448699673,0.2504581990680291,0.021454497538303,0.8107741059302852,3.2371633627776104,1.0,0.0148269365739733,3.9610953068390526,0.7098720225685804,0.0839819938103723,0.7475445747863111,0.4482175484692559,danceability_very_low|energy_very_high|mode_1|speechiness_very_high,acousticness_very_low,"danceability_very_low|energy_very_high|mode_1|speechiness_very_high  →  acousticness_very_low (conf=0.81, lift=3.24)"
"frozenset({'loudness_very_low', 'speechiness_very_low'})",frozenset({'energy_very_low'}),0.0712394734004959,0.2505061153104373,0.0577630302231699,0.8108289894064233,3.236763255865475,1.0,0.0399171064848504,3.961991228665625,0.7440555070417615,0.218813813132459,0.7476016623245292,0.5207071496381772,loudness_very_low|speechiness_very_low,energy_very_low,"loudness_very_low|speechiness_very_low  →  energy_very_low (conf=0.81, lift=3.24)"
"frozenset({'energy_very_low', 'key_very_low', 'speechiness_low'})",frozenset({'acousticness_very_high'}),0.0254075875369853,0.249751434492507,0.0205321098719438,0.8081093823668081,3.235654617996008,1.0,0.0141865284375878,3.909772008455509,0.7089564000565316,0.0806360557019194,0.744230610419907,0.4451597801564962,energy_very_low|key_very_low|speechiness_low,acousticness_very_high,"energy_very_low|key_very_low|speechiness_low  →  acousticness_very_high (conf=0.81, lift=3.24)"
"frozenset({'valence_very_low', 'energy_very_high', 'danceability_very_low'})",frozenset({'acousticness_very_low'}),0.0330741863223086,0.2504581990680291,0.0267971585668251,0.8102136906917784,3.234925802815141,1.0,0.0185134574248993,3.949398687735062,0.7145055901557992,0.1043766330720418,0.7467968976883694,0.458603114716465,danceability_very_low|energy_very_high|valence_very_low,acousticness_very_low,"danceability_very_low|energy_very_high|valence_very_low  →  acousticness_very_low (conf=0.81, lift=3.23)"
"frozenset({'acousticness_very_low', 'duration_ms_low', 'loudness_very_high'})",frozenset({'energy_very_high'}),0.0295283843840966,0.2486014446747086,0.0237424981132979,0.8040567951318458,3.2343206862049514,1.0,0.0164016990965014,3.834777306163236,0.7118354137293658,0.0933320776040685,0.7392286643626463,0.4497805297877703,acousticness_very_low|duration_ms_low|loudness_very_high,energy_very_high,"acousticness_very_low|duration_ms_low|loudness_very_high  →  energy_very_high (conf=0.80, lift=3.23)"
"frozenset({'loudness_very_low', 'mode_0', 'danceability_very_low'})",frozenset({'energy_very_low'}),0.0317445105954791,0.2505061153104373,0.025707064052037,0.8098113207547171,3.2327008055318966,1.0,0.0177548700203325,3.940791258784409,0.713304641140801,0.1002054538662682,0.7462438545124911,0.4562159128639691,danceability_very_low|loudness_very_low|mode_0,energy_very_low,"danceability_very_low|loudness_very_low|mode_0  →  energy_very_low (conf=0.81, lift=3.23)"
"frozenset({'energy_very_low', 'duration_ms_very_low', 'mode_1', 'liveness_low'})",frozenset({'loudness_very_low'}),0.0252997759915667,0.2500029947651505,0.0204362773871273,0.8077651515151515,3.231021901453442,1.0,0.0141112576223481,3.9014622538325168,0.7084233476991798,0.0801842451588644,0.7436858452192708,0.4447546409228848,duration_ms_very_low|energy_very_low|liveness_low|mode_1,loudness_very_low,"duration_ms_very_low|energy_very_low|liveness_low|mode_1  →  loudness_very_low (conf=0.81, lift=3.23)"
"frozenset({'tempo_very_high', 'loudness_very_high', 'speechiness_very_high'})",frozenset({'energy_very_high'}),0.0385965332598617,0.2486014446747086,0.0309898297775488,0.8029174425822471,3.229737637417405,1.0,0.0213946758497117,3.812608102768644,0.7180932366099765,0.1209556760800448,0.7377123551529414,0.4637870593627276,loudness_very_high|speechiness_very_high|tempo_very_high,energy_very_high,"loudness_very_high|speechiness_very_high|tempo_very_high  →  energy_very_high (conf=0.80, lift=3.23)"
"frozenset({'energy_very_low', 'loudness_very_low', 'duration_ms_very_low'})",frozenset({'acousticness_very_high'}),0.069670216461625,0.249751434492507,0.0561817942236969,0.8063961485557084,3.228794862357043,1.0,0.0387815577210026,3.8751737628699634,0.7419808896603106,0.213424345847554,0.7419470554890946,0.5156734927631532,duration_ms_very_low|energy_very_low|loudness_very_low,acousticness_very_high,"duration_ms_very_low|energy_very_low|loudness_very_low  →  acousticness_very_high (conf=0.81, lift=3.23)"
"frozenset({'loudness_very_low', 'danceability_very_low', 'acousticness_very_high', 'instrumentalness_high'})",frozenset({'valence_very_low'}),0.0444542938942728,0.2507217384012746,0.035985098048611,0.8094853139315548,3.2286203784850573,1.0,0.0248394402040377,3.93291602375229,0.7223832185909043,0.1388362527152562,0.7457357355304203,0.4765056765548839,acousticness_very_high|danceability_very_low|instrumentalness_high|loudness_very_low,valence_very_low,"acousticness_very_high|danceability_very_low|instrumentalness_high|loudness_very_low  →  valence_very_low (conf=0.81, lift=3.23)"
"frozenset({'energy_very_low', 'valence_very_low', 'key_very_low'})",frozenset({'loudness_very_low'}),0.0353262497154973,0.2500029947651505,0.0285101642329208,0.8070532383858935,3.228174283048203,1.0,0.0196784960102249,3.887067079855133,0.7155034347030753,0.1110126405149493,0.7427366239233337,0.4605462646170004,energy_very_low|key_very_low|valence_very_low,loudness_very_low,"energy_very_low|key_very_low|valence_very_low  →  loudness_very_low (conf=0.81, lift=3.23)"
"frozenset({'energy_very_low', 'danceability_very_low', 'acousticness_very_high', 'instrumentalness_high'})",frozenset({'valence_very_low'}),0.0427892044705854,0.2507217384012746,0.0346314642005773,0.8093505039193729,3.228082690715973,1.0,0.0239032804709046,3.930135022658807,0.721072720403086,0.1337744667067696,0.7455558157074507,0.4737387971101881,acousticness_very_high|danceability_very_low|energy_very_low|instrumentalness_high,valence_very_low,"acousticness_very_high|danceability_very_low|energy_very_low|instrumentalness_high  →  valence_very_low (conf=0.81, lift=3.23)"
"frozenset({'loudness_very_low', 'tempo_very_low'})",frozenset({'energy_very_low'}),0.0879382838797781,0.2505061153104373,0.0710597874914649,0.8080642964173819,3.225726826732336,1.0,0.0490307096096752,3.904921651885082,0.7565193623028292,0.2657587025670893,0.7439129157643266,0.545864588912593,loudness_very_low|tempo_very_low,energy_very_low,"loudness_very_low|tempo_very_low  →  energy_very_low (conf=0.81, lift=3.23)"
"frozenset({'loudness_very_low', 'liveness_low'})",frozenset({'energy_very_low'}),0.0884294253644629,0.2505061153104373,0.0714550964913331,0.8080465998374424,3.225656183427212,1.0,0.0493029846641472,3.904561649102577,0.7569195164406183,0.2671413856419902,0.7438893043909706,0.5466447612806187,liveness_low|loudness_very_low,energy_very_low,"liveness_low|loudness_very_low  →  energy_very_low (conf=0.81, lift=3.23)"
"frozenset({'tempo_very_low', 'mode_1', 'acousticness_very_high', 'danceability_very_low'})",frozenset({'loudness_very_low'}),0.0322236730195618,0.2500029947651505,0.0259825824458845,0.8063197026022305,3.2252401750614084,1.0,0.0179265676886611,3.8723453821146734,0.7129184213684696,0.1013977841148146,0.7417585723064033,0.4551243937064818,acousticness_very_high|danceability_very_low|mode_1|tempo_very_low,loudness_very_low,"acousticness_very_high|danceability_very_low|mode_1|tempo_very_low  →  loudness_very_low (conf=0.81, lift=3.23)"
"frozenset({'loudness_very_low', 'mode_1', 'valence_very_low', 'instrumentalness_high'})",frozenset({'energy_very_low'}),0.0419027539860324,0.2505061153104373,0.0338408462008409,0.8076043453401943,3.223890739511002,1.0,0.023343950078991,3.895586342710385,0.7199851513407,0.1308779244845957,0.7432992335361145,0.471347122937886,instrumentalness_high|loudness_very_low|mode_1|valence_very_low,energy_very_low,"instrumentalness_high|loudness_very_low|mode_1|valence_very_low  →  energy_very_low (conf=0.81, lift=3.22)"
"frozenset({'energy_very_low', 'duration_ms_very_low', 'valence_very_low'})",frozenset({'acousticness_very_high'}),0.0298518190203524,0.249751434492507,0.0240299955677475,0.8049759229534511,3.2231083060209675,1.0,0.0165744609452038,3.846953549886158,0.710964061647155,0.0940239043824701,0.740054048734331,0.4505957843938918,duration_ms_very_low|energy_very_low|valence_very_low,acousticness_very_high,"duration_ms_very_low|energy_very_low|valence_very_low  →  acousticness_very_high (conf=0.80, lift=3.22)"
"frozenset({'acousticness_very_low', 'duration_ms_high', 'loudness_very_high'})",frozenset({'energy_very_high'}),0.0346194851399753,0.2486014446747086,0.0277315252937864,0.8010380622837371,3.22217782495948,1.0,0.0191250712740939,3.776594478069727,0.7143824488531482,0.1085427606901725,0.7352111787996061,0.4562940998066399,acousticness_very_low|duration_ms_high|loudness_very_high,energy_very_high,"acousticness_very_low|duration_ms_high|loudness_very_high  →  energy_very_high (conf=0.80, lift=3.22)"
"frozenset({'energy_very_low', 'duration_ms_very_low', 'acousticness_very_high'})",frozenset({'loudness_very_low'}),0.0697540698858395,0.2500029947651505,0.0561817942236969,0.8054267559677142,3.221668431309478,1.0,0.0387430678551794,3.854574193718029,0.7413113061310469,0.2131527518974685,0.7405679720396239,0.5150756204371393,acousticness_very_high|duration_ms_very_low|energy_very_low,loudness_very_low,"acousticness_very_high|duration_ms_very_low|energy_very_low  →  loudness_very_low (conf=0.81, lift=3.22)"
"frozenset({'loudness_very_low', 'danceability_very_low', 'instrumentalness_high'})",frozenset({'valence_very_low'}),0.0576552186777512,0.2507217384012746,0.0465506294996346,0.8073966341159359,3.2202897094775063,1.0,0.0320952128448431,3.890265666747209,0.7316525188239575,0.1777920117124948,0.7429481465629219,0.4965315707607868,danceability_very_low|instrumentalness_high|loudness_very_low,valence_very_low,"danceability_very_low|instrumentalness_high|loudness_very_low  →  valence_very_low (conf=0.81, lift=3.22)"
"frozenset({'energy_very_low', 'valence_very_low', 'liveness_low'})",frozenset({'loudness_very_low'}),0.046275111105787,0.2500029947651505,0.0372548784724301,0.8050737768573648,3.2202565317813105,1.0,0.0256859621128933,3.847594198170285,0.7229188852472576,0.1438283309439023,0.7400973313465469,0.4770457528273407,energy_very_low|liveness_low|valence_very_low,loudness_very_low,"energy_very_low|liveness_low|valence_very_low  →  loudness_very_low (conf=0.81, lift=3.22)"
"frozenset({'danceability_very_low', 'energy_very_high', 'speechiness_very_high'})",frozenset({'acousticness_very_low'}),0.0425136860767378,0.2504581990680291,0.0342840714431174,0.8064243448858833,3.2197961491643703,1.0,0.0236361701925941,3.8720871200983473,0.7200325704278457,0.1325306783977772,0.7417413480163119,0.4716548738012734,danceability_very_low|energy_very_high|speechiness_very_high,acousticness_very_low,"danceability_very_low|energy_very_high|speechiness_very_high  →  acousticness_very_low (conf=0.81, lift=3.22)"
"frozenset({'acousticness_very_low', 'mode_0', 'loudness_very_high'})",frozenset({'energy_very_high'}),0.042729309167575,0.2486014446747086,0.0342002180189029,0.8003924866834876,3.2195809953187906,1.0,0.0235776500298915,3.7643801219737583,0.7201730747955852,0.1330072210575355,0.7343520134529679,0.4689814792112566,acousticness_very_low|loudness_very_high|mode_0,energy_very_high,"acousticness_very_low|loudness_very_high|mode_0  →  energy_very_high (conf=0.80, lift=3.22)"
"frozenset({'loudness_very_high', 'energy_very_high', 'danceability_very_low'})",frozenset({'acousticness_very_low'}),0.0458199068029085,0.2504581990680291,0.0369434228967764,0.8062745098039216,3.219197905295656,1.0,0.025467451557455,3.869092292260174,0.7224669848847237,0.1424546168414245,0.7415414457803385,0.4768889289023434,danceability_very_low|energy_very_high|loudness_very_high,acousticness_very_low,"danceability_very_low|energy_very_high|loudness_very_high  →  acousticness_very_low (conf=0.81, lift=3.22)"
"frozenset({'loudness_very_low', 'duration_ms_very_low', 'mode_1'})",frozenset({'energy_very_low'}),0.0609973765857281,0.2505061153104373,0.0491740437714874,0.8061665357423409,3.218151120755301,1.0,0.0338938279188688,3.8666898286111975,0.7340368977573667,0.187451481802822,0.7413808595143586,0.5012326557824176,duration_ms_very_low|loudness_very_low|mode_1,energy_very_low,"duration_ms_very_low|loudness_very_low|mode_1  →  energy_very_low (conf=0.81, lift=3.22)"
"frozenset({'loudness_very_low', 'mode_1', 'valence_very_low', 'tempo_very_low'})",frozenset({'acousticness_very_high'}),0.0296601540507193,0.249751434492507,0.0238383305981144,0.8037156704361874,3.218062278878723,1.0,0.0164306645766785,3.8222540086348817,0.7103222617786288,0.0932739629716428,0.7383742687584622,0.4495819466862696,loudness_very_low|mode_1|tempo_very_low|valence_very_low,acousticness_very_high,"loudness_very_low|mode_1|tempo_very_low|valence_very_low  →  acousticness_very_high (conf=0.80, lift=3.22)"
"frozenset({'tempo_very_high', 'loudness_very_high', 'danceability_very_low'})",frozenset({'energy_very_high'}),0.0310856622623653,0.2486014446747086,0.0248685298098923,0.8,3.218002216547005,1.0,0.0171405892627982,3.756992776626458,0.7113613322783245,0.0975930801053027,0.7338296719063866,0.4500168650315617,danceability_very_low|loudness_very_high|tempo_very_high,energy_very_high,"danceability_very_low|loudness_very_high|tempo_very_high  →  energy_very_high (conf=0.80, lift=3.22)"
"frozenset({'energy_very_low', 'danceability_very_low'})",frozenset({'loudness_very_low'}),0.0993303705123444,0.2500029947651505,0.0798524179733825,0.8039073806078147,3.2155910026717662,1.0,0.0550195278741644,3.824707975035284,0.7650032310079266,0.2963193456614509,0.738542130137197,0.5616566131596812,danceability_very_low|energy_very_low,loudness_very_low,"danceability_very_low|energy_very_low  →  loudness_very_low (conf=0.80, lift=3.22)"
"frozenset({'energy_very_low', 'mode_0', 'danceability_very_low'})",frozenset({'acousticness_very_high'}),0.0308341019897219,0.249751434492507,0.0247607182644737,0.8030303030303031,3.2153180808032364,1.0,0.0170598570612523,3.8089542556534255,0.7109090209458332,0.0967877879752762,0.7374607483101817,0.4510858743315936,danceability_very_low|energy_very_low|mode_0,acousticness_very_high,"danceability_very_low|energy_very_low|mode_0  →  acousticness_very_high (conf=0.80, lift=3.22)"
"frozenset({'speechiness_very_low', 'valence_low', 'acousticness_very_high'})",frozenset({'energy_very_low'}),0.0273961115969285,0.2505061153104373,0.0220654296290084,0.8054219501530389,3.2151787957548548,1.0,0.0152025361382506,3.851893290528156,0.708382224828342,0.0862480685489534,0.7403874083274814,0.4467526736228086,acousticness_very_high|speechiness_very_low|valence_low,energy_very_low,"acousticness_very_high|speechiness_very_low|valence_low  →  energy_very_low (conf=0.81, lift=3.22)"
"frozenset({'loudness_very_low', 'key_very_low', 'liveness_low'})",frozenset({'energy_very_low'}),0.0285101642329208,0.2505061153104373,0.0229399010529594,0.8046218487394958,3.211984856107707,1.0,0.0157979305641078,3.836119237765934,0.7088762060695117,0.0895822613088833,0.7393198860569369,0.4480980322503906,key_very_low|liveness_low|loudness_very_low,energy_very_low,"key_very_low|liveness_low|loudness_very_low  →  energy_very_low (conf=0.80, lift=3.21)"
"frozenset({'energy_very_low', 'loudness_very_low', 'key_low'})",frozenset({'acousticness_very_high'}),0.0391116328657506,0.249751434492507,0.031373159716815,0.8021439509954059,3.211769144090628,1.0,0.0216049733032494,3.791890969631525,0.7166754666281063,0.1218422889043963,0.7362793371410745,0.4638807433043124,energy_very_low|key_low|loudness_very_low,acousticness_very_high,"energy_very_low|key_low|loudness_very_low  →  acousticness_very_high (conf=0.80, lift=3.21)"
"frozenset({'energy_very_low', 'instrumentalness_high', 'danceability_very_low', 'loudness_very_low', 'mode_1'})",frozenset({'valence_very_low'}),0.0317205524742749,0.2507217384012746,0.025539357203608,0.8051359516616315,3.2112730104520466,1.0,0.017586325144209,3.845133404483384,0.7111552528597004,0.0994124778513475,0.7399309998363096,0.4534996528494493,danceability_very_low|energy_very_low|instrumentalness_high|loudness_very_low|mode_1,valence_very_low,"danceability_very_low|energy_very_low|instrumentalness_high|loudness_very_low|mode_1  →  valence_very_low (conf=0.81, lift=3.21)"
"frozenset({'energy_very_low', 'loudness_very_low', 'instrumentalness_high'})",frozenset({'acousticness_very_high'}),0.0824398950634291,0.249751434492507,0.066112435462811,0.8019471083987214,3.2109809900722754,1.0,0.0455229534113078,3.788122250786917,0.7504344307438056,0.248469295876103,0.7360169673002853,0.5333300221354728,energy_very_low|instrumentalness_high|loudness_very_low,acousticness_very_high,"energy_very_low|instrumentalness_high|loudness_very_low  →  acousticness_very_high (conf=0.80, lift=3.21)"
"frozenset({'energy_very_low', 'duration_ms_very_low', 'instrumentalness_high'})",frozenset({'acousticness_very_high'}),0.039710585895854,0.249751434492507,0.0318403430802956,0.8018099547511313,3.2104318294723817,1.0,0.0219225672882681,3.785500752903104,0.7169874133872064,0.123593415790942,0.7358341563574914,0.464649041839089,duration_ms_very_low|energy_very_low|instrumentalness_high,acousticness_very_high,"duration_ms_very_low|energy_very_low|instrumentalness_high  →  acousticness_very_high (conf=0.80, lift=3.21)"
"frozenset({'liveness_very_high', 'tempo_very_high', 'loudness_very_high'})",frozenset({'energy_very_high'}),0.0295283843840966,0.2486014446747086,0.0235628122042669,0.797971602434077,3.2098429817180323,1.0,0.0162220131874704,3.719271965616151,0.7094058909072297,0.0925603501011717,0.7311301756782566,0.4463765399054209,liveness_very_high|loudness_very_high|tempo_very_high,energy_very_high,"liveness_very_high|loudness_very_high|tempo_very_high  →  energy_very_high (conf=0.80, lift=3.21)"
"frozenset({'energy_very_low', 'speechiness_low'})",frozenset({'loudness_very_low'}),0.0780316007618682,0.2500029947651505,0.0626025707064052,0.802272029474977,3.209049676499358,1.0,0.0430944368296195,3.7930749162265607,0.7466430148802732,0.2358516111562415,0.7363616532533918,0.5263396563282887,energy_very_low|speechiness_low,loudness_very_low,"energy_very_low|speechiness_low  →  loudness_very_low (conf=0.80, lift=3.21)"
"frozenset({'loudness_very_low', 'valence_low', 'mode_1'})",frozenset({'energy_very_low'}),0.0416032774709807,0.2505061153104373,0.0334335581403706,0.8036279873308378,3.2080174423484604,1.0,0.023011682716933,3.816704195787171,0.7181587545391279,0.1292488654255811,0.737993842670913,0.4685460135583034,loudness_very_low|mode_1|valence_low,energy_very_low,"loudness_very_low|mode_1|valence_low  →  energy_very_low (conf=0.80, lift=3.21)"
"frozenset({'energy_very_low', 'valence_very_low'})",frozenset({'loudness_very_low'}),0.1050204242983265,0.2500029947651505,0.084200816971933,0.8017565872020075,3.206987932105241,1.0,0.0579453963858446,3.783212741596044,0.7689347857379012,0.3109076433121018,0.7356743941451929,0.5692779102756563,energy_very_low|valence_very_low,loudness_very_low,"energy_very_low|valence_very_low  →  loudness_very_low (conf=0.80, lift=3.21)"
"frozenset({'energy_very_low', 'valence_very_low', 'tempo_very_low'})",frozenset({'acousticness_very_high'}),0.0473532265599731,0.249751434492507,0.0379257058661459,0.80091070073362,3.206831233466443,1.0,0.0260991696049439,3.76840226105606,0.7223723532555789,0.1463301904233684,0.7346355482443216,0.4763822533357773,energy_very_low|tempo_very_low|valence_very_low,acousticness_very_high,"energy_very_low|tempo_very_low|valence_very_low  →  acousticness_very_high (conf=0.80, lift=3.21)"
"frozenset({'energy_very_low', 'acousticness_very_high', 'mode_1', 'tempo_very_low', 'valence_very_low'})",frozenset({'danceability_very_low'}),0.0257669593550473,0.2516321470070317,0.0207836701445872,0.8066015806601582,3.205479070357486,1.0,0.0142998748402337,3.869565509105471,0.7062315916024541,0.0809915040612454,0.7415730531898477,0.4445985147897573,acousticness_very_high|energy_very_low|mode_1|tempo_very_low|valence_very_low,danceability_very_low,"acousticness_very_high|energy_very_low|mode_1|tempo_very_low|valence_very_low  →  danceability_very_low (conf=0.81, lift=3.21)"
"frozenset({'loudness_very_high', 'mode_1', 'energy_very_high', 'danceability_very_low'})",frozenset({'acousticness_very_low'}),0.028366415505696,0.2504581990680291,0.0227721942045304,0.8027871621621622,3.2052740343473856,1.0,0.0156675928629584,3.80067448523963,0.7081004670209535,0.0889356725146199,0.736888806478003,0.4468546486150394,danceability_very_low|energy_very_high|loudness_very_high|mode_1,acousticness_very_low,"danceability_very_low|energy_very_high|loudness_very_high|mode_1  →  acousticness_very_low (conf=0.80, lift=3.21)"
"frozenset({'valence_very_low', 'acousticness_very_high', 'mode_1'})",frozenset({'loudness_very_low'}),0.0590088525257849,0.2500029947651505,0.0472454150145545,0.8006496142915144,3.2025600935046152,1.0,0.0324930251654532,3.762204936646505,0.7308780864970199,0.1804869119531393,0.7341984243709583,0.4948145052770461,acousticness_very_high|mode_1|valence_very_low,loudness_very_low,"acousticness_very_high|mode_1|valence_very_low  →  loudness_very_low (conf=0.80, lift=3.20)"
"frozenset({'energy_very_low', 'duration_ms_very_low', 'mode_1', 'tempo_very_low'})",frozenset({'acousticness_very_high'}),0.0250721738401274,0.249751434492507,0.0200529474478611,0.7998088867654085,3.2024195912652664,1.0,0.0137911360654437,3.7476616887999583,0.7054225874243663,0.0787097987586985,0.7331669496773038,0.4400502537333206,duration_ms_very_low|energy_very_low|mode_1|tempo_very_low,acousticness_very_high,"duration_ms_very_low|energy_very_low|mode_1|tempo_very_low  →  acousticness_very_high (conf=0.80, lift=3.20)"
"frozenset({'energy_very_low', 'danceability_very_low', 'mode_1', 'instrumentalness_high'})",frozenset({'valence_very_low'}),0.0327507516860527,0.2507217384012746,0.0262940380215383,0.8028529626920263,3.2021673422153683,1.0,0.0180827126248627,3.800606247144555,0.7109972041400899,0.1022404397037588,0.7368840824404492,0.4538631750870547,danceability_very_low|energy_very_low|instrumentalness_high|mode_1,valence_very_low,"danceability_very_low|energy_very_low|instrumentalness_high|mode_1  →  valence_very_low (conf=0.80, lift=3.20)"
"frozenset({'energy_very_low', 'duration_ms_very_low', 'liveness_low'})",frozenset({'acousticness_very_high'}),0.0364882185938978,0.249751434492507,0.0291809916266366,0.7997373604727511,3.2021332013480164,1.0,0.0200680066907344,3.746323164812825,0.7137517100842755,0.1135188032993149,0.7330716128836786,0.4582887483451577,duration_ms_very_low|energy_very_low|liveness_low,acousticness_very_high,"duration_ms_very_low|energy_very_low|liveness_low  →  acousticness_very_high (conf=0.80, lift=3.20)"
"frozenset({'energy_very_low', 'loudness_very_low', 'mode_1', 'danceability_low'})",frozenset({'acousticness_very_high'}),0.0286419338995435,0.249751434492507,0.0229039638711532,0.7996654119615224,3.2018451208756264,1.0,0.0157505997931026,3.744977703817152,0.7079573514120101,0.0896474118529632,0.7329757133184726,0.4456862241351091,danceability_low|energy_very_low|loudness_very_low|mode_1,acousticness_very_high,"danceability_low|energy_very_low|loudness_very_low|mode_1  →  acousticness_very_high (conf=0.80, lift=3.20)"
"frozenset({'energy_very_low', 'mode_1', 'instrumentalness_high'})",frozenset({'acousticness_very_high'}),0.0572359515566789,0.249751434492507,0.0457600114998981,0.7994976977814985,3.201173596484326,1.0,0.0314652504940739,3.741845141956994,0.7293601916086273,0.1751731095519787,0.7327521684991491,0.4913599573371975,energy_very_low|instrumentalness_high|mode_1,acousticness_very_high,"energy_very_low|instrumentalness_high|mode_1  →  acousticness_very_high (conf=0.80, lift=3.20)"
"frozenset({'acousticness_very_low', 'liveness_very_high', 'danceability_very_low'})",frozenset({'energy_very_high'}),0.032091903352939,0.2486014446747086,0.025527378143006,0.7954460619634192,3.1996839881773367,1.0,0.0175492846071042,3.6733516965628743,0.7102628222700262,0.1000422515374865,0.727769055999813,0.4490650056359764,acousticness_very_low|danceability_very_low|liveness_very_high,energy_very_high,"acousticness_very_low|danceability_very_low|liveness_very_high  →  energy_very_high (conf=0.80, lift=3.20)"
"frozenset({'energy_very_low', 'duration_ms_very_high', 'valence_very_low'})",frozenset({'loudness_very_low'}),0.0319002383833059,0.2500029947651505,0.0255153990824039,0.7998497934660157,3.1993608485265703,1.0,0.0175402439528552,3.747170778499819,0.7100895978391301,0.0995187590524692,0.7331319923453421,0.4509550836041147,duration_ms_very_high|energy_very_low|valence_very_low,loudness_very_low,"duration_ms_very_high|energy_very_low|valence_very_low  →  loudness_very_low (conf=0.80, lift=3.20)"
"frozenset({'energy_very_low', 'speechiness_low'})",frozenset({'acousticness_very_high'}),0.0780316007618682,0.249751434492507,0.0623390313731597,0.7988946883635246,3.1987591582281487,1.0,0.0428505271471365,3.7306253097067215,0.7455556802249922,0.2348481429667403,0.7319484223199533,0.5242494929658766,energy_very_low|speechiness_low,acousticness_very_high,"energy_very_low|speechiness_low  →  acousticness_very_high (conf=0.80, lift=3.20)"
"frozenset({'energy_very_low', 'instrumentalness_high', 'liveness_low'})",frozenset({'acousticness_very_high'}),0.0418069215012158,0.249751434492507,0.0333976209585644,0.7988538681948425,3.1985957150480724,1.0,0.0229562823419201,3.7298682245315535,0.7173531285228909,0.1293675467495708,0.731894013460598,0.4662886540839913,energy_very_low|instrumentalness_high|liveness_low,acousticness_very_high,"energy_very_low|instrumentalness_high|liveness_low  →  acousticness_very_high (conf=0.80, lift=3.20)"
"frozenset({'energy_very_low', 'loudness_very_low', 'valence_very_low'})",frozenset({'acousticness_very_high'}),0.084200816971933,0.249751434492507,0.0672624252806095,0.7988334044672073,3.198513778671303,1.0,0.0462331504564281,3.729488802653584,0.7505518747958,0.2522121906301936,0.7318667375302252,0.5340754388636578,energy_very_low|loudness_very_low|valence_very_low,acousticness_very_high,"energy_very_low|loudness_very_low|valence_very_low  →  acousticness_very_high (conf=0.80, lift=3.20)"
"frozenset({'energy_very_low', 'valence_very_low', 'acousticness_very_high', 'tempo_very_low'})",frozenset({'danceability_very_low'}),0.0379257058661459,0.2516321470070317,0.0305226464140682,0.8048010107391029,3.1983235064024367,1.0,0.0209793196202127,3.8338715575659177,0.7144315135478281,0.1178320384757676,0.73916705737662,0.4630498436538512,acousticness_very_high|energy_very_low|tempo_very_low|valence_very_low,danceability_very_low,"acousticness_very_high|energy_very_low|tempo_very_low|valence_very_low  →  danceability_very_low (conf=0.80, lift=3.20)"
"frozenset({'energy_very_low', 'loudness_very_low', 'tempo_very_low'})",frozenset({'acousticness_very_high'}),0.0710597874914649,0.249751434492507,0.0567567891325962,0.7987188132164531,3.198054957479797,1.0,0.0390095052718701,3.727365570008749,0.739886087029572,0.2149435194846436,0.7317139998163227,0.5129859594404966,energy_very_low|loudness_very_low|tempo_very_low,acousticness_very_high,"energy_very_low|loudness_very_low|tempo_very_low  →  acousticness_very_high (conf=0.80, lift=3.20)"
"frozenset({'energy_very_low', 'loudness_very_low', 'key_very_low', 'instrumentalness_high'})",frozenset({'acousticness_very_high'}),0.0277315252937864,0.249751434492507,0.0221492830532229,0.7987041036717063,3.19799606074202,1.0,0.0152232948304345,3.7270931956005287,0.7069078120485923,0.0867464227070138,0.7316943935879032,0.4436947061598015,energy_very_low|instrumentalness_high|key_very_low|loudness_very_low,acousticness_very_high,"energy_very_low|instrumentalness_high|key_very_low|loudness_very_low  →  acousticness_very_high (conf=0.80, lift=3.20)"
"frozenset({'valence_very_low', 'speechiness_low', 'acousticness_very_high'})",frozenset({'danceability_very_low'}),0.0361408258364379,0.2516321470070317,0.029073180081218,0.804441498176997,3.1968947836959694,1.0,0.0199789864813879,3.8268234109826857,0.7129635532795634,0.1123819225782552,0.7386866618590036,0.4599899578859849,acousticness_very_high|speechiness_low|valence_very_low,danceability_very_low,"acousticness_very_high|speechiness_low|valence_very_low  →  danceability_very_low (conf=0.80, lift=3.20)"
"frozenset({'energy_very_low', 'duration_ms_very_low', 'liveness_low'})",frozenset({'loudness_very_low'}),0.0364882185938978,0.2500029947651505,0.0291570335054325,0.799080761654629,3.1962847581296967,1.0,0.0200348695833125,3.732828231936849,0.7131586504151458,0.1133041616236849,0.7321066125024641,0.4578537492988047,duration_ms_very_low|energy_very_low|liveness_low,loudness_very_low,"duration_ms_very_low|energy_very_low|liveness_low  →  loudness_very_low (conf=0.80, lift=3.20)"
"frozenset({'acousticness_very_low', 'liveness_very_high', 'tempo_very_high'})",frozenset({'energy_very_high'}),0.0257190431126391,0.2486014446747086,0.0204362773871273,0.7945971122496507,3.196269085601532,1.0,0.0140424861136741,3.6581693838625866,0.7052742052908175,0.0804944795696895,0.7266392298805693,0.438401047330916,acousticness_very_low|liveness_very_high|tempo_very_high,energy_very_high,"acousticness_very_low|liveness_very_high|tempo_very_high  →  energy_very_high (conf=0.79, lift=3.20)"
"frozenset({'loudness_very_low', 'duration_ms_very_low', 'key_very_low'})",frozenset({'energy_very_low'}),0.028905473232789,0.2505061153104373,0.0231435450831945,0.8006630750103605,3.196181753958965,1.0,0.0159025472724387,3.759935018203564,0.7075796022145695,0.0903099144580002,0.7340379567310225,0.4465251105732751,duration_ms_very_low|key_very_low|loudness_very_low,energy_very_low,"duration_ms_very_low|key_very_low|loudness_very_low  →  energy_very_low (conf=0.80, lift=3.20)"
"frozenset({'loudness_very_low', 'tempo_very_low', 'valence_very_low', 'instrumentalness_high'})",frozenset({'acousticness_very_high'}),0.0304507720504558,0.249751434492507,0.0243055139615951,0.7981904012588512,3.1959392060380662,1.0,0.0167003899605894,3.717605952280792,0.708682874893361,0.0949817432824641,0.7310096839643564,0.4477546087545155,instrumentalness_high|loudness_very_low|tempo_very_low|valence_very_low,acousticness_very_high,"instrumentalness_high|loudness_very_low|tempo_very_low|valence_very_low  →  acousticness_very_high (conf=0.80, lift=3.20)"
"frozenset({'energy_very_low', 'acousticness_very_high', 'tempo_very_low'})",frozenset({'loudness_very_low'}),0.0710478084308628,0.2500029947651505,0.0567567891325962,0.798853481706289,3.1953756492266074,1.0,0.0389946242533797,3.728610425857412,0.739594304129897,0.2147486742510085,0.7318035713612947,0.5129389593485925,acousticness_very_high|energy_very_low|tempo_very_low,loudness_very_low,"acousticness_very_high|energy_very_low|tempo_very_low  →  loudness_very_low (conf=0.80, lift=3.20)"
"frozenset({'acousticness_very_low', 'mode_1', 'speechiness_very_high'})",frozenset({'energy_very_high'}),0.0458199068029085,0.2486014446747086,0.0363804070484792,0.7939869281045752,3.1938146181873384,1.0,0.0249895120224156,3.64733435801934,0.7198796054046692,0.1409869551088622,0.7258271653101079,0.4701636081278429,acousticness_very_low|mode_1|speechiness_very_high,energy_very_high,"acousticness_very_low|mode_1|speechiness_very_high  →  energy_very_high (conf=0.79, lift=3.19)"
"frozenset({'energy_very_low', 'loudness_very_low', 'liveness_low'})",frozenset({'acousticness_very_high'}),0.0714550964913331,0.249751434492507,0.0569963703446375,0.7976529756915339,3.193787364274237,1.0,0.0391503574941266,3.707732140225513,0.7397511036067922,0.2157236126224156,0.7302933539478456,0.512932679989275,energy_very_low|liveness_low|loudness_very_low,acousticness_very_high,"energy_very_low|liveness_low|loudness_very_low  →  acousticness_very_high (conf=0.80, lift=3.19)"
"frozenset({'mode_0', 'energy_very_high', 'danceability_very_low'})",frozenset({'acousticness_very_low'}),0.0294804681416883,0.2504581990680291,0.023574791264869,0.7996749288906948,3.1928478758784347,1.0,0.0161911663064193,3.741627529601583,0.707662198724483,0.0919583197046867,0.7327366254153891,0.4469007894883931,danceability_very_low|energy_very_high|mode_0,acousticness_very_low,"danceability_very_low|energy_very_high|mode_0  →  acousticness_very_low (conf=0.80, lift=3.19)"
"frozenset({'energy_very_low', 'duration_ms_very_high', 'danceability_very_low'})",frozenset({'loudness_very_low'}),0.0281747505360629,0.2500029947651505,0.0224846967500808,0.7980442176870748,3.192138631926177,1.0,0.015440924739304,3.7136693817102433,0.7066397976261153,0.0879362848442258,0.7307245483604484,0.443990963659062,danceability_very_low|duration_ms_very_high|energy_very_low,loudness_very_low,"danceability_very_low|duration_ms_very_high|energy_very_low  →  loudness_very_low (conf=0.80, lift=3.19)"
"frozenset({'danceability_very_low', 'duration_ms_very_high', 'instrumentalness_high'})",frozenset({'valence_very_low'}),0.0308221229291199,0.2507217384012746,0.0246648857796571,0.8002331908278274,3.1917184203113327,1.0,0.0169371095376504,3.7507645274193,0.7085274744336322,0.0960175340421563,0.7333876886459607,0.4493043641668998,danceability_very_low|duration_ms_very_high|instrumentalness_high,valence_very_low,"danceability_very_low|duration_ms_very_high|instrumentalness_high  →  valence_very_low (conf=0.80, lift=3.19)"
"frozenset({'loudness_very_low', 'duration_ms_very_low', 'speechiness_low'})",frozenset({'acousticness_very_high'}),0.0266054935971921,0.249751434492507,0.0212029372656596,0.7969383160738406,3.190925880739035,1.0,0.0145581770743796,3.694683068718717,0.7053782727068819,0.0830985915492957,0.7293407901569238,0.4409172370814788,duration_ms_very_low|loudness_very_low|speechiness_low,acousticness_very_high,"duration_ms_very_low|loudness_very_low|speechiness_low  →  acousticness_very_high (conf=0.80, lift=3.19)"
"frozenset({'energy_very_low', 'liveness_low', 'mode_1', 'tempo_very_low'})",frozenset({'acousticness_very_high'}),0.0267133051426107,0.249751434492507,0.0212867906898741,0.7968609865470851,3.190616254782681,1.0,0.014615104410471,3.693276602829379,0.7054251610961345,0.0834193972396958,0.7292377182814007,0.4410464460770343,energy_very_low|liveness_low|mode_1|tempo_very_low,acousticness_very_high,"energy_very_low|liveness_low|mode_1|tempo_very_low  →  acousticness_very_high (conf=0.80, lift=3.19)"
"frozenset({'energy_very_low', 'mode_1', 'speechiness_low'})",frozenset({'loudness_very_low'}),0.0527198457096994,0.2500029947651505,0.0420345236526551,0.7973187911838218,3.1892369606724604,1.0,0.0288544043416736,3.700377600940102,0.7246487447801716,0.1612443709217902,0.729757309160572,0.4827274358410723,energy_very_low|mode_1|speechiness_low,loudness_very_low,"energy_very_low|mode_1|speechiness_low  →  loudness_very_low (conf=0.80, lift=3.19)"
"frozenset({'loudness_very_low', 'valence_very_low', 'mode_1', 'speechiness_low'})",frozenset({'acousticness_very_high'}),0.0266414307789983,0.249751434492507,0.0212149163262616,0.7963129496402878,3.1884219254171224,1.0,0.014561180772274,3.683339535736565,0.7051514668549607,0.0831377335461459,0.7285072444997859,0.4406285358302643,loudness_very_low|mode_1|speechiness_low|valence_very_low,acousticness_very_high,"loudness_very_low|mode_1|speechiness_low|valence_very_low  →  acousticness_very_high (conf=0.80, lift=3.19)"
"frozenset({'energy_very_low', 'duration_ms_very_high', 'danceability_very_low'})",frozenset({'valence_very_low'}),0.0281747505360629,0.2507217384012746,0.022520633931887,0.7993197278911565,3.1880750866997536,1.0,0.0154566114984631,3.7336916764411066,0.7062289255433234,0.0878422577329221,0.7321685648791482,0.4445714740745796,danceability_very_low|duration_ms_very_high|energy_very_low,valence_very_low,"danceability_very_low|duration_ms_very_high|energy_very_low  →  valence_very_low (conf=0.80, lift=3.19)"
"frozenset({'energy_very_low', 'valence_very_low', 'instrumentalness_high'})",frozenset({'acousticness_very_high'}),0.0569963703446375,0.249751434492507,0.045376681560632,0.7961328289197142,3.187700725473108,1.0,0.0311417563061925,3.6800852316336607,0.7277747859264296,0.1736101562858059,0.7282671631069587,0.4889101000083246,energy_very_low|instrumentalness_high|valence_very_low,acousticness_very_high,"energy_very_low|instrumentalness_high|valence_very_low  →  acousticness_very_high (conf=0.80, lift=3.19)"
"frozenset({'energy_very_low', 'loudness_very_low', 'mode_1', 'duration_ms_low'})",frozenset({'acousticness_very_high'}),0.0252039435067502,0.249751434492507,0.0200649265084632,0.7961026615969582,3.187579936085782,1.0,0.0137702054627842,3.679540750181271,0.7040266244812803,0.0787198044929034,0.7282269533363,0.4382211231146573,duration_ms_low|energy_very_low|loudness_very_low|mode_1,acousticness_very_high,"duration_ms_low|energy_very_low|loudness_very_low|mode_1  →  acousticness_very_high (conf=0.80, lift=3.19)"
"frozenset({'danceability_very_low', 'loudness_very_high', 'speechiness_very_high'})",frozenset({'acousticness_very_low'}),0.0285700595359311,0.2504581990680291,0.0228081313863366,0.7983228511530398,3.187449459125914,1.0,0.0156525257277009,3.716543025411124,0.7064529377982973,0.0890177193884707,0.7309327530550033,0.4446942359840194,danceability_very_low|loudness_very_high|speechiness_very_high,acousticness_very_low,"danceability_very_low|loudness_very_high|speechiness_very_high  →  acousticness_very_low (conf=0.80, lift=3.19)"
"frozenset({'valence_very_low', 'instrumentalness_high', 'tempo_very_low'})",frozenset({'loudness_very_low'}),0.0382611195630038,0.2500029947651505,0.0304507720504558,0.7958672510958047,3.183430869871906,1.0,0.0208853775766373,3.674065083926549,0.7131597911394237,0.1181116996561657,0.7278219146484799,0.4588344401142655,instrumentalness_high|tempo_very_low|valence_very_low,loudness_very_low,"instrumentalness_high|tempo_very_low|valence_very_low  →  loudness_very_low (conf=0.80, lift=3.18)"
"frozenset({'mode_0', 'acousticness_very_high', 'liveness_low'})",frozenset({'energy_very_low'}),0.0251320691431377,0.2505061153104373,0.020040968387259,0.7974261201143946,3.1832600937753224,1.0,0.0137452313764983,3.69985451783224,0.7035380127712135,0.078408398556498,0.72971910241868,0.4387140164458736,acousticness_very_high|liveness_low|mode_0,energy_very_low,"acousticness_very_high|liveness_low|mode_0  →  energy_very_low (conf=0.80, lift=3.18)"
"frozenset({'mode_0', 'acousticness_very_high', 'danceability_very_low'})",frozenset({'loudness_very_low'}),0.0292049497478407,0.2500029947651505,0.0232393775680111,0.7957342083675144,3.182898705333576,1.0,0.0159380526690851,3.671672085868601,0.7064529001929405,0.0907899663047547,0.7276445236357669,0.4443453025546244,acousticness_very_high|danceability_very_low|mode_0,loudness_very_low,"acousticness_very_high|danceability_very_low|mode_0  →  loudness_very_low (conf=0.80, lift=3.18)"
"frozenset({'danceability_very_low', 'instrumentalness_high', 'tempo_very_low'})",frozenset({'valence_very_low'}),0.0375663340480839,0.2507217384012746,0.029959630565771,0.7975127551020409,3.180868002062268,1.0,0.0205409339878724,3.7003726431080377,0.7123819827208955,0.1159749594249942,0.7297569470840984,0.4585031525151867,danceability_very_low|instrumentalness_high|tempo_very_low,valence_very_low,"danceability_very_low|instrumentalness_high|tempo_very_low  →  valence_very_low (conf=0.80, lift=3.18)"
"frozenset({'duration_ms_very_low', 'mode_1', 'acousticness_very_high', 'tempo_very_low'})",frozenset({'energy_very_low'}),0.0251919644461481,0.2505061153104373,0.0200529474478611,0.7960057061340942,3.1775899169074235,1.0,0.0137422062974179,3.674092399771912,0.7030061878344799,0.0784405604235977,0.7278239382161211,0.4380277191726324,acousticness_very_high|duration_ms_very_low|mode_1|tempo_very_low,energy_very_low,"acousticness_very_high|duration_ms_very_low|mode_1|tempo_very_low  →  energy_very_low (conf=0.80, lift=3.18)"
"frozenset({'loudness_very_low', 'duration_ms_very_low'})",frozenset({'energy_very_low'}),0.0875309958193078,0.2505061153104373,0.069670216461625,0.7959490899137813,3.1773639095692685,1.0,0.0477431667296761,3.6730729815067975,0.7510103825693548,0.2596080882024729,0.7277483989469298,0.5370334584993544,duration_ms_very_low|loudness_very_low,energy_very_low,"duration_ms_very_low|loudness_very_low  →  energy_very_low (conf=0.80, lift=3.18)"
"frozenset({'energy_very_low', 'duration_ms_very_high', 'acousticness_very_high'})",frozenset({'loudness_very_low'}),0.0333137675343499,0.2500029947651505,0.0264617448699673,0.7943185904350953,3.177236301434179,1.0,0.0181332032194697,3.6464015237030014,0.708876399049798,0.1030221061468146,0.7257570255223901,0.4500821509913857,acousticness_very_high|duration_ms_very_high|energy_very_low,loudness_very_low,"acousticness_very_high|duration_ms_very_high|energy_very_low  →  loudness_very_low (conf=0.79, lift=3.18)"
"frozenset({'danceability_very_low', 'acousticness_very_high', 'instrumentalness_high'})",frozenset({'valence_very_low'}),0.0464667760754201,0.2507217384012746,0.0370152972603888,0.7965970610982211,3.1772157698718777,1.0,0.0253650663848567,3.683714038962554,0.718652485729619,0.1422717436346056,0.7285348456956691,0.4721160174100757,acousticness_very_high|danceability_very_low|instrumentalness_high,valence_very_low,"acousticness_very_high|danceability_very_low|instrumentalness_high  →  valence_very_low (conf=0.80, lift=3.18)"
"frozenset({'energy_very_low', 'mode_1', 'valence_very_low', 'liveness_low'})",frozenset({'loudness_very_low'}),0.0314929503228356,0.2500029947651505,0.0250122785371171,0.794218333967288,3.1768352803668054,1.0,0.017138946642418,3.644625003257708,0.707502671566711,0.0975199663724254,0.7256233496982101,0.4471331248178558,energy_very_low|liveness_low|mode_1|valence_very_low,loudness_very_low,"energy_very_low|liveness_low|mode_1|valence_very_low  →  loudness_very_low (conf=0.79, lift=3.18)"
"frozenset({'energy_very_low', 'loudness_very_low', 'valence_very_low', 'speechiness_low'})",frozenset({'danceability_very_low'}),0.0370751925633991,0.2516321470070317,0.0296242168689131,0.7990306946688206,3.175391952787703,1.0,0.0202949065634858,3.723791808702952,0.7114556004610945,0.1143425189569077,0.7314565229820639,0.4583794813913464,energy_very_low|loudness_very_low|speechiness_low|valence_very_low,danceability_very_low,"energy_very_low|loudness_very_low|speechiness_low|valence_very_low  →  danceability_very_low (conf=0.80, lift=3.18)"
"frozenset({'key_very_low', 'energy_very_high', 'danceability_very_low'})",frozenset({'acousticness_very_low'}),0.0254555037793936,0.2504581990680291,0.0202446124174942,0.7952941176470587,3.1753566886865707,1.0,0.0138690727845378,3.661554774667672,0.7029691844234556,0.0791828702619125,0.7268919730715317,0.4380622109184212,danceability_very_low|energy_very_high|key_very_low,acousticness_very_low,"danceability_very_low|energy_very_high|key_very_low  →  acousticness_very_low (conf=0.80, lift=3.18)"
"frozenset({'valence_very_low', 'speechiness_low', 'tempo_very_low'})",frozenset({'energy_very_low'}),0.0252398806885564,0.2505061153104373,0.0200769055690652,0.7954437588989084,3.175346669334448,1.0,0.013754161106876,3.6639991068234536,0.7028126637709816,0.078526917490512,0.727074169276487,0.4377945649888574,speechiness_low|tempo_very_low|valence_very_low,energy_very_low,"speechiness_low|tempo_very_low|valence_very_low  →  energy_very_low (conf=0.80, lift=3.18)"
"frozenset({'loudness_very_high', 'valence_very_low', 'energy_very_high'})",frozenset({'acousticness_very_low'}),0.0325231495346134,0.2504581990680291,0.0258388337186597,0.794475138121547,3.172086763690866,1.0,0.0176931442582002,3.646964138943193,0.7077689876698393,0.1004844870958725,0.7257993328418695,0.4488206951369166,energy_very_high|loudness_very_high|valence_very_low,acousticness_very_low,"energy_very_high|loudness_very_high|valence_very_low  →  acousticness_very_low (conf=0.79, lift=3.17)"
"frozenset({'energy_very_low', 'tempo_very_low', 'loudness_very_low', 'mode_1', 'valence_very_low'})",frozenset({'danceability_very_low'}),0.0265336192335797,0.2516321470070317,0.0211670000838534,0.7977426636568848,3.170273246663481,1.0,0.0144902885082406,3.700077666025501,0.7032289862615496,0.0823622634473757,0.7297354028046211,0.440930743425129,energy_very_low|loudness_very_low|mode_1|tempo_very_low|valence_very_low,danceability_very_low,"energy_very_low|loudness_very_low|mode_1|tempo_very_low|valence_very_low  →  danceability_very_low (conf=0.80, lift=3.17)"
"frozenset({'danceability_very_low', 'instrumentalness_high', 'liveness_low'})",frozenset({'loudness_very_low'}),0.030139316474802,0.2500029947651505,0.0238862468405227,0.7925278219395866,3.1700733132580137,1.0,0.0163513274616476,3.6149280941970896,0.7058229020522531,0.0932124158563949,0.7233693246609073,0.4440358323880971,danceability_very_low|instrumentalness_high|liveness_low,loudness_very_low,"danceability_very_low|instrumentalness_high|liveness_low  →  loudness_very_low (conf=0.79, lift=3.17)"
"frozenset({'energy_very_low', 'mode_1', 'acousticness_very_high', 'tempo_very_low'})",frozenset({'loudness_very_low'}),0.050168305801459,0.2500029947651505,0.0397465230776602,0.7922636103151863,3.1690164794202893,1.0,0.0272042963850016,3.61033041140638,0.7205957509093418,0.152621895124195,0.723017041088365,0.4756238990723033,acousticness_very_high|energy_very_low|mode_1|tempo_very_low,loudness_very_low,"acousticness_very_high|energy_very_low|mode_1|tempo_very_low  →  loudness_very_low (conf=0.79, lift=3.17)"
"frozenset({'energy_very_low', 'loudness_very_low', 'danceability_low'})",frozenset({'acousticness_very_high'}),0.0399142299260891,0.249751434492507,0.0315887828076522,0.7914165666266507,3.168816900831032,1.0,0.0216201466269476,3.596875137080528,0.7128788176337282,0.1224006683995544,0.7219808967815133,0.4589487265000489,danceability_low|energy_very_low|loudness_very_low,acousticness_very_high,"danceability_low|energy_very_low|loudness_very_low  →  acousticness_very_high (conf=0.79, lift=3.17)"
"frozenset({'loudness_very_low', 'instrumentalness_high', 'liveness_low'})",frozenset({'energy_very_low'}),0.0482995723475365,0.2505061153104373,0.0383210148660142,0.7934027777777778,3.1671992390068437,1.0,0.0262216766260774,3.627802332615026,0.7189905638480921,0.1471142791446309,0.7243510234806064,0.4731885732806257,instrumentalness_high|liveness_low|loudness_very_low,energy_very_low,"instrumentalness_high|liveness_low|loudness_very_low  →  energy_very_low (conf=0.79, lift=3.17)"
"frozenset({'loudness_very_low', 'tempo_very_low', 'mode_1', 'instrumentalness_high'})",frozenset({'acousticness_very_high'}),0.0276237137483678,0.249751434492507,0.0218498065381712,0.7909800520381614,3.167069104709755,1.0,0.014950744403506,3.589363469004728,0.7036891615071212,0.085509352585439,0.7213990701595668,0.4392331312039816,instrumentalness_high|loudness_very_low|mode_1|tempo_very_low,acousticness_very_high,"instrumentalness_high|loudness_very_low|mode_1|tempo_very_low  →  acousticness_very_high (conf=0.79, lift=3.17)"
"frozenset({'valence_very_low', 'speechiness_low', 'tempo_very_low'})",frozenset({'danceability_very_low'}),0.0252398806885564,0.2516321470070317,0.0201128427508714,0.7968675842429995,3.1667956329154223,1.0,0.0137616773830087,3.6841380052714574,0.7019402754962051,0.0783334888494914,0.7285660855893163,0.4383985640914131,speechiness_low|tempo_very_low|valence_very_low,danceability_very_low,"speechiness_low|tempo_very_low|valence_very_low  →  danceability_very_low (conf=0.80, lift=3.17)"
"frozenset({'valence_very_low', 'energy_very_high', 'instrumentalness_high'})",frozenset({'acousticness_very_low'}),0.0325231495346134,0.2504581990680291,0.0257909174762515,0.7930018416206263,3.1662043589366875,1.0,0.017645228015792,3.621007098808367,0.707163604529829,0.1002794597112249,0.7238337366615245,0.4479883897217346,energy_very_high|instrumentalness_high|valence_very_low,acousticness_very_low,"energy_very_high|instrumentalness_high|valence_very_low  →  acousticness_very_low (conf=0.79, lift=3.17)"
"frozenset({'acousticness_very_high', 'speechiness_low', 'liveness_low'})",frozenset({'loudness_very_low'}),0.0304148348686496,0.2500029947651505,0.0240659327495537,0.7912564001575423,3.164987687050861,1.0,0.0164621329471038,3.5929101816816646,0.7055006916614301,0.0938785046728971,0.7216740888490708,0.4437594890102517,acousticness_very_high|liveness_low|speechiness_low,loudness_very_low,"acousticness_very_high|liveness_low|speechiness_low  →  loudness_very_low (conf=0.79, lift=3.16)"
"frozenset({'loudness_very_low', 'valence_very_low', 'tempo_very_low'})",frozenset({'acousticness_very_high'}),0.045208974712203,0.249751434492507,0.0357335377759676,0.7904080551139374,3.1647788398895096,1.0,0.0244425314896594,3.579567744911855,0.7164103308119324,0.1378465804066543,0.7206366602723356,0.4667422308281088,loudness_very_low|tempo_very_low|valence_very_low,acousticness_very_high,"loudness_very_low|tempo_very_low|valence_very_low  →  acousticness_very_high (conf=0.79, lift=3.16)"
"frozenset({'energy_very_low', 'loudness_very_low', 'valence_very_low', 'key_very_low'})",frozenset({'acousticness_very_high'}),0.0285101642329208,0.249751434492507,0.0225326129924891,0.7903361344537816,3.164490870932286,1.0,0.0154121585777001,3.5783398515187046,0.7040664504018261,0.0881112984822934,0.7205407978295901,0.4402781444488199,energy_very_low|key_very_low|loudness_very_low|valence_very_low,acousticness_very_high,"energy_very_low|key_very_low|loudness_very_low|valence_very_low  →  acousticness_very_high (conf=0.79, lift=3.16)"
"frozenset({'energy_very_low', 'mode_1', 'danceability_very_low'})",frozenset({'loudness_very_low'}),0.0684962685226224,0.2500029947651505,0.0541453539213454,0.7904861839804127,3.161906859247765,1.0,0.0370210816604519,3.579701899777019,0.734012249696796,0.204821460938916,0.7206471298455633,0.5035325026274847,danceability_very_low|energy_very_low|mode_1,loudness_very_low,"danceability_very_low|energy_very_low|mode_1  →  loudness_very_low (conf=0.79, lift=3.16)"
"frozenset({'loudness_very_low', 'mode_1', 'speechiness_low'})",frozenset({'energy_very_low'}),0.0531031756489656,0.2505061153104373,0.0420345236526551,0.7915632754342432,3.1598560955420423,1.0,0.0287318534101849,3.595786137260641,0.7218631157747359,0.1606979300238138,0.721896697459926,0.4796808343506334,loudness_very_low|mode_1|speechiness_low,energy_very_low,"loudness_very_low|mode_1|speechiness_low  →  energy_very_low (conf=0.79, lift=3.16)"
"frozenset({'loudness_very_low', 'duration_ms_very_low', 'liveness_low'})",frozenset({'acousticness_very_high'}),0.0327866888678589,0.249751434492507,0.0258627918398639,0.7888198757763976,3.1584197999874286,1.0,0.0176742692628566,3.552647619020776,0.7065514596214598,0.1007607224529798,0.7185197893970604,0.4461870015363354,duration_ms_very_low|liveness_low|loudness_very_low,acousticness_very_high,"duration_ms_very_low|liveness_low|loudness_very_low  →  acousticness_very_high (conf=0.79, lift=3.16)"
"frozenset({'energy_very_low', 'acousticness_very_high', 'instrumentalness_high', 'danceability_very_low', 'loudness_very_low', 'mode_1'})",frozenset({'valence_very_low'}),0.0280429808694402,0.2507217384012746,0.0221732411744271,0.7906877402819308,3.1536465299089964,1.0,0.0151422562608873,3.579715123270645,0.702610038597493,0.0864145658263305,0.7206481617770916,0.4395626947945726,acousticness_very_high|danceability_very_low|energy_very_low|instrumentalness_high|loudness_very_low|mode_1,valence_very_low,"acousticness_very_high|danceability_very_low|energy_very_low|instrumentalness_high|loudness_very_low|mode_1  →  valence_very_low (conf=0.79, lift=3.15)"
"frozenset({'energy_very_low', 'loudness_very_low', 'valence_very_low', 'tempo_very_low'})",frozenset({'danceability_very_low'}),0.0400340205321098,0.2516321470070317,0.0317684687166832,0.793536804308797,3.153558930157768,1.0,0.0216946221768648,3.624703427105071,0.7113772415869046,0.1222345132743363,0.7241153600258363,0.4598932236339758,energy_very_low|loudness_very_low|tempo_very_low|valence_very_low,danceability_very_low,"energy_very_low|loudness_very_low|tempo_very_low|valence_very_low  →  danceability_very_low (conf=0.79, lift=3.15)"
"frozenset({'acousticness_very_low', 'loudness_very_high', 'tempo_high'})",frozenset({'energy_very_high'}),0.0275518393847554,0.2486014446747086,0.0215982462655278,0.7839130434782609,3.1532923893664404,1.0,0.0147488191910321,3.477297137320262,0.7022185595253075,0.0848470588235294,0.7124203194292915,0.4353960244616284,acousticness_very_low|loudness_very_high|tempo_high,energy_very_high,"acousticness_very_low|loudness_very_high|tempo_high  →  energy_very_high (conf=0.78, lift=3.15)"
"frozenset({'loudness_very_low', 'danceability_very_low', 'mode_1', 'instrumentalness_high'})",frozenset({'acousticness_very_high'}),0.0373147737754405,0.249751434492507,0.0293846356568717,0.7874799357945427,3.153054705750522,1.0,0.0200652173786921,3.530248159449912,0.7093151760792918,0.114034679931198,0.7167337946701682,0.4525677294206058,danceability_very_low|instrumentalness_high|loudness_very_low|mode_1,acousticness_very_high,"danceability_very_low|instrumentalness_high|loudness_very_low|mode_1  →  acousticness_very_high (conf=0.79, lift=3.15)"
"frozenset({'loudness_very_low', 'mode_1', 'valence_very_low', 'danceability_very_low'})",frozenset({'acousticness_very_high'}),0.0429688903796164,0.249751434492507,0.0338288671402388,0.7872874268190688,3.1522839034691854,1.0,0.0230973251293783,3.527053216874674,0.7134247602889965,0.1306681473255598,0.7164772010766254,0.4613687841563328,danceability_very_low|loudness_very_low|mode_1|valence_very_low,acousticness_very_high,"danceability_very_low|loudness_very_low|mode_1|valence_very_low  →  acousticness_very_high (conf=0.79, lift=3.15)"
"frozenset({'loudness_very_low', 'duration_ms_very_high', 'danceability_very_low'})",frozenset({'valence_very_low'}),0.0277195462331843,0.2507217384012746,0.0218977227805795,0.7899740708729472,3.1508000698711305,1.0,0.014947829961301,3.567551229093519,0.7020816795244201,0.0853567426223384,0.7196956859806354,0.4386564095406303,danceability_very_low|duration_ms_very_high|loudness_very_low,valence_very_low,"danceability_very_low|duration_ms_very_high|loudness_very_low  →  valence_very_low (conf=0.79, lift=3.15)"
"frozenset({'energy_very_low', 'acousticness_very_high', 'instrumentalness_high', 'danceability_very_low', 'mode_1'})",frozenset({'valence_very_low'}),0.0286299548389415,0.2507217384012746,0.0226164664167036,0.7899581589958159,3.150736605581066,1.0,0.0154383143691341,3.567280966575605,0.7027331185174022,0.0880925718551698,0.7196744497084159,0.4400818028615009,acousticness_very_high|danceability_very_low|energy_very_low|instrumentalness_high|mode_1,valence_very_low,"acousticness_very_high|danceability_very_low|energy_very_low|instrumentalness_high|mode_1  →  valence_very_low (conf=0.79, lift=3.15)"
"frozenset({'energy_very_low', 'key_low', 'mode_1'})",frozenset({'acousticness_very_high'}),0.0375423759268798,0.249751434492507,0.0295403634446986,0.7868538608806638,3.1505479136868404,1.0,0.0201641012027034,3.51987874895282,0.709220723262722,0.1146070548868336,0.7158993046855651,0.452566457515971,energy_very_low|key_low|mode_1,acousticness_very_high,"energy_very_low|key_low|mode_1  →  acousticness_very_high (conf=0.79, lift=3.15)"
"frozenset({'acousticness_very_low', 'instrumentalness_high', 'speechiness_very_high'})",frozenset({'energy_very_high'}),0.0263778914457528,0.2486014446747086,0.0206519004779645,0.7829246139872843,3.1493164290003617,1.0,0.0140943185570777,3.4614636377119075,0.7009606402578424,0.0812020159201168,0.7111048664197384,0.4329984704398908,acousticness_very_low|instrumentalness_high|speechiness_very_high,energy_very_high,"acousticness_very_low|instrumentalness_high|speechiness_very_high  →  energy_very_high (conf=0.78, lift=3.15)"
"frozenset({'loudness_very_low', 'danceability_very_low', 'mode_1', 'instrumentalness_high'})",frozenset({'valence_very_low'}),0.0373147737754405,0.2507217384012746,0.0294445309598821,0.7890850722311397,3.1472543117431107,1.0,0.0200889060108533,3.5525141322374885,0.7087080067223831,0.1138648260527169,0.7185092126937809,0.4532620774438068,danceability_very_low|instrumentalness_high|loudness_very_low|mode_1,valence_very_low,"danceability_very_low|instrumentalness_high|loudness_very_low|mode_1  →  valence_very_low (conf=0.79, lift=3.15)"
"frozenset({'energy_very_high', 'danceability_very_low'})",frozenset({'acousticness_very_low'}),0.0784868050647468,0.2504581990680291,0.0618239317672708,0.7876984126984127,3.145029452537344,1.0,0.0421662679201508,3.5305520342963863,0.7401282559778367,0.2314453562940042,0.7167581754111455,0.5172708631312993,danceability_very_low|energy_very_high,acousticness_very_low,"danceability_very_low|energy_very_high  →  acousticness_very_low (conf=0.79, lift=3.15)"
"frozenset({'key_very_low', 'speechiness_low', 'acousticness_very_high'})",frozenset({'energy_very_low'}),0.026066435870099,0.2505061153104373,0.0205321098719438,0.7876838235294118,3.144369639652437,1.0,0.0140023082821366,3.530083751265127,0.7002235655030075,0.0801908861233274,0.71672060198526,0.4348231665466492,acousticness_very_high|key_very_low|speechiness_low,energy_very_low,"acousticness_very_high|key_very_low|speechiness_low  →  energy_very_low (conf=0.79, lift=3.14)"
"frozenset({'acousticness_very_low', 'speechiness_very_high'})",frozenset({'energy_very_high'}),0.0750248565507493,0.2486014446747086,0.0586135435259166,0.781254989621587,3.1426003603633434,1.0,0.0399622558008876,3.435043176644013,0.7370924375078822,0.2211725353704289,0.7088828440936846,0.50851406542709,acousticness_very_low|speechiness_very_high,energy_very_high,"acousticness_very_low|speechiness_very_high  →  energy_very_high (conf=0.78, lift=3.14)"
"frozenset({'energy_very_low', 'duration_ms_very_low', 'tempo_very_low'})",frozenset({'acousticness_very_high'}),0.0362486373818565,0.249751434492507,0.0284502689299105,0.7848645076007932,3.142582580939451,1.0,0.0193971197453931,3.4873305057230013,0.7074338976597647,0.1104651162790697,0.7132477124382343,0.449389422009903,duration_ms_very_low|energy_very_low|tempo_very_low,acousticness_very_high,"duration_ms_very_low|energy_very_low|tempo_very_low  →  acousticness_very_high (conf=0.78, lift=3.14)"
"frozenset({'energy_very_low', 'mode_0', 'acousticness_very_high'})",frozenset({'loudness_very_low'}),0.0514860024676864,0.2500029947651505,0.0404293295319781,0.785248953001396,3.1409581862771216,1.0,0.0275576747265705,3.4924020893817795,0.718624941355647,0.1548662414536777,0.7136641273236042,0.4734821669654799,acousticness_very_high|energy_very_low|mode_0,loudness_very_low,"acousticness_very_high|energy_very_low|mode_0  →  loudness_very_low (conf=0.79, lift=3.14)"
"frozenset({'speechiness_low', 'acousticness_very_high'})",frozenset({'energy_very_low'}),0.0792774230644832,0.2505061153104373,0.0623390313731597,0.7863402840737383,3.139006339622781,1.0,0.0424795520894539,3.507885805428237,0.7401011624836276,0.2330914628684045,0.7149280063642433,0.5175963088310543,acousticness_very_high|speechiness_low,energy_very_low,"acousticness_very_high|speechiness_low  →  energy_very_low (conf=0.79, lift=3.14)"
"frozenset({'duration_ms_very_low', 'acousticness_very_high', 'tempo_very_low'})",frozenset({'energy_very_low'}),0.0361887420788461,0.2505061153104373,0.0284502689299105,0.7861635220125787,3.138300719877967,1.0,0.0193847677337673,3.504986107812956,0.7069394715255163,0.1101679191019575,0.7146921644651023,0.4498673386650498,acousticness_very_high|duration_ms_very_low|tempo_very_low,energy_very_low,"acousticness_very_high|duration_ms_very_low|tempo_very_low  →  energy_very_low (conf=0.79, lift=3.14)"
"frozenset({'energy_very_low', 'valence_very_low', 'mode_1'})",frozenset({'loudness_very_low'}),0.0699936510978809,0.2500029947651505,0.0549000347392757,0.7843573506760226,3.1373918196973496,1.0,0.0374014123502584,3.477962302847005,0.7325368383270933,0.2070944419340261,0.7124753194761726,0.5019774295306323,energy_very_low|mode_1|valence_very_low,loudness_very_low,"energy_very_low|mode_1|valence_very_low  →  loudness_very_low (conf=0.78, lift=3.14)"
"frozenset({'instrumentalness_high', 'danceability_very_low', 'loudness_very_low', 'mode_1', 'valence_very_low'})",frozenset({'acousticness_very_high'}),0.0294445309598821,0.249751434492507,0.0230716707195821,0.7835638730675346,3.137374864972168,1.0,0.0157178568743925,3.466374011310936,0.7019301932707908,0.0900799775501613,0.7115141076130406,0.4379712022059818,danceability_very_low|instrumentalness_high|loudness_very_low|mode_1|valence_very_low,acousticness_very_high,"danceability_very_low|instrumentalness_high|loudness_very_low|mode_1|valence_very_low  →  acousticness_very_high (conf=0.78, lift=3.14)"
"frozenset({'energy_very_low', 'acousticness_very_high', 'liveness_low'})",frozenset({'loudness_very_low'}),0.072676960672744,0.2500029947651505,0.0569963703446375,0.7842426240316467,3.13693291861705,1.0,0.0388269125260224,3.47611293411752,0.7346062307753339,0.2145272555119707,0.7123223500061945,0.5061126871955071,acousticness_very_high|energy_very_low|liveness_low,loudness_very_low,"acousticness_very_high|energy_very_low|liveness_low  →  loudness_very_low (conf=0.78, lift=3.14)"
"frozenset({'loudness_very_low', 'duration_ms_very_low', 'danceability_very_low'})",frozenset({'acousticness_very_high'}),0.03261898201943,0.249751434492507,0.0255513362642101,0.7833272126331252,3.1364272810878537,1.0,0.0174046987131722,3.462587870977801,0.704134025349802,0.0994915807640282,0.7111986649113948,0.4428171388600899,danceability_very_low|duration_ms_very_low|loudness_very_low,acousticness_very_high,"danceability_very_low|duration_ms_very_low|loudness_very_low  →  acousticness_very_high (conf=0.78, lift=3.14)"
"frozenset({'energy_very_low', 'mode_1', 'valence_very_low', 'liveness_low'})",frozenset({'acousticness_very_high'}),0.0314929503228356,0.249751434492507,0.0246648857796571,0.7831875237732979,3.135867969546316,1.0,0.0167994762601276,3.460356980209122,0.7032566499159159,0.096129604556702,0.7110124748055426,0.4409726289785958,energy_very_low|liveness_low|mode_1|valence_very_low,acousticness_very_high,"energy_very_low|liveness_low|mode_1|valence_very_low  →  acousticness_very_high (conf=0.78, lift=3.14)"
"frozenset({'energy_very_low', 'loudness_very_low', 'duration_ms_low'})",frozenset({'acousticness_very_high'}),0.0367996741695516,0.249751434492507,0.0288096407479725,0.7828776041666665,3.134627057327889,1.0,0.0196188693352701,3.455417681018016,0.7070001585230358,0.1117772820226808,0.7105993855696815,0.4491154292596966,duration_ms_low|energy_very_low|loudness_very_low,acousticness_very_high,"duration_ms_low|energy_very_low|loudness_very_low  →  acousticness_very_high (conf=0.78, lift=3.13)"
"frozenset({'key_very_low', 'acousticness_very_high', 'danceability_very_low'})",frozenset({'loudness_very_low'}),0.0313132644138046,0.2500029947651505,0.0245331161130344,0.7834736036725325,3.1338568740287176,1.0,0.0167047062337102,3.4637670877807354,0.7029149421489519,0.0955402127262549,0.7112969854330742,0.4408024463020065,acousticness_very_high|danceability_very_low|key_very_low,loudness_very_low,"acousticness_very_high|danceability_very_low|key_very_low  →  loudness_very_low (conf=0.78, lift=3.13)"
"frozenset({'mode_1', 'speechiness_low', 'acousticness_very_high'})",frozenset({'energy_very_low'}),0.0546604535272343,0.2505061153104373,0.042908995076606,0.7850098619329389,3.133695402845247,1.0,0.0292162172023919,3.4861779774092505,0.720257542464209,0.1636139405289361,0.713152912306804,0.4781495369343347,acousticness_very_high|mode_1|speechiness_low,energy_very_low,"acousticness_very_high|mode_1|speechiness_low  →  energy_very_low (conf=0.79, lift=3.13)"
"frozenset({'loudness_very_low', 'mode_1', 'valence_very_low', 'tempo_very_low'})",frozenset({'danceability_very_low'}),0.0296601540507193,0.2516321470070317,0.0233831262952359,0.7883683360258481,3.133019152770722,1.0,0.0159196780508941,3.5361809236843302,0.7016294984419723,0.090664189503019,0.7172090394746816,0.4406470833704409,loudness_very_low|mode_1|tempo_very_low|valence_very_low,danceability_very_low,"loudness_very_low|mode_1|tempo_very_low|valence_very_low  →  danceability_very_low (conf=0.79, lift=3.13)"
"frozenset({'instrumentalness_low', 'duration_ms_low', 'energy_very_high'})",frozenset({'loudness_very_high'}),0.0333137675343499,0.2499430994621402,0.0260784149307011,0.7828119381517441,3.1319605935762973,1.0,0.0177518686184044,3.453490464231439,0.7041697273056478,0.1014020215194,0.7104378858557103,0.4435746726464448,duration_ms_low|energy_very_high|instrumentalness_low,loudness_very_high,"duration_ms_low|energy_very_high|instrumentalness_low  →  loudness_very_high (conf=0.78, lift=3.13)"
"frozenset({'acousticness_very_high', 'instrumentalness_high', 'danceability_very_low', 'loudness_very_low', 'mode_1'})",frozenset({'valence_very_low'}),0.0293846356568717,0.2507217384012746,0.0230716707195821,0.7851610273134937,3.1316033157717693,1.0,0.0157043037854031,3.487627278371297,0.701281659805415,0.0897609171832036,0.7132721130490198,0.4385910248846493,acousticness_very_high|danceability_very_low|instrumentalness_high|loudness_very_low|mode_1,valence_very_low,"acousticness_very_high|danceability_very_low|instrumentalness_high|loudness_very_low|mode_1  →  valence_very_low (conf=0.79, lift=3.13)"
"frozenset({'danceability_very_low', 'instrumentalness_high', 'tempo_very_low'})",frozenset({'loudness_very_low'}),0.0375663340480839,0.2500029947651505,0.0294085937780759,0.7828443877551021,3.1313400405082974,1.0,0.0200168977637068,3.453730702520541,0.7072153954583673,0.1139158275718064,0.7104580275265244,0.4502386768674887,danceability_very_low|instrumentalness_high|tempo_very_low,loudness_very_low,"danceability_very_low|instrumentalness_high|tempo_very_low  →  loudness_very_low (conf=0.78, lift=3.13)"
"frozenset({'speechiness_high', 'energy_very_high', 'danceability_very_low'})",frozenset({'acousticness_very_low'}),0.0272523628697037,0.2504581990680291,0.0213347069322823,0.7828571428571428,3.125699800486485,1.0,0.0145091292075879,3.451837241134076,0.699124436356916,0.0832165218203906,0.7102992029625772,0.4340199240208806,danceability_very_low|energy_very_high|speechiness_high,acousticness_very_low,"danceability_very_low|energy_very_high|speechiness_high  →  acousticness_very_low (conf=0.78, lift=3.13)"
"frozenset({'liveness_very_low', 'acousticness_very_high', 'mode_1'})",frozenset({'energy_very_low'}),0.0372548784724301,0.2505061153104373,0.0291690125660345,0.7829581993569132,3.1255053330200724,1.0,0.0198364376835436,3.453223676125245,0.7063673681938771,0.1127993699911983,0.7104155149538217,0.4496992603517542,acousticness_very_high|liveness_very_low|mode_1,energy_very_low,"acousticness_very_high|liveness_very_low|mode_1  →  energy_very_low (conf=0.78, lift=3.13)"
"frozenset({'energy_very_low', 'tempo_very_low', 'liveness_low'})",frozenset({'acousticness_very_high'}),0.0385246588962493,0.249751434492507,0.0300674421111896,0.7804726368159204,3.12499761373477,1.0,0.0204458532885168,3.417562870640364,0.7072461732254416,0.1164463001623753,0.7073938248244648,0.4504310519683228,energy_very_low|liveness_low|tempo_very_low,acousticness_very_high,"energy_very_low|liveness_low|tempo_very_low  →  acousticness_very_high (conf=0.78, lift=3.12)"
"frozenset({'speechiness_very_low', 'key_very_low', 'acousticness_very_high'})",frozenset({'energy_very_low'}),0.0263060170821404,0.2505061153104373,0.0205920051749541,0.7827868852459017,3.124821461048328,1.0,0.0140021870264171,3.450500148382138,0.698352591775371,0.0803684136705783,0.7101869418933723,0.432494245989439,acousticness_very_high|key_very_low|speechiness_very_low,energy_very_low,"acousticness_very_high|key_very_low|speechiness_very_low  →  energy_very_low (conf=0.78, lift=3.12)"
"frozenset({'loudness_very_low', 'valence_very_low', 'instrumentalness_high'})",frozenset({'energy_very_low'}),0.0687358497346638,0.2505061153104373,0.0537979611638855,0.7826768909027536,3.124382372593294,1.0,0.0365792104642929,3.448753737248365,0.730122320565604,0.2026716007040029,0.7100401837337728,0.4987169840894793,instrumentalness_high|loudness_very_low|valence_very_low,energy_very_low,"instrumentalness_high|loudness_very_low|valence_very_low  →  energy_very_low (conf=0.78, lift=3.12)"
"frozenset({'duration_ms_very_high', 'energy_very_high', 'instrumentalness_high'})",frozenset({'acousticness_very_low'}),0.028366415505696,0.2504581990680291,0.0221971992956312,0.7825168918918919,3.1243412865048423,1.0,0.0150925979540591,3.446436863314383,0.6997828650301613,0.0864958222471175,0.7098452576791684,0.4355716275032446,duration_ms_very_high|energy_very_high|instrumentalness_high,acousticness_very_low,"duration_ms_very_high|energy_very_high|instrumentalness_high  →  acousticness_very_low (conf=0.78, lift=3.12)"
"frozenset({'loudness_very_high', 'instrumentalness_high'})",frozenset({'acousticness_very_low'}),0.0351345847458642,0.2504581990680291,0.0274919440817451,0.7824752812819639,3.1241751485621325,1.0,0.0186921992612929,3.445777589550895,0.7046739391452898,0.106516290726817,0.7097897429502015,0.4461209389000215,instrumentalness_high|loudness_very_high,acousticness_very_low,"instrumentalness_high|loudness_very_high  →  acousticness_very_low (conf=0.78, lift=3.12)"
"frozenset({'loudness_very_low', 'speechiness_low', 'instrumentalness_high'})",frozenset({'energy_very_low'}),0.0464068807724098,0.2505061153104373,0.0362965536242647,0.7821373257614869,3.122228472515453,1.0,0.0246713461982937,3.4402124517622825,0.7127945136703232,0.1392719249862107,0.7093202777381552,0.4635151051148674,instrumentalness_high|loudness_very_low|speechiness_low,energy_very_low,"instrumentalness_high|loudness_very_low|speechiness_low  →  energy_very_low (conf=0.78, lift=3.12)"
"frozenset({'valence_very_low', 'mode_1', 'acousticness_very_high', 'tempo_very_low'})",frozenset({'danceability_very_low'}),0.028366415505696,0.2516321470070317,0.0222690736592436,0.7850506756756757,3.119834587961998,1.0,0.0151311716226517,3.481601327872984,0.6993070195433909,0.086404833836858,0.7127758448406468,0.4367745999534239,acousticness_very_high|mode_1|tempo_very_low|valence_very_low,danceability_very_low,"acousticness_very_high|mode_1|tempo_very_low|valence_very_low  →  danceability_very_low (conf=0.79, lift=3.12)"
"frozenset({'energy_very_low', 'acousticness_very_high', 'instrumentalness_high', 'loudness_very_low', 'mode_1', 'valence_very_low'})",frozenset({'danceability_very_low'}),0.0282466248996753,0.2516321470070317,0.0221732411744271,0.7849872773536896,3.119582639541496,1.0,0.0150654823052195,3.4805747482394853,0.6991941745305256,0.0860409984660437,0.7126911293872339,0.4365524790081787,acousticness_very_high|energy_very_low|instrumentalness_high|loudness_very_low|mode_1|valence_very_low,danceability_very_low,"acousticness_very_high|energy_very_low|instrumentalness_high|loudness_very_low|mode_1|valence_very_low  →  danceability_very_low (conf=0.78, lift=3.12)"
"frozenset({'loudness_very_low', 'valence_very_low', 'tempo_very_low'})",frozenset({'danceability_very_low'}),0.045208974712203,0.2516321470070317,0.0354819775033241,0.7848436671966085,3.1190119248741164,1.0,0.0241059461325059,3.478251572900817,0.7115542834966939,0.1357594646622055,0.7124992315705294,0.4629254992176511,loudness_very_low|tempo_very_low|valence_very_low,danceability_very_low,"loudness_very_low|tempo_very_low|valence_very_low  →  danceability_very_low (conf=0.78, lift=3.12)"
"frozenset({'loudness_very_high', 'danceability_very_low'})",frozenset({'energy_very_high'}),0.0591046850106014,0.2486014446747086,0.0458199068029085,0.7752330766112688,3.118377198594522,1.0,0.0311263967222294,3.3430121478584214,0.721993588455392,0.1749611197511664,0.7008685712851467,0.4797718893392199,danceability_very_low|loudness_very_high,energy_very_high,"danceability_very_low|loudness_very_high  →  energy_very_high (conf=0.78, lift=3.12)"
"frozenset({'energy_very_low', 'valence_low', 'loudness_very_low', 'mode_1'})",frozenset({'acousticness_very_high'}),0.0334335581403706,0.249751434492507,0.0260304986882928,0.7785739878179863,3.117395459209443,1.0,0.0176804195825466,3.388258489209404,0.7027136118565792,0.1012251362556482,0.7048631315512961,0.4413998050749963,energy_very_low|loudness_very_low|mode_1|valence_low,acousticness_very_high,"energy_very_low|loudness_very_low|mode_1|valence_low  →  acousticness_very_high (conf=0.78, lift=3.12)"
"frozenset({'mode_1', 'energy_very_high', 'danceability_very_low'})",frozenset({'acousticness_very_low'}),0.0490063369230584,0.2504581990680291,0.0382491405024018,0.7804937668051821,3.116263590928343,1.0,0.0259751016137315,3.41467205747516,0.7140982217376649,0.1464275887370448,0.707146108566745,0.4666052151416383,danceability_very_low|energy_very_high|mode_1,acousticness_very_low,"danceability_very_low|energy_very_high|mode_1  →  acousticness_very_low (conf=0.78, lift=3.12)"
"frozenset({'valence_low', 'mode_1', 'acousticness_very_high'})",frozenset({'energy_very_low'}),0.0483714467111489,0.2505061153104373,0.037757999017717,0.7805844477464091,3.1160295100144646,1.0,0.0256406558101612,3.4158649056167656,0.713596471077696,0.1446004220570694,0.7072483755561635,0.4656556515702206,acousticness_very_high|mode_1|valence_low,energy_very_low,"acousticness_very_high|mode_1|valence_low  →  energy_very_low (conf=0.78, lift=3.12)"
"frozenset({'loudness_very_low', 'valence_very_low', 'danceability_very_low'})",frozenset({'acousticness_very_high'}),0.066471807280873,0.249751434492507,0.0516776674373195,0.7774373761038026,3.1128444874943324,1.0,0.035076238215612,3.3709548906891333,0.7270807890133086,0.1953450461872849,0.7033481513614777,0.4921768874859269,danceability_very_low|loudness_very_low|valence_very_low,acousticness_very_high,"danceability_very_low|loudness_very_low|valence_very_low  →  acousticness_very_high (conf=0.78, lift=3.11)"
"frozenset({'loudness_very_low', 'mode_0', 'tempo_very_low'})",frozenset({'energy_very_low'}),0.0282825620814815,0.2505061153104373,0.0220534505684064,0.7797543413807708,3.112715793043485,1.0,0.0149684958103482,3.402990503369341,0.6984922843404648,0.0858995893990294,0.7061408196673226,0.4338949595197656,loudness_very_low|mode_0|tempo_very_low,energy_very_low,"loudness_very_low|mode_0|tempo_very_low  →  energy_very_low (conf=0.78, lift=3.11)"
"frozenset({'valence_very_low', 'instrumentalness_high', 'tempo_very_low'})",frozenset({'danceability_very_low'}),0.0382611195630038,0.2516321470070317,0.029959630565771,0.7830306825297433,3.111807024036011,1.0,0.0203319029032396,3.4491874782965954,0.7056419631810974,0.1152587676851468,0.710076646661765,0.4510459515666902,instrumentalness_high|tempo_very_low|valence_very_low,danceability_very_low,"instrumentalness_high|tempo_very_low|valence_very_low  →  danceability_very_low (conf=0.78, lift=3.11)"
"frozenset({'energy_very_low', 'mode_1', 'acousticness_very_high', 'liveness_low'})",frozenset({'loudness_very_low'}),0.0526359922854849,0.2500029947651505,0.0409204710166628,0.7774237596722803,3.109657787910028,1.0,0.0277613153128562,3.369618446832236,0.7161146094403215,0.1563529842548516,0.7032304945564102,0.4705518415036054,acousticness_very_high|energy_very_low|liveness_low|mode_1,loudness_very_low,"acousticness_very_high|energy_very_low|liveness_low|mode_1  →  loudness_very_low (conf=0.78, lift=3.11)"
"frozenset({'loudness_very_low', 'tempo_very_low', 'liveness_low'})",frozenset({'acousticness_very_high'}),0.0327627307466548,0.249751434492507,0.0254435247187915,0.776599634369287,3.1094901855011616,1.0,0.0172609857169227,3.358313955258581,0.7013830988100682,0.0989748369058714,0.7022315324527179,0.4392375120381137,liveness_low|loudness_very_low|tempo_very_low,acousticness_very_high,"liveness_low|loudness_very_low|tempo_very_low  →  acousticness_very_high (conf=0.78, lift=3.11)"
"frozenset({'loudness_very_low', 'mode_1', 'valence_very_low', 'liveness_low'})",frozenset({'acousticness_very_high'}),0.027827357778603,0.249751434492507,0.0216102253261299,0.7765820060266897,3.1094196019522293,1.0,0.0146603028027876,3.35804897432352,0.6978149183871767,0.0844253088730812,0.7022080357832033,0.4315544688870079,liveness_low|loudness_very_low|mode_1|valence_very_low,acousticness_very_high,"liveness_low|loudness_very_low|mode_1|valence_very_low  →  acousticness_very_high (conf=0.78, lift=3.11)"
"frozenset({'energy_very_low', 'duration_ms_very_low', 'tempo_very_low'})",frozenset({'loudness_very_low'}),0.0362486373818565,0.2500029947651505,0.0281747505360629,0.777263714474554,3.1090176147877955,1.0,0.0191124826344428,3.3671972371523085,0.7038692933576547,0.1091719272187151,0.7030171001073535,0.4449806833034006,duration_ms_very_low|energy_very_low|tempo_very_low,loudness_very_low,"duration_ms_very_low|energy_very_low|tempo_very_low  →  loudness_very_low (conf=0.78, lift=3.11)"
"frozenset({'energy_very_low', 'liveness_very_low', 'acousticness_very_high'})",frozenset({'loudness_very_low'}),0.0419985864708489,0.2500029947651505,0.0326429401406341,0.7772390188248717,3.1089188333723747,1.0,0.0221431677470188,3.3668239441144463,0.7080832670934698,0.1258602374024294,0.7029841724429629,0.4539046076395561,acousticness_very_high|energy_very_low|liveness_very_low,loudness_very_low,"acousticness_very_high|energy_very_low|liveness_very_low  →  loudness_very_low (conf=0.78, lift=3.11)"
"frozenset({'energy_very_low', 'key_high', 'acousticness_very_high'})",frozenset({'loudness_very_low'}),0.0389319469567196,0.2500029947651505,0.0302471280202206,0.7769230769230768,3.107655080903762,1.0,0.0205140246890027,3.3620555407079444,0.7056877658001001,0.1169252141699467,0.7025629148918131,0.4489550698463012,acousticness_very_high|energy_very_low|key_high,loudness_very_low,"acousticness_very_high|energy_very_low|key_high  →  loudness_very_low (conf=0.78, lift=3.11)"
"frozenset({'loudness_very_low', 'valence_very_low', 'mode_0'})",frozenset({'energy_very_low'}),0.0376501874722984,0.2505061153104373,0.0293007822326573,0.7782373528475978,3.1066600984298303,1.0,0.0198691800282621,3.379712022351929,0.7046407643091168,0.113193576750428,0.7041168024416162,0.447601843983095,loudness_very_low|mode_0|valence_very_low,energy_very_low,"loudness_very_low|mode_0|valence_very_low  →  energy_very_low (conf=0.78, lift=3.11)"
"frozenset({'acousticness_very_low', 'speechiness_high', 'danceability_very_low'})",frozenset({'energy_very_high'}),0.027659650930174,0.2486014446747086,0.0213347069322823,0.7713295799047206,3.102675372277077,1.0,0.0144584777518429,3.2859455762236696,0.6969756115242429,0.0836896762370189,0.6956735962896753,0.4285742488257762,acousticness_very_low|danceability_very_low|speechiness_high,energy_very_high,"acousticness_very_low|danceability_very_low|speechiness_high  →  energy_very_high (conf=0.77, lift=3.10)"
"frozenset({'energy_very_low', 'loudness_very_low', 'mode_1'})",frozenset({'acousticness_very_high'}),0.1215515279291798,0.249751434492507,0.0941793744534553,0.7748102887552972,3.10232567964907,1.0,0.0638217059883866,3.3316289690173013,0.7714296298183428,0.3398461139448431,0.6998465287402755,0.5759513576252864,energy_very_low|loudness_very_low|mode_1,acousticness_very_high,"energy_very_low|loudness_very_low|mode_1  →  acousticness_very_high (conf=0.77, lift=3.10)"
"frozenset({'acousticness_very_high', 'speechiness_low', 'tempo_very_low'})",frozenset({'loudness_very_low'}),0.0310137878987529,0.2500029947651505,0.0240419746283496,0.7752027809965237,3.10077397962668,1.0,0.0162884347746502,3.336326884111727,0.6991842249739953,0.0935577102368077,0.700269177830804,0.4356847637613188,acousticness_very_high|speechiness_low|tempo_very_low,loudness_very_low,"acousticness_very_high|speechiness_low|tempo_very_low  →  loudness_very_low (conf=0.78, lift=3.10)"
"frozenset({'valence_very_low', 'acousticness_very_high', 'tempo_very_low'})",frozenset({'danceability_very_low'}),0.042010565531451,0.2516321470070317,0.0327747098072569,0.7801539777587682,3.100374840965639,1.0,0.0222035010055982,3.404054553108093,0.7071668340498123,0.1256371401019424,0.7062326750648155,0.4552012390936086,acousticness_very_high|tempo_very_low|valence_very_low,danceability_very_low,"acousticness_very_high|tempo_very_low|valence_very_low  →  danceability_very_low (conf=0.78, lift=3.10)"
"frozenset({'tempo_very_high', 'energy_very_high', 'danceability_very_low'})",frozenset({'acousticness_very_low'}),0.0380335174115645,0.2504581990680291,0.0295283843840966,0.7763779527559056,3.0998304533245764,1.0,0.0200025781089736,3.3518242506464917,0.7041843176456848,0.1140253492459987,0.7016550018077103,0.447137704137662,danceability_very_low|energy_very_high|tempo_very_high,acousticness_very_low,"danceability_very_low|energy_very_high|tempo_very_high  →  acousticness_very_low (conf=0.78, lift=3.10)"
"frozenset({'energy_very_low', 'loudness_very_low', 'speechiness_low', 'danceability_very_low'})",frozenset({'valence_very_low'}),0.038117370835779,0.2507217384012746,0.0296242168689131,0.7771841609050911,3.099787700343817,1.0,0.0200673633896805,3.362769292534759,0.7042410802020427,0.1142843939183881,0.7026260462708613,0.4476699590956416,danceability_very_low|energy_very_low|loudness_very_low|speechiness_low,valence_very_low,"danceability_very_low|energy_very_low|loudness_very_low|speechiness_low  →  valence_very_low (conf=0.78, lift=3.10)"
"frozenset({'energy_very_low', 'speechiness_high', 'mode_1'})",frozenset({'loudness_very_low'}),0.0300195258687813,0.2500029947651505,0.0232633356892152,0.7749401436552273,3.0997234428459377,1.0,0.01575836432059,3.3324335019832123,0.6983548558728613,0.0906037137258561,0.6999189933107816,0.4339961858669045,energy_very_low|mode_1|speechiness_high,loudness_very_low,"energy_very_low|mode_1|speechiness_high  →  loudness_very_low (conf=0.77, lift=3.10)"
"frozenset({'loudness_very_low', 'key_very_low', 'speechiness_low'})",frozenset({'energy_very_low'}),0.0268450748092334,0.2505061153104373,0.0208435654475976,0.7764390896921017,3.099481578443332,1.0,0.0141187100419184,3.352526538102415,0.6960509393005312,0.0812590482417223,0.701717499135438,0.429822452267627,key_very_low|loudness_very_low|speechiness_low,energy_very_low,"key_very_low|loudness_very_low|speechiness_low  →  energy_very_low (conf=0.78, lift=3.10)"
"frozenset({'loudness_very_low', 'valence_very_low', 'speechiness_low'})",frozenset({'acousticness_very_high'}),0.0423819164101151,0.249751434492507,0.032798667928461,0.7738835500282645,3.098615035388244,1.0,0.0222137235084932,3.317974280956886,0.7072497742103062,0.1264723543812647,0.6986112864890548,0.4526043967226074,loudness_very_low|speechiness_low|valence_very_low,acousticness_very_high,"loudness_very_low|speechiness_low|valence_very_low  →  acousticness_very_high (conf=0.77, lift=3.10)"
"frozenset({'danceability_very_low', 'mode_1', 'acousticness_very_high', 'instrumentalness_high'})",frozenset({'valence_very_low'}),0.0306544160806909,0.2507217384012746,0.0238143724769103,0.7768659632669013,3.098518573700795,1.0,0.0161286439874835,3.357973855396041,0.6986828409905802,0.0924608157760104,0.7022013740836408,0.4359246204294372,acousticness_very_high|danceability_very_low|instrumentalness_high|mode_1,valence_very_low,"acousticness_very_high|danceability_very_low|instrumentalness_high|mode_1  →  valence_very_low (conf=0.78, lift=3.10)"
"frozenset({'loudness_very_low', 'duration_ms_very_low', 'tempo_very_low'})",frozenset({'acousticness_very_high'}),0.0340564692916781,0.249751434492507,0.0263419542639466,0.7734787196623286,3.09699410229227,1.0,0.0178363022045999,3.3120445213319925,0.7009791371872378,0.1023123807751361,0.6980716915007431,0.4394757021017768,duration_ms_very_low|loudness_very_low|tempo_very_low,acousticness_very_high,"duration_ms_very_low|loudness_very_low|tempo_very_low  →  acousticness_very_high (conf=0.77, lift=3.10)"
"frozenset({'energy_very_low', 'acousticness_very_high', 'tempo_very_low', 'danceability_very_low', 'loudness_very_low'})",frozenset({'valence_very_low'}),0.0358293702607841,0.2507217384012746,0.0278153787180009,0.7763289869608826,3.0963768515292647,1.0,0.0188321767203942,3.3499122278651527,0.7022013264307362,0.1075049770822723,0.7014847160227583,0.4436351098206228,acousticness_very_high|danceability_very_low|energy_very_low|loudness_very_low|tempo_very_low,valence_very_low,"acousticness_very_high|danceability_very_low|energy_very_low|loudness_very_low|tempo_very_low  →  valence_very_low (conf=0.78, lift=3.10)"
"frozenset({'energy_very_low', 'loudness_very_low', 'valence_very_low', 'mode_0'})",frozenset({'acousticness_very_high'}),0.0293007822326573,0.249751434492507,0.0226524035985098,0.7730989370400655,3.095473459886212,1.0,0.015334491204151,3.3065008851014923,0.6973814645361626,0.0883479723416184,0.6975654824392086,0.4318993653975808,energy_very_low|loudness_very_low|mode_0|valence_very_low,acousticness_very_high,"energy_very_low|loudness_very_low|mode_0|valence_very_low  →  acousticness_very_high (conf=0.77, lift=3.10)"
"frozenset({'loudness_very_low', 'danceability_very_low', 'valence_very_low', 'instrumentalness_high'})",frozenset({'acousticness_very_high'}),0.0465506294996346,0.249751434492507,0.035985098048611,0.773031394750386,3.095203021841214,1.0,0.024359011554548,3.305516922406028,0.7099689159276917,0.1382357001518568,0.6974754558896291,0.4585575219231329,danceability_very_low|instrumentalness_high|loudness_very_low|valence_very_low,acousticness_very_high,"danceability_very_low|instrumentalness_high|loudness_very_low|valence_very_low  →  acousticness_very_high (conf=0.77, lift=3.10)"
"frozenset({'energy_very_low', 'duration_ms_very_low', 'key_very_low'})",frozenset({'loudness_very_low'}),0.0299117143233627,0.2500029947651505,0.0231435450831945,0.7737284741690027,3.094876822958992,1.0,0.0156655269237942,3.3145885346396784,0.6977564551445703,0.0901329601119663,0.6983034275448287,0.4331507727816743,duration_ms_very_low|energy_very_low|key_very_low,loudness_very_low,"duration_ms_very_low|energy_very_low|key_very_low  →  loudness_very_low (conf=0.77, lift=3.09)"
"frozenset({'energy_very_low', 'valence_very_low', 'mode_1', 'speechiness_low'})",frozenset({'danceability_very_low'}),0.0265216401729776,0.2516321470070317,0.0206519004779645,0.7786811201445348,3.094521623752529,1.0,0.0139782032190902,3.3814008704621066,0.6952884657524587,0.0802009676218831,0.7042645819561352,0.4303764545785989,energy_very_low|mode_1|speechiness_low|valence_very_low,danceability_very_low,"energy_very_low|mode_1|speechiness_low|valence_very_low  →  danceability_very_low (conf=0.78, lift=3.09)"
"frozenset({'acousticness_very_high', 'instrumentalness_high', 'mode_1', 'loudness_very_low', 'valence_very_low'})",frozenset({'danceability_very_low'}),0.0296361959295152,0.2516321470070317,0.0230716707195821,0.778496362166532,3.093787385380364,1.0,0.0156142511087172,3.3785804166142404,0.6974410833068456,0.0893569639046116,0.7040177007235113,0.4350922256419635,acousticness_very_high|instrumentalness_high|loudness_very_low|mode_1|valence_very_low,danceability_very_low,"acousticness_very_high|instrumentalness_high|loudness_very_low|mode_1|valence_very_low  →  danceability_very_low (conf=0.78, lift=3.09)"
"frozenset({'acousticness_very_low', 'tempo_very_high', 'danceability_very_low'})",frozenset({'energy_very_high'}),0.0383928892296266,0.2486014446747086,0.0295283843840966,0.7691107644305771,3.0937501808846988,1.0,0.0199838566563753,3.254368067321024,0.7037881563959868,0.1146885032336109,0.6927206820760156,0.4439443862147103,acousticness_very_low|danceability_very_low|tempo_very_high,energy_very_high,"acousticness_very_low|danceability_very_low|tempo_very_high  →  energy_very_high (conf=0.77, lift=3.09)"
"frozenset({'valence_high', 'instrumentalness_low', 'energy_very_high'})",frozenset({'loudness_very_high'}),0.03261898201943,0.2499430994621402,0.0252159225673522,0.7730444362835107,3.092881691661212,1.0,0.0170630331001161,3.3048623627258755,0.699493703739566,0.0979844528231624,0.6974155380028618,0.4369655442860161,energy_very_high|instrumentalness_low|valence_high,loudness_very_high,"energy_very_high|instrumentalness_low|valence_high  →  loudness_very_high (conf=0.77, lift=3.09)"
"frozenset({'energy_very_low', 'speechiness_low', 'acousticness_very_high', 'danceability_very_low', 'loudness_very_low'})",frozenset({'valence_very_low'}),0.0344637573521484,0.2507217384012746,0.0267133051426107,0.7751129648939867,3.091526765235791,1.0,0.0180724919874403,3.3317983904475,0.7006834111428095,0.1033507901932613,0.6998617914976277,0.4408292965893727,acousticness_very_high|danceability_very_low|energy_very_low|loudness_very_low|speechiness_low,valence_very_low,"acousticness_very_high|danceability_very_low|energy_very_low|loudness_very_low|speechiness_low  →  valence_very_low (conf=0.78, lift=3.09)"
"frozenset({'energy_very_low', 'instrumentalness_high'})",frozenset({'acousticness_very_high'}),0.0909450280908971,0.249751434492507,0.0701254207645036,0.7710748155953636,3.087368916067214,1.0,0.0474117695388407,3.2772653103181173,0.7437389702414289,0.2591756320007083,0.694867547997531,0.5259278341970295,energy_very_low|instrumentalness_high,acousticness_very_high,"energy_very_low|instrumentalness_high  →  acousticness_very_high (conf=0.77, lift=3.09)"
"frozenset({'energy_very_high', 'instrumentalness_low', 'tempo_very_high'})",frozenset({'loudness_very_high'}),0.0366679045029288,0.2499430994621402,0.0282945411420836,0.7716432538386149,3.087275685942666,1.0,0.0191296514398398,3.2845839378346056,0.7018242521521073,0.1095344092005193,0.6955474364709766,0.4424235919324874,energy_very_high|instrumentalness_low|tempo_very_high,loudness_very_high,"energy_very_high|instrumentalness_low|tempo_very_high  →  loudness_very_high (conf=0.77, lift=3.09)"
"frozenset({'loudness_very_low', 'danceability_very_low', 'instrumentalness_high'})",frozenset({'acousticness_very_high'}),0.0576552186777512,0.249751434492507,0.0444542938942728,0.7710367753999585,3.0872166038473376,1.0,0.0300548203235252,3.276720821948788,0.717448265236453,0.1690583572502391,0.6948168445411645,0.4745154619001807,danceability_very_low|instrumentalness_high|loudness_very_low,acousticness_very_high,"danceability_very_low|instrumentalness_high|loudness_very_low  →  acousticness_very_high (conf=0.77, lift=3.09)"
"frozenset({'speechiness_very_low', 'mode_1', 'acousticness_very_high'})",frozenset({'energy_very_low'}),0.063632769918183,0.2505061153104373,0.0491980018926915,0.7731551204819277,3.0863722409482994,1.0,0.0332576038940446,3.30399295889706,0.7219336501448709,0.1856942623321427,0.6973359167406273,0.4847747675860289,acousticness_very_high|mode_1|speechiness_very_low,energy_very_low,"acousticness_very_high|mode_1|speechiness_very_low  →  energy_very_low (conf=0.77, lift=3.09)"
"frozenset({'energy_very_low', 'loudness_very_low', 'speechiness_high'})",frozenset({'acousticness_very_high'}),0.0354220822003138,0.249751434492507,0.027300279112112,0.7707135610415963,3.0859224596954973,1.0,0.0184535632698721,3.2721017820142437,0.7007705393653494,0.1058670506805407,0.6943860348425901,0.4400116800363624,energy_very_low|loudness_very_low|speechiness_high,acousticness_very_high,"energy_very_low|loudness_very_low|speechiness_high  →  acousticness_very_high (conf=0.77, lift=3.09)"
"frozenset({'energy_very_low', 'valence_very_low', 'liveness_low'})",frozenset({'acousticness_very_high'}),0.046275111105787,0.249751434492507,0.0356616634123552,0.7706445767538183,3.0856462479175017,1.0,0.0241043880323847,3.2711176168797342,0.7087146283349193,0.1369680239245456,0.694294086265879,0.4567165998546778,energy_very_low|liveness_low|valence_very_low,acousticness_very_high,"energy_very_low|liveness_low|valence_very_low  →  acousticness_very_high (conf=0.77, lift=3.09)"
"frozenset({'energy_very_low', 'loudness_very_low', 'tempo_very_low', 'danceability_very_low'})",frozenset({'valence_very_low'}),0.0410881778650918,0.2507217384012746,0.0317684687166832,0.7731778425655975,3.0838085580283567,1.0,0.0214667693346066,3.3033733127038905,0.7046796582191446,0.1221669430624654,0.6972791430643738,0.4499429585498795,danceability_very_low|energy_very_low|loudness_very_low|tempo_very_low,valence_very_low,"danceability_very_low|energy_very_low|loudness_very_low|tempo_very_low  →  valence_very_low (conf=0.77, lift=3.08)"
"frozenset({'loudness_very_low', 'mode_1', 'danceability_very_low'})",frozenset({'acousticness_very_high'}),0.0639562045544388,0.249751434492507,0.0492578971957019,0.7701816819629144,3.0837928259668157,1.0,0.0332847433635346,3.2645290067192367,0.7218935738657244,0.1862656278311288,0.6936770976941102,0.4837046833719795,danceability_very_low|loudness_very_low|mode_1,acousticness_very_high,"danceability_very_low|loudness_very_low|mode_1  →  acousticness_very_high (conf=0.77, lift=3.08)"
"frozenset({'loudness_very_low', 'duration_ms_very_low', 'mode_0'})",frozenset({'energy_very_low'}),0.0265336192335797,0.2505061153104373,0.0204961726901376,0.7724604966139954,3.083599359068464,1.0,0.0138493388108072,3.293906655927343,0.6941212032240108,0.0798935375420246,0.6964091261661854,0.4271397739382142,duration_ms_very_low|loudness_very_low|mode_0,energy_very_low,"duration_ms_very_low|loudness_very_low|mode_0  →  energy_very_low (conf=0.77, lift=3.08)"
"frozenset({'loudness_very_low', 'speechiness_low'})",frozenset({'energy_very_low'}),0.0810503240335892,0.2505061153104373,0.0626025707064052,0.7723913686077446,3.083323405700359,1.0,0.0422989688880985,3.2929062492270007,0.7352683711554563,0.232763228220203,0.69631689325053,0.5111478648700544,loudness_very_low|speechiness_low,energy_very_low,"loudness_very_low|speechiness_low  →  energy_very_low (conf=0.77, lift=3.08)"
"frozenset({'liveness_very_low', 'acousticness_very_high'})",frozenset({'energy_very_low'}),0.0543849351333868,0.2505061153104373,0.0419985864708489,0.7722466960352423,3.0827458845794755,1.0,0.028374827639174,3.290814542060556,0.7144702928926895,0.1597557641483641,0.6961238662286189,0.4699508155004062,acousticness_very_high|liveness_very_low,energy_very_low,"acousticness_very_high|liveness_very_low  →  energy_very_low (conf=0.77, lift=3.08)"
"frozenset({'mode_1', 'energy_very_high', 'instrumentalness_high'})",frozenset({'acousticness_very_low'}),0.0411600522287042,0.2504581990680291,0.0317684687166832,0.7718277066356227,3.081662766512108,1.0,0.0214595961619359,3.2849816683702184,0.7044969927457355,0.122257053291536,0.6955842981930151,0.4493345535282571,energy_very_high|instrumentalness_high|mode_1,acousticness_very_low,"energy_very_high|instrumentalness_high|mode_1  →  acousticness_very_low (conf=0.77, lift=3.08)"
"frozenset({'acousticness_very_high', 'danceability_very_low'})",frozenset({'loudness_very_low'}),0.0941075000898429,0.2500029947651505,0.072497274763713,0.7703665987780041,3.0814294824815045,1.0,0.0489701179113906,3.266062346521606,0.7456461920687566,0.2669136455852518,0.6938209091247105,0.5301761120387385,acousticness_very_high|danceability_very_low,loudness_very_low,"acousticness_very_high|danceability_very_low  →  loudness_very_low (conf=0.77, lift=3.08)"
"frozenset({'acousticness_low', 'instrumentalness_low', 'energy_very_high'})",frozenset({'loudness_very_high'}),0.037590292169288,0.2499430994621402,0.0289414104145952,0.7699171446781389,3.080369677478378,1.0,0.019545976280116,3.25994259541247,0.7017423394206038,0.1119192106360309,0.6932461321842776,0.4428545704219834,acousticness_low|energy_very_high|instrumentalness_low,loudness_very_high,"acousticness_low|energy_very_high|instrumentalness_low  →  loudness_very_high (conf=0.77, lift=3.08)"
"frozenset({'energy_very_low', 'key_high', 'mode_1', 'acousticness_very_high'})",frozenset({'loudness_very_low'}),0.0283184992632877,0.2500029947651505,0.021801890295763,0.769881556683587,3.079489337344953,1.0,0.0147221806726863,3.2591781624543814,0.6949507990622457,0.0849911272998972,0.693174183749767,0.4285440366072463,acousticness_very_high|energy_very_low|key_high|mode_1,loudness_very_low,"acousticness_very_high|energy_very_low|key_high|mode_1  →  loudness_very_low (conf=0.77, lift=3.08)"
"frozenset({'energy_very_low', 'acousticness_very_high', 'instrumentalness_high', 'mode_1', 'valence_very_low'})",frozenset({'danceability_very_low'}),0.0291929706872387,0.2516321470070317,0.0226164664167036,0.7747230201066885,3.0787919163803794,1.0,0.0152705765251603,3.3219899048157795,0.6955010171541102,0.0875898863372767,0.6989756053893083,0.4323010511368442,acousticness_very_high|energy_very_low|instrumentalness_high|mode_1|valence_very_low,danceability_very_low,"acousticness_very_high|energy_very_low|instrumentalness_high|mode_1|valence_very_low  →  danceability_very_low (conf=0.77, lift=3.08)"
"frozenset({'danceability_very_low', 'speechiness_very_high'})",frozenset({'energy_very_high'}),0.0555469040117874,0.2486014446747086,0.0425136860767378,0.765365538063403,3.0786849974459027,1.0,0.0287046454922001,3.202421967870749,0.7148962708865376,0.162492559864475,0.6877363414213375,0.4681884790495302,danceability_very_low|speechiness_very_high,energy_very_high,"danceability_very_low|speechiness_very_high  →  energy_very_high (conf=0.77, lift=3.08)"
"frozenset({'energy_very_low', 'duration_ms_very_low', 'mode_1'})",frozenset({'acousticness_very_high'}),0.0642556810694905,0.249751434492507,0.0494016459229267,0.7688292319164802,3.078377641668946,1.0,0.0333536974015284,3.2454300849856383,0.7215150037749934,0.1866992620761465,0.6918744284074062,0.4833162419355052,duration_ms_very_low|energy_very_low|mode_1,acousticness_very_high,"duration_ms_very_low|energy_very_low|mode_1  →  acousticness_very_high (conf=0.77, lift=3.08)"
"frozenset({'danceability_very_low', 'mode_1', 'speechiness_very_high'})",frozenset({'energy_very_high'}),0.0345955270187711,0.2486014446747086,0.0264617448699673,0.7648891966759004,3.0767689128948823,1.0,0.0178612468738178,3.1959337669800334,0.6991719372546809,0.1030701754385964,0.6871024017043569,0.4356658193662353,danceability_very_low|mode_1|speechiness_very_high,energy_very_high,"danceability_very_low|mode_1|speechiness_very_high  →  energy_very_high (conf=0.76, lift=3.08)"
"frozenset({'loudness_very_low', 'valence_low'})",frozenset({'energy_very_low'}),0.060805711616095,0.2505061153104373,0.0468501060146863,0.7704885736800631,3.075727603396996,1.0,0.0316179034090516,3.265605973119502,0.7185666345892417,0.1771526928477601,0.6937781201310274,0.478755189670942,loudness_very_low|valence_low,energy_very_low,"loudness_very_low|valence_low  →  energy_very_low (conf=0.77, lift=3.08)"
"frozenset({'acousticness_very_low', 'instrumentalness_low', 'loudness_very_high', 'mode_1'})",frozenset({'energy_very_high'}),0.0269169491728458,0.2486014446747086,0.0205800261143521,0.7645749888740543,3.0755050111413857,1.0,0.0138884336637469,3.1916683436974096,0.6935175236744129,0.080725495724086,0.6866842377358221,0.4236791004698899,acousticness_very_low|instrumentalness_low|loudness_very_high|mode_1,energy_very_high,"acousticness_very_low|instrumentalness_low|loudness_very_high|mode_1  →  energy_very_high (conf=0.76, lift=3.08)"
"frozenset({'energy_very_low', 'key_very_low', 'instrumentalness_high'})",frozenset({'acousticness_very_high'}),0.0304747301716599,0.249751434492507,0.02340708441644,0.7680817610062892,3.075384782341792,1.0,0.0157959768402959,3.2349700858492563,0.696049352567507,0.0911423107421055,0.6908781307208052,0.4309016412110922,energy_very_low|instrumentalness_high|key_very_low,acousticness_very_high,"energy_very_low|instrumentalness_high|key_very_low  →  acousticness_very_high (conf=0.77, lift=3.08)"
"frozenset({'energy_very_low', 'key_very_low', 'acousticness_very_high'})",frozenset({'loudness_very_low'}),0.0572239724960768,0.2500029947651505,0.0439871105307921,0.7686832740213524,3.0746962641125286,1.0,0.0296809460344143,3.242294745707581,0.7157210226668436,0.167098976109215,0.6915764671537394,0.4723148042363589,acousticness_very_high|energy_very_low|key_very_low,loudness_very_low,"acousticness_very_high|energy_very_low|key_very_low  →  loudness_very_low (conf=0.77, lift=3.07)"
"frozenset({'acousticness_very_low', 'instrumentalness_low', 'energy_very_high'})",frozenset({'loudness_very_high'}),0.0424298326525233,0.2499430994621402,0.0325950238982259,0.7682100508187465,3.073539747534059,1.0,0.0219899800153942,3.235933668337515,0.7045355687284002,0.1254726551692336,0.690970179708981,0.4493099139787478,acousticness_very_low|energy_very_high|instrumentalness_low,loudness_very_high,"acousticness_very_low|energy_very_high|instrumentalness_low  →  loudness_very_high (conf=0.77, lift=3.07)"
"frozenset({'instrumentalness_low', 'acousticness_very_high', 'danceability_very_low'})",frozenset({'energy_very_low'}),0.0279591274452257,0.2505061153104373,0.0215263719019154,0.7699228791773779,3.0734693970375058,1.0,0.0145224394981425,3.25757677256134,0.6940395349490304,0.083780129609772,0.6930233514608072,0.4279272008740753,acousticness_very_high|danceability_very_low|instrumentalness_low,energy_very_low,"acousticness_very_high|danceability_very_low|instrumentalness_low  →  energy_very_low (conf=0.77, lift=3.07)"
"frozenset({'energy_very_low', 'acousticness_very_high', 'instrumentalness_high', 'loudness_very_low', 'valence_very_low'})",frozenset({'danceability_very_low'}),0.0440589848944045,0.2516321470070317,0.0340684483522802,0.7732463295269167,3.072923466751285,1.0,0.0229817913883508,3.3003560711128737,0.7056680073962464,0.1302197802197802,0.6970023905139417,0.4543181090650865,acousticness_very_high|energy_very_low|instrumentalness_high|loudness_very_low|valence_very_low,danceability_very_low,"acousticness_very_high|energy_very_low|instrumentalness_high|loudness_very_low|valence_very_low  →  danceability_very_low (conf=0.77, lift=3.07)"
"frozenset({'danceability_very_low', 'tempo_very_low', 'valence_very_low', 'instrumentalness_high'})",frozenset({'energy_very_low'}),0.029959630565771,0.2505061153104373,0.0230596916589801,0.7696921231507398,3.072548237782164,1.0,0.0155546209898129,3.2543128569593693,0.6953702865585105,0.089584884586746,0.6927154689932488,0.4308722666251021,danceability_very_low|instrumentalness_high|tempo_very_low|valence_very_low,energy_very_low,"danceability_very_low|instrumentalness_high|tempo_very_low|valence_very_low  →  energy_very_low (conf=0.77, lift=3.07)"
"frozenset({'loudness_very_low', 'tempo_very_low', 'instrumentalness_high'})",frozenset({'acousticness_very_high'}),0.0428371207129936,0.249751434492507,0.0328705422920734,0.7673378076062641,3.0724060070585315,1.0,0.0221719099444746,3.2246260459793223,0.704709927259105,0.1265624279322909,0.689886521493906,0.4494754173049787,instrumentalness_high|loudness_very_low|tempo_very_low,acousticness_very_high,"instrumentalness_high|loudness_very_low|tempo_very_low  →  acousticness_very_high (conf=0.77, lift=3.07)"
"frozenset({'loudness_very_low', 'tempo_very_low', 'acousticness_very_high', 'danceability_very_low'})",frozenset({'valence_very_low'}),0.0378418524419315,0.2507217384012746,0.0291450544448304,0.7701804368471036,3.0718534489994918,1.0,0.0196572794162648,3.260289295303546,0.7009904125790304,0.1123476172885112,0.6932787524590217,0.4432125308936903,acousticness_very_high|danceability_very_low|loudness_very_low|tempo_very_low,valence_very_low,"acousticness_very_high|danceability_very_low|loudness_very_low|tempo_very_low  →  valence_very_low (conf=0.77, lift=3.07)"
"frozenset({'danceability_very_low', 'instrumentalness_high', 'liveness_low'})",frozenset({'valence_very_low'}),0.030139316474802,0.2507217384012746,0.0232034403862049,0.769872813990461,3.070626499718571,1.0,0.0156468585654163,3.25593109876061,0.6952890984173978,0.0900553256776233,0.6928681935620024,0.4312096989206964,danceability_very_low|instrumentalness_high|liveness_low,valence_very_low,"danceability_very_low|instrumentalness_high|liveness_low  →  valence_very_low (conf=0.77, lift=3.07)"
"frozenset({'energy_very_low', 'valence_very_low', 'speechiness_low'})",frozenset({'danceability_very_low'}),0.0409683872590711,0.2516321470070317,0.0316486781106625,0.7725146198830409,3.0700156123591538,1.0,0.0213397148652469,3.289740433465233,0.7030725040887947,0.1212816746235769,0.6960246499002191,0.4491441041907826,energy_very_low|speechiness_low|valence_very_low,danceability_very_low,"energy_very_low|speechiness_low|valence_very_low  →  danceability_very_low (conf=0.77, lift=3.07)"
"frozenset({'energy_very_low', 'speechiness_high'})",frozenset({'loudness_very_low'}),0.0461553204997664,0.2500029947651505,0.0354220822003138,0.7674539320010381,3.069778954936016,1.0,0.0238831138510269,3.225154532555663,0.706869431127552,0.1358540843517412,0.6899373379149109,0.4545702817647739,energy_very_low|speechiness_high,loudness_very_low,"energy_very_low|speechiness_high  →  loudness_very_low (conf=0.77, lift=3.07)"
"frozenset({'valence_very_low', 'energy_very_high', 'speechiness_very_high'})",frozenset({'acousticness_very_low'}),0.0336491812312078,0.2504581990680291,0.0258627918398639,0.7686009255962976,3.0687792552063,1.0,0.0174350785085818,3.2391737212583167,0.6976115847287077,0.100148436775211,0.6912792934083414,0.4359314174566527,energy_very_high|speechiness_very_high|valence_very_low,acousticness_very_low,"energy_very_high|speechiness_very_high|valence_very_low  →  acousticness_very_low (conf=0.77, lift=3.07)"
"frozenset({'instrumentalness_high', 'speechiness_low', 'danceability_very_low'})",frozenset({'valence_very_low'}),0.0346314642005773,0.2507217384012746,0.0266174726577941,0.7685921826357662,3.0655187202222227,1.0,0.0179346117500439,3.2379124877158683,0.6979623931520069,0.1028751331080142,0.6911590403403912,0.4373777922256709,danceability_very_low|instrumentalness_high|speechiness_low,valence_very_low,"danceability_very_low|instrumentalness_high|speechiness_low  →  valence_very_low (conf=0.77, lift=3.07)"
"frozenset({'loudness_very_low', 'mode_1', 'duration_ms_low'})",frozenset({'energy_very_low'}),0.0328226260496651,0.2505061153104373,0.0252039435067502,0.7678832116788322,3.065327210584221,1.0,0.0169816749607614,3.228951641587112,0.6966359753676554,0.0976424726192686,0.6903019583444504,0.4342476502158507,duration_ms_low|loudness_very_low|mode_1,energy_very_low,"duration_ms_low|loudness_very_low|mode_1  →  energy_very_low (conf=0.77, lift=3.07)"
"frozenset({'speechiness_very_low', 'acousticness_very_high'})",frozenset({'energy_very_low'}),0.0837336336084524,0.2505061153104373,0.0642916182512967,0.7678111587982832,3.065039581356249,1.0,0.0433158309752158,3.227949632766508,0.7353101281105017,0.2381628577767916,0.6902058229629339,0.5122290300494858,acousticness_very_high|speechiness_very_low,energy_very_low,"acousticness_very_high|speechiness_very_low  →  energy_very_low (conf=0.77, lift=3.07)"
"frozenset({'danceability_very_low', 'valence_very_low', 'speechiness_low', 'instrumentalness_high'})",frozenset({'acousticness_very_high'}),0.0266174726577941,0.249751434492507,0.0203644030235148,0.765076507650765,3.063351804987204,1.0,0.0137166510446657,3.193586805665993,0.6919789136718718,0.0795470497403022,0.6868724538109248,0.4233075952806081,danceability_very_low|instrumentalness_high|speechiness_low|valence_very_low,acousticness_very_high,"danceability_very_low|instrumentalness_high|speechiness_low|valence_very_low  →  acousticness_very_high (conf=0.77, lift=3.06)"
"frozenset({'energy_very_low', 'mode_1', 'acousticness_very_high', 'instrumentalness_medium'})",frozenset({'loudness_very_low'}),0.0270966350818768,0.2500029947651505,0.020747732962781,0.7656940760389036,3.062739615412153,1.0,0.0139734930442534,3.2009306147947725,0.692252651572594,0.0809345794392523,0.6875908539291736,0.4243420068742673,acousticness_very_high|energy_very_low|instrumentalness_medium|mode_1,loudness_very_low,"acousticness_very_high|energy_very_low|instrumentalness_medium|mode_1  →  loudness_very_low (conf=0.77, lift=3.06)"
"frozenset({'acousticness_very_low', 'mode_0', 'speechiness_very_high'})",frozenset({'energy_very_high'}),0.0292049497478407,0.2486014446747086,0.0222331364774374,0.7612797374897458,3.062249853317905,1.0,0.0149727437784719,3.1476111303832663,0.6937022538400104,0.0869932036559643,0.6822987470252605,0.425356295285614,acousticness_very_low|mode_0|speechiness_very_high,energy_very_high,"acousticness_very_low|mode_0|speechiness_very_high  →  energy_very_high (conf=0.76, lift=3.06)"
"frozenset({'instrumentalness_high', 'speechiness_low', 'danceability_very_low'})",frozenset({'energy_very_low'}),0.0346314642005773,0.2505061153104373,0.0265575773547838,0.7668626772742996,3.061253320398874,1.0,0.0178821837903847,3.2148172413019678,0.6974915639781479,0.1027054572408042,0.6889403269484112,0.4364391810242959,danceability_very_low|instrumentalness_high|speechiness_low,energy_very_low,"danceability_very_low|instrumentalness_high|speechiness_low  →  energy_very_low (conf=0.77, lift=3.06)"
"frozenset({'energy_very_low', 'duration_ms_very_low', 'mode_1'})",frozenset({'loudness_very_low'}),0.0642556810694905,0.2500029947651505,0.0491740437714874,0.7652870991797166,3.061111727475973,1.0,0.0331099310734404,3.195380409912416,0.7195569198509054,0.1855031858647024,0.6870482159501599,0.480990459029245,duration_ms_very_low|energy_very_low|mode_1,loudness_very_low,"duration_ms_very_low|energy_very_low|mode_1  →  loudness_very_low (conf=0.77, lift=3.06)"
"frozenset({'mode_1', 'loudness_very_high', 'danceability_very_low'})",frozenset({'energy_very_high'}),0.0372788365936343,0.2486014446747086,0.028366415505696,0.7609254498714654,3.060824730391753,1.0,0.0190988428727261,3.142946645392887,0.699362073447519,0.1101549053356282,0.6818272427672745,0.4375147174187472,danceability_very_low|loudness_very_high|mode_1,energy_very_high,"danceability_very_low|loudness_very_high|mode_1  →  energy_very_high (conf=0.76, lift=3.06)"
"frozenset({'loudness_very_low', 'danceability_very_low', 'speechiness_low', 'acousticness_very_high'})",frozenset({'valence_very_low'}),0.0354819775033241,0.2507217384012746,0.0271924675666934,0.7663740715732612,3.056671816572588,1.0,0.018296364485145,3.2071708249355835,0.6975989802465442,0.1049856627509018,0.6881987101450746,0.4374154161019674,acousticness_very_high|danceability_very_low|loudness_very_low|speechiness_low,valence_very_low,"acousticness_very_high|danceability_very_low|loudness_very_low|speechiness_low  →  valence_very_low (conf=0.77, lift=3.06)"
"frozenset({'loudness_very_low', 'valence_very_low', 'acousticness_very_high', 'instrumentalness_high'})",frozenset({'danceability_very_low'}),0.0468261478934821,0.2516321470070317,0.035985098048611,0.7684829879764644,3.0539936852940723,1.0,0.0242021339181053,3.2324529694469737,0.705600450289815,0.1371000867144357,0.6906374170167477,0.4557448739749027,acousticness_very_high|instrumentalness_high|loudness_very_low|valence_very_low,danceability_very_low,"acousticness_very_high|instrumentalness_high|loudness_very_low|valence_very_low  →  danceability_very_low (conf=0.77, lift=3.05)"
"frozenset({'duration_ms_very_low', 'acousticness_very_high', 'liveness_low'})",frozenset({'loudness_very_low'}),0.0338767833826471,0.2500029947651505,0.0258627918398639,0.7634370579915135,3.0537116513691207,1.0,0.0173934945411918,3.170390927958378,0.6961116822923401,0.1002367797947908,0.6845814845161807,0.4334434930590054,acousticness_very_high|duration_ms_very_low|liveness_low,loudness_very_low,"acousticness_very_high|duration_ms_very_low|liveness_low  →  loudness_very_low (conf=0.76, lift=3.05)"
"frozenset({'acousticness_very_low', 'instrumentalness_low', 'energy_very_high', 'mode_1'})",frozenset({'loudness_very_high'}),0.0269648654152541,0.2499430994621402,0.0205800261143521,0.7632163482896491,3.053560390072927,1.0,0.013840344075884,3.1676887112771537,0.6911502083874002,0.0802878773717169,0.6843124147773919,0.4227775966226582,acousticness_very_low|energy_very_high|instrumentalness_low|mode_1,loudness_very_high,"acousticness_very_low|energy_very_high|instrumentalness_low|mode_1  →  loudness_very_high (conf=0.76, lift=3.05)"
"frozenset({'energy_very_low', 'tempo_very_low', 'liveness_low'})",frozenset({'loudness_very_low'}),0.0385246588962493,0.2500029947651505,0.0293966147174738,0.7630597014925373,3.052202243454505,1.0,0.0197653346211056,3.1653416913848766,0.6993083282717846,0.1134430473372781,0.6840783405084816,0.4403223759019946,energy_very_low|liveness_low|tempo_very_low,loudness_very_low,"energy_very_low|liveness_low|tempo_very_low  →  loudness_very_low (conf=0.76, lift=3.05)"
"frozenset({'energy_very_high', 'instrumentalness_high'})",frozenset({'acousticness_very_low'}),0.0703170857341367,0.2504581990680291,0.0537380658608751,0.7642248722316866,3.0513070647134573,1.0,0.0361265752041911,3.179053736611756,0.7231192311479978,0.2012381123272923,0.6854409887812078,0.4893919463511599,energy_very_high|instrumentalness_high,acousticness_very_low,"energy_very_high|instrumentalness_high  →  acousticness_very_low (conf=0.76, lift=3.05)"
"frozenset({'valence_low', 'acousticness_very_high'})",frozenset({'energy_very_low'}),0.0667233675535164,0.2505061153104373,0.0509948609830017,0.7642728904847397,3.050915102561954,1.0,0.0342802493767398,3.179498048530742,0.7202896401185879,0.191541057367829,0.6854849461341533,0.4839201101237776,acousticness_very_high|valence_low,energy_very_low,"acousticness_very_high|valence_low  →  energy_very_low (conf=0.76, lift=3.05)"
"frozenset({'energy_very_low', 'mode_1', 'liveness_low'})",frozenset({'acousticness_very_high'}),0.0691191796739299,0.249751434492507,0.0526359922854849,0.7615251299826691,3.0491321562580094,1.0,0.0353733780109756,3.1460277783272064,0.72193756156661,0.1977052868391451,0.6821388524001794,0.4861393216703119,energy_very_low|liveness_low|mode_1,acousticness_very_high,"energy_very_low|liveness_low|mode_1  →  acousticness_very_high (conf=0.76, lift=3.05)"
"frozenset({'tempo_very_low', 'valence_very_low', 'liveness_low'})",frozenset({'energy_very_low'}),0.0272044466272954,0.2505061153104373,0.0207716910839851,0.7635402906208718,3.0479906236007914,1.0,0.0139568108402112,3.169647322402228,0.6907052554864453,0.0808429297403142,0.6845074867060871,0.4232295944305583,liveness_low|tempo_very_low|valence_very_low,energy_very_low,"liveness_low|tempo_very_low|valence_very_low  →  energy_very_low (conf=0.76, lift=3.05)"
"frozenset({'energy_very_low', 'mode_1', 'tempo_very_low'})",frozenset({'acousticness_very_high'}),0.0659087914325758,0.249751434492507,0.050168305801459,0.7611777535441657,3.047741267596212,1.0,0.0337074905955057,3.141451756029091,0.7192960946937074,0.1889635879619185,0.6816758372682965,0.4810253485453094,energy_very_low|mode_1|tempo_very_low,acousticness_very_high,"energy_very_low|mode_1|tempo_very_low  →  acousticness_very_high (conf=0.76, lift=3.05)"
"frozenset({'energy_very_low', 'acousticness_very_high'})",frozenset({'loudness_very_low'}),0.1766671857592927,0.2500029947651505,0.1346087039854334,0.7619338215351235,3.0476987775721405,1.0,0.0904413784688791,3.150371926289821,0.8160534505131197,0.4608916779459414,0.6825771612376906,0.6501810938054151,acousticness_very_high|energy_very_low,loudness_very_low,"acousticness_very_high|energy_very_low  →  loudness_very_low (conf=0.76, lift=3.05)"
"frozenset({'valence_very_low', 'energy_very_high', 'mode_1'})",frozenset({'acousticness_very_low'}),0.0354340612609159,0.2504581990680291,0.0270367397788665,0.7630155510480054,3.0464786295167614,1.0,0.0181619886097913,3.162831165701528,0.6964294951591209,0.1044472210652968,0.6838275748499536,0.4354823307181867,energy_very_high|mode_1|valence_very_low,acousticness_very_low,"energy_very_high|mode_1|valence_very_low  →  acousticness_very_low (conf=0.76, lift=3.05)"
"frozenset({'energy_very_low', 'liveness_very_low', 'acousticness_very_high', 'mode_1'})",frozenset({'loudness_very_low'}),0.0291690125660345,0.2500029947651505,0.0222091783562333,0.7613963039014373,3.0455487327929123,1.0,0.0149168378603823,3.143274884245883,0.6918320022945437,0.0864295370845182,0.6818604681976727,0.4251159765793722,acousticness_very_high|energy_very_low|liveness_very_low|mode_1,loudness_very_low,"acousticness_very_high|energy_very_low|liveness_very_low|mode_1  →  loudness_very_low (conf=0.76, lift=3.05)"
"frozenset({'acousticness_very_low', 'instrumentalness_low', 'loudness_very_high'})",frozenset({'energy_very_high'}),0.043076701925035,0.2486014446747086,0.0325950238982259,0.7566740823136819,3.0437235926113746,1.0,0.0218860935678403,3.088033377085427,0.7016811655219225,0.1258091363047901,0.6761693032787657,0.4438938281273994,acousticness_very_low|instrumentalness_low|loudness_very_high,energy_very_high,"acousticness_very_low|instrumentalness_low|loudness_very_high  →  energy_very_high (conf=0.76, lift=3.04)"
"frozenset({'acousticness_very_low', 'danceability_very_low', 'instrumentalness_medium'})",frozenset({'energy_very_high'}),0.0288575569903808,0.2486014446747086,0.0218258484169671,0.7563304275633042,3.042341240425821,1.0,0.0146518180593757,3.083678227902259,0.6912536658092633,0.0853795688847235,0.6757119497904708,0.4220624816465391,acousticness_very_low|danceability_very_low|instrumentalness_medium,energy_very_high,"acousticness_very_low|danceability_very_low|instrumentalness_medium  →  energy_very_high (conf=0.76, lift=3.04)"
"frozenset({'energy_very_low', 'liveness_low', 'mode_1', 'tempo_very_low'})",frozenset({'loudness_very_low'}),0.0267133051426107,0.2500029947651505,0.0203164867811066,0.7605381165919282,3.042116024675494,1.0,0.0136380804953786,3.132009965681112,0.6897057600941154,0.0792375256961315,0.6807162138826298,0.4209015451191552,energy_very_low|liveness_low|mode_1|tempo_very_low,loudness_very_low,"energy_very_low|liveness_low|mode_1|tempo_very_low  →  loudness_very_low (conf=0.76, lift=3.04)"
"frozenset({'energy_very_low', 'duration_ms_very_low'})",frozenset({'acousticness_very_high'}),0.0918314785754501,0.249751434492507,0.0697540698858395,0.7595877902426298,3.041375084736174,1.0,0.0468190263800529,3.1206758020512426,0.7390713743109417,0.2566102591221576,0.6795565885624221,0.5194408805882438,duration_ms_very_low|energy_very_low,acousticness_very_high,"duration_ms_very_low|energy_very_low  →  acousticness_very_high (conf=0.76, lift=3.04)"
"frozenset({'instrumentalness_low', 'energy_very_high', 'tempo_high'})",frozenset({'loudness_very_high'}),0.0263179961427424,0.2499430994621402,0.0200050312054528,0.760127446517979,3.041201970183291,1.0,0.0134270296779031,3.1268975530961627,0.6893242746072039,0.0780665669409125,0.6801941915206563,0.4200828941192819,energy_very_high|instrumentalness_low|tempo_high,loudness_very_high,"energy_very_high|instrumentalness_low|tempo_high  →  loudness_very_high (conf=0.76, lift=3.04)"
"frozenset({'mode_1', 'acousticness_very_high', 'tempo_very_low'})",frozenset({'energy_very_low'}),0.0658728542507696,0.2505061153104373,0.050168305801459,0.7615930169121659,3.040217265627902,1.0,0.0336667529786881,3.1437581021418044,0.718399141356501,0.1884534041308553,0.6819093684979414,0.480930402870773,acousticness_very_high|mode_1|tempo_very_low,energy_very_low,"acousticness_very_high|mode_1|tempo_very_low  →  energy_very_low (conf=0.76, lift=3.04)"
"frozenset({'energy_very_low', 'acousticness_very_high', 'instrumentalness_medium'})",frozenset({'loudness_very_low'}),0.0386204913810658,0.2500029947651505,0.0293486984750655,0.7599255583126552,3.039665820909542,1.0,0.0196934599704974,3.1240185334330177,0.6979725085473726,0.1131953428201811,0.679899466248976,0.4386594729752063,acousticness_very_high|energy_very_low|instrumentalness_medium,loudness_very_low,"acousticness_very_high|energy_very_low|instrumentalness_medium  →  loudness_very_low (conf=0.76, lift=3.04)"
"frozenset({'energy_very_low', 'loudness_very_low', 'mode_1', 'key_very_low'})",frozenset({'acousticness_very_high'}),0.0428251416523916,0.249751434492507,0.0324991914134093,0.7588811188811189,3.0385455860270003,1.0,0.0218035508533797,3.111529723537456,0.700911827698583,0.1249596978490166,0.6786146722509487,0.4445036320099872,energy_very_low|key_very_low|loudness_very_low|mode_1,acousticness_very_high,"energy_very_low|key_very_low|loudness_very_low|mode_1  →  acousticness_very_high (conf=0.76, lift=3.04)"
"frozenset({'loudness_very_low', 'valence_very_low', 'speechiness_low', 'instrumentalness_high'})",frozenset({'acousticness_very_high'}),0.0310497250805591,0.249751434492507,0.0235508331436648,0.7584876543209877,3.0369701614015896,1.0,0.0157961197641972,3.106460514050195,0.6922176235686722,0.0915483119906868,0.6780902266495566,0.4263923714551842,instrumentalness_high|loudness_very_low|speechiness_low|valence_very_low,acousticness_very_high,"instrumentalness_high|loudness_very_low|speechiness_low|valence_very_low  →  acousticness_very_high (conf=0.76, lift=3.04)"
"frozenset({'mode_1', 'acousticness_very_high', 'danceability_very_low'})",frozenset({'loudness_very_low'}),0.0649025503420021,0.2500029947651505,0.0492578971957019,0.758951642672573,3.035770205015032,1.0,0.0330320652423054,3.1113964581641773,0.7171384151982908,0.1854256854256853,0.678600906877026,0.4779904356151557,acousticness_very_high|danceability_very_low|mode_1,loudness_very_low,"acousticness_very_high|danceability_very_low|mode_1  →  loudness_very_low (conf=0.76, lift=3.04)"
"frozenset({'energy_very_low', 'mode_1', 'key_very_low', 'acousticness_very_high'})",frozenset({'loudness_very_low'}),0.0428251416523916,0.2500029947651505,0.0324991914134093,0.7588811188811189,3.03548811322841,1.0,0.0217927777490696,3.1104864196224904,0.7005655081342727,0.1248389471746732,0.6785068747796151,0.4444381636571382,acousticness_very_high|energy_very_low|key_very_low|mode_1,loudness_very_low,"acousticness_very_high|energy_very_low|key_very_low|mode_1  →  loudness_very_low (conf=0.76, lift=3.04)"
"frozenset({'loudness_very_low', 'duration_ms_very_low', 'mode_1', 'instrumentalness_high'})",frozenset({'acousticness_very_high'}),0.0283184992632877,0.249751434492507,0.0214664765989051,0.7580372250423012,3.0351666511250546,1.0,0.0143938907852239,3.100677637866632,0.6900705622969153,0.0836562251995705,0.6774898532541317,0.4219942948080708,duration_ms_very_low|instrumentalness_high|loudness_very_low|mode_1,acousticness_very_high,"duration_ms_very_low|instrumentalness_high|loudness_very_low|mode_1  →  acousticness_very_high (conf=0.76, lift=3.04)"
"frozenset({'energy_very_low', 'duration_ms_very_low'})",frozenset({'loudness_very_low'}),0.0918314785754501,0.2500029947651505,0.069670216461625,0.7586746673623793,3.0346623170457145,1.0,0.0467120718040507,3.1078254281785704,0.7382705176029394,0.2559859154929577,0.6782316049888045,0.5186760974569443,duration_ms_very_low|energy_very_low,loudness_very_low,"duration_ms_very_low|energy_very_low  →  loudness_very_low (conf=0.76, lift=3.03)"
"frozenset({'energy_very_low', 'loudness_very_low', 'mode_1', 'tempo_low'})",frozenset({'acousticness_very_high'}),0.0299117143233627,0.249751434492507,0.0226643826591118,0.7577092511013216,3.0338534496948166,1.0,0.0151938890987219,3.0964804430945616,0.6910568843033164,0.0881886827631211,0.677052699547936,0.4242285043937708,energy_very_low|loudness_very_low|mode_1|tempo_low,acousticness_very_high,"energy_very_low|loudness_very_low|mode_1|tempo_low  →  acousticness_very_high (conf=0.76, lift=3.03)"
"frozenset({'loudness_very_low', 'danceability_very_low'})",frozenset({'acousticness_very_high'}),0.0957007151499179,0.249751434492507,0.072497274763713,0.7575416197271247,3.0331822568564752,1.0,0.0485958838730622,3.094339592069881,0.7412515539585087,0.265601685245326,0.6768292650998028,0.5239096654441657,danceability_very_low|loudness_very_low,acousticness_very_high,"danceability_very_low|loudness_very_low  →  acousticness_very_high (conf=0.76, lift=3.03)"
"frozenset({'energy_very_low', 'loudness_very_low'})",frozenset({'acousticness_very_high'}),0.1776973849710705,0.249751434492507,0.1346087039854334,0.7575165161116354,3.033081742456867,1.0,0.0902285271833413,3.094019244019502,0.815152855261116,0.4596662030598052,0.6767958047019514,0.6482436050748595,energy_very_low|loudness_very_low,acousticness_very_high,"energy_very_low|loudness_very_low  →  acousticness_very_high (conf=0.76, lift=3.03)"
"frozenset({'energy_very_low', 'valence_very_low', 'acousticness_very_high', 'instrumentalness_high'})",frozenset({'danceability_very_low'}),0.045376681560632,0.2516321470070317,0.0346314642005773,0.7631995776135163,3.0329971217556286,1.0,0.0232132323954211,3.160331579863281,0.7021545702982717,0.1319910514541387,0.6835775061162218,0.4504134610908674,acousticness_very_high|energy_very_low|instrumentalness_high|valence_very_low,danceability_very_low,"acousticness_very_high|energy_very_low|instrumentalness_high|valence_very_low  →  danceability_very_low (conf=0.76, lift=3.03)"
"frozenset({'loudness_very_low', 'danceability_very_low', 'tempo_very_low'})",frozenset({'valence_very_low'}),0.0466823991662573,0.2507217384012746,0.0354819775033241,0.7600718501411343,3.031535498228941,1.0,0.0237776852316179,3.122927684973513,0.7029495318304855,0.1354676423507889,0.6797876541260732,0.4507956001780683,danceability_very_low|loudness_very_low|tempo_very_low,valence_very_low,"danceability_very_low|loudness_very_low|tempo_very_low  →  valence_very_low (conf=0.76, lift=3.03)"
"frozenset({'energy_very_low', 'loudness_very_low', 'valence_low'})",frozenset({'acousticness_very_high'}),0.0468501060146863,0.249751434492507,0.0354699984427221,0.7570953720276143,3.031395489543538,1.0,0.0237691172594281,3.08865488389453,0.703057231780422,0.1358319188953622,0.6762344652960757,0.4495582860425855,energy_very_low|loudness_very_low|valence_low,acousticness_very_high,"energy_very_low|loudness_very_low|valence_low  →  acousticness_very_high (conf=0.76, lift=3.03)"
"frozenset({'energy_very_low', 'loudness_very_low', 'mode_0', 'instrumentalness_high'})",frozenset({'acousticness_very_high'}),0.02977994465674,0.249751434492507,0.0225326129924891,0.7566371681415929,3.0295608498869027,1.0,0.0150950290953608,3.0828395600853336,0.690481662446751,0.0876759578633355,0.6756237291919532,0.4234286612927255,energy_very_low|instrumentalness_high|loudness_very_low|mode_0,acousticness_very_high,"energy_very_low|instrumentalness_high|loudness_very_low|mode_0  →  acousticness_very_high (conf=0.76, lift=3.03)"
"frozenset({'energy_very_low', 'acousticness_very_high', 'danceability_very_low', 'loudness_very_low', 'liveness_low'})",frozenset({'valence_very_low'}),0.0284981851723187,0.2507217384012746,0.0216461625079361,0.7595628415300546,3.0295053248011192,1.0,0.0145010479802509,3.116316406194698,0.689564442157741,0.0840386940749697,0.6791083222447589,0.4229491226283813,acousticness_very_high|danceability_very_low|energy_very_low|liveness_low|loudness_very_low,valence_very_low,"acousticness_very_high|danceability_very_low|energy_very_low|liveness_low|loudness_very_low  →  valence_very_low (conf=0.76, lift=3.03)"
"frozenset({'energy_very_low', 'mode_1', 'valence_very_low', 'tempo_very_low'})",frozenset({'danceability_very_low'}),0.0316846152924687,0.2516321470070317,0.0241497861737682,0.7621928166351607,3.028996198223678,1.0,0.0161769184006325,3.146952259406043,0.6917762902102722,0.0931823434250057,0.6822322305617881,0.4290826979491142,energy_very_low|mode_1|tempo_very_low|valence_very_low,danceability_very_low,"energy_very_low|mode_1|tempo_very_low|valence_very_low  →  danceability_very_low (conf=0.76, lift=3.03)"
"frozenset({'duration_ms_very_low', 'key_very_low', 'acousticness_very_high'})",frozenset({'energy_very_low'}),0.0293127612932593,0.2505061153104373,0.0222211574168353,0.7580711074785451,3.0261580901492664,1.0,0.0148781314562388,3.097992459181351,0.6897669723637847,0.0862630208333333,0.6772103182380723,0.4233880786053781,acousticness_very_high|duration_ms_very_low|key_very_low,energy_very_low,"acousticness_very_high|duration_ms_very_low|key_very_low  →  energy_very_low (conf=0.76, lift=3.03)"
"frozenset({'energy_very_low', 'loudness_very_low', 'liveness_low', 'danceability_very_low'})",frozenset({'valence_very_low'}),0.0324153379891948,0.2507217384012746,0.0245930114160447,0.7586844050258684,3.026001693605086,1.0,0.0164657815245289,3.10497239798798,0.6919610705783327,0.0951211601723578,0.6779359453732987,0.4283866363399767,danceability_very_low|energy_very_low|liveness_low|loudness_very_low,valence_very_low,"danceability_very_low|energy_very_low|liveness_low|loudness_very_low  →  valence_very_low (conf=0.76, lift=3.03)"
"frozenset({'valence_very_low', 'mode_1', 'acousticness_very_high', 'instrumentalness_high'})",frozenset({'danceability_very_low'}),0.0312773272319984,0.2516321470070317,0.0238143724769103,0.7613941018766756,3.0258220618186717,1.0,0.015943991472881,3.136418080521091,0.691127934446467,0.0919136344722363,0.6811649549495463,0.4280168643249892,acousticness_very_high|instrumentalness_high|mode_1|valence_very_low,danceability_very_low,"acousticness_very_high|instrumentalness_high|mode_1|valence_very_low  →  danceability_very_low (conf=0.76, lift=3.03)"
"frozenset({'energy_very_low', 'key_low'})",frozenset({'acousticness_very_high'}),0.0550557625271026,0.249751434492507,0.0416032774709807,0.7556570931244561,3.025636648133554,1.0,0.027853021802758,3.070474093564058,0.7084979416697929,0.1580648097578736,0.6743173954484508,0.4611179129586978,energy_very_low|key_low,acousticness_very_high,"energy_very_low|key_low  →  acousticness_very_high (conf=0.76, lift=3.03)"
"frozenset({'energy_very_low', 'liveness_very_low', 'valence_very_low'})",frozenset({'acousticness_very_high'}),0.0278033996573988,0.249751434492507,0.0209873141748224,0.7548470486859112,3.0223932455873754,1.0,0.0140433752266185,3.060328507105256,0.6882726908704269,0.0818003548417219,0.6732376940324316,0.4194399280073999,energy_very_low|liveness_very_low|valence_very_low,acousticness_very_high,"energy_very_low|liveness_very_low|valence_very_low  →  acousticness_very_high (conf=0.75, lift=3.02)"
"frozenset({'valence_very_low', 'energy_very_high'})",frozenset({'acousticness_very_low'}),0.0615963296158315,0.2504581990680291,0.0466105248026449,0.7567094515752625,3.021300378230885,1.0,0.0311832190178631,3.080850471936206,0.7129305980057358,0.1755945665418114,0.6754143022814295,0.4714052327706042,energy_very_high|valence_very_low,acousticness_very_low,"energy_very_high|valence_very_low  →  acousticness_very_low (conf=0.76, lift=3.02)"
"frozenset({'energy_very_low', 'valence_very_low', 'mode_1'})",frozenset({'acousticness_very_high'}),0.0699936510978809,0.249751434492507,0.0528036991339139,0.754406982714359,3.0206312297957685,1.0,0.0353226843668501,3.054844855930509,0.719289034176803,0.1978100879554837,0.6726511338018838,0.4829159955540235,energy_very_low|mode_1|valence_very_low,acousticness_very_high,"energy_very_low|mode_1|valence_very_low  →  acousticness_very_high (conf=0.75, lift=3.02)"
"frozenset({'mode_1', 'loudness_very_high', 'speechiness_very_high'})",frozenset({'energy_very_high'}),0.054420872315193,0.2486014446747086,0.0408605757136525,0.7508254457407,3.0201974357918324,1.0,0.0273314682356376,3.0155509159388685,0.7073927489494772,0.1558601782042495,0.6683856357011111,0.4575936123803004,loudness_very_high|mode_1|speechiness_very_high,energy_very_high,"loudness_very_high|mode_1|speechiness_very_high  →  energy_very_high (conf=0.75, lift=3.02)"
"frozenset({'duration_ms_very_low', 'speechiness_low', 'acousticness_very_high'})",frozenset({'loudness_very_low'}),0.0280908971118484,0.2500029947651505,0.0212029372656596,0.7547974413646056,3.019153598834494,1.0,0.0141801288620577,3.0586834387403865,0.6881109983498039,0.0825367218465843,0.6730619496825682,0.4198040872371662,acousticness_very_high|duration_ms_very_low|speechiness_low,loudness_very_low,"acousticness_very_high|duration_ms_very_low|speechiness_low  →  loudness_very_low (conf=0.75, lift=3.02)"
"frozenset({'loudness_very_low', 'duration_ms_low'})",frozenset({'energy_very_low'}),0.0486709232262006,0.2505061153104373,0.0367996741695516,0.756091557962097,3.018255889781843,1.0,0.0246073102635835,3.072849297168208,0.7028932955365836,0.1402547596219696,0.6745691365594946,0.4514964293253484,duration_ms_low|loudness_very_low,energy_very_low,"duration_ms_low|loudness_very_low  →  energy_very_low (conf=0.76, lift=3.02)"
"frozenset({'energy_very_low', 'loudness_very_low', 'key_very_low'})",frozenset({'acousticness_very_high'}),0.0583739623138753,0.249751434492507,0.0439871105307921,0.7535399138107942,3.0171595023747564,1.0,0.0294081297058902,3.04409763506912,0.710008440512754,0.1665306122448979,0.6714954249562717,0.4648317344486845,energy_very_low|key_very_low|loudness_very_low,acousticness_very_high,"energy_very_low|key_very_low|loudness_very_low  →  acousticness_very_high (conf=0.75, lift=3.02)"
"frozenset({'energy_very_low', 'key_low', 'acousticness_very_high'})",frozenset({'loudness_very_low'}),0.0416032774709807,0.2500029947651505,0.031373159716815,0.7541030809098762,3.0163761902863224,1.0,0.0209722157570243,3.0500463690639723,0.6974944185409844,0.1205579083041797,0.6721361320461204,0.4397971082556089,acousticness_very_high|energy_very_low|key_low,loudness_very_low,"acousticness_very_high|energy_very_low|key_low  →  loudness_very_low (conf=0.75, lift=3.02)"
"frozenset({'loudness_very_low', 'valence_very_low', 'mode_1', 'speechiness_low'})",frozenset({'danceability_very_low'}),0.0266414307789983,0.2516321470070317,0.02022065429629,0.7589928057553956,3.0162791788848278,1.0,0.0135168138700315,3.105168106448435,0.6867620249982428,0.0783585553801875,0.6779562440038844,0.4196753993548948,loudness_very_low|mode_1|speechiness_low|valence_very_low,danceability_very_low,"loudness_very_low|mode_1|speechiness_low|valence_very_low  →  danceability_very_low (conf=0.76, lift=3.02)"
"frozenset({'loudness_very_low', 'duration_ms_very_low', 'valence_very_low'})",frozenset({'acousticness_very_high'}),0.0318523221408977,0.249751434492507,0.0239940583859413,0.7532907107935314,3.0161616982269277,1.0,0.0160388952393347,3.041022767811621,0.6904450673655441,0.0931411299697744,0.6711632643514802,0.4246812324172463,duration_ms_very_low|loudness_very_low|valence_very_low,acousticness_very_high,"duration_ms_very_low|loudness_very_low|valence_very_low  →  acousticness_very_high (conf=0.75, lift=3.02)"
"frozenset({'energy_very_low', 'loudness_very_low', 'mode_1', 'instrumentalness_medium'})",frozenset({'acousticness_very_high'}),0.0275757975059595,0.249751434492507,0.020747732962781,0.7523892267593397,3.012552173276557,1.0,0.0138606379783927,3.029951224207454,0.6870001175829932,0.0808627853774686,0.6699616838678416,0.4177313777328763,energy_very_low|instrumentalness_medium|loudness_very_low|mode_1,acousticness_very_high,"energy_very_low|instrumentalness_medium|loudness_very_low|mode_1  →  acousticness_very_high (conf=0.75, lift=3.01)"
"frozenset({'loudness_very_low', 'key_low'})",frozenset({'energy_very_low'}),0.0518333952251464,0.2505061153104373,0.0391116328657506,0.7545643633002079,3.0121594531339926,1.0,0.0261270503845486,3.0537288503312023,0.7045304693766172,0.1485846909984526,0.672531501972894,0.4553474073578316,key_low|loudness_very_low,energy_very_low,"key_low|loudness_very_low  →  energy_very_low (conf=0.75, lift=3.01)"
"frozenset({'key_very_low', 'acousticness_very_high', 'tempo_very_low'})",frozenset({'energy_very_low'}),0.0300434839899855,0.2505061153104373,0.0226643826591118,0.7543859649122807,3.011447301306058,1.0,0.0151383061943892,3.051510816236077,0.6886223692490535,0.0878855444072835,0.672293476831433,0.4224301668478771,acousticness_very_high|key_very_low|tempo_very_low,energy_very_low,"acousticness_very_high|key_very_low|tempo_very_low  →  energy_very_low (conf=0.75, lift=3.01)"
"frozenset({'loudness_very_low', 'valence_very_low', 'speechiness_low', 'instrumentalness_high'})",frozenset({'danceability_very_low'}),0.0310497250805591,0.2516321470070317,0.0235268750224607,0.7577160493827161,3.0112052787974752,1.0,0.0157137660364615,3.0888048964295765,0.689309949055932,0.0907830267172044,0.6762501894645649,0.4256065727252531,instrumentalness_high|loudness_very_low|speechiness_low|valence_very_low,danceability_very_low,"instrumentalness_high|loudness_very_low|speechiness_low|valence_very_low  →  danceability_very_low (conf=0.76, lift=3.01)"
"frozenset({'duration_ms_very_low', 'mode_1', 'acousticness_very_high'})",frozenset({'energy_very_low'}),0.0655015033721055,0.2505061153104373,0.0494016459229267,0.7542062911485004,3.01073005828164,1.0,0.032993118766187,3.0492801796745006,0.7146663678370808,0.1852983465132998,0.6720537500405271,0.4757068181067674,acousticness_very_high|duration_ms_very_low|mode_1,energy_very_low,"acousticness_very_high|duration_ms_very_low|mode_1  →  energy_very_low (conf=0.75, lift=3.01)"
"frozenset({'energy_very_low', 'mode_0', 'tempo_very_low'})",frozenset({'loudness_very_low'}),0.0293127612932593,0.2500029947651505,0.0220534505684064,0.7523498161013485,3.009363215061067,1.0,0.0147251724602555,3.028453253811347,0.6878670701991029,0.0857235984354628,0.6697984363002839,0.4202812808345746,energy_very_low|mode_0|tempo_very_low,loudness_very_low,"energy_very_low|mode_0|tempo_very_low  →  loudness_very_low (conf=0.75, lift=3.01)"
"frozenset({'energy_very_low', 'mode_1', 'acousticness_very_high'})",frozenset({'loudness_very_low'}),0.1251811832916062,0.2500029947651505,0.0941793744534553,0.7523444976076555,3.0093419413411344,1.0,0.0628837037423085,3.0283882166554013,0.7632454002349385,0.3351521868872026,0.669791344947044,0.5645287413768991,acousticness_very_high|energy_very_low|mode_1,loudness_very_low,"acousticness_very_high|energy_very_low|mode_1  →  loudness_very_low (conf=0.75, lift=3.01)"
"frozenset({'energy_very_low', 'key_very_low', 'tempo_very_low'})",frozenset({'loudness_very_low'}),0.0307622276261095,0.2500029947651505,0.0231435450831945,0.7523364485981308,3.009309745688709,1.0,0.0154528960510199,3.028289794721844,0.688889663368331,0.0898353947735515,0.6697806128914909,0.4224547599962383,energy_very_low|key_very_low|tempo_very_low,loudness_very_low,"energy_very_low|key_very_low|tempo_very_low  →  loudness_very_low (conf=0.75, lift=3.01)"
"frozenset({'energy_very_low', 'valence_very_low', 'tempo_very_low'})",frozenset({'danceability_very_low'}),0.0473532265599731,0.2516321470070317,0.0358533283819882,0.7571464710346572,3.0089417430973127,1.0,0.0239377343149918,3.0815605446679197,0.7008444890637906,0.1362560320495311,0.6754890953772372,0.4498147855506524,energy_very_low|tempo_very_low|valence_very_low,danceability_very_low,"energy_very_low|tempo_very_low|valence_very_low  →  danceability_very_low (conf=0.76, lift=3.01)"
"frozenset({'mode_0', 'energy_very_high', 'instrumentalness_high'})",frozenset({'acousticness_very_low'}),0.0291570335054325,0.2504581990680291,0.0219695971441919,0.7534921939194742,3.008454890769265,1.0,0.0146669790422551,3.04064123911403,0.6876533918007909,0.0852705969871675,0.6711220031037346,0.4206049069846079,energy_very_high|instrumentalness_high|mode_0,acousticness_very_low,"energy_very_high|instrumentalness_high|mode_0  →  acousticness_very_low (conf=0.75, lift=3.01)"
"frozenset({'energy_very_low', 'mode_1', 'danceability_low'})",frozenset({'acousticness_very_high'}),0.0429209741372081,0.249751434492507,0.0322356520801638,0.7510466089868825,3.007176357216939,1.0,0.0215160772195803,3.013610549566532,0.6973950100199006,0.1237753553194425,0.6681721199363878,0.4400587738205073,danceability_low|energy_very_low|mode_1,acousticness_very_high,"danceability_low|energy_very_low|mode_1  →  acousticness_very_high (conf=0.75, lift=3.01)"
"frozenset({'loudness_very_low', 'speechiness_low', 'danceability_very_low'})",frozenset({'valence_very_low'}),0.0418907749254303,0.2507217384012746,0.0315768037470501,0.7537889619674006,3.006476290304665,1.0,0.0210738758347697,3.043235866214568,0.6965643237103158,0.120967371850764,0.6714024006151438,0.4398662917815981,danceability_very_low|loudness_very_low|speechiness_low,valence_very_low,"danceability_very_low|loudness_very_low|speechiness_low  →  valence_very_low (conf=0.75, lift=3.01)"
"frozenset({'energy_very_low', 'mode_0', 'liveness_low'})",frozenset({'loudness_very_low'}),0.0286179757783394,0.2500029947651505,0.0215024137807113,0.7513604018417748,3.0054056054312177,1.0,0.0143478341320099,3.016402096811541,0.6869246007823075,0.0836284010436079,0.6684792120198296,0.4186845133310455,energy_very_low|liveness_low|mode_0,loudness_very_low,"energy_very_low|liveness_low|mode_0  →  loudness_very_low (conf=0.75, lift=3.01)"
"frozenset({'loudness_very_low', 'duration_ms_very_low', 'instrumentalness_low'})",frozenset({'energy_very_low'}),0.0277195462331843,0.2505061153104373,0.0208555445081996,0.7523768366464996,3.0034270249815003,1.0,0.0139116286631565,3.0267519182751275,0.686064406777622,0.0810332790318826,0.669612830188648,0.4178152354617349,duration_ms_very_low|instrumentalness_low|loudness_very_low,energy_very_low,"duration_ms_very_low|instrumentalness_low|loudness_very_low  →  energy_very_low (conf=0.75, lift=3.00)"
"frozenset({'instrumentalness_low', 'mode_0', 'energy_very_high'})",frozenset({'loudness_very_high'}),0.0366080091999185,0.2499430994621402,0.027479965021143,0.75065445026178,3.0033013588978257,1.0,0.0183300457365768,3.0081022152804446,0.6923797244215933,0.1060711148101909,0.6675644880282865,0.4302996670192197,energy_very_high|instrumentalness_low|mode_0,loudness_very_high,"energy_very_high|instrumentalness_low|mode_0  →  loudness_very_high (conf=0.75, lift=3.00)"
"frozenset({'energy_very_low', 'speechiness_low', 'instrumentalness_high', 'acousticness_very_high', 'loudness_very_low'})",frozenset({'danceability_very_low'}),0.0311814947471819,0.2516321470070317,0.0235508331436648,0.7552823665001922,3.0015336890921427,1.0,0.015704566673543,3.058087160660435,0.6882991869748534,0.090837684239708,0.6729982019923734,0.4244373367300542,acousticness_very_high|energy_very_low|instrumentalness_high|loudness_very_low|speechiness_low,danceability_very_low,"acousticness_very_high|energy_very_low|instrumentalness_high|loudness_very_low|speechiness_low  →  danceability_very_low (conf=0.76, lift=3.00)"
"frozenset({'speechiness_high', 'energy_very_high', 'instrumentalness_high'})",frozenset({'acousticness_very_low'}),0.0268690329304375,0.2504581990680291,0.0201966961750859,0.7516718680338832,3.0011869079587017,1.0,0.0134671265766289,3.018352350970217,0.6852094073024909,0.0785464709993012,0.6686934182225078,0.4161554289471119,energy_very_high|instrumentalness_high|speechiness_high,acousticness_very_low,"energy_very_high|instrumentalness_high|speechiness_high  →  acousticness_very_low (conf=0.75, lift=3.00)"
"frozenset({'loudness_very_low', 'liveness_low', 'acousticness_very_high', 'danceability_very_low'})",frozenset({'valence_very_low'}),0.0295643215659028,0.2507217384012746,0.0222331364774374,0.7520259319286873,2.9994444706868078,1.0,0.0148207183797799,3.0215992640942075,0.6869130479939081,0.0861572741621019,0.6690494295907989,0.4203512363895705,acousticness_very_high|danceability_very_low|liveness_low|loudness_very_low,valence_very_low,"acousticness_very_high|danceability_very_low|liveness_low|loudness_very_low  →  valence_very_low (conf=0.75, lift=3.00)"
"frozenset({'key_low', 'mode_1', 'acousticness_very_high'})",frozenset({'energy_very_low'}),0.0393152768959858,0.2505061153104373,0.0295403634446986,0.7513711151736746,2.9994122668125085,1.0,0.019691646157131,3.014508492096992,0.6938814932219677,0.1134941089837997,0.6682709627053108,0.4346469194843124,acousticness_very_high|key_low|mode_1,energy_very_low,"acousticness_very_high|key_low|mode_1  →  energy_very_low (conf=0.75, lift=3.00)"
"frozenset({'loudness_very_low', 'key_very_low', 'danceability_very_low'})",frozenset({'acousticness_very_high'}),0.0327507516860527,0.249751434492507,0.0245331161130344,0.7490855888807608,2.9993244699590886,1.0,0.0163535688987348,2.9900576940196584,0.6891621699679548,0.0951009983747388,0.6655582927379377,0.4236578599111464,danceability_very_low|key_very_low|loudness_very_low,acousticness_very_high,"danceability_very_low|key_very_low|loudness_very_low  →  acousticness_very_high (conf=0.75, lift=3.00)"
"frozenset({'energy_very_low', 'instrumentalness_high', 'loudness_very_low', 'mode_1', 'valence_very_low'})",frozenset({'danceability_very_low'}),0.0338408462008409,0.2516321470070317,0.025539357203608,0.7546902654867258,2.9991806470801863,1.0,0.0170239124175557,3.0507058942354064,0.6899231870453417,0.0982533757316005,0.6722070121903283,0.4280925382465524,energy_very_low|instrumentalness_high|loudness_very_low|mode_1|valence_very_low,danceability_very_low,"energy_very_low|instrumentalness_high|loudness_very_low|mode_1|valence_very_low  →  danceability_very_low (conf=0.75, lift=3.00)"
"frozenset({'valence_very_low', 'mode_1', 'speechiness_low', 'danceability_very_low'})",frozenset({'energy_very_low'}),0.0274919440817451,0.2505061153104373,0.0206519004779645,0.7511982570806102,2.9987222313902184,1.0,0.0137650003637147,3.0124141249781915,0.6853666947277738,0.0802494996043383,0.6680403296119721,0.416819480491338,danceability_very_low|mode_1|speechiness_low|valence_very_low,energy_very_low,"danceability_very_low|mode_1|speechiness_low|valence_very_low  →  energy_very_low (conf=0.75, lift=3.00)"
"frozenset({'danceability_very_low', 'speechiness_low', 'tempo_very_low'})",frozenset({'energy_very_low'}),0.0286299548389415,0.2505061153104373,0.0215024137807113,0.7510460251046025,2.9981145337465143,1.0,0.0143304350124948,3.010572074635386,0.686100052176241,0.0834611986794996,0.667837216579141,0.4184409544038697,danceability_very_low|speechiness_low|tempo_very_low,energy_very_low,"danceability_very_low|speechiness_low|tempo_very_low  →  energy_very_low (conf=0.75, lift=3.00)"
"frozenset({'energy_very_low', 'tempo_very_low', 'danceability_very_low', 'loudness_very_low', 'mode_1'})",frozenset({'valence_very_low'}),0.0281747505360629,0.2507217384012746,0.0211670000838534,0.7512755102040816,2.9964514245736518,1.0,0.0141029776504294,3.0124828568892337,0.6855881897889122,0.0821287473855449,0.6680479035048766,0.4178498907924373,danceability_very_low|energy_very_low|loudness_very_low|mode_1|tempo_very_low,valence_very_low,"danceability_very_low|energy_very_low|loudness_very_low|mode_1|tempo_very_low  →  valence_very_low (conf=0.75, lift=3.00)"
"frozenset({'energy_very_low', 'loudness_very_low', 'liveness_high'})",frozenset({'acousticness_very_high'}),0.0364522814120916,0.249751434492507,0.0272763209909078,0.7482747288859678,2.9960778019411825,1.0,0.0181723114177134,2.980426089868539,0.6914346674480036,0.1053435114503816,0.6644775042738578,0.4287443000274244,energy_very_low|liveness_high|loudness_very_low,acousticness_very_high,"energy_very_low|liveness_high|loudness_very_low  →  acousticness_very_high (conf=0.75, lift=3.00)"
"frozenset({'duration_ms_very_low', 'acousticness_very_high'})",frozenset({'energy_very_low'}),0.0930773008780651,0.2505061153104373,0.0697540698858395,0.7494208494208495,2.9916269648433,1.0,0.0464376368192947,2.991046473568518,0.7340578488354864,0.2547355527363401,0.6656688524110649,0.5139367062712511,acousticness_very_high|duration_ms_very_low,energy_very_low,"acousticness_very_high|duration_ms_very_low  →  energy_very_low (conf=0.75, lift=2.99)"
"frozenset({'acousticness_very_low', 'mode_0', 'danceability_very_low'})",frozenset({'energy_very_high'}),0.0317205524742749,0.2486014446747086,0.023574791264869,0.743202416918429,2.989533781233245,1.0,0.0156890160938843,2.9260343742667234,0.6873012577783236,0.0918210236551112,0.6582405152876565,0.4190160400498279,acousticness_very_low|danceability_very_low|mode_0,energy_very_high,"acousticness_very_low|danceability_very_low|mode_0  →  energy_very_high (conf=0.74, lift=2.99)"
"frozenset({'energy_very_low', 'danceability_low'})",frozenset({'acousticness_very_high'}),0.0591286431318056,0.249751434492507,0.0441308592580169,0.7463533225283631,2.988384527379981,1.0,0.029363395816253,2.957848977112608,0.7071859902104428,0.166689290077372,0.661916477907476,0.4615262223942117,danceability_low|energy_very_low,acousticness_very_high,"danceability_low|energy_very_low  →  acousticness_very_high (conf=0.75, lift=2.99)"
"frozenset({'energy_very_low', 'tempo_very_low'})",frozenset({'acousticness_very_high'}),0.0952215527258352,0.249751434492507,0.0710478084308628,0.7461315888791042,2.9874967100598946,1.0,0.0472660890429816,2.9552655338052825,0.7352867433091211,0.2593693969475663,0.6616209309921562,0.5153028321871659,energy_very_low|tempo_very_low,acousticness_very_high,"energy_very_low|tempo_very_low  →  acousticness_very_high (conf=0.75, lift=2.99)"
"frozenset({'valence_very_low', 'acousticness_very_high', 'instrumentalness_high'})",frozenset({'danceability_very_low'}),0.0492459181350998,0.2516321470070317,0.0370152972603888,0.7516419362685477,2.987066419011811,1.0,0.0246234411487211,3.013261746967768,0.6996797515909667,0.1402823807145775,0.6681337089264499,0.4493713823016546,acousticness_very_high|instrumentalness_high|valence_very_low,danceability_very_low,"acousticness_very_high|instrumentalness_high|valence_very_low  →  danceability_very_low (conf=0.75, lift=2.99)"
"frozenset({'energy_very_low', 'tempo_very_low'})",frozenset({'loudness_very_low'}),0.0952215527258352,0.2500029947651505,0.0710597874914649,0.7462573908667758,2.9849938060454035,1.0,0.0472541141438184,2.9557393131441847,0.7349765366773384,0.2591864377157338,0.6616751702178213,0.5152465679777098,energy_very_low|tempo_very_low,loudness_very_low,"energy_very_low|tempo_very_low  →  loudness_very_low (conf=0.75, lift=2.98)"
"frozenset({'loudness_very_low', 'speechiness_low', 'liveness_low'})",frozenset({'acousticness_very_high'}),0.0322835683225721,0.249751434492507,0.0240659327495537,0.7454545454545455,2.9847858410475325,1.0,0.0160030652504545,2.9474050787794366,0.6871512832775387,0.0932899930345948,0.6607185055085423,0.4209070415411247,liveness_low|loudness_very_low|speechiness_low,acousticness_very_high,"liveness_low|loudness_very_low|speechiness_low  →  acousticness_very_high (conf=0.75, lift=2.98)"
"frozenset({'speechiness_high', 'instrumentalness_low', 'energy_very_high'})",frozenset({'loudness_very_high'}),0.0344996945339546,0.2499430994621402,0.0257310221732411,0.7458333333333332,2.9840125009984817,1.0,0.0171080615909274,2.9510435430997752,0.6886385811931487,0.0994582580914015,0.6611368197740652,0.4243904265516414,energy_very_high|instrumentalness_low|speechiness_high,loudness_very_high,"energy_very_high|instrumentalness_low|speechiness_high  →  loudness_very_high (conf=0.75, lift=2.98)"
"frozenset({'loudness_very_low', 'valence_very_low', 'speechiness_low', 'danceability_very_low'})",frozenset({'instrumentalness_high'}),0.0315768037470501,0.2497993507349153,0.0235268750224607,0.7450682852807283,2.982667020905861,1.0,0.0156390099481637,2.942751356343397,0.6864040337872459,0.0912427409988385,0.6601819593611267,0.4196256882213357,danceability_very_low|loudness_very_low|speechiness_low|valence_very_low,instrumentalness_high,"danceability_very_low|loudness_very_low|speechiness_low|valence_very_low  →  instrumentalness_high (conf=0.75, lift=2.98)"
"frozenset({'acousticness_very_high', 'tempo_very_low'})",frozenset({'energy_very_low'}),0.0950897830592125,0.2505061153104373,0.0710478084308628,0.7471655328798186,2.9826239249844284,1.0,0.0472272362709872,2.964365947516566,0.7345753551634292,0.2587809241240891,0.6626597330745341,0.5153912974269024,acousticness_very_high|tempo_very_low,energy_very_low,"acousticness_very_high|tempo_very_low  →  energy_very_low (conf=0.75, lift=2.98)"
"frozenset({'loudness_very_low', 'mode_0', 'liveness_low'})",frozenset({'energy_very_low'}),0.0287856826267684,0.2505061153104373,0.0215024137807113,0.7469829379941739,2.9818950210795543,1.0,0.0142914242493204,2.9622266528108865,0.6843420410520284,0.0834107806691449,0.6624161088243905,0.4164094108486554,liveness_low|loudness_very_low|mode_0,energy_very_low,"liveness_low|loudness_very_low|mode_0  →  energy_very_low (conf=0.75, lift=2.98)"
"frozenset({'energy_very_low', 'key_very_high', 'acousticness_very_high'})",frozenset({'loudness_very_low'}),0.0389079888355155,0.2500029947651505,0.0290013057176056,0.7453817733990147,2.9814913781301557,1.0,0.0192741919884377,2.945574695287533,0.6915023524261839,0.1115822463935106,0.6605076755989769,0.4306928033262442,acousticness_very_high|energy_very_low|key_very_high,loudness_very_low,"acousticness_very_high|energy_very_low|key_very_high  →  loudness_very_low (conf=0.75, lift=2.98)"
"frozenset({'danceability_very_low', 'instrumentalness_high', 'liveness_low'})",frozenset({'energy_very_low'}),0.030139316474802,0.2505061153104373,0.0225086548712849,0.7468203497615262,2.981245982103216,1.0,0.0149585717830704,2.9603243545980216,0.6852218981861089,0.0871966216529769,0.6621991781249292,0.4183365329526835,danceability_very_low|instrumentalness_high|liveness_low,energy_very_low,"danceability_very_low|instrumentalness_high|liveness_low  →  energy_very_low (conf=0.75, lift=2.98)"
"frozenset({'instrumentalness_low', 'acousticness_very_high', 'liveness_low'})",frozenset({'energy_very_low'}),0.032451275171001,0.2505061153104373,0.0242336395979827,0.7467700258397933,2.981045093108268,1.0,0.0161043967180251,2.9597360548455187,0.6868358742604165,0.0936660801926104,0.662132034252563,0.4217543702267061,acousticness_very_high|instrumentalness_low|liveness_low,energy_very_low,"acousticness_very_high|instrumentalness_low|liveness_low  →  energy_very_low (conf=0.75, lift=2.98)"
"frozenset({'loudness_very_low', 'valence_very_low', 'liveness_low'})",frozenset({'acousticness_very_high'}),0.0426574348039626,0.249751434492507,0.0317564896560811,0.7444538051109238,2.98077889571945,1.0,0.0211027341220208,2.9358627931562435,0.6941268893410918,0.1218346431361735,0.6593846271252565,0.435803093260052,liveness_low|loudness_very_low|valence_very_low,acousticness_very_high,"liveness_low|loudness_very_low|valence_very_low  →  acousticness_very_high (conf=0.74, lift=2.98)"
"frozenset({'energy_very_low', 'tempo_low', 'acousticness_very_high'})",frozenset({'loudness_very_low'}),0.043615759652128,0.2500029947651505,0.0324991914134093,0.7451249656687723,2.9804641595143,1.0,0.0215951208814203,2.942606784547507,0.6947853821607628,0.1244609597210753,0.6601652639247303,0.4375600870509649,acousticness_very_high|energy_very_low|tempo_low,loudness_very_low,"acousticness_very_high|energy_very_low|tempo_low  →  loudness_very_low (conf=0.75, lift=2.98)"
"frozenset({'acousticness_very_low', 'speechiness_high', 'tempo_very_high'})",frozenset({'energy_very_high'}),0.0274320487787347,0.2486014446747086,0.0203164867811066,0.7406113537117904,2.9791112223055247,1.0,0.013496839824326,2.896805878274272,0.6830673542540037,0.0794491029184428,0.654792194568545,0.4111672390396759,acousticness_very_low|speechiness_high|tempo_very_high,energy_very_high,"acousticness_very_low|speechiness_high|tempo_very_high  →  energy_very_high (conf=0.74, lift=2.98)"
"frozenset({'instrumentalness_low', 'danceability_low', 'energy_very_high'})",frozenset({'loudness_very_high'}),0.0336970974736161,0.2499430994621402,0.0250841529007295,0.7444009953785993,2.978281844869882,1.0,0.016661795915296,2.9345063438289274,0.6873993026677552,0.0970163083765752,0.6592271807137395,0.4223802245045405,danceability_low|energy_very_high|instrumentalness_low,loudness_very_high,"danceability_low|energy_very_high|instrumentalness_low  →  loudness_very_high (conf=0.74, lift=2.98)"
"frozenset({'energy_very_low', 'liveness_low'})",frozenset({'acousticness_very_high'}),0.0977371554522694,0.249751434492507,0.072676960672744,0.7435960289251133,2.9773443761638227,1.0,0.0482669658953225,2.926041130963496,0.7360717824267359,0.2644610086744257,0.6582413044649456,0.5172965995265886,energy_very_low|liveness_low,acousticness_very_high,"energy_very_low|liveness_low  →  acousticness_very_high (conf=0.74, lift=2.98)"
"frozenset({'tempo_very_high', 'speechiness_high', 'loudness_very_high'})",frozenset({'energy_very_high'}),0.0270367397788665,0.2486014446747086,0.0200050312054528,0.7399202481169694,2.9763312481355224,1.0,0.0132836586371324,2.889108244240516,0.6824675904894061,0.0782567947516401,0.6538724355539408,0.4101952707842593,loudness_very_high|speechiness_high|tempo_very_high,energy_very_high,"loudness_very_high|speechiness_high|tempo_very_high  →  energy_very_high (conf=0.74, lift=2.98)"
"frozenset({'energy_very_low', 'duration_ms_very_high', 'danceability_very_low'})",frozenset({'acousticness_very_high'}),0.0281747505360629,0.249751434492507,0.0209393979324141,0.7431972789115646,2.9757477886833184,1.0,0.0139027135695638,2.9214977252874554,0.6831989756208724,0.0814804456253204,0.6577098139271675,0.4135191152579791,danceability_very_low|duration_ms_very_high|energy_very_low,acousticness_very_high,"danceability_very_low|duration_ms_very_high|energy_very_low  →  acousticness_very_high (conf=0.74, lift=2.98)"
"frozenset({'energy_very_low', 'instrumentalness_low', 'danceability_very_low'})",frozenset({'acousticness_very_high'}),0.0289653685357994,0.249751434492507,0.0215263719019154,0.7431761786600496,2.9756633036770244,1.0,0.0142922295594954,2.9212576995122665,0.6837454116202891,0.083698183511877,0.6576816895794713,0.4146836814447545,danceability_very_low|energy_very_low|instrumentalness_low,acousticness_very_high,"danceability_very_low|energy_very_low|instrumentalness_low  →  acousticness_very_high (conf=0.74, lift=2.98)"
"frozenset({'energy_very_low', 'loudness_very_low', 'key_high', 'mode_1'})",frozenset({'acousticness_very_high'}),0.0293367194144635,0.249751434492507,0.021801890295763,0.7431604736627195,2.975600421166011,1.0,0.0144750025386965,2.9210790730172502,0.6839996785887197,0.0847378713101778,0.6576607565206797,0.4152274141540131,energy_very_low|key_high|loudness_very_low|mode_1,acousticness_very_high,"energy_very_low|key_high|loudness_very_low|mode_1  →  acousticness_very_high (conf=0.74, lift=2.98)"
"frozenset({'loudness_very_low', 'mode_1', 'danceability_low'})",frozenset({'energy_very_low'}),0.0384288264114328,0.2505061153104373,0.0286419338995435,0.7453241895261845,2.975273432357324,1.0,0.0190152778792764,2.942933148205773,0.6904288062540298,0.110037277371255,0.660202950716134,0.429830227892396,danceability_low|loudness_very_low|mode_1,energy_very_low,"danceability_low|loudness_very_low|mode_1  →  energy_very_low (conf=0.75, lift=2.98)"
"frozenset({'energy_very_low', 'acousticness_very_high', 'instrumentalness_high', 'tempo_very_low', 'loudness_very_low'})",frozenset({'valence_very_low'}),0.0310736832017633,0.2507217384012746,0.0231794822650007,0.7459521973785659,2.9752194689424414,1.0,0.0153886343941241,2.949359348387092,0.685181452788348,0.0896289777201352,0.6609433161995443,0.4192016123061009,acousticness_very_high|energy_very_low|instrumentalness_high|loudness_very_low|tempo_very_low,valence_very_low,"acousticness_very_high|energy_very_low|instrumentalness_high|loudness_very_low|tempo_very_low  →  valence_very_low (conf=0.75, lift=2.98)"
"frozenset({'energy_very_low', 'speechiness_high', 'mode_1'})",frozenset({'acousticness_very_high'}),0.0300195258687813,0.249751434492507,0.0223050108410498,0.7430167597765363,2.9750249934953943,1.0,0.0148075911925367,2.919445504909591,0.68441415865996,0.0866328572093239,0.6574692014910661,0.4161627997645212,energy_very_low|mode_1|speechiness_high,acousticness_very_high,"energy_very_low|mode_1|speechiness_high  →  acousticness_very_high (conf=0.74, lift=2.98)"
"frozenset({'energy_very_low', 'duration_ms_very_low', 'key_very_low'})",frozenset({'acousticness_very_high'}),0.0299117143233627,0.249751434492507,0.0222211574168353,0.7428914697637163,2.974523334663786,1.0,0.0147506638564454,2.9180228474645,0.6842796585657683,0.0863152017123447,0.657302203487231,0.4159322809991779,duration_ms_very_low|energy_very_low|key_very_low,acousticness_very_high,"duration_ms_very_low|energy_very_low|key_very_low  →  acousticness_very_high (conf=0.74, lift=2.97)"
"frozenset({'energy_very_low', 'mode_1', 'tempo_very_low'})",frozenset({'loudness_very_low'}),0.0659087914325758,0.2500029947651505,0.0490063369230584,0.7435478007997092,2.974155575608956,1.0,0.0325289416835628,2.924509938201376,0.7106052434649335,0.1836093532606256,0.6580623690357444,0.4697854001602762,energy_very_low|mode_1|tempo_very_low,loudness_very_low,"energy_very_low|mode_1|tempo_very_low  →  loudness_very_low (conf=0.74, lift=2.97)"
"frozenset({'energy_very_low', 'loudness_very_low', 'liveness_very_low', 'mode_1'})",frozenset({'acousticness_very_high'}),0.0298997352627606,0.249751434492507,0.0222091783562333,0.7427884615384615,2.9741108916863745,1.0,0.0147416765834126,2.916854235991747,0.6842231501141696,0.0862686706063003,0.6571649046905513,0.4158567949209886,energy_very_low|liveness_very_low|loudness_very_low|mode_1,acousticness_very_high,"energy_very_low|liveness_very_low|loudness_very_low|mode_1  →  acousticness_very_high (conf=0.74, lift=2.97)"
"frozenset({'energy_very_low', 'valence_very_low'})",frozenset({'acousticness_very_high'}),0.1050204242983265,0.249751434492507,0.0780076426406641,0.7427854454203262,2.9740988152066485,1.0,0.0517786410211453,2.9168200327291305,0.7416523368654553,0.2818559556786704,0.6571608845320679,0.5275632824492393,energy_very_low|valence_very_low,acousticness_very_high,"energy_very_low|valence_very_low  →  acousticness_very_high (conf=0.74, lift=2.97)"
"frozenset({'energy_very_low', 'duration_ms_very_low', 'mode_0'})",frozenset({'loudness_very_low'}),0.0275757975059595,0.2500029947651505,0.0204961726901376,0.7432667245873154,2.973031284227336,1.0,0.0136021407306103,2.9213081320653527,0.6824624059840462,0.0797260146311914,0.6576875992560893,0.4126252166300256,duration_ms_very_low|energy_very_low|mode_0,loudness_very_low,"duration_ms_very_low|energy_very_low|mode_0  →  loudness_very_low (conf=0.74, lift=2.97)"
"frozenset({'loudness_very_low', 'liveness_low', 'mode_1', 'instrumentalness_high'})",frozenset({'acousticness_very_high'}),0.0306064998382826,0.249751434492507,0.0227242779621222,0.7424657534246575,2.9728187745281303,1.0,0.0150802607227164,2.913199217130158,0.6845712463846995,0.0882038406100339,0.6567347697610887,0.4167266653832482,instrumentalness_high|liveness_low|loudness_very_low|mode_1,acousticness_very_high,"instrumentalness_high|liveness_low|loudness_very_low|mode_1  →  acousticness_very_high (conf=0.74, lift=2.97)"
"frozenset({'loudness_very_low', 'mode_1', 'speechiness_low', 'instrumentalness_high'})",frozenset({'acousticness_very_high'}),0.0289533894751973,0.249751434492507,0.0214904347201092,0.7422424493173355,2.971924669123788,1.0,0.0142592841652584,2.910675413854912,0.6833016139400517,0.0835506706408345,0.6564371295954312,0.4141448708767118,instrumentalness_high|loudness_very_low|mode_1|speechiness_low,acousticness_very_high,"instrumentalness_high|loudness_very_low|mode_1|speechiness_low  →  acousticness_very_high (conf=0.74, lift=2.97)"
"frozenset({'energy_very_low', 'danceability_very_low', 'speechiness_low', 'acousticness_very_high'})",frozenset({'valence_very_low'}),0.0376262293510942,0.2507217384012746,0.028019022748236,0.7446673034065583,2.9700946880590573,1.0,0.0185853091158446,2.934517480899745,0.6892440522588558,0.1076293024111908,0.6592284740135905,0.4282103836669676,acousticness_very_high|danceability_very_low|energy_very_low|speechiness_low,valence_very_low,"acousticness_very_high|danceability_very_low|energy_very_low|speechiness_low  →  valence_very_low (conf=0.74, lift=2.97)"
"frozenset({'loudness_very_low', 'duration_ms_very_low', 'instrumentalness_high'})",frozenset({'acousticness_very_high'}),0.0429688903796164,0.249751434492507,0.0318643012014997,0.7415667688876498,2.9692192575170093,1.0,0.0211327591906392,2.9030653769960915,0.6929880573736951,0.1221528288023512,0.6555365208362146,0.4345754128384721,duration_ms_very_low|instrumentalness_high|loudness_very_low,acousticness_very_high,"duration_ms_very_low|instrumentalness_high|loudness_very_low  →  acousticness_very_high (conf=0.74, lift=2.97)"
"frozenset({'energy_very_low', 'speechiness_low', 'danceability_very_low', 'loudness_very_low', 'valence_very_low'})",frozenset({'instrumentalness_high'}),0.0296242168689131,0.2497993507349153,0.0219695971441919,0.741609381318237,2.968820291711749,1.0,0.0145694870043071,2.9033586942606484,0.6834113974782379,0.0853340777963893,0.6555713209060949,0.4147791787423679,danceability_very_low|energy_very_low|loudness_very_low|speechiness_low|valence_very_low,instrumentalness_high,"danceability_very_low|energy_very_low|loudness_very_low|speechiness_low|valence_very_low  →  instrumentalness_high (conf=0.74, lift=2.97)"
"frozenset({'instrumentalness_low', 'duration_ms_high', 'energy_very_high'})",frozenset({'loudness_very_high'}),0.0316127409288563,0.2499430994621402,0.0234550006588483,0.7419477074649489,2.9684664592123875,1.0,0.0155536142085963,2.9066081652267437,0.6847732807058065,0.0908753364893715,0.6559563783094271,0.4178945342980148,duration_ms_high|energy_very_high|instrumentalness_low,loudness_very_high,"duration_ms_high|energy_very_high|instrumentalness_low  →  loudness_very_high (conf=0.74, lift=2.97)"
"frozenset({'energy_very_low', 'speechiness_low', 'danceability_very_low'})",frozenset({'valence_very_low'}),0.0425256651373399,0.2507217384012746,0.0316486781106625,0.744225352112676,2.968331971763692,1.0,0.0209865694207582,2.9294469478804794,0.6925621223885402,0.1209817748878102,0.6586386380120238,0.4352278217801794,danceability_very_low|energy_very_low|speechiness_low,valence_very_low,"danceability_very_low|energy_very_low|speechiness_low  →  valence_very_low (conf=0.74, lift=2.97)"
"frozenset({'energy_very_low', 'key_low', 'mode_1', 'acousticness_very_high'})",frozenset({'loudness_very_low'}),0.0295403634446986,0.2500029947651505,0.0218977227805795,0.7412814274128142,2.965090190656172,1.0,0.0145125434529539,2.8988912459390885,0.682915708938412,0.0849916310210154,0.6550405257869367,0.4144356346455542,acousticness_very_high|energy_very_low|key_low|mode_1,loudness_very_low,"acousticness_very_high|energy_very_low|key_low|mode_1  →  loudness_very_low (conf=0.74, lift=2.97)"
"frozenset({'energy_very_low', 'loudness_very_low', 'key_very_high'})",frozenset({'acousticness_very_high'}),0.039183507229363,0.249751434492507,0.0290013057176056,0.7401406297768266,2.963509023604955,1.0,0.0192151685786246,2.887133009147069,0.6895824470585481,0.1115719618415595,0.6536356320156428,0.428130653513767,energy_very_low|key_very_high|loudness_very_low,acousticness_very_high,"energy_very_low|key_very_high|loudness_very_low  →  acousticness_very_high (conf=0.74, lift=2.96)"
"frozenset({'acousticness_very_low', 'tempo_very_high', 'instrumentalness_medium'})",frozenset({'energy_very_high'}),0.027479965021143,0.2486014446747086,0.0202446124174942,0.7367044463818657,2.963395676746098,1.0,0.0134130534136275,2.853821665424203,0.6812705731266853,0.0791309640867162,0.649592680539358,0.4090692279613275,acousticness_very_low|instrumentalness_medium|tempo_very_high,energy_very_high,"acousticness_very_low|instrumentalness_medium|tempo_very_high  →  energy_very_high (conf=0.74, lift=2.96)"
"frozenset({'energy_very_low', 'mode_1', 'tempo_low', 'acousticness_very_high'})",frozenset({'loudness_very_low'}),0.0305945207776806,0.2500029947651505,0.0226643826591118,0.74079874706343,2.9631594923865867,1.0,0.015015660841287,2.8934929779000087,0.6834316482060949,0.0878692179082296,0.6543969494179442,0.4157275958604164,acousticness_very_high|energy_very_low|mode_1|tempo_low,loudness_very_low,"acousticness_very_high|energy_very_low|mode_1|tempo_low  →  loudness_very_low (conf=0.74, lift=2.96)"
"frozenset({'energy_very_low', 'loudness_very_low', 'key_very_low', 'danceability_very_low'})",frozenset({'valence_very_low'}),0.026952886354652,0.2507217384012746,0.0200170102660549,0.7426666666666667,2.962115177576047,1.0,0.0132593357442845,2.9117030891142184,0.6807516255050636,0.0776884095029987,0.656558388889777,0.4112521102086319,danceability_very_low|energy_very_low|key_very_low|loudness_very_low,valence_very_low,"danceability_very_low|energy_very_low|key_very_low|loudness_very_low  →  valence_very_low (conf=0.74, lift=2.96)"
"frozenset({'loudness_very_low', 'valence_very_low', 'speechiness_low'})",frozenset({'danceability_very_low'}),0.0423819164101151,0.2516321470070317,0.0315768037470501,0.7450537026568683,2.9608844160760124,1.0,0.0209121511265003,2.935394084134282,0.6915732750475555,0.1203213438013511,0.6593302393688908,0.4352708292395072,loudness_very_low|speechiness_low|valence_very_low,danceability_very_low,"loudness_very_low|speechiness_low|valence_very_low  →  danceability_very_low (conf=0.75, lift=2.96)"
"frozenset({'valence_very_low', 'speechiness_low', 'danceability_very_low'})",frozenset({'energy_very_low'}),0.0426813929251668,0.2505061153104373,0.0316486781106625,0.7415099635138928,2.9600473529158497,1.0,0.0209567281729406,2.8995078296948007,0.6916898530739639,0.1210094810607795,0.655113881825503,0.433924453830397,danceability_very_low|speechiness_low|valence_very_low,energy_very_low,"danceability_very_low|speechiness_low|valence_very_low  →  energy_very_low (conf=0.74, lift=2.96)"
"frozenset({'valence_very_low', 'speechiness_low', 'danceability_very_low'})",frozenset({'loudness_very_low'}),0.0426813929251668,0.2500029947651505,0.0315768037470501,0.7398259893348302,2.9592685080825247,1.0,0.0209063276950103,2.8826745735186288,0.6915969753825735,0.1209340734963527,0.6530999339341356,0.4330658456496863,danceability_very_low|speechiness_low|valence_very_low,loudness_very_low,"danceability_very_low|speechiness_low|valence_very_low  →  loudness_very_low (conf=0.74, lift=2.96)"
"frozenset({'energy_very_low', 'valence_low', 'liveness_low'})",frozenset({'acousticness_very_high'}),0.0294205728386779,0.249751434492507,0.0217419949927526,0.7390065146579805,2.958968048210157,1.0,0.0143941647227015,2.874587327435886,0.6821124797777891,0.0844578873894834,0.6521239795167421,0.4130305248238341,energy_very_low|liveness_low|valence_low,acousticness_very_high,"energy_very_low|liveness_low|valence_low  →  acousticness_very_high (conf=0.74, lift=2.96)"
"frozenset({'danceability_very_low', 'mode_0', 'instrumentalness_high'})",frozenset({'valence_very_low'}),0.0351944800488745,0.2507217384012746,0.0261023730519052,0.7416609938733834,2.958104066295087,1.0,0.0172783518319224,2.9003682906153574,0.6860922937501599,0.100465673843884,0.6552162002199262,0.4228849642085502,danceability_very_low|instrumentalness_high|mode_0,valence_very_low,"danceability_very_low|instrumentalness_high|mode_0  →  valence_very_low (conf=0.74, lift=2.96)"
"frozenset({'acousticness_very_low', 'key_very_low', 'danceability_very_low'})",frozenset({'energy_very_high'}),0.0275398603241533,0.2486014446747086,0.0202446124174942,0.7351022183558068,2.9569507100720087,1.0,0.01339816335477,2.8365603919422733,0.6805561969820881,0.0791124426551821,0.6474603527424736,0.408268113948298,acousticness_very_low|danceability_very_low|key_very_low,energy_very_high,"acousticness_very_low|danceability_very_low|key_very_low  →  energy_very_high (conf=0.74, lift=2.96)"
"frozenset({'loudness_very_low', 'mode_1', 'instrumentalness_high'})",frozenset({'energy_very_low'}),0.0711196827944752,0.2505061153104373,0.0526599504066891,0.7404413003200271,2.9557813365252263,1.0,0.0348440349477345,2.887569885400348,0.7123414804302598,0.1957867545539571,0.6536880353767247,0.4753277656917656,instrumentalness_high|loudness_very_low|mode_1,energy_very_low,"instrumentalness_high|loudness_very_low|mode_1  →  energy_very_low (conf=0.74, lift=2.96)"
"frozenset({'danceability_very_low', 'valence_very_low', 'speechiness_very_high'})",frozenset({'acousticness_very_low'}),0.0270606979000706,0.2504581990680291,0.020028989326657,0.740150509074812,2.9551857828130967,1.0,0.0132514156650813,2.8845228761589827,0.680013437423785,0.0777855315189579,0.6533222155160733,0.4100599493910505,danceability_very_low|speechiness_very_high|valence_very_low,acousticness_very_low,"danceability_very_low|speechiness_very_high|valence_very_low  →  acousticness_very_low (conf=0.74, lift=2.96)"
"frozenset({'loudness_very_low', 'instrumentalness_low', 'mode_1'})",frozenset({'energy_very_low'}),0.0558104433450328,0.2505061153104373,0.0413157800165311,0.7402876153681047,2.9551678387200657,1.0,0.0273349226604136,2.88586116427163,0.7007170751183612,0.1559081457372751,0.6534829837344608,0.4526084213030271,instrumentalness_low|loudness_very_low|mode_1,energy_very_low,"instrumentalness_low|loudness_very_low|mode_1  →  energy_very_low (conf=0.74, lift=2.96)"
"frozenset({'energy_very_low', 'duration_ms_very_low', 'mode_0'})",frozenset({'acousticness_very_high'}),0.0275757975059595,0.249751434492507,0.0203524239629128,0.7380538662033015,2.955153661891957,1.0,0.0134653289785245,2.864132998007046,0.6803698626917921,0.0792000745851202,0.6508542024075588,0.4097722925913145,duration_ms_very_low|energy_very_low|mode_0,acousticness_very_high,"duration_ms_very_low|energy_very_low|mode_0  →  acousticness_very_high (conf=0.74, lift=2.96)"
"frozenset({'instrumentalness_low', 'key_very_low', 'energy_very_high'})",frozenset({'loudness_very_high'}),0.0325351285952155,0.2499430994621402,0.0240299955677475,0.7385861561119293,2.95501719271832,1.0,0.01589806468526,2.869231749099757,0.6838413600376143,0.0929779837775202,0.6514746498557471,0.4173640102390464,energy_very_high|instrumentalness_low|key_very_low,loudness_very_high,"energy_very_high|instrumentalness_low|key_very_low  →  loudness_very_high (conf=0.74, lift=2.96)"
"frozenset({'acousticness_very_low', 'danceability_very_low'})",frozenset({'energy_very_high'}),0.0841648797901268,0.2486014446747086,0.0618239317672708,0.7345573583831482,2.9547590093223546,1.0,0.040900421060572,2.830737935504287,0.7223602908406014,0.2281810947033336,0.6467352249540355,0.4916221476057792,acousticness_very_low|danceability_very_low,energy_very_high,"acousticness_very_low|danceability_very_low  →  energy_very_high (conf=0.73, lift=2.95)"
"frozenset({'energy_very_low', 'duration_ms_very_high'})",frozenset({'loudness_very_low'}),0.0534146312246193,0.2500029947651505,0.0394470465626085,0.7385063915676162,2.953990180243077,1.0,0.0260932287921776,2.8681274839984527,0.6988010392722327,0.1494372844436376,0.6513404632189147,0.4481463438432235,duration_ms_very_high|energy_very_low,loudness_very_low,"duration_ms_very_high|energy_very_low  →  loudness_very_low (conf=0.74, lift=2.95)"
"frozenset({'loudness_very_low', 'mode_0', 'danceability_very_low'})",frozenset({'valence_very_low'}),0.0317445105954791,0.2507217384012746,0.0235029169012566,0.7403773584905661,2.952984305276348,1.0,0.0155438780200604,2.8860281878439284,0.683042373506476,0.0907577019150707,0.6535030377693323,0.4170592000288473,danceability_very_low|loudness_very_low|mode_0,valence_very_low,"danceability_very_low|loudness_very_low|mode_0  →  valence_very_low (conf=0.74, lift=2.95)"
"frozenset({'energy_very_low', 'acousticness_very_high', 'instrumentalness_high', 'tempo_very_low', 'loudness_very_low'})",frozenset({'danceability_very_low'}),0.0310736832017633,0.2516321470070317,0.0230836497801842,0.7428681572860447,2.952198938497655,1.0,0.0152645121607082,2.9104440939486653,0.6824764983914485,0.0889124717390301,0.6564098234770498,0.4173019259247514,acousticness_very_high|energy_very_low|instrumentalness_high|loudness_very_low|tempo_very_low,danceability_very_low,"acousticness_very_high|energy_very_low|instrumentalness_high|loudness_very_low|tempo_very_low  →  danceability_very_low (conf=0.74, lift=2.95)"
"frozenset({'speechiness_low', 'acousticness_very_high', 'danceability_very_low', 'loudness_very_low', 'valence_very_low'})",frozenset({'instrumentalness_high'}),0.0271924675666934,0.2497993507349153,0.0200529474478611,0.7374449339207049,2.9521491218897293,1.0,0.0132602867048208,2.857307841999568,0.6797477423512437,0.0780455965313068,0.6500202094779568,0.4088605765848669,acousticness_very_high|danceability_very_low|loudness_very_low|speechiness_low|valence_very_low,instrumentalness_high,"acousticness_very_high|danceability_very_low|loudness_very_low|speechiness_low|valence_very_low  →  instrumentalness_high (conf=0.74, lift=2.95)"
"frozenset({'energy_very_low', 'loudness_very_low', 'key_high'})",frozenset({'acousticness_very_high'}),0.0410282825620814,0.249751434492507,0.0302471280202206,0.7372262773722627,2.951840011931465,1.0,0.0200002555955768,2.8551125965146245,0.6895179911975258,0.1160972918295094,0.6497511162184115,0.4291676017299224,energy_very_low|key_high|loudness_very_low,acousticness_very_high,"energy_very_low|key_high|loudness_very_low  →  acousticness_very_high (conf=0.74, lift=2.95)"
"frozenset({'loudness_very_low', 'mode_1', 'key_low'})",frozenset({'acousticness_very_high'}),0.0323794008073886,0.249751434492507,0.0238622887193186,0.7369589345172031,2.950769576217641,1.0,0.0157754869196654,2.8522107912331265,0.6832278666513137,0.0923933209647495,0.6493947771764585,0.4162515426579012,key_low|loudness_very_low|mode_1,acousticness_very_high,"key_low|loudness_very_low|mode_1  →  acousticness_very_high (conf=0.74, lift=2.95)"
"frozenset({'energy_very_low', 'key_very_low', 'tempo_very_low'})",frozenset({'acousticness_very_high'}),0.0307622276261095,0.249751434492507,0.0226643826591118,0.7367601246105919,2.949973545127709,1.0,0.0149814721813059,2.850056680803612,0.6819935500346047,0.0878977932636469,0.6491297851248221,0.4137539411484059,energy_very_low|key_very_low|tempo_very_low,acousticness_very_high,"energy_very_low|key_very_low|tempo_very_low  →  acousticness_very_high (conf=0.74, lift=2.95)"
"frozenset({'loudness_very_low', 'tempo_very_low', 'acousticness_very_high', 'instrumentalness_high'})",frozenset({'valence_very_low'}),0.0328705422920734,0.2507217384012746,0.0243055139615951,0.7394314868804663,2.9492117101430693,1.0,0.0160641544559338,2.8755518179397224,0.6833897340974279,0.0937398937398937,0.6522406608146325,0.4181868375635011,acousticness_very_high|instrumentalness_high|loudness_very_low|tempo_very_low,valence_very_low,"acousticness_very_high|instrumentalness_high|loudness_very_low|tempo_very_low  →  valence_very_low (conf=0.74, lift=2.95)"
"frozenset({'loudness_very_low', 'tempo_very_low', 'mode_1', 'danceability_very_low'})",frozenset({'valence_very_low'}),0.0316247199894584,0.2507217384012746,0.0233831262952359,0.7393939393939394,2.949061952540213,1.0,0.0154541215230253,2.8751375154369696,0.6824927669427533,0.0902951244333425,0.6521905492760341,0.4163285989372945,danceability_very_low|loudness_very_low|mode_1|tempo_very_low,valence_very_low,"danceability_very_low|loudness_very_low|mode_1|tempo_very_low  →  valence_very_low (conf=0.74, lift=2.95)"
"frozenset({'loudness_very_low', 'mode_1', 'tempo_very_low'})",frozenset({'acousticness_very_high'}),0.0596557217982965,0.249751434492507,0.0439152361671797,0.736144578313253,2.947508909444676,1.0,0.0290161340723692,2.843407805348032,0.7026473947388783,0.1654108198348599,0.648309328644612,0.4559901749065425,loudness_very_low|mode_1|tempo_very_low,acousticness_very_high,"loudness_very_low|mode_1|tempo_very_low  →  acousticness_very_high (conf=0.74, lift=2.95)"
"frozenset({'energy_very_low', 'tempo_very_low', 'acousticness_very_high', 'danceability_very_low'})",frozenset({'valence_very_low'}),0.041303800955929,0.2507217384012746,0.0305226464140682,0.7389791183294663,2.947407444769494,1.0,0.0201668856358174,2.870568273324894,0.6891847266327153,0.1167201099404489,0.6516369217577501,0.4303591243821244,acousticness_very_high|danceability_very_low|energy_very_low|tempo_very_low,valence_very_low,"acousticness_very_high|danceability_very_low|energy_very_low|tempo_very_low  →  valence_very_low (conf=0.74, lift=2.95)"
"frozenset({'energy_very_low', 'loudness_very_low', 'tempo_low'})",frozenset({'acousticness_very_high'}),0.0441548173792211,0.249751434492507,0.0324991914134093,0.7360282148670646,2.947042992416312,1.0,0.0214714624331942,2.842154380740616,0.6911964740095629,0.1243240766199248,0.6481542287863274,0.4330771800029601,energy_very_low|loudness_very_low|tempo_low,acousticness_very_high,"energy_very_low|loudness_very_low|tempo_low  →  acousticness_very_high (conf=0.74, lift=2.95)"
"frozenset({'duration_ms_very_low', 'mode_0', 'acousticness_very_high'})",frozenset({'energy_very_low'}),0.0275757975059595,0.2505061153104373,0.0203524239629128,0.7380538662033015,2.946250894069692,1.0,0.0134445180531076,2.8612519445362743,0.6793183379580889,0.0789681617476179,0.6505026403181454,0.4096495421299598,acousticness_very_high|duration_ms_very_low|mode_0,energy_very_low,"acousticness_very_high|duration_ms_very_low|mode_0  →  energy_very_low (conf=0.74, lift=2.95)"
"frozenset({'valence_very_low', 'instrumentalness_high', 'tempo_very_low'})",frozenset({'energy_very_low'}),0.0382611195630038,0.2505061153104373,0.0282346458390733,0.7379461490294302,2.945820895888858,1.0,0.018650001409917,2.860075827596731,0.6868143344553527,0.1083727987493677,0.650358920434539,0.4253282772691145,instrumentalness_high|tempo_very_low|valence_very_low,energy_very_low,"instrumentalness_high|tempo_very_low|valence_very_low  →  energy_very_low (conf=0.74, lift=2.95)"
"frozenset({'instrumentalness_low', 'energy_very_high'})",frozenset({'loudness_very_high'}),0.1022412822386468,0.2499430994621402,0.0752764168233927,0.7362624487404804,2.9457202472277286,1.0,0.0497219138476818,2.8439518641006813,0.7357482999570297,0.2718463401972659,0.648376608400782,0.5187183319666936,energy_very_high|instrumentalness_low,loudness_very_high,"energy_very_high|instrumentalness_low  →  loudness_very_high (conf=0.74, lift=2.95)"
"frozenset({'liveness_very_high', 'mode_0', 'loudness_very_high'})",frozenset({'energy_very_high'}),0.0302950442626289,0.2486014446747086,0.0221852202350291,0.7323052589956504,2.945699933296289,1.0,0.0146538284648553,2.806923111399795,0.6811578154661773,0.0864209052729818,0.6437380147896868,0.4107726844296422,liveness_very_high|loudness_very_high|mode_0,energy_very_high,"liveness_very_high|loudness_very_high|mode_0  →  energy_very_high (conf=0.73, lift=2.95)"
"frozenset({'speechiness_very_low', 'instrumentalness_low', 'acousticness_very_high', 'mode_1'})",frozenset({'energy_very_low'}),0.0346793804429856,0.2505061153104373,0.0255872734460163,0.7378238341968912,2.9453326250441028,1.0,0.0168998765698712,2.858741496938451,0.6842076716374956,0.0985649024041345,0.6501957238627756,0.4199830724159666,acousticness_very_high|instrumentalness_low|mode_1|speechiness_very_low,energy_very_low,"acousticness_very_high|instrumentalness_low|mode_1|speechiness_very_low  →  energy_very_low (conf=0.74, lift=2.95)"
"frozenset({'danceability_very_low', 'speechiness_low', 'tempo_very_low'})",frozenset({'acousticness_very_high'}),0.0286299548389415,0.249751434492507,0.0210591885384348,0.7355648535564854,2.945187702529706,1.0,0.0139088162479534,2.837174163865361,0.679929415327596,0.0818397653740514,0.6475366183944091,0.4099427222360584,danceability_very_low|speechiness_low|tempo_very_low,acousticness_very_high,"danceability_very_low|speechiness_low|tempo_very_low  →  acousticness_very_high (conf=0.74, lift=2.95)"
"frozenset({'key_very_low', 'loudness_very_high', 'speechiness_very_high'})",frozenset({'energy_very_high'}),0.0277674624755926,0.2486014446747086,0.0203284658417086,0.7320966350301984,2.944860742817228,1.0,0.0134254345553255,2.804737280586192,0.6792874580310868,0.0793955272761298,0.6434603672430241,0.4069339726011108,key_very_low|loudness_very_high|speechiness_very_high,energy_very_high,"key_very_low|loudness_very_high|speechiness_very_high  →  energy_very_high (conf=0.73, lift=2.94)"
"frozenset({'acousticness_very_low', 'danceability_very_low', 'instrumentalness_high'})",frozenset({'energy_very_high'}),0.0323554426861845,0.2486014446747086,0.0236826028102876,0.7319511292114032,2.944275445257974,1.0,0.0156389930154124,2.803214776151397,0.6824384629833994,0.092051962564604,0.6432667205853828,0.413607232316394,acousticness_very_low|danceability_very_low|instrumentalness_high,energy_very_high,"acousticness_very_low|danceability_very_low|instrumentalness_high  →  energy_very_high (conf=0.73, lift=2.94)"
"frozenset({'loudness_very_high', 'speechiness_very_high'})",frozenset({'energy_very_high'}),0.0916997089088273,0.2486014446747086,0.0670947184321805,0.7316786414108427,2.9431793623252416,1.0,0.0442980383211958,2.800368033600345,0.7268866730494837,0.2455824966019205,0.6429040797489994,0.5007836661012678,loudness_very_high|speechiness_very_high,energy_very_high,"loudness_very_high|speechiness_very_high  →  energy_very_high (conf=0.73, lift=2.94)"
"frozenset({'valence_very_low', 'mode_1', 'speechiness_low', 'danceability_very_low'})",frozenset({'loudness_very_low'}),0.0274919440817451,0.2500029947651505,0.02022065429629,0.7355119825708061,2.942012687734945,1.0,0.0133475859439377,2.8356558929390103,0.6787569883963781,0.0785957070354332,0.6473479019474567,0.4081968154348999,danceability_very_low|mode_1|speechiness_low|valence_very_low,loudness_very_low,"danceability_very_low|mode_1|speechiness_low|valence_very_low  →  loudness_very_low (conf=0.74, lift=2.94)"
"frozenset({'loudness_very_low', 'instrumentalness_high', 'speechiness_low', 'acousticness_very_high'})",frozenset({'danceability_very_low'}),0.0327148145042465,0.2516321470070317,0.0242096814767785,0.7400219699743684,2.94088803348997,1.0,0.0159775824641382,2.878581135949009,0.6822875645127755,0.0930650211825382,0.6526066305682504,0.4181162882338756,acousticness_very_high|instrumentalness_high|loudness_very_low|speechiness_low,danceability_very_low,"acousticness_very_high|instrumentalness_high|loudness_very_low|speechiness_low  →  danceability_very_low (conf=0.74, lift=2.94)"
"frozenset({'energy_very_low', 'mode_1', 'duration_ms_low'})",frozenset({'acousticness_very_high'}),0.0377819571389211,0.249751434492507,0.0277435043543885,0.7343056436271401,2.9401458498896846,1.0,0.0183074063610085,2.823727894523428,0.6857913581859534,0.1067920874256467,0.6458582280752041,0.4226950540549246,duration_ms_low|energy_very_low|mode_1,acousticness_very_high,"duration_ms_low|energy_very_low|mode_1  →  acousticness_very_high (conf=0.73, lift=2.94)"
"frozenset({'loudness_very_low', 'mode_0', 'speechiness_low'})",frozenset({'energy_very_low'}),0.0279471483846236,0.2505061153104373,0.02056804705375,0.7359622803257608,2.9379014536779926,1.0,0.0135671154779136,2.838586417176542,0.6785855161216275,0.0797565960609438,0.6477119759508077,0.4090341240955506,loudness_very_low|mode_0|speechiness_low,energy_very_low,"loudness_very_low|mode_0|speechiness_low  →  energy_very_low (conf=0.74, lift=2.94)"
"frozenset({'loudness_very_low', 'danceability_very_low', 'liveness_low'})",frozenset({'valence_very_low'}),0.03545801938212,0.2507217384012746,0.0261143521125073,0.7364864864864865,2.937465618987358,1.0,0.0172242558527561,2.8434149414515737,0.6838172903745665,0.1004145555043758,0.6483102112808423,0.4203215996694258,danceability_very_low|liveness_low|loudness_very_low,valence_very_low,"danceability_very_low|liveness_low|loudness_very_low  →  valence_very_low (conf=0.74, lift=2.94)"
"frozenset({'energy_very_low', 'key_very_low', 'liveness_low'})",frozenset({'loudness_very_low'}),0.0312413900501922,0.2500029947651505,0.0229399010529594,0.7342791411042945,2.937081380941322,1.0,0.0151294599797851,2.822499552168092,0.6807949274725731,0.0888095348513657,0.645704106761734,0.4130188230677198,energy_very_low|key_very_low|liveness_low,loudness_very_low,"energy_very_low|key_very_low|liveness_low  →  loudness_very_low (conf=0.73, lift=2.94)"
"frozenset({'tempo_very_low', 'acousticness_very_high', 'liveness_low'})",frozenset({'loudness_very_low'}),0.0346554223217815,0.2500029947651505,0.0254435247187915,0.7341859661251297,2.9367086854892044,1.0,0.0167795653534951,2.821510190044759,0.6831578625363937,0.0981561070289754,0.6455798729601128,0.4179794229284009,acousticness_very_high|liveness_low|tempo_very_low,loudness_very_low,"acousticness_very_high|liveness_low|tempo_very_low  →  loudness_very_low (conf=0.73, lift=2.94)"
"frozenset({'instrumentalness_low', 'energy_very_high', 'speechiness_very_high'})",frozenset({'loudness_very_high'}),0.0441188801974149,0.2499430994621402,0.0323794008073886,0.7339125712734185,2.936318597523781,1.0,0.0213521911460479,2.8188362904907533,0.6898739677409359,0.1237354085603113,0.6452436761320742,0.4317298298495058,energy_very_high|instrumentalness_low|speechiness_very_high,loudness_very_high,"energy_very_high|instrumentalness_low|speechiness_very_high  →  loudness_very_high (conf=0.73, lift=2.94)"
"frozenset({'loudness_very_low', 'liveness_low', 'valence_very_low', 'instrumentalness_high'})",frozenset({'acousticness_very_high'}),0.029959630565771,0.249751434492507,0.0219695971441919,0.7333066773290684,2.9361460078062884,1.0,0.014487136433525,2.8131509180423384,0.6797835460944696,0.0852388919873582,0.6445267143023041,0.4106362635050541,instrumentalness_high|liveness_low|loudness_very_low|valence_very_low,acousticness_very_high,"instrumentalness_high|liveness_low|loudness_very_low|valence_very_low  →  acousticness_very_high (conf=0.73, lift=2.94)"
"frozenset({'loudness_very_low', 'mode_1'})",frozenset({'energy_very_low'}),0.1652750991267264,0.2505061153104373,0.1215515279291798,0.7354497354497355,2.935855416297268,1.0,0.080149104889396,2.8330868841265477,0.7899414173204933,0.4131178242814102,0.6470281213036978,0.6103367652000016,loudness_very_low|mode_1,energy_very_low,"loudness_very_low|mode_1  →  energy_very_low (conf=0.74, lift=2.94)"
"frozenset({'energy_very_low', 'speechiness_very_low', 'loudness_very_low', 'mode_1'})",frozenset({'acousticness_very_high'}),0.0426574348039626,0.249751434492507,0.0312653481713964,0.7329401853411963,2.934678580847893,1.0,0.0206115926373361,2.809290369897142,0.688622030109598,0.1197247706422018,0.6440382202155154,0.4290630227871505,energy_very_low|loudness_very_low|mode_1|speechiness_very_low,acousticness_very_high,"energy_very_low|loudness_very_low|mode_1|speechiness_very_low  →  acousticness_very_high (conf=0.73, lift=2.93)"
"frozenset({'energy_very_low', 'valence_very_low', 'key_very_low'})",frozenset({'acousticness_very_high'}),0.0353262497154973,0.249751434492507,0.025886749961068,0.7327907765344184,2.934080350823383,1.0,0.017063968419382,2.8077195681238525,0.683316721766883,0.0998752137542173,0.6438390744741612,0.4182204158464696,energy_very_low|key_very_low|valence_very_low,acousticness_very_high,"energy_very_low|key_very_low|valence_very_low  →  acousticness_very_high (conf=0.73, lift=2.93)"
"frozenset({'acousticness_very_low', 'mode_1', 'danceability_very_low'})",frozenset({'energy_very_high'}),0.0524443273158518,0.2486014446747086,0.0382491405024018,0.7293284604842394,2.933725753036372,1.0,0.0252114049666877,2.776053059252427,0.6956177126269165,0.1455465402497948,0.6397763376074327,0.4415928670657114,acousticness_very_low|danceability_very_low|mode_1,energy_very_high,"acousticness_very_low|danceability_very_low|mode_1  →  energy_very_high (conf=0.73, lift=2.93)"
"frozenset({'energy_very_low', 'loudness_very_low', 'valence_very_low', 'instrumentalness_high'})",frozenset({'danceability_very_low'}),0.0537979611638855,0.2516321470070317,0.039710585895854,0.7381429525718104,2.9334207149263145,1.0,0.0261732894235846,2.8579251937001886,0.6965754005362407,0.1494454963483906,0.6500958099937919,0.4479775031353767,energy_very_low|instrumentalness_high|loudness_very_low|valence_very_low,danceability_very_low,"energy_very_low|instrumentalness_high|loudness_very_low|valence_very_low  →  danceability_very_low (conf=0.74, lift=2.93)"
"frozenset({'energy_very_low', 'instrumentalness_high', 'speechiness_low', 'acousticness_very_high'})",frozenset({'danceability_very_low'}),0.0322476311407659,0.2516321470070317,0.0238023934163082,0.7381129271916791,2.9333013924133198,1.0,0.0156878527564665,2.857597532279533,0.6810494276395915,0.0915204274330984,0.6500556888421267,0.4163524742594595,acousticness_very_high|energy_very_low|instrumentalness_high|speechiness_low,danceability_very_low,"acousticness_very_high|energy_very_low|instrumentalness_high|speechiness_low  →  danceability_very_low (conf=0.74, lift=2.93)"
"frozenset({'tempo_very_low', 'mode_1', 'valence_very_low', 'danceability_very_low'})",frozenset({'energy_very_low'}),0.0328705422920734,0.2505061153104373,0.0241497861737682,0.7346938775510203,2.9328380931561604,1.0,0.0159155143160334,2.825015411522197,0.6814323954226102,0.0931608133086875,0.6460196302217083,0.415548928063957,danceability_very_low|mode_1|tempo_very_low|valence_very_low,energy_very_low,"danceability_very_low|mode_1|tempo_very_low|valence_very_low  →  energy_very_low (conf=0.73, lift=2.93)"
"frozenset({'loudness_very_low', 'valence_very_low', 'speechiness_low'})",frozenset({'instrumentalness_high'}),0.0423819164101151,0.2497993507349153,0.0310497250805591,0.7326172979084228,2.9328230668056023,1.0,0.0204627498784109,2.8057187072937304,0.6881987792385774,0.1189045369053626,0.6435850830660944,0.4284579799857176,loudness_very_low|speechiness_low|valence_very_low,instrumentalness_high,"loudness_very_low|speechiness_low|valence_very_low  →  instrumentalness_high (conf=0.73, lift=2.93)"
"frozenset({'loudness_very_low', 'mode_0', 'danceability_very_low'})",frozenset({'acousticness_very_high'}),0.0317445105954791,0.249751434492507,0.0232393775680111,0.7320754716981133,2.931216283845115,1.0,0.0153111405095276,2.800223519147685,0.6804450862473699,0.0899856208543995,0.6428856506767812,0.4125627490391377,danceability_very_low|loudness_very_low|mode_0,acousticness_very_high,"danceability_very_low|loudness_very_low|mode_0  →  acousticness_very_high (conf=0.73, lift=2.93)"
"frozenset({'energy_very_low', 'key_very_low', 'liveness_low'})",frozenset({'acousticness_very_high'}),0.0312413900501922,0.249751434492507,0.0228560476287449,0.7315950920245399,2.9292928527563227,1.0,0.0150534656481694,2.7952117983479163,0.6798604667572786,0.0885423917583182,0.6422453566520289,0.4115551363043703,energy_very_low|key_very_low|liveness_low,acousticness_very_high,"energy_very_low|key_very_low|liveness_low  →  acousticness_very_high (conf=0.73, lift=2.93)"
"frozenset({'energy_very_low', 'mode_0'})",frozenset({'loudness_very_low'}),0.0766899459744366,0.2500029947651505,0.0561458570418907,0.732114964073727,2.928424776517041,1.0,0.036973140879904,2.79969727551808,0.7132159802768477,0.2075271197697586,0.6428185258654612,0.4783478509875103,energy_very_low|mode_0,loudness_very_low,"energy_very_low|mode_0  →  loudness_very_low (conf=0.73, lift=2.93)"
"frozenset({'energy_very_low', 'tempo_very_high', 'acousticness_very_high'})",frozenset({'loudness_very_low'}),0.0284263108087063,0.2500029947651505,0.0208076282657913,0.731984829329962,2.9279042437774745,1.0,0.0137009654334898,2.798337882739461,0.677723967871295,0.080768157723426,0.6426450121809308,0.4076071726908554,acousticness_very_high|energy_very_low|tempo_very_high,loudness_very_low,"acousticness_very_high|energy_very_low|tempo_very_high  →  loudness_very_low (conf=0.73, lift=2.93)"
"frozenset({'energy_very_low', 'mode_1', 'valence_very_low', 'instrumentalness_high'})",frozenset({'danceability_very_low'}),0.0356976005941614,0.2516321470070317,0.0262940380215383,0.7365771812080537,2.9271982533593794,1.0,0.01731137414103,2.8409378368395486,0.6827488992987109,0.1007296590335459,0.6480035616997282,0.4205355676582019,energy_very_low|instrumentalness_high|mode_1|valence_very_low,danceability_very_low,"energy_very_low|instrumentalness_high|mode_1|valence_very_low  →  danceability_very_low (conf=0.74, lift=2.93)"
"frozenset({'energy_very_low', 'acousticness_very_high', 'speechiness_low', 'instrumentalness_high', 'loudness_very_low'})",frozenset({'valence_very_low'}),0.0311814947471819,0.2507217384012746,0.022868026689347,0.733384556281214,2.925093615566147,1.0,0.0150501481203833,2.810333306832108,0.6793125814499901,0.0882815390307066,0.6441703204495589,0.4122966737450026,acousticness_very_high|energy_very_low|instrumentalness_high|loudness_very_low|speechiness_low,valence_very_low,"acousticness_very_high|energy_very_low|instrumentalness_high|loudness_very_low|speechiness_low  →  valence_very_low (conf=0.73, lift=2.93)"
"frozenset({'key_very_low', 'instrumentalness_high', 'danceability_very_low'})",frozenset({'valence_very_low'}),0.0323794008073886,0.2507217384012746,0.0237424981132979,0.733259341472438,2.924594198126022,1.0,0.0156242784544778,2.809014065327815,0.680093231876829,0.0915431157914184,0.6440032065545036,0.413977974606262,danceability_very_low|instrumentalness_high|key_very_low,valence_very_low,"danceability_very_low|instrumentalness_high|key_very_low  →  valence_very_low (conf=0.73, lift=2.92)"
"frozenset({'mode_1', 'loudness_very_high', 'instrumentalness_medium'})",frozenset({'energy_very_high'}),0.0384408054720348,0.2486014446747086,0.0279471483846236,0.7270177625428482,2.9244309641649124,1.0,0.0183907086098163,2.7525547534690182,0.6843605040446701,0.1078644412594202,0.636701141461506,0.4197176221763535,instrumentalness_medium|loudness_very_high|mode_1,energy_very_high,"instrumentalness_medium|loudness_very_high|mode_1  →  energy_very_high (conf=0.73, lift=2.92)"
"frozenset({'energy_very_low', 'liveness_low'})",frozenset({'loudness_very_low'}),0.0977371554522694,0.2500029947651505,0.0714550964913331,0.7310944968746169,2.924342956616969,1.0,0.0470205149284387,2.7890727282183843,0.729324994580263,0.2586281651057925,0.6414578975002978,0.5084557295106195,energy_very_low|liveness_low,loudness_very_low,"energy_very_low|liveness_low  →  loudness_very_low (conf=0.73, lift=2.92)"
"frozenset({'loudness_very_high', 'danceability_low', 'tempo_very_high'})",frozenset({'energy_very_high'}),0.0301872327172103,0.2486014446747086,0.0219456390229878,0.726984126984127,2.924295665036763,1.0,0.0144410493587577,2.752215638691474,0.6785199538436917,0.0854437759432862,0.6366563775230037,0.4076302603792605,danceability_low|loudness_very_high|tempo_very_high,energy_very_high,"danceability_low|loudness_very_high|tempo_very_high  →  energy_very_high (conf=0.73, lift=2.92)"
"frozenset({'energy_very_low', 'acousticness_very_high', 'tempo_high'})",frozenset({'loudness_very_low'}),0.0335773068675954,0.2500029947651505,0.0245450951736364,0.7310024973242955,2.923974962823903,1.0,0.0161506679005891,2.7881188404154957,0.6808612962293896,0.0947558268590455,0.6413352309433925,0.4145908509620998,acousticness_very_high|energy_very_low|tempo_high,loudness_very_low,"acousticness_very_high|energy_very_low|tempo_high  →  loudness_very_low (conf=0.73, lift=2.92)"
"frozenset({'liveness_very_high', 'energy_very_high', 'danceability_very_low'})",frozenset({'acousticness_very_low'}),0.0348590663520166,0.2504581990680291,0.025527378143006,0.7323024054982818,2.9238507991482243,1.0,0.016796639163287,2.7999571767805342,0.6817504690754209,0.0982616313920782,0.6428516806282634,0.4171125572545934,danceability_very_low|energy_very_high|liveness_very_high,acousticness_very_low,"danceability_very_low|energy_very_high|liveness_very_high  →  acousticness_very_low (conf=0.73, lift=2.92)"
"frozenset({'loudness_very_low', 'duration_ms_very_high', 'valence_very_low'})",frozenset({'energy_very_low'}),0.0348470872914146,0.2505061153104373,0.0255153990824039,0.7322103815744242,2.922924179583557,1.0,0.0167859906151479,2.798816059771422,0.6816296679585185,0.0981974090636669,0.6427060661922636,0.4170328878032794,duration_ms_very_high|loudness_very_low|valence_very_low,energy_very_low,"duration_ms_very_high|loudness_very_low|valence_very_low  →  energy_very_low (conf=0.73, lift=2.92)"
"frozenset({'energy_very_low', 'danceability_very_low', 'tempo_very_low'})",frozenset({'valence_very_low'}),0.0489943578624564,0.2507217384012746,0.0358533283819882,0.7317848410757946,2.918713174780996,1.0,0.023569377806859,2.79357164078285,0.6912506387480927,0.1358786943296863,0.6420353122858279,0.4373926594294405,danceability_very_low|energy_very_low|tempo_very_low,valence_very_low,"danceability_very_low|energy_very_low|tempo_very_low  →  valence_very_low (conf=0.73, lift=2.92)"
"frozenset({'loudness_very_low', 'tempo_very_low', 'acousticness_very_high', 'instrumentalness_high'})",frozenset({'danceability_very_low'}),0.0328705422920734,0.2516321470070317,0.0241378071131661,0.7343294460641399,2.91826563020034,1.0,0.0158665219829263,2.816901767644313,0.679671897813528,0.0927076144467448,0.6450000452673689,0.4151272099405723,acousticness_very_high|instrumentalness_high|loudness_very_low|tempo_very_low,danceability_very_low,"acousticness_very_high|instrumentalness_high|loudness_very_low|tempo_very_low  →  danceability_very_low (conf=0.73, lift=2.92)"
"frozenset({'energy_very_low', 'loudness_very_low', 'duration_ms_high'})",frozenset({'acousticness_very_high'}),0.0317804477772853,0.249751434492507,0.0231555241437966,0.7286091217489635,2.9173370844875883,1.0,0.0152183117226054,2.7644575615158047,0.6787940254072767,0.0896193611201261,0.6382653819971535,0.4106617003056295,duration_ms_high|energy_very_low|loudness_very_low,acousticness_very_high,"duration_ms_high|energy_very_low|loudness_very_low  →  acousticness_very_high (conf=0.73, lift=2.92)"
"frozenset({'mode_1', 'acousticness_very_high', 'instrumentalness_medium'})",frozenset({'energy_very_low'}),0.0370871716240012,0.2505061153104373,0.0270966350818768,0.7306201550387595,2.9165761248317046,1.0,0.0178060717904968,2.782293845322404,0.682442059304211,0.1040191299549342,0.6405843323554047,0.4193938571674287,acousticness_very_high|instrumentalness_medium|mode_1,energy_very_low,"acousticness_very_high|instrumentalness_medium|mode_1  →  energy_very_low (conf=0.73, lift=2.92)"
"frozenset({'energy_very_low', 'mode_0', 'danceability_very_low'})",frozenset({'valence_very_low'}),0.0308341019897219,0.2507217384012746,0.0225445920530911,0.7311577311577312,2.916211956011287,1.0,0.0148138124001859,2.787055267854219,0.677994756579741,0.0870409767829062,0.6411983603145732,0.4105382540165149,danceability_very_low|energy_very_low|mode_0,valence_very_low,"danceability_very_low|energy_very_low|mode_0  →  valence_very_low (conf=0.73, lift=2.92)"
"frozenset({'energy_very_low', 'duration_ms_low', 'acousticness_very_high'})",frozenset({'loudness_very_low'}),0.0395189209262209,0.2500029947651505,0.0288096407479725,0.7290087905425886,2.9160002312268687,1.0,0.0189297921665301,2.7676063985120445,0.6840993678983203,0.1105035839000183,0.638676944619859,0.4221229865506426,acousticness_very_high|duration_ms_low|energy_very_low,loudness_very_low,"acousticness_very_high|duration_ms_low|energy_very_low  →  loudness_very_low (conf=0.73, lift=2.92)"
"frozenset({'energy_very_low', 'speechiness_very_low', 'mode_1', 'liveness_low'})",frozenset({'acousticness_very_high'}),0.0285580804753291,0.249751434492507,0.0207956492051893,0.7281879194630873,2.9156505985351364,1.0,0.0136632276401234,2.7601737348300355,0.676338299252484,0.0807554542494301,0.6377039650145149,0.4057266519469976,energy_very_low|liveness_low|mode_1|speechiness_very_low,acousticness_very_high,"energy_very_low|liveness_low|mode_1|speechiness_very_low  →  acousticness_very_high (conf=0.73, lift=2.92)"
"frozenset({'liveness_very_high', 'loudness_very_high'})",frozenset({'energy_very_high'}),0.0816372980030906,0.2486014446747086,0.0591526012530097,0.7245781364636831,2.9146175615020384,1.0,0.0388574510301017,2.728173230975952,0.7152967035421636,0.2182059213433495,0.6334543610919204,0.4812598194485331,liveness_very_high|loudness_very_high,energy_very_high,"liveness_very_high|loudness_very_high  →  energy_very_high (conf=0.72, lift=2.91)"
"frozenset({'energy_very_low', 'loudness_very_low', 'tempo_very_high'})",frozenset({'acousticness_very_high'}),0.0285940176571353,0.249751434492507,0.0208076282657913,0.7276916631755341,2.913663597785525,1.0,0.0136662313380177,2.7551435782559777,0.6761225393130459,0.0807944555560723,0.6370425091845827,0.4055025057687829,energy_very_low|loudness_very_low|tempo_very_high,acousticness_very_high,"energy_very_low|loudness_very_low|tempo_very_high  →  acousticness_very_high (conf=0.73, lift=2.91)"
"frozenset({'instrumentalness_low', 'energy_very_high', 'mode_1'})",frozenset({'loudness_very_high'}),0.0656332730387283,0.2499430994621402,0.0477964518022496,0.72823507939405,2.9136034599921348,1.0,0.0313918681111049,2.7599474533558985,0.7029171486408328,0.1784915451373356,0.6376742612312885,0.4597322054051486,energy_very_high|instrumentalness_low|mode_1,loudness_very_high,"energy_very_high|instrumentalness_low|mode_1  →  loudness_very_high (conf=0.73, lift=2.91)"
"frozenset({'energy_very_low', 'valence_low', 'mode_1'})",frozenset({'acousticness_very_high'}),0.0519052695887588,0.249751434492507,0.037757999017717,0.7274405723517193,2.912658234896119,1.0,0.0247945834802042,2.7526054482167366,0.6926217311103132,0.1430776214253291,0.6367078323383232,0.4393114416269604,energy_very_low|mode_1|valence_low,acousticness_very_high,"energy_very_low|mode_1|valence_low  →  acousticness_very_high (conf=0.73, lift=2.91)"
"frozenset({'duration_ms_very_low', 'acousticness_very_high', 'tempo_very_low'})",frozenset({'loudness_very_low'}),0.0361887420788461,0.2500029947651505,0.0263419542639466,0.7279046673286992,2.911583791276113,1.0,0.0172946603674514,2.756375855005451,0.6811959410953465,0.1013737783514659,0.6372047744562679,0.4166356110960698,acousticness_very_high|duration_ms_very_low|tempo_very_low,loudness_very_low,"acousticness_very_high|duration_ms_very_low|tempo_very_low  →  loudness_very_low (conf=0.73, lift=2.91)"
"frozenset({'energy_very_low', 'loudness_very_low', 'tempo_very_low', 'instrumentalness_high'})",frozenset({'valence_very_low'}),0.0368236322907557,0.2507217384012746,0.0268810119910396,0.7299934938191281,2.9115684123519823,1.0,0.017648526888852,2.775037802595761,0.6816430767545895,0.103125,0.6396445486023277,0.4186040092124785,energy_very_low|instrumentalness_high|loudness_very_low|tempo_very_low,valence_very_low,"energy_very_low|instrumentalness_high|loudness_very_low|tempo_very_low  →  valence_very_low (conf=0.73, lift=2.91)"
"frozenset({'energy_very_low', 'mode_1', 'instrumentalness_medium'})",frozenset({'loudness_very_low'}),0.0378897686843397,0.2500029947651505,0.0275757975059595,0.7277900727157761,2.911125418315298,1.0,0.0181032418639158,2.755215479161241,0.6823440978941175,0.105931618425291,0.6370519810289299,0.4190459707134223,energy_very_low|instrumentalness_medium|mode_1,loudness_very_low,"energy_very_low|instrumentalness_medium|mode_1  →  loudness_very_low (conf=0.73, lift=2.91)"
"frozenset({'loudness_very_low', 'duration_ms_very_low', 'mode_1'})",frozenset({'acousticness_very_high'}),0.0609973765857281,0.249751434492507,0.04432252422765,0.7266300078554596,2.9094127500487272,1.0,0.0290883419250847,2.7444437468133294,0.6989203325565222,0.1663594262847894,0.6356274377417518,0.4520482765067504,duration_ms_very_low|loudness_very_low|mode_1,acousticness_very_high,"duration_ms_very_low|loudness_very_low|mode_1  →  acousticness_very_high (conf=0.73, lift=2.91)"
"frozenset({'energy_very_low', 'loudness_very_low', 'instrumentalness_medium'})",frozenset({'acousticness_very_high'}),0.0403933923501719,0.249751434492507,0.0293486984750655,0.7265717674970344,2.909179556759794,1.0,0.0192603907915914,2.743859178840853,0.6838849059790694,0.1125350236553213,0.6355498096580703,0.422041699375166,energy_very_low|instrumentalness_medium|loudness_very_low,acousticness_very_high,"energy_very_low|instrumentalness_medium|loudness_very_low  →  acousticness_very_high (conf=0.73, lift=2.91)"
"frozenset({'energy_very_low', 'loudness_very_low', 'liveness_very_low'})",frozenset({'acousticness_very_high'}),0.0449334563183555,0.249751434492507,0.0326429401406341,0.726472940549187,2.9087838555377035,1.0,0.0214207449684184,2.742867806255952,0.6870869028090002,0.1245714285714286,0.6354180840508635,0.428587326430764,energy_very_low|liveness_very_low|loudness_very_low,acousticness_very_high,"energy_very_low|liveness_very_low|loudness_very_low  →  acousticness_very_high (conf=0.73, lift=2.91)"
"frozenset({'energy_very_low', 'loudness_very_low', 'speechiness_low', 'instrumentalness_high'})",frozenset({'valence_very_low'}),0.0362965536242647,0.2507217384012746,0.0264617448699673,0.7290429042904291,2.907776999869122,1.0,0.0173614098473165,2.765302232209669,0.6808055688309479,0.1015585490322283,0.6383758750301479,0.4172925940467912,energy_very_low|instrumentalness_high|loudness_very_low|speechiness_low,valence_very_low,"energy_very_low|instrumentalness_high|loudness_very_low|speechiness_low  →  valence_very_low (conf=0.73, lift=2.91)"
"frozenset({'danceability_very_low', 'speechiness_low', 'tempo_very_low'})",frozenset({'loudness_very_low'}),0.0286299548389415,0.2500029947651505,0.0208076282657913,0.7267782426778243,2.907078146646004,1.0,0.013650053816065,2.7450120099713486,0.6753471577705196,0.0807043627747061,0.635702868924629,0.4050038793647866,danceability_very_low|speechiness_low|tempo_very_low,loudness_very_low,"danceability_very_low|speechiness_low|tempo_very_low  →  loudness_very_low (conf=0.73, lift=2.91)"
"frozenset({'speechiness_very_low', 'instrumentalness_low', 'acousticness_very_high'})",frozenset({'energy_very_low'}),0.0426214976221564,0.2505061153104373,0.0310377460199571,0.7282181000562112,2.906987317071177,1.0,0.0203608002219176,2.757703455765732,0.685205746232104,0.1184240596005302,0.6373794296448999,0.4260591265391997,acousticness_very_high|instrumentalness_low|speechiness_very_low,energy_very_low,"acousticness_very_high|instrumentalness_low|speechiness_very_low  →  energy_very_low (conf=0.73, lift=2.91)"
"frozenset({'loudness_very_low', 'mode_1', 'key_very_high'})",frozenset({'energy_very_low'}),0.0316007618682542,0.2505061153104373,0.0230117754165718,0.7282031842304776,2.906927774310254,1.0,0.0150955913201052,2.757552116891305,0.6774005794022663,0.0888159415599426,0.6373595284475209,0.4100321582973352,key_very_high|loudness_very_low|mode_1,energy_very_low,"key_very_high|loudness_very_low|mode_1  →  energy_very_low (conf=0.73, lift=2.91)"
"frozenset({'energy_very_high', 'tempo_very_high', 'speechiness_very_high'})",frozenset({'loudness_very_high'}),0.0426574348039626,0.2499430994621402,0.0309898297775488,0.7264813254703735,2.9065868473012846,1.0,0.0203278983075422,2.742251152787801,0.6851819597499497,0.1184578048445441,0.6353361000565577,0.4252344322055917,energy_very_high|speechiness_very_high|tempo_very_high,loudness_very_high,"energy_very_high|speechiness_very_high|tempo_very_high  →  loudness_very_high (conf=0.73, lift=2.91)"
"frozenset({'loudness_very_high', 'instrumentalness_medium'})",frozenset({'energy_very_high'}),0.0652619221600642,0.2486014446747086,0.0471376034691359,0.7222834067547724,2.905387004889975,1.0,0.0309133953378956,2.70563075308142,0.701599506025014,0.1767268481092248,0.6304004162943859,0.455947273656382,instrumentalness_medium|loudness_very_high,energy_very_high,"instrumentalness_medium|loudness_very_high  →  energy_very_high (conf=0.72, lift=2.91)"
"frozenset({'energy_very_low', 'loudness_very_low', 'valence_very_low', 'acousticness_very_high'})",frozenset({'danceability_very_low'}),0.0672624252806095,0.2516321470070317,0.0491381065896812,0.7305431878895815,2.90321883184968,1.0,0.0322127181034214,2.7773202211206325,0.7028286903422303,0.1821572894000621,0.6399406908878136,0.4629103638200645,acousticness_very_high|energy_very_low|loudness_very_low|valence_very_low,danceability_very_low,"acousticness_very_high|energy_very_low|loudness_very_low|valence_very_low  →  danceability_very_low (conf=0.73, lift=2.90)"
"frozenset({'loudness_very_low', 'liveness_very_low', 'mode_1'})",frozenset({'energy_very_low'}),0.041124115046898,0.2505061153104373,0.0298997352627606,0.727060879697058,2.902367787692746,1.0,0.0195978929567827,2.746011212528569,0.6835647227203332,0.1142386379239324,0.6358354272416882,0.4232090932532727,liveness_very_low|loudness_very_low|mode_1,energy_very_low,"liveness_very_low|loudness_very_low|mode_1  →  energy_very_low (conf=0.73, lift=2.90)"
"frozenset({'valence_very_low', 'loudness_very_high'})",frozenset({'energy_very_high'}),0.0450772050455803,0.2486014446747086,0.0325231495346134,0.7214988041456284,2.902230938720807,1.0,0.0213168912383841,2.698008362298732,0.6863774595024122,0.1245355717627631,0.629356226624891,0.4261616316299866,loudness_very_high|valence_very_low,energy_very_high,"loudness_very_high|valence_very_low  →  energy_very_high (conf=0.72, lift=2.90)"
"frozenset({'energy_very_low', 'tempo_very_low', 'acousticness_very_high', 'instrumentalness_high'})",frozenset({'valence_very_low'}),0.0327627307466548,0.2507217384012746,0.0238383305981144,0.7276051188299818,2.90204241351209,1.0,0.0156240017905403,2.750706101305389,0.6776156368884948,0.0918108419838523,0.6364569811636964,0.4113419765196254,acousticness_very_high|energy_very_low|instrumentalness_high|tempo_very_low,valence_very_low,"acousticness_very_high|energy_very_low|instrumentalness_high|tempo_very_low  →  valence_very_low (conf=0.73, lift=2.90)"
"frozenset({'loudness_very_low', 'mode_1', 'speechiness_low', 'danceability_very_low'})",frozenset({'valence_very_low'}),0.0278033996573988,0.2507217384012746,0.02022065429629,0.7272727272727272,2.900716674629717,1.0,0.0132497376007216,2.7473536258619924,0.6739970181621034,0.0782822427306033,0.6360133655214311,0.4039612561351691,danceability_very_low|loudness_very_low|mode_1|speechiness_low,valence_very_low,"danceability_very_low|loudness_very_low|mode_1|speechiness_low  →  valence_very_low (conf=0.73, lift=2.90)"
"frozenset({'energy_very_low', 'loudness_very_low', 'tempo_high'})",frozenset({'acousticness_very_high'}),0.0338887624432492,0.249751434492507,0.0245450951736364,0.7242841993637328,2.900020177403475,1.0,0.0160813281402592,2.7210938356675607,0.6781567044483922,0.0947339220491007,0.6325007293419296,0.4112811471181943,energy_very_low|loudness_very_low|tempo_high,acousticness_very_high,"energy_very_low|loudness_very_low|tempo_high  →  acousticness_very_high (conf=0.72, lift=2.90)"
"frozenset({'loudness_very_low', 'duration_ms_high', 'mode_1'})",frozenset({'energy_very_low'}),0.0306544160806909,0.2505061153104373,0.0222570945986415,0.7260648690894882,2.8983917945065696,1.0,0.0145779759091578,2.736026891470173,0.675694090084587,0.0859667792532272,0.6345065163220449,0.4074566885615765,duration_ms_high|loudness_very_low|mode_1,energy_very_low,"duration_ms_high|loudness_very_low|mode_1  →  energy_very_low (conf=0.73, lift=2.90)"
"frozenset({'loudness_very_low', 'danceability_low'})",frozenset({'energy_very_low'}),0.0549958672240922,0.2505061153104373,0.0399142299260891,0.7257678065780876,2.8972059451669936,1.0,0.0261374288696532,2.7330630854724247,0.6929492058460135,0.1502864101754544,0.6341101655078902,0.4425510800296712,danceability_low|loudness_very_low,energy_very_low,"danceability_low|loudness_very_low  →  energy_very_low (conf=0.73, lift=2.90)"
"frozenset({'liveness_very_high', 'mode_1', 'loudness_very_high'})",frozenset({'energy_very_high'}),0.0513422537404616,0.2486014446747086,0.0369673810179805,0.7200186654223051,2.896277076605243,1.0,0.0242036225652463,2.683745173436832,0.6901637278359122,0.1405730424087824,0.6273863815768359,0.434360028996027,liveness_very_high|loudness_very_high|mode_1,energy_very_high,"liveness_very_high|loudness_very_high|mode_1  →  energy_very_high (conf=0.72, lift=2.90)"
"frozenset({'energy_very_low', 'speechiness_very_low', 'mode_1', 'danceability_very_low'})",frozenset({'acousticness_very_high'}),0.0279950646270319,0.249751434492507,0.0202446124174942,0.7231493367565254,2.8954762090794754,1.0,0.0132528048681825,2.709939563510062,0.6734880075093717,0.0786192780052102,0.6309880805220819,0.4021041901778693,danceability_very_low|energy_very_low|mode_1|speechiness_very_low,acousticness_very_high,"danceability_very_low|energy_very_low|mode_1|speechiness_very_low  →  acousticness_very_high (conf=0.72, lift=2.90)"
"frozenset({'valence_low', 'loudness_very_high', 'energy_very_high'})",frozenset({'acousticness_very_low'}),0.0372908156542363,0.2504581990680291,0.0270367397788665,0.7250240925152587,2.894790808259101,1.0,0.0176969492483286,2.7258453578285358,0.6799061495695299,0.1037033633523249,0.6331413309533375,0.4164866014518134,energy_very_high|loudness_very_high|valence_low,acousticness_very_low,"energy_very_high|loudness_very_high|valence_low  →  acousticness_very_low (conf=0.73, lift=2.89)"
"frozenset({'key_low', 'acousticness_very_high'})",frozenset({'energy_very_low'}),0.0573797002839037,0.2505061153104373,0.0416032774709807,0.7250521920668058,2.894349270349315,1.0,0.0272293116551828,2.725949664132881,0.694340230296515,0.1562373476089792,0.6331553685096757,0.4455645428581925,acousticness_very_high|key_low,energy_very_low,"acousticness_very_high|key_low  →  energy_very_low (conf=0.73, lift=2.89)"
"frozenset({'energy_very_low', 'mode_0', 'instrumentalness_high'})",frozenset({'acousticness_very_high'}),0.0337090765342181,0.249751434492507,0.0243654092646054,0.7228144989339019,2.894135524797506,1.0,0.0159465190447667,2.7066659786385703,0.6773050053875538,0.0940404087105275,0.6305417780057991,0.4101865674198504,energy_very_low|instrumentalness_high|mode_0,acousticness_very_high,"energy_very_low|instrumentalness_high|mode_0  →  acousticness_very_high (conf=0.72, lift=2.89)"
"frozenset({'energy_very_low', 'liveness_low', 'acousticness_very_high', 'danceability_very_low'})",frozenset({'valence_very_low'}),0.0330023119586962,0.2507217384012746,0.0239461421435331,0.7255898366606172,2.894004489947045,1.0,0.0156717451179876,2.7305047760641394,0.6767937943006486,0.0921792861754127,0.6337673499910735,0.4105493378238585,acousticness_very_high|danceability_very_low|energy_very_low|liveness_low,valence_very_low,"acousticness_very_high|danceability_very_low|energy_very_low|liveness_low  →  valence_very_low (conf=0.73, lift=2.89)"
"frozenset({'energy_very_low', 'instrumentalness_medium'})",frozenset({'loudness_very_low'}),0.055834401466237,0.2500029947651505,0.0403933923501719,0.7234499034541944,2.893764949231082,1.0,0.0264346247726929,2.711975206671554,0.6931299255515665,0.1521729319915158,0.631265065572884,0.4425107686892437,energy_very_low|instrumentalness_medium,loudness_very_low,"energy_very_low|instrumentalness_medium  →  loudness_very_low (conf=0.72, lift=2.89)"
"frozenset({'energy_very_low', 'loudness_very_low', 'instrumentalness_low', 'mode_1'})",frozenset({'acousticness_very_high'}),0.0413157800165311,0.249751434492507,0.0298518190203524,0.7225282690634965,2.892989465832972,1.0,0.0195331436940469,2.703873879242781,0.682536319145168,0.1142804732642392,0.6301602646200165,0.4210271927119967,energy_very_low|instrumentalness_low|loudness_very_low|mode_1,acousticness_very_high,"energy_very_low|instrumentalness_low|loudness_very_low|mode_1  →  acousticness_very_high (conf=0.72, lift=2.89)"
"frozenset({'energy_very_low', 'mode_1', 'duration_ms_low', 'acousticness_very_high'})",frozenset({'loudness_very_low'}),0.0277435043543885,0.2500029947651505,0.0200649265084632,0.7232297063903281,2.892884171526507,1.0,0.013128967334586,2.709817572736211,0.6729954701438288,0.07786713774348,0.6309714683153892,0.4017442254999077,acousticness_very_high|duration_ms_low|energy_very_low|mode_1,loudness_very_low,"acousticness_very_high|duration_ms_low|energy_very_low|mode_1  →  loudness_very_low (conf=0.72, lift=2.89)"
"frozenset({'energy_very_low', 'mode_1', 'speechiness_low', 'danceability_very_low'})",frozenset({'valence_very_low'}),0.0284862061117167,0.2507217384012746,0.0206519004779645,0.7249789739276704,2.891568072838413,1.0,0.0135097893611778,2.724439917556223,0.6733480131660184,0.079873980726464,0.6329520817999967,0.4036743890183025,danceability_very_low|energy_very_low|mode_1|speechiness_low,valence_very_low,"danceability_very_low|energy_very_low|mode_1|speechiness_low  →  valence_very_low (conf=0.72, lift=2.89)"
"frozenset({'energy_very_low', 'mode_1', 'liveness_low'})",frozenset({'loudness_very_low'}),0.0691191796739299,0.2500029947651505,0.0499526827106218,0.7227036395147314,2.8907799292309657,1.0,0.0326726807964288,2.704676700128176,0.7026383834445011,0.185580774365821,0.6302700430137881,0.4612559884205185,energy_very_low|liveness_low|mode_1,loudness_very_low,"energy_very_low|liveness_low|mode_1  →  loudness_very_low (conf=0.72, lift=2.89)"
"frozenset({'energy_very_low', 'mode_1', 'key_very_high'})",frozenset({'acousticness_very_high'}),0.0339486577462595,0.249751434492507,0.0244971789312282,0.7215949188426253,2.889252349276393,1.0,0.0160184529600047,2.694809169389398,0.6768684753017428,0.0945096589333579,0.6289162099642905,0.4098405789953929,energy_very_low|key_very_high|mode_1,acousticness_very_high,"energy_very_low|key_very_high|mode_1  →  acousticness_very_high (conf=0.72, lift=2.89)"
"frozenset({'energy_very_low', 'acousticness_very_high', 'mode_1', 'loudness_very_low', 'valence_very_low'})",frozenset({'danceability_very_low'}),0.0446100216820996,0.2516321470070317,0.0324273170497969,0.726906552094522,2.8887666410691524,1.0,0.0212020015158999,2.740336169661568,0.6843608578979071,0.1229169504608818,0.635081268104599,0.4278872472935716,acousticness_very_high|energy_very_low|loudness_very_low|mode_1|valence_very_low,danceability_very_low,"acousticness_very_high|energy_very_low|loudness_very_low|mode_1|valence_very_low  →  danceability_very_low (conf=0.73, lift=2.89)"
"frozenset({'energy_very_low', 'speechiness_very_low', 'loudness_very_low'})",frozenset({'acousticness_very_high'}),0.0577630302231699,0.249751434492507,0.041651193713389,0.7210700953961012,2.8871509661648584,1.0,0.0272247940545182,2.689738723328722,0.6937084907945339,0.1566639632333062,0.6282166772085445,0.443920341956768,energy_very_low|loudness_very_low|speechiness_very_low,acousticness_very_high,"energy_very_low|loudness_very_low|speechiness_very_low  →  acousticness_very_high (conf=0.72, lift=2.89)"
"frozenset({'energy_very_low', 'speechiness_very_low', 'danceability_very_low'})",frozenset({'acousticness_very_high'}),0.0383928892296266,0.249751434492507,0.0276836090513781,0.7210608424336973,2.8871139174791414,1.0,0.018094929891967,2.689649499386481,0.6797301457997487,0.1062870808995998,0.6282043440128152,0.4159527436303936,danceability_very_low|energy_very_low|speechiness_very_low,acousticness_very_high,"danceability_very_low|energy_very_low|speechiness_very_low  →  acousticness_very_high (conf=0.72, lift=2.89)"
"frozenset({'energy_very_low', 'acousticness_very_high', 'tempo_very_low', 'danceability_very_low', 'mode_1'})",frozenset({'valence_very_low'}),0.028713808263156,0.2507217384012746,0.0207836701445872,0.7238214434710054,2.8869512794799834,1.0,0.0135844942207279,2.7130211375410043,0.6729363954816582,0.0803538347536124,0.6314072212108276,0.4033584044875333,acousticness_very_high|danceability_very_low|energy_very_low|mode_1|tempo_very_low,valence_very_low,"acousticness_very_high|danceability_very_low|energy_very_low|mode_1|tempo_very_low  →  valence_very_low (conf=0.72, lift=2.89)"
"frozenset({'energy_very_low', 'danceability_very_low', 'liveness_low'})",frozenset({'valence_very_low'}),0.0392434025323734,0.2507217384012746,0.0284023526875022,0.7237484737484737,2.886660240805009,1.0,0.0185631785838046,2.712304513809309,0.6802752198077219,0.1085871307533775,0.6313098345305095,0.4185154217762913,danceability_very_low|energy_very_low|liveness_low,valence_very_low,"danceability_very_low|energy_very_low|liveness_low  →  valence_very_low (conf=0.72, lift=2.89)"
"frozenset({'loudness_very_low', 'duration_ms_very_low', 'valence_very_low'})",frozenset({'instrumentalness_high'}),0.0318523221408977,0.2497993507349153,0.0229638591741635,0.720947724708537,2.88610728005294,1.0,0.0150071697839679,2.688387501881212,0.6750132735703173,0.0887705487381338,0.6280298136707431,0.4064384717629866,duration_ms_very_low|loudness_very_low|valence_very_low,instrumentalness_high,"duration_ms_very_low|loudness_very_low|valence_very_low  →  instrumentalness_high (conf=0.72, lift=2.89)"
"frozenset({'valence_low', 'mode_1', 'energy_very_high'})",frozenset({'acousticness_very_low'}),0.0348830244732208,0.2504581990680291,0.0252039435067502,0.7225274725274725,2.8848225980065467,1.0,0.0164672040191413,2.701318965735024,0.6769731033203312,0.0968870878614846,0.6298104693727266,0.4115794049073176,energy_very_high|mode_1|valence_low,acousticness_very_low,"energy_very_high|mode_1|valence_low  →  acousticness_very_low (conf=0.72, lift=2.88)"
"frozenset({'energy_very_low', 'mode_1'})",frozenset({'acousticness_very_high'}),0.1738161693360006,0.249751434492507,0.1251811832916062,0.7201929703652653,2.883638974201256,1.0,0.0817703456619475,2.681307065397468,0.7906423806937463,0.4195270785659801,0.6270475646355099,0.610708025304461,energy_very_low|mode_1,acousticness_very_high,"energy_very_low|mode_1  →  acousticness_very_high (conf=0.72, lift=2.88)"
"frozenset({'energy_very_low', 'loudness_very_low', 'acousticness_very_high', 'danceability_very_low'})",frozenset({'valence_very_low'}),0.0679691898561314,0.2507217384012746,0.0491381065896812,0.7229467747620726,2.883462676080413,1.0,0.0320967531512256,2.7044560154651194,0.700829565819686,0.1822949071193671,0.630239872905451,0.4594666984178255,acousticness_very_high|danceability_very_low|energy_very_low|loudness_very_low,valence_very_low,"acousticness_very_high|danceability_very_low|energy_very_low|loudness_very_low  →  valence_very_low (conf=0.72, lift=2.88)"
"frozenset({'energy_very_low', 'loudness_very_low', 'mode_0'})",frozenset({'acousticness_very_high'}),0.0561458570418907,0.249751434492507,0.0404293295319781,0.7200768081928739,2.883173863069352,1.0,0.0264068211949546,2.6801943799798926,0.6920137107358144,0.1522945715446053,0.6268927330533758,0.4409775378678409,energy_very_low|loudness_very_low|mode_0,acousticness_very_high,"energy_very_low|loudness_very_low|mode_0  →  acousticness_very_high (conf=0.72, lift=2.88)"
"frozenset({'energy_very_low', 'loudness_very_low', 'danceability_very_low'})",frozenset({'valence_very_low'}),0.0798524179733825,0.2507217384012746,0.0577151139807616,0.7227722772277229,2.8827666952075046,1.0,0.0376943769309299,2.7027537293382604,0.7097894209902041,0.2115198876108525,0.6300069854145242,0.4764840841465895,danceability_very_low|energy_very_low|loudness_very_low,valence_very_low,"danceability_very_low|energy_very_low|loudness_very_low  →  valence_very_low (conf=0.72, lift=2.88)"
"frozenset({'danceability_very_low', 'instrumentalness_high'})",frozenset({'valence_very_low'}),0.0950897830592125,0.2507217384012746,0.0687238706740617,0.7227261274880323,2.8825826276432607,1.0,0.0448827949612559,2.7023038803138046,0.7217167588781245,0.2480221347974579,0.6299453931569401,0.4984151421004423,danceability_very_low|instrumentalness_high,valence_very_low,"danceability_very_low|instrumentalness_high  →  valence_very_low (conf=0.72, lift=2.88)"
"frozenset({'loudness_very_low', 'mode_1', 'liveness_low'})",frozenset({'acousticness_very_high'}),0.0596437427376945,0.249751434492507,0.0429329531978102,0.7198232576822655,2.8821586516407427,1.0,0.0280368428905689,2.677768894381224,0.6944579056244313,0.1611221003416651,0.6265547777112861,0.4458629934149732,liveness_low|loudness_very_low|mode_1,acousticness_very_high,"liveness_low|loudness_very_low|mode_1  →  acousticness_very_high (conf=0.72, lift=2.88)"
"frozenset({'energy_very_low', 'duration_ms_low'})",frozenset({'acousticness_very_high'}),0.0549120137998778,0.249751434492507,0.0395189209262209,0.7196771378708552,2.881573590691214,1.0,0.0258045667088291,2.676373092829843,0.6909064562791287,0.1490467154603777,0.6263600158441821,0.4389550733241273,duration_ms_low|energy_very_low,acousticness_very_high,"duration_ms_low|energy_very_low  →  acousticness_very_high (conf=0.72, lift=2.88)"
"frozenset({'tempo_very_high', 'danceability_low', 'energy_very_high'})",frozenset({'loudness_very_high'}),0.0304747301716599,0.2499430994621402,0.0219456390229878,0.720125786163522,2.8811589026189623,1.0,0.0143286905086107,2.6799785884386447,0.6734403557979434,0.0849052231542846,0.6268626905028372,0.4039641631512553,danceability_low|energy_very_high|tempo_very_high,loudness_very_high,"danceability_low|energy_very_high|tempo_very_high  →  loudness_very_high (conf=0.72, lift=2.88)"
"frozenset({'energy_very_low', 'valence_very_low', 'mode_0'})",frozenset({'acousticness_very_high'}),0.0350267732004456,0.249751434492507,0.0252039435067502,0.7195622435020519,2.881113555820797,1.0,0.0164559566542952,2.6752765921267176,0.676611497281337,0.0970972356823111,0.6262068741067826,0.4102391772932582,energy_very_low|mode_0|valence_very_low,acousticness_very_high,"energy_very_low|mode_0|valence_very_low  →  acousticness_very_high (conf=0.72, lift=2.88)"
"frozenset({'acousticness_very_low', 'liveness_very_high', 'mode_1'})",frozenset({'energy_very_high'}),0.0458678230453167,0.2486014446747086,0.0328465841708693,0.7161138678506138,2.8805700175541555,1.0,0.0214437770977196,2.6468307896417125,0.6842306581080703,0.1255494505494505,0.6221896753228549,0.4241196718427164,acousticness_very_low|liveness_very_high|mode_1,energy_very_high,"acousticness_very_low|liveness_very_high|mode_1  →  energy_very_high (conf=0.72, lift=2.88)"
"frozenset({'loudness_very_low', 'tempo_very_low'})",frozenset({'acousticness_very_high'}),0.0879382838797781,0.249751434492507,0.0632374609183147,0.7191118376243019,2.8793101392411677,1.0,0.0412747483725308,2.670986769830507,0.7156254609138328,0.230413338570992,0.6256065319022689,0.4861567150134075,loudness_very_low|tempo_very_low,acousticness_very_high,"loudness_very_low|tempo_very_low  →  acousticness_very_high (conf=0.72, lift=2.88)"
"frozenset({'valence_low', 'energy_very_high'})",frozenset({'acousticness_very_low'}),0.0593562452832448,0.2504581990680291,0.0427892044705854,0.7208879919273461,2.878276672953077,1.0,0.0279229461735037,2.685451643975355,0.6937481699734115,0.1602440446817101,0.6276231589410897,0.4458658440600954,energy_very_high|valence_low,acousticness_very_low,"energy_very_high|valence_low  →  acousticness_very_low (conf=0.72, lift=2.88)"
"frozenset({'energy_very_low', 'speechiness_very_low', 'liveness_low'})",frozenset({'acousticness_very_high'}),0.0374225853208591,0.249751434492507,0.0268929910516417,0.7186299615877081,2.877380716743263,1.0,0.0175466466853389,2.6664124216671308,0.6778277684534345,0.1033229013254786,0.6249642433878378,0.4131544934803138,energy_very_low|liveness_low|speechiness_very_low,acousticness_very_high,"energy_very_low|liveness_low|speechiness_very_low  →  acousticness_very_high (conf=0.72, lift=2.88)"
"frozenset({'loudness_very_low', 'duration_ms_very_high', 'valence_very_low'})",frozenset({'instrumentalness_high'}),0.0348470872914146,0.2497993507349153,0.0250242575977191,0.7181161911309729,2.8747720481188552,1.0,0.0163194778173208,2.661382547209917,0.6756922389915366,0.0963872098924929,0.6242554453329686,0.4091468118173447,duration_ms_very_high|loudness_very_low|valence_very_low,instrumentalness_high,"duration_ms_very_high|loudness_very_low|valence_very_low  →  instrumentalness_high (conf=0.72, lift=2.87)"
"frozenset({'loudness_very_low', 'valence_very_low', 'speechiness_low', 'acousticness_very_high'})",frozenset({'instrumentalness_high'}),0.032798667928461,0.2497993507349153,0.0235508331436648,0.7180423666910154,2.874476513163539,1.0,0.0153577471901652,2.6606857223935263,0.6742242249727516,0.0909132947976878,0.6241570390732168,0.4061606836572135,acousticness_very_high|loudness_very_low|speechiness_low|valence_very_low,instrumentalness_high,"acousticness_very_high|loudness_very_low|speechiness_low|valence_very_low  →  instrumentalness_high (conf=0.72, lift=2.87)"
"frozenset({'energy_very_low', 'speechiness_high'})",frozenset({'acousticness_very_high'}),0.0461553204997664,0.249751434492507,0.0331340816253189,0.7178821697378667,2.8743865723798443,1.0,0.0216067241210408,2.65934473127909,0.6836539500763321,0.1260940919037199,0.6239675179234772,0.4252752016131417,energy_very_low|speechiness_high,acousticness_very_high,"energy_very_low|speechiness_high  →  acousticness_very_high (conf=0.72, lift=2.87)"
"frozenset({'loudness_very_low', 'key_very_low', 'instrumentalness_high'})",frozenset({'energy_very_low'}),0.0385366379568514,0.2505061153104373,0.0277315252937864,0.7196145477152627,2.872642637180681,1.0,0.0180778618220908,2.6730840654615555,0.6780169728157562,0.1061245071972128,0.6259002801592278,0.4151582685018547,instrumentalness_high|key_very_low|loudness_very_low,energy_very_low,"instrumentalness_high|key_very_low|loudness_very_low  →  energy_very_low (conf=0.72, lift=2.87)"
"frozenset({'loudness_very_low', 'speechiness_low', 'acousticness_very_high', 'instrumentalness_high'})",frozenset({'valence_very_low'}),0.0327148145042465,0.2507217384012746,0.0235508331436648,0.7198828268033688,2.87124216429615,1.0,0.0153485179796849,2.674874421472052,0.6737606381351656,0.090619958515787,0.6261506738511954,0.4069074908025444,acousticness_very_high|instrumentalness_high|loudness_very_low|speechiness_low,valence_very_low,"acousticness_very_high|instrumentalness_high|loudness_very_low|speechiness_low  →  valence_very_low (conf=0.72, lift=2.87)"
"frozenset({'instrumentalness_high', 'speechiness_low', 'danceability_very_low'})",frozenset({'acousticness_very_high'}),0.0346314642005773,0.249751434492507,0.0248325926280861,0.7170529228640609,2.871066283647606,1.0,0.0161833347654159,2.6515508592691464,0.6750762263978187,0.0956754511469054,0.6228622217430775,0.4082410760418438,danceability_very_low|instrumentalness_high|speechiness_low,acousticness_very_high,"danceability_very_low|instrumentalness_high|speechiness_low  →  acousticness_very_high (conf=0.72, lift=2.87)"
"frozenset({'loudness_very_low', 'mode_1', 'instrumentalness_medium'})",frozenset({'energy_very_low'}),0.0383449729872183,0.2505061153104373,0.0275757975059595,0.7191502655420181,2.870789260576804,1.0,0.0179701472812478,2.6686650999903114,0.6776481375352708,0.1055430745953876,0.6252808192366923,0.4146153010954161,instrumentalness_medium|loudness_very_low|mode_1,energy_very_low,"instrumentalness_medium|loudness_very_low|mode_1  →  energy_very_low (conf=0.72, lift=2.87)"
"frozenset({'loudness_very_low', 'valence_very_low', 'mode_1'})",frozenset({'acousticness_very_high'}),0.0659087914325758,0.249751434492507,0.0472454150145545,0.7168302435478008,2.8701746798948085,1.0,0.0307845998086012,2.649465730052776,0.6975648030712546,0.1760164234391038,0.622565414356169,0.4529999939500239,loudness_very_low|mode_1|valence_very_low,acousticness_very_high,"loudness_very_low|mode_1|valence_very_low  →  acousticness_very_high (conf=0.72, lift=2.87)"
"frozenset({'loudness_very_low', 'key_very_low'})",frozenset({'energy_very_low'}),0.0812300099426203,0.2505061153104373,0.0583739623138753,0.7186255714496387,2.868694724514364,1.0,0.0380253480765213,2.6636886960586605,0.7090016134181732,0.2135407537248027,0.6245807546956764,0.4758248362221414,key_very_low|loudness_very_low,energy_very_low,"key_very_low|loudness_very_low  →  energy_very_low (conf=0.72, lift=2.87)"
"frozenset({'speechiness_very_low', 'valence_very_low', 'danceability_very_low'})",frozenset({'energy_very_low'}),0.0339246996250554,0.2505061153104373,0.0243773883252075,0.7185734463276836,2.8684866452749,1.0,0.0158790436090614,2.6631953343046946,0.6742581229344531,0.0937399235340181,0.6245112076012705,0.4079429970735587,danceability_very_low|speechiness_very_low|valence_very_low,energy_very_low,"danceability_very_low|speechiness_very_low|valence_very_low  →  energy_very_low (conf=0.72, lift=2.87)"
"frozenset({'energy_very_low', 'speechiness_low', 'acousticness_very_high', 'instrumentalness_high'})",frozenset({'valence_very_low'}),0.0322476311407659,0.2507217384012746,0.0231914613256028,0.7191679049034176,2.868390708716311,1.0,0.0151062791866669,2.668064920930912,0.6730776175325647,0.0892741861108549,0.6251965264581751,0.4058333552228507,acousticness_very_high|energy_very_low|instrumentalness_high|speechiness_low,valence_very_low,"acousticness_very_high|energy_very_low|instrumentalness_high|speechiness_low  →  valence_very_low (conf=0.72, lift=2.87)"
"frozenset({'loudness_very_low', 'key_high', 'mode_1'})",frozenset({'energy_very_low'}),0.0408485966530504,0.2505061153104373,0.0293367194144635,0.7181818181818181,2.866923297628156,1.0,0.0191038961510249,2.659494429543609,0.6789272417097216,0.1119645224706258,0.6239886841306119,0.417645805800932,key_high|loudness_very_low|mode_1,energy_very_low,"key_high|loudness_very_low|mode_1  →  energy_very_low (conf=0.72, lift=2.87)"
"frozenset({'loudness_very_low', 'valence_very_low', 'acousticness_very_high'})",frozenset({'danceability_very_low'}),0.0716467614609662,0.2516321470070317,0.0516776674373195,0.721284066209664,2.86642257274667,1.0,0.0336490390247959,2.685055866077352,0.7013850525677346,0.1902703656331319,0.6275682705027219,0.4633269802627869,acousticness_very_high|loudness_very_low|valence_very_low,danceability_very_low,"acousticness_very_high|loudness_very_low|valence_very_low  →  danceability_very_low (conf=0.72, lift=2.87)"
"frozenset({'acousticness_very_high', 'instrumentalness_medium'})",frozenset({'energy_very_low'}),0.0538219192850896,0.2505061153104373,0.0386204913810658,0.7175606498998441,2.8644436444619874,1.0,0.0251377714624061,2.6536454089126904,0.6879170847816168,0.1453496235516883,0.6231599004745166,0.4358652522643826,acousticness_very_high|instrumentalness_medium,energy_very_low,"acousticness_very_high|instrumentalness_medium  →  energy_very_low (conf=0.72, lift=2.86)"
"frozenset({'tempo_very_high', 'mode_0', 'loudness_very_high'})",frozenset({'energy_very_high'}),0.0328945004132775,0.2486014446747086,0.0234190634770421,0.7119446467589221,2.863799314161233,1.0,0.0152414431524485,2.608521406982617,0.6729498704691157,0.0907445228369847,0.6166410605935029,0.4030739472410714,loudness_very_high|mode_0|tempo_very_high,energy_very_high,"loudness_very_high|mode_0|tempo_very_high  →  energy_very_high (conf=0.71, lift=2.86)"
"frozenset({'energy_very_low', 'mode_1', 'instrumentalness_medium'})",frozenset({'acousticness_very_high'}),0.0378897686843397,0.249751434492507,0.0270966350818768,0.715143850774581,2.8634223952617037,1.0,0.0176336110003737,2.633780480244394,0.6763960461834462,0.1039999999999999,0.6203176356188926,0.4118191314883025,energy_very_low|instrumentalness_medium|mode_1,acousticness_very_high,"energy_very_low|instrumentalness_medium|mode_1  →  acousticness_very_high (conf=0.72, lift=2.86)"
"frozenset({'energy_very_low', 'danceability_low', 'acousticness_very_high'})",frozenset({'loudness_very_low'}),0.0441308592580169,0.2500029947651505,0.0315887828076522,0.715798045602606,2.8631578844686123,1.0,0.0205559358315886,2.638957943920904,0.6807786391764277,0.120317561710088,0.6210625476985727,0.4210758316177859,acousticness_very_high|danceability_low|energy_very_low,loudness_very_low,"acousticness_very_high|danceability_low|energy_very_low  →  loudness_very_low (conf=0.72, lift=2.86)"
"frozenset({'loudness_very_low', 'duration_ms_very_low'})",frozenset({'acousticness_very_high'}),0.0875309958193078,0.249751434492507,0.0625905916458031,0.7150677432598878,2.863117662218436,1.0,0.0407295998773733,2.63307697798427,0.7131534148227118,0.2278574854999782,0.6202161925529646,0.4828396416908581,duration_ms_very_low|loudness_very_low,acousticness_very_high,"duration_ms_very_low|loudness_very_low  →  acousticness_very_high (conf=0.72, lift=2.86)"
"frozenset({'danceability_very_low', 'instrumentalness_high', 'tempo_very_low'})",frozenset({'energy_very_low'}),0.0375663340480839,0.2505061153104373,0.0269289282334479,0.7168367346938775,2.861553833947504,1.0,0.0175183318246082,2.6468612864712484,0.6759317911996798,0.1031192660550458,0.6221940284097079,0.4121674109582624,danceability_very_low|instrumentalness_high|tempo_very_low,energy_very_low,"danceability_very_low|instrumentalness_high|tempo_very_low  →  energy_very_low (conf=0.72, lift=2.86)"
"frozenset({'mode_1', 'key_very_low', 'acousticness_very_high'})",frozenset({'energy_very_low'}),0.0597635333437151,0.2505061153104373,0.0428251416523916,0.7165764682301061,2.860514871431763,1.0,0.0278540110772317,2.6444306865036964,0.6917542638276489,0.1601272059482217,0.6218467721223813,0.4437654720645557,acousticness_very_high|key_very_low|mode_1,energy_very_low,"acousticness_very_high|key_very_low|mode_1  →  energy_very_low (conf=0.72, lift=2.86)"
"frozenset({'energy_very_low', 'tempo_very_low', 'acousticness_very_high', 'instrumentalness_high'})",frozenset({'danceability_very_low'}),0.0327627307466548,0.2516321470070317,0.023574791264869,0.7195612431444242,2.859575979075188,1.0,0.0153306349852749,2.6685607274260343,0.6723250070079964,0.0903871767785789,0.6252661632457763,0.4066243804982332,acousticness_very_high|energy_very_low|instrumentalness_high|tempo_very_low,danceability_very_low,"acousticness_very_high|energy_very_low|instrumentalness_high|tempo_very_low  →  danceability_very_low (conf=0.72, lift=2.86)"
"frozenset({'energy_very_low', 'key_very_low'})",frozenset({'loudness_very_low'}),0.0816971933061009,0.2500029947651505,0.0583739623138753,0.714516129032258,2.85803027961111,1.0,0.0379494193234427,2.627108153929981,0.7079458657417415,0.2135688302581408,0.6193533187797899,0.4740045906301683,energy_very_low|key_very_low,loudness_very_low,"energy_very_low|key_very_low  →  loudness_very_low (conf=0.71, lift=2.86)"
"frozenset({'energy_very_low', 'duration_ms_very_low', 'instrumentalness_low'})",frozenset({'acousticness_very_high'}),0.034391882988536,0.249751434492507,0.0245450951736364,0.7136886102403345,2.8575956398030065,1.0,0.0159556730623511,2.620393712374711,0.6732083602396312,0.0945503207050897,0.6183779577559139,0.4059833525564951,duration_ms_very_low|energy_very_low|instrumentalness_low,acousticness_very_high,"duration_ms_very_low|energy_very_low|instrumentalness_low  →  acousticness_very_high (conf=0.71, lift=2.86)"
"frozenset({'energy_very_low', 'valence_very_low', 'instrumentalness_high'})",frozenset({'danceability_very_low'}),0.0569963703446375,0.2516321470070317,0.0409803663196732,0.7189995796553174,2.8573438974600704,1.0,0.0266382472782441,2.6632268096787906,0.6893129626061523,0.1531128317593877,0.6245156453195179,0.4409289053184708,energy_very_low|instrumentalness_high|valence_very_low,danceability_very_low,"energy_very_low|instrumentalness_high|valence_very_low  →  danceability_very_low (conf=0.72, lift=2.86)"
"frozenset({'mode_1', 'acousticness_very_high'})",frozenset({'energy_very_low'}),0.1748942847901867,0.2505061153104373,0.1251811832916062,0.7157534246575342,2.857229348555198,1.0,0.0813690954188192,2.6367736666187023,0.7877906829332709,0.416965924507222,0.6207486396500759,0.6077332540273134,acousticness_very_high|mode_1,energy_very_low,"acousticness_very_high|mode_1  →  energy_very_low (conf=0.72, lift=2.86)"
"frozenset({'energy_very_low', 'loudness_very_low', 'valence_very_low', 'speechiness_low'})",frozenset({'instrumentalness_high'}),0.0370751925633991,0.2497993507349153,0.0264617448699673,0.7137318255250403,2.8572204988732963,1.0,0.0172003858392582,2.620621906857152,0.6750366236631845,0.1016146096876581,0.6184111880529627,0.4098319128584296,energy_very_low|loudness_very_low|speechiness_low|valence_very_low,instrumentalness_high,"energy_very_low|loudness_very_low|speechiness_low|valence_very_low  →  instrumentalness_high (conf=0.71, lift=2.86)"
"frozenset({'energy_very_low', 'liveness_very_high'})",frozenset({'loudness_very_low'}),0.0347991710490063,0.2500029947651505,0.0248565507492902,0.7142857142857142,2.8571086316654117,1.0,0.0161566537716939,2.624989518321972,0.6734306351924938,0.0956221198156681,0.6190460978909923,0.4068553631323156,energy_very_low|liveness_very_high,loudness_very_low,"energy_very_low|liveness_very_high  →  loudness_very_low (conf=0.71, lift=2.86)"
"frozenset({'energy_very_low', 'loudness_very_low', 'instrumentalness_low'})",frozenset({'acousticness_very_high'}),0.0548640975574695,0.249751434492507,0.0391475700475568,0.71353711790393,2.8569890673654457,1.0,0.0254451829804419,2.619007949713656,0.6877118497545233,0.1474662695726727,0.6181760348954524,0.4351416224082459,energy_very_low|instrumentalness_low|loudness_very_low,acousticness_very_high,"energy_very_low|instrumentalness_low|loudness_very_low  →  acousticness_very_high (conf=0.71, lift=2.86)"
"frozenset({'loudness_very_low', 'mode_1', 'speechiness_low'})",frozenset({'acousticness_very_high'}),0.0531031756489656,0.249751434492507,0.0378897686843397,0.7135122941574555,2.856889673556057,1.0,0.024627174389903,2.618781016452533,0.6864200676852689,0.1429992314299923,0.6181429475326559,0.4326111041510094,loudness_very_low|mode_1|speechiness_low,acousticness_very_high,"loudness_very_low|mode_1|speechiness_low  →  acousticness_very_high (conf=0.71, lift=2.86)"
"frozenset({'energy_very_low', 'speechiness_low', 'acousticness_very_high', 'loudness_very_low', 'valence_very_low'})",frozenset({'instrumentalness_high'}),0.0320439871105307,0.2497993507349153,0.022868026689347,0.7136448598130841,2.856872356607512,1.0,0.0148634595141784,2.619826027133292,0.6714838813870316,0.0883019566122392,0.6182952647835795,0.4025952203923235,acousticness_very_high|energy_very_low|loudness_very_low|speechiness_low|valence_very_low,instrumentalness_high,"acousticness_very_high|energy_very_low|loudness_very_low|speechiness_low|valence_very_low  →  instrumentalness_high (conf=0.71, lift=2.86)"
"frozenset({'energy_very_low', 'loudness_very_low', 'speechiness_low', 'instrumentalness_high'})",frozenset({'danceability_very_low'}),0.0362965536242647,0.2516321470070317,0.0260903939913032,0.7188118811881188,2.856597973422021,1.0,0.0169570142738735,2.661449054658091,0.6744120729841779,0.0996431512489706,0.6242648348839174,0.4112482713566986,energy_very_low|instrumentalness_high|loudness_very_low|speechiness_low,danceability_very_low,"energy_very_low|instrumentalness_high|loudness_very_low|speechiness_low  →  danceability_very_low (conf=0.72, lift=2.86)"
"frozenset({'energy_very_low', 'key_high'})",frozenset({'loudness_very_low'}),0.0574635537081182,0.2500029947651505,0.0410282825620814,0.7139879091098603,2.85591742523153,1.0,0.0266622220452038,2.6222562930842366,0.6894691687893817,0.1539879507238557,0.618649022737658,0.4390495367303015,energy_very_low|key_high,loudness_very_low,"energy_very_low|key_high  →  loudness_very_low (conf=0.71, lift=2.86)"
"frozenset({'loudness_very_low', 'key_very_low', 'tempo_very_low'})",frozenset({'acousticness_very_high'}),0.0283903736269001,0.249751434492507,0.0202446124174942,0.7130801687763713,2.8551594517378627,1.0,0.0131540758783976,2.614836912136409,0.6687427197282406,0.0784987691021412,0.6175669712483267,0.3970696061877923,key_very_low|loudness_very_low|tempo_very_low,acousticness_very_high,"key_very_low|loudness_very_low|tempo_very_low  →  acousticness_very_high (conf=0.71, lift=2.86)"
"frozenset({'loudness_very_low', 'instrumentalness_low'})",frozenset({'energy_very_low'}),0.0767378622168449,0.2505061153104373,0.0548640975574695,0.7149547299406807,2.8540410243266106,1.0,0.0356407937963001,2.629385446506757,0.7036134007134506,0.201424927434251,0.6196829942416622,0.4669838684133395,instrumentalness_low|loudness_very_low,energy_very_low,"instrumentalness_low|loudness_very_low  →  energy_very_low (conf=0.71, lift=2.85)"
"frozenset({'key_very_low', 'acousticness_very_high'})",frozenset({'energy_very_low'}),0.0800560620036176,0.2505061153104373,0.0572239724960768,0.7147987430794553,2.8534183374870814,1.0,0.037169439396499,2.627947340703225,0.706068189564379,0.2093522657551056,0.6194748713144286,0.4716160892137904,acousticness_very_high|key_very_low,energy_very_low,"acousticness_very_high|key_very_low  →  energy_very_low (conf=0.71, lift=2.85)"
"frozenset({'acousticness_very_low', 'mode_0', 'tempo_very_high'})",frozenset({'energy_very_high'}),0.0301273374141999,0.2486014446747086,0.0213706441140885,0.7093439363817098,2.85333794946315,1.0,0.013880944508716,2.585181076119163,0.6697098519454918,0.0830385403090672,0.6131799009216075,0.3976537057709638,acousticness_very_low|mode_0|tempo_very_high,energy_very_high,"acousticness_very_low|mode_0|tempo_very_high  →  energy_very_high (conf=0.71, lift=2.85)"
"frozenset({'loudness_very_low', 'valence_very_low', 'mode_0'})",frozenset({'instrumentalness_high'}),0.0376501874722984,0.2497993507349153,0.0268330957486313,0.7126948775055678,2.8530693751156813,1.0,0.0174281033630034,2.6111635001552163,0.6749108043094004,0.1029601029601029,0.6170289604842605,0.4100567371750733,loudness_very_low|mode_0|valence_very_low,instrumentalness_high,"loudness_very_low|mode_0|valence_very_low  →  instrumentalness_high (conf=0.71, lift=2.85)"
"frozenset({'valence_very_high', 'instrumentalness_low', 'energy_very_high'})",frozenset({'loudness_very_high'}),0.0385725751386576,0.2499430994621402,0.0275039231423471,0.7130434782608697,2.852823221746424,1.0,0.0178629741579548,2.6138346533895125,0.6755268537621645,0.1053742714213594,0.6174203296665145,0.4115421081694954,energy_very_high|instrumentalness_low|valence_very_high,loudness_very_high,"energy_very_high|instrumentalness_low|valence_very_high  →  loudness_very_high (conf=0.71, lift=2.85)"
"frozenset({'mode_0', 'acousticness_very_high', 'tempo_very_low'})",frozenset({'energy_very_low'}),0.0292169288084428,0.2505061153104373,0.0208795026294038,0.7146371463714636,2.852773256596376,1.0,0.0135604832922991,2.6264591735026475,0.669010331270081,0.0806645686782673,0.619259263540579,0.3989932097580347,acousticness_very_high|mode_0|tempo_very_low,energy_very_low,"acousticness_very_high|mode_0|tempo_very_low  →  energy_very_low (conf=0.71, lift=2.85)"
"frozenset({'loudness_very_low', 'mode_1', 'liveness_high'})",frozenset({'energy_very_low'}),0.0342002180189029,0.2505061153104373,0.0244372836282178,0.7145359019264448,2.8523690970216946,1.0,0.0158699198695324,2.625527657409449,0.6724108327593787,0.0938923919547107,0.619124179789948,0.406043773457484,liveness_high|loudness_very_low|mode_1,energy_very_low,"liveness_high|loudness_very_low|mode_1  →  energy_very_low (conf=0.71, lift=2.85)"
"frozenset({'loudness_very_low', 'key_very_low', 'danceability_very_low'})",frozenset({'valence_very_low'}),0.0327507516860527,0.2507217384012746,0.0234190634770421,0.7150694952450622,2.8520442615175607,1.0,0.0152077380803665,2.6296877627867983,0.6713619127755134,0.0900548159749412,0.6197267165512246,0.4042380443258278,danceability_very_low|key_very_low|loudness_very_low,valence_very_low,"danceability_very_low|key_very_low|loudness_very_low  →  valence_very_low (conf=0.72, lift=2.85)"
"frozenset({'energy_very_low', 'mode_0', 'tempo_very_low'})",frozenset({'acousticness_very_high'}),0.0293127612932593,0.249751434492507,0.0208795026294038,0.7123007764609726,2.852038779710563,1.0,0.0135585984474758,2.6077531815295947,0.6689833817308073,0.0808704124715816,0.6165281257893267,0.3979509542048735,energy_very_low|mode_0|tempo_very_low,acousticness_very_high,"energy_very_low|mode_0|tempo_very_low  →  acousticness_very_high (conf=0.71, lift=2.85)"
"frozenset({'energy_very_low', 'loudness_very_low', 'valence_high'})",frozenset({'acousticness_very_high'}),0.0290971382024221,0.249751434492507,0.0207237748415769,0.7122272540139974,2.8517443972293397,1.0,0.0134567228358952,2.6070869322141625,0.6687975309610495,0.0802858733989233,0.616430128338408,0.3976024274290813,energy_very_low|loudness_very_low|valence_high,acousticness_very_high,"energy_very_low|loudness_very_low|valence_high  →  acousticness_very_high (conf=0.71, lift=2.85)"
"frozenset({'acousticness_very_low', 'liveness_very_high'})",frozenset({'energy_very_high'}),0.075515998035434,0.2486014446747086,0.0535104637094359,0.7085977157360407,2.850336274848405,1.0,0.0347370775017745,2.5785609650357317,0.702190845018383,0.197742363877822,0.6121867919511677,0.4619218521339096,acousticness_very_low|liveness_very_high,energy_very_high,"acousticness_very_low|liveness_very_high  →  energy_very_high (conf=0.71, lift=2.85)"
"frozenset({'danceability_very_low', 'valence_very_low', 'liveness_low'})",frozenset({'energy_very_low'}),0.0397824602594664,0.2505061153104373,0.0284023526875022,0.713941583860283,2.849996627729177,1.0,0.0184366031104114,2.62007283268846,0.676015970314386,0.1084530235111151,0.6183312205966812,0.4136607307212662,danceability_very_low|liveness_low|valence_very_low,energy_very_low,"danceability_very_low|liveness_low|valence_very_low  →  energy_very_low (conf=0.71, lift=2.85)"
"frozenset({'energy_very_low', 'tempo_very_low', 'mode_1', 'danceability_very_low'})",frozenset({'valence_very_low'}),0.0338049090190347,0.2507217384012746,0.0241497861737682,0.7143869596031184,2.849321978055839,1.0,0.0156741606180189,2.623403541230277,0.6717476818847439,0.0927493559072506,0.6188157924300742,0.405354014918616,danceability_very_low|energy_very_low|mode_1|tempo_very_low,valence_very_low,"danceability_very_low|energy_very_low|mode_1|tempo_very_low  →  valence_very_low (conf=0.71, lift=2.85)"
"frozenset({'energy_very_low', 'liveness_very_low'})",frozenset({'loudness_very_low'}),0.0630937121910899,0.2500029947651505,0.0449334563183555,0.7121701158154546,2.848646339154688,1.0,0.0291598393197325,2.605695400113424,0.6926584660360878,0.1675600821942285,0.616225288667098,0.4459508940361413,energy_very_low|liveness_very_low,loudness_very_low,"energy_very_low|liveness_very_low  →  loudness_very_low (conf=0.71, lift=2.85)"
"frozenset({'energy_very_low', 'acousticness_very_high', 'liveness_high'})",frozenset({'loudness_very_low'}),0.0383210148660142,0.2500029947651505,0.0272763209909078,0.7117849327914973,2.847105625515161,1.0,0.0176959525119644,2.6022130366011758,0.6746181568287892,0.104487885462555,0.6157117092510886,0.4104444548959882,acousticness_very_high|energy_very_low|liveness_high,loudness_very_low,"acousticness_very_high|energy_very_low|liveness_high  →  loudness_very_low (conf=0.71, lift=2.85)"
"frozenset({'loudness_very_low', 'tempo_very_low', 'valence_very_low', 'danceability_very_low'})",frozenset({'instrumentalness_high'}),0.0354819775033241,0.2497993507349153,0.0252279016279543,0.7110060769750168,2.846308746933172,1.0,0.016364526684833,2.595904583087828,0.6725304811671664,0.0970104564926988,0.6147778286941116,0.4059993699506072,danceability_very_low|loudness_very_low|tempo_very_low|valence_very_low,instrumentalness_high,"danceability_very_low|loudness_very_low|tempo_very_low|valence_very_low  →  instrumentalness_high (conf=0.71, lift=2.85)"
"frozenset({'loudness_very_low', 'valence_very_low', 'mode_1', 'acousticness_very_high'})",frozenset({'danceability_very_low'}),0.0472454150145545,0.2516321470070317,0.0338288671402388,0.716024340770791,2.8455201343999272,1.0,0.0219404019238882,2.635323939468095,0.6807318601695302,0.1276326493717798,0.6205400083748959,0.4252310602263933,acousticness_very_high|loudness_very_low|mode_1|valence_very_low,danceability_very_low,"acousticness_very_high|loudness_very_low|mode_1|valence_very_low  →  danceability_very_low (conf=0.72, lift=2.85)"
"frozenset({'tempo_very_low', 'mode_1', 'valence_very_low', 'danceability_very_low'})",frozenset({'loudness_very_low'}),0.0328705422920734,0.2500029947651505,0.0233831262952359,0.7113702623906705,2.8454469637810624,1.0,0.015165392282663,2.5984744726823563,0.6706044974095577,0.0901117163696796,0.6151588131755943,0.4024508235767439,danceability_very_low|mode_1|tempo_very_low|valence_very_low,loudness_very_low,"danceability_very_low|mode_1|tempo_very_low|valence_very_low  →  loudness_very_low (conf=0.71, lift=2.85)"
"frozenset({'loudness_very_low', 'acousticness_very_high', 'danceability_very_low'})",frozenset({'valence_very_low'}),0.072497274763713,0.2507217384012746,0.0516776674373195,0.7128222075346994,2.8430809872331184,1.0,0.0335010246792065,2.609109343610753,0.6989401577230936,0.1903123345685547,0.6167274466864245,0.4594689155208136,acousticness_very_high|danceability_very_low|loudness_very_low,valence_very_low,"acousticness_very_high|danceability_very_low|loudness_very_low  →  valence_very_low (conf=0.71, lift=2.84)"
"frozenset({'danceability_very_low', 'valence_very_low', 'tempo_very_low'})",frozenset({'energy_very_low'}),0.05034799171049,0.2505061153104373,0.0358533283819882,0.7121103973352367,2.842686680334173,1.0,0.0232408485649113,2.6034072705373816,0.6825869971892469,0.1352951812675165,0.6158879898212831,0.4276169813761111,danceability_very_low|tempo_very_low|valence_very_low,energy_very_low,"danceability_very_low|tempo_very_low|valence_very_low  →  energy_very_low (conf=0.71, lift=2.84)"
"frozenset({'energy_very_low', 'mode_1', 'danceability_low', 'acousticness_very_high'})",frozenset({'loudness_very_low'}),0.0322356520801638,0.2500029947651505,0.0229039638711532,0.7105165366034932,2.8420321015391954,1.0,0.0148449543129048,2.590811220907549,0.6697282162954314,0.0883181671208831,0.6140205075807473,0.4010656473146838,acousticness_very_high|danceability_low|energy_very_low|mode_1,loudness_very_low,"acousticness_very_high|danceability_low|energy_very_low|mode_1  →  loudness_very_low (conf=0.71, lift=2.84)"
"frozenset({'energy_very_low', 'valence_low'})",frozenset({'acousticness_very_high'}),0.0718504054912013,0.249751434492507,0.0509948609830017,0.7097365788596198,2.8417717812183896,1.0,0.0330501191427058,2.584716195240633,0.6982784479626167,0.1884462151394422,0.6131103283829188,0.4569595168268073,energy_very_low|valence_low,acousticness_very_high,"energy_very_low|valence_low  →  acousticness_very_high (conf=0.71, lift=2.84)"
"frozenset({'energy_very_low', 'key_low'})",frozenset({'loudness_very_low'}),0.0550557625271026,0.2500029947651505,0.0391116328657506,0.7104003481288076,2.8415673532077013,1.0,0.025347527354896,2.5897717776554225,0.6858410440926925,0.1470654475023647,0.6138655889959068,0.4334225027658892,energy_very_low|key_low,loudness_very_low,"energy_very_low|key_low  →  loudness_very_low (conf=0.71, lift=2.84)"
"frozenset({'energy_very_low', 'mode_1', 'tempo_low'})",frozenset({'acousticness_very_high'}),0.0431246181674433,0.249751434492507,0.0305945207776806,0.7094444444444445,2.840602080568746,1.0,0.01982408552842,2.5821174338690014,0.6771644128188677,0.1166476364466773,0.6127209448790961,0.4159721622673084,energy_very_low|mode_1|tempo_low,acousticness_very_high,"energy_very_low|mode_1|tempo_low  →  acousticness_very_high (conf=0.71, lift=2.84)"
"frozenset({'danceability_very_low', 'mode_1', 'instrumentalness_high'})",frozenset({'valence_very_low'}),0.0598953030103379,0.2507217384012746,0.0426214976221564,0.7116,2.8382062302914477,1.0,0.0276044431293334,2.598052224683514,0.6889283586252198,0.1590380833184337,0.6150962669267294,0.4407976110845676,danceability_very_low|instrumentalness_high|mode_1,valence_very_low,"danceability_very_low|instrumentalness_high|mode_1  →  valence_very_low (conf=0.71, lift=2.84)"
"frozenset({'loudness_very_low', 'instrumentalness_high'})",frozenset({'energy_very_low'}),0.1159692856886163,0.2505061153104373,0.0824398950634291,0.7108769755190579,2.837762960948519,1.0,0.0533888798102475,2.5923009280741893,0.732564761892858,0.290245033950487,0.6142423168660066,0.5199851595269352,instrumentalness_high|loudness_very_low,energy_very_low,"instrumentalness_high|loudness_very_low  →  energy_very_low (conf=0.71, lift=2.84)"
"frozenset({'energy_very_low', 'speechiness_low', 'instrumentalness_high'})",frozenset({'valence_very_low'}),0.0383210148660142,0.2507217384012746,0.0272643419303058,0.7114723351047203,2.837697040717006,1.0,0.0176564304657976,2.596902663980849,0.6734072114033222,0.1041504598910904,0.6149258831029584,0.4101078827936406,energy_very_low|instrumentalness_high|speechiness_low,valence_very_low,"energy_very_low|instrumentalness_high|speechiness_low  →  valence_very_low (conf=0.71, lift=2.84)"
frozenset({'energy_very_low'}),frozenset({'loudness_very_low'}),0.2505061153104373,0.2500029947651505,0.1776973849710705,0.7093534812547819,2.837379935872925,1.0,0.1150701059364771,2.580443792937014,0.8639992839365561,0.5504675671663946,0.6124697609236363,0.7100672533250431,energy_very_low,loudness_very_low,"energy_very_low  →  loudness_very_low (conf=0.71, lift=2.84)"
frozenset({'loudness_very_low'}),frozenset({'energy_very_low'}),0.2500029947651505,0.2505061153104373,0.1776973849710705,0.7107810253953042,2.8373799358729244,1.0,0.1150701059364771,2.5914409167447263,0.8634196872343993,0.5504675671663946,0.614114296977234,0.7100672533250431,loudness_very_low,energy_very_low,"loudness_very_low  →  energy_very_low (conf=0.71, lift=2.84)"
"frozenset({'loudness_very_low', 'instrumentalness_high', 'tempo_very_low'})",frozenset({'valence_very_low'}),0.0428371207129936,0.2507217384012746,0.0304507720504558,0.7108501118568233,2.835215312360045,1.0,0.0197105746771887,2.5913143747360183,0.6762622279829005,0.1157348388271717,0.6140954529680052,0.4161512862198593,instrumentalness_high|loudness_very_low|tempo_very_low,valence_very_low,"instrumentalness_high|loudness_very_low|tempo_very_low  →  valence_very_low (conf=0.71, lift=2.84)"
"frozenset({'instrumentalness_high', 'speechiness_low', 'liveness_low'})",frozenset({'loudness_very_low'}),0.0292289078690449,0.2500029947651505,0.0207117957809748,0.7086065573770491,2.8343922761513505,1.0,0.0134044812799989,2.573829385053492,0.666676922423181,0.0801167693804735,0.6114738584433338,0.3957263740407047,instrumentalness_high|liveness_low|speechiness_low,loudness_very_low,"instrumentalness_high|liveness_low|speechiness_low  →  loudness_very_low (conf=0.71, lift=2.83)"
"frozenset({'loudness_very_low', 'mode_1', 'valence_very_low', 'instrumentalness_high'})",frozenset({'acousticness_very_high'}),0.0419027539860324,0.249751434492507,0.0296361959295152,0.7072612921669525,2.831860780315844,1.0,0.0191709230123169,2.562860822407432,0.6751666374442185,0.1131074841128331,0.6098110395785572,0.4129620288836105,instrumentalness_high|loudness_very_low|mode_1|valence_very_low,acousticness_very_high,"instrumentalness_high|loudness_very_low|mode_1|valence_very_low  →  acousticness_very_high (conf=0.71, lift=2.83)"
"frozenset({'acousticness_very_low', 'valence_very_low', 'danceability_very_low'})",frozenset({'energy_very_high'}),0.0380694545933707,0.2486014446747086,0.0267971585668251,0.7039018250471996,2.831447041541713,1.0,0.0173330371569349,2.537666959430156,0.6724224524092651,0.1031160689591592,0.6059372581244648,0.4058467348143529,acousticness_very_low|danceability_very_low|valence_very_low,energy_very_high,"acousticness_very_low|danceability_very_low|valence_very_low  →  energy_very_high (conf=0.70, lift=2.83)"
"frozenset({'energy_very_low', 'speechiness_very_high'})",frozenset({'loudness_very_low'}),0.0309538925957426,0.2500029947651505,0.0219097018411816,0.7078173374613003,2.831235434304354,1.0,0.0141711359926071,2.5668771675852327,0.6674577143061641,0.0845780346820809,0.6104215610204904,0.397727547504009,energy_very_low|speechiness_very_high,loudness_very_low,"energy_very_low|speechiness_very_high  →  loudness_very_low (conf=0.71, lift=2.83)"
"frozenset({'energy_very_low', 'key_high', 'mode_1'})",frozenset({'loudness_very_low'}),0.0414475496831538,0.2500029947651505,0.0293367194144635,0.7078034682080925,2.831179957956078,1.0,0.0189747078679976,2.566755329488209,0.6747574206944552,0.1119235866733695,0.6104030686090395,0.4125744700887132,energy_very_low|key_high|mode_1,loudness_very_low,"energy_very_low|key_high|mode_1  →  loudness_very_low (conf=0.71, lift=2.83)"
"frozenset({'mode_0', 'loudness_very_high', 'speechiness_very_high'})",frozenset({'energy_very_high'}),0.0372788365936343,0.2486014446747086,0.026234142718528,0.7037275064267353,2.830745844407914,1.0,0.0169665700855581,2.536173865696646,0.6717793651305004,0.101038062283737,0.6057052659024558,0.4046272090992637,loudness_very_high|mode_0|speechiness_very_high,energy_very_high,"loudness_very_high|mode_0|speechiness_very_high  →  energy_very_high (conf=0.70, lift=2.83)"
"frozenset({'loudness_very_high', 'danceability_very_low'})",frozenset({'acousticness_very_low'}),0.0591046850106014,0.2504581990680291,0.0419027539860324,0.7089582488852858,2.830644999937573,1.0,0.027099501021794,2.5753755193581798,0.6873491835735569,0.1565520945220193,0.6117071112607242,0.438131314991715,danceability_very_low|loudness_very_high,acousticness_very_low,"danceability_very_low|loudness_very_high  →  acousticness_very_low (conf=0.71, lift=2.83)"
"frozenset({'loudness_very_low', 'mode_1', 'key_very_low'})",frozenset({'energy_very_low'}),0.060446339798033,0.2505061153104373,0.0428251416523916,0.7084819659135949,2.8282022777592286,1.0,0.0276829638848516,2.5710034956788124,0.6880059422683064,0.1597194299244962,0.6110468143350486,0.4397182209063001,key_very_low|loudness_very_low|mode_1,energy_very_low,"key_very_low|loudness_very_low|mode_1  →  energy_very_low (conf=0.71, lift=2.83)"
"frozenset({'energy_very_low', 'duration_ms_very_high', 'mode_1'})",frozenset({'loudness_very_low'}),0.035278333473089,0.2500029947651505,0.0249164460523005,0.7062818336162988,2.825093492499042,1.0,0.0160967570337046,2.553458012042349,0.6696536794779463,0.0956981826547043,0.608374214385392,0.4029732119686668,duration_ms_very_high|energy_very_low|mode_1,loudness_very_low,"duration_ms_very_high|energy_very_low|mode_1  →  loudness_very_low (conf=0.71, lift=2.83)"
"frozenset({'loudness_very_low', 'mode_1', 'tempo_low'})",frozenset({'energy_very_low'}),0.0422741048646965,0.2505061153104373,0.0299117143233627,0.7075658826863135,2.8245453481623355,1.0,0.0193217925354815,2.5629495339820423,0.6744734832518222,0.1137896463725847,0.6098245452198565,0.4134855044648093,loudness_very_low|mode_1|tempo_low,energy_very_low,"loudness_very_low|mode_1|tempo_low  →  energy_very_low (conf=0.71, lift=2.82)"
"frozenset({'energy_very_low', 'danceability_very_low', 'tempo_very_low', 'loudness_very_low', 'valence_very_low'})",frozenset({'instrumentalness_high'}),0.0317684687166832,0.2497993507349153,0.0224128223864684,0.7055052790346908,2.8242878812898367,1.0,0.0144770795271985,2.5474162891818244,0.6671218864512423,0.0864842377738744,0.6074453931040935,0.3976142901191773,danceability_very_low|energy_very_low|loudness_very_low|tempo_very_low|valence_very_low,instrumentalness_high,"danceability_very_low|energy_very_low|loudness_very_low|tempo_very_low|valence_very_low  →  instrumentalness_high (conf=0.71, lift=2.82)"
"frozenset({'duration_ms_very_low', 'valence_very_low', 'danceability_very_low'})",frozenset({'instrumentalness_high'}),0.0316846152924687,0.2497993507349153,0.0223529270834581,0.7054820415879016,2.824194856841531,1.0,0.0144381307551138,2.547215298210717,0.6670520713841165,0.0862610946745562,0.6074144181285159,0.3974827845689472,danceability_very_low|duration_ms_very_low|valence_very_low,instrumentalness_high,"danceability_very_low|duration_ms_very_low|valence_very_low  →  instrumentalness_high (conf=0.71, lift=2.82)"
frozenset({'acousticness_very_high'}),frozenset({'energy_very_low'}),0.249751434492507,0.2505061153104373,0.1766671857592927,0.7073720562137272,2.8237716086775886,1.0,0.1141029241113656,2.5612519262240108,0.8608663050559204,0.5459593529041572,0.6095659354078945,0.7063065330800846,acousticness_very_high,energy_very_low,"acousticness_very_high  →  energy_very_low (conf=0.71, lift=2.82)"
frozenset({'energy_very_low'}),frozenset({'acousticness_very_high'}),0.2505061153104373,0.249751434492507,0.1766671857592927,0.7052410099464421,2.8237716086775886,1.0,0.1141029241113656,2.5452949386587744,0.8617331290560885,0.5459593529041572,0.6071182224064992,0.7063065330800846,energy_very_low,acousticness_very_high,"energy_very_low  →  acousticness_very_high (conf=0.71, lift=2.82)"
"frozenset({'mode_1', 'tempo_low', 'acousticness_very_high'})",frozenset({'energy_very_low'}),0.043256387834066,0.2505061153104373,0.0305945207776806,0.7072833010246469,2.823417305194936,1.0,0.019758531099007,2.5604753241381366,0.675018116226935,0.1162547225636123,0.6094475152434429,0.4147070674977863,acousticness_very_high|mode_1|tempo_low,energy_very_low,"acousticness_very_high|mode_1|tempo_low  →  energy_very_low (conf=0.71, lift=2.82)"
"frozenset({'energy_very_low', 'valence_very_low', 'speechiness_low', 'danceability_very_low'})",frozenset({'instrumentalness_high'}),0.0316486781106625,0.2497993507349153,0.0223169899016519,0.7051476154428463,2.822856077761155,1.0,0.01441117065799,2.544326207135242,0.6668538985740913,0.0861224112426035,0.6069686358629542,0.3972436394003182,danceability_very_low|energy_very_low|speechiness_low|valence_very_low,instrumentalness_high,"danceability_very_low|energy_very_low|speechiness_low|valence_very_low  →  instrumentalness_high (conf=0.71, lift=2.82)"
"frozenset({'speechiness_high', 'mode_1', 'loudness_very_high'})",frozenset({'energy_very_high'}),0.0448615819547431,0.2486014446747086,0.0314809712622336,0.70173564753004,2.8227335864771463,1.0,0.0203283171778916,2.519236875284885,0.676062724960799,0.1201646090534979,0.6030543972222079,0.4141839708280952,loudness_very_high|mode_1|speechiness_high,energy_very_high,"loudness_very_high|mode_1|speechiness_high  →  energy_very_high (conf=0.70, lift=2.82)"
"frozenset({'loudness_very_low', 'speechiness_low', 'instrumentalness_high'})",frozenset({'acousticness_very_high'}),0.0464068807724098,0.249751434492507,0.0327148145042465,0.7049561177077955,2.82263090556521,1.0,0.0211246294610144,2.542837220276489,0.6771447708524038,0.1241815205529283,0.6067384919388323,0.4179728068034397,instrumentalness_high|loudness_very_low|speechiness_low,acousticness_very_high,"instrumentalness_high|loudness_very_low|speechiness_low  →  acousticness_very_high (conf=0.70, lift=2.82)"
"frozenset({'speechiness_high', 'mode_1', 'acousticness_very_high'})",frozenset({'energy_very_low'}),0.031552845625846,0.2505061153104373,0.0223050108410498,0.7069096431283218,2.821925693320064,1.0,0.0144008300563292,2.557211000352729,0.6666673088276295,0.0858697657258808,0.608948968285345,0.3979747144486291,acousticness_very_high|mode_1|speechiness_high,energy_very_low,"acousticness_very_high|mode_1|speechiness_high  →  energy_very_low (conf=0.71, lift=2.82)"
"frozenset({'acousticness_very_high', 'tempo_very_low', 'danceability_very_low', 'loudness_very_low', 'valence_very_low'})",frozenset({'instrumentalness_high'}),0.0291450544448304,0.2497993507349153,0.0205440889325459,0.7048910809699959,2.821829115632968,1.0,0.0132636732550935,2.542114456353692,0.6650014327967942,0.0795048908256455,0.6066266813830403,0.3935667220895632,acousticness_very_high|danceability_very_low|loudness_very_low|tempo_very_low|valence_very_low,instrumentalness_high,"acousticness_very_high|danceability_very_low|loudness_very_low|tempo_very_low|valence_very_low  →  instrumentalness_high (conf=0.70, lift=2.82)"
"frozenset({'tempo_very_low', 'danceability_very_low', 'valence_very_low', 'instrumentalness_high'})",frozenset({'acousticness_very_high'}),0.029959630565771,0.249751434492507,0.021095125720241,0.7041183526589364,2.8192765102218504,1.0,0.0136126650095741,2.535637381532756,0.6652290877469837,0.081569317708092,0.6056218419545801,0.3942914176839696,danceability_very_low|instrumentalness_high|tempo_very_low|valence_very_low,acousticness_very_high,"danceability_very_low|instrumentalness_high|tempo_very_low|valence_very_low  →  acousticness_very_high (conf=0.70, lift=2.82)"
"frozenset({'danceability_very_low', 'valence_very_low', 'tempo_very_low'})",frozenset({'loudness_very_low'}),0.05034799171049,0.2500029947651505,0.0354819775033241,0.7047347133000238,2.818905085365246,1.0,0.0228948287952907,2.54007849556976,0.6794618747333864,0.1339604721631767,0.6063113790600821,0.4233304615853257,danceability_very_low|tempo_very_low|valence_very_low,loudness_very_low,"danceability_very_low|tempo_very_low|valence_very_low  →  loudness_very_low (conf=0.70, lift=2.82)"
"frozenset({'valence_very_low', 'speechiness_low', 'instrumentalness_high'})",frozenset({'loudness_very_low'}),0.0440589848944045,0.2500029947651505,0.0310497250805591,0.7047308319738989,2.8188895602467223,1.0,0.0200348469106455,2.5400451061268656,0.6749897430042415,0.1180542903989797,0.6063062039379179,0.414464122263902,instrumentalness_high|speechiness_low|valence_very_low,loudness_very_low,"instrumentalness_high|speechiness_low|valence_very_low  →  loudness_very_low (conf=0.70, lift=2.82)"
"frozenset({'energy_very_low', 'mode_1', 'key_very_low'})",frozenset({'acousticness_very_high'}),0.0608775859797074,0.249751434492507,0.0428251416523916,0.7034632034632035,2.8166533052858536,1.0,0.0276208772255187,2.53003530849972,0.6867781243591542,0.1599123277867239,0.6047485991043392,0.4374671286153851,energy_very_low|key_very_low|mode_1,acousticness_very_high,"energy_very_low|key_very_low|mode_1  →  acousticness_very_high (conf=0.70, lift=2.82)"
"frozenset({'loudness_very_low', 'instrumentalness_medium'})",frozenset({'energy_very_low'}),0.0572958468596892,0.2505061153104373,0.0403933923501719,0.7049968638929542,2.8142900344739825,1.0,0.0260404323299294,2.5406302271227346,0.6838525046032053,0.1510549657304125,0.6063968737660416,0.4331219973634626,instrumentalness_medium|loudness_very_low,energy_very_low,"instrumentalness_medium|loudness_very_low  →  energy_very_low (conf=0.70, lift=2.81)"
"frozenset({'energy_very_low', 'mode_1', 'key_very_low'})",frozenset({'loudness_very_low'}),0.0608775859797074,0.2500029947651505,0.0428251416523916,0.7034632034632035,2.813819106943208,1.0,0.0276055628433918,2.5291869811569376,0.6863973405575763,0.1597622558877418,0.6046160258414087,0.4373808590387411,energy_very_low|key_very_low|mode_1,loudness_very_low,"energy_very_low|key_very_low|mode_1  →  loudness_very_low (conf=0.70, lift=2.81)"
"frozenset({'energy_very_low', 'mode_1', 'liveness_high'})",frozenset({'acousticness_very_high'}),0.0377100827753087,0.249751434492507,0.0264857029911714,0.7023506988564168,2.812198857970877,1.0,0.0170675557232068,2.5205789586100185,0.6696592768271571,0.1014871936105756,0.6032657510751208,0.4041994752855636,energy_very_low|liveness_high|mode_1,acousticness_very_high,"energy_very_low|liveness_high|mode_1  →  acousticness_very_high (conf=0.70, lift=2.81)"
"frozenset({'loudness_very_low', 'valence_very_low', 'liveness_low'})",frozenset({'instrumentalness_high'}),0.0426574348039626,0.2497993507349153,0.029959630565771,0.7023308059533838,2.811579789487485,1.0,0.0193038310477241,2.520249539653741,0.6730381547923887,0.1141331629626249,0.6032138943918266,0.4111327937597926,liveness_low|loudness_very_low|valence_very_low,instrumentalness_high,"liveness_low|loudness_very_low|valence_very_low  →  instrumentalness_high (conf=0.70, lift=2.81)"
"frozenset({'energy_very_low', 'key_low', 'mode_1'})",frozenset({'loudness_very_low'}),0.0375423759268798,0.2500029947651505,0.0263778914457528,0.7026164645820039,2.8104321919904693,1.0,0.0169921850334337,2.5219856377746983,0.6693103407540449,0.1009999082652967,0.6034870361583974,0.4040633832253574,energy_very_low|key_low|mode_1,loudness_very_low,"energy_very_low|key_low|mode_1  →  loudness_very_low (conf=0.70, lift=2.81)"
"frozenset({'energy_very_low', 'loudness_very_low', 'tempo_very_low', 'instrumentalness_high'})",frozenset({'danceability_very_low'}),0.0368236322907557,0.2516321470070317,0.0260304986882928,0.7068965517241378,2.809245798408993,1.0,0.0167644890343725,2.553255027858361,0.6686548737261516,0.0991920390742685,0.6083430800726602,0.4051715930095506,energy_very_low|instrumentalness_high|loudness_very_low|tempo_very_low,danceability_very_low,"energy_very_low|instrumentalness_high|loudness_very_low|tempo_very_low  →  danceability_very_low (conf=0.71, lift=2.81)"
"frozenset({'liveness_very_high', 'instrumentalness_low', 'energy_very_high'})",frozenset({'loudness_very_high'}),0.0440589848944045,0.2499430994621402,0.0309179554139364,0.7017400761283306,2.8075993201589697,1.0,0.0199057161702733,2.5147760074551027,0.6734974335447492,0.1175211729350696,0.6023502701491185,0.4127200260823775,energy_very_high|instrumentalness_low|liveness_very_high,loudness_very_high,"energy_very_high|instrumentalness_low|liveness_very_high  →  loudness_very_high (conf=0.70, lift=2.81)"
"frozenset({'duration_ms_high', 'acousticness_very_high', 'mode_1'})",frozenset({'energy_very_low'}),0.0358413493213862,0.2505061153104373,0.0252039435067502,0.7032085561497325,2.807151255682073,1.0,0.0162254663207653,2.52532173760267,0.6676981725457306,0.0965137614678899,0.6040108533064318,0.4019103224513008,acousticness_very_high|duration_ms_high|mode_1,energy_very_low,"acousticness_very_high|duration_ms_high|mode_1  →  energy_very_low (conf=0.70, lift=2.81)"
"frozenset({'energy_very_low', 'instrumentalness_low', 'danceability_low'})",frozenset({'acousticness_very_high'}),0.0296841121719234,0.249751434492507,0.0208076282657913,0.7009685230024213,2.806664652104136,1.0,0.013393978669217,2.5089284012517776,0.6633975754878312,0.0804539138490041,0.601423460509646,0.3921409356822265,danceability_low|energy_very_low|instrumentalness_low,acousticness_very_high,"danceability_low|energy_very_low|instrumentalness_low  →  acousticness_very_high (conf=0.70, lift=2.81)"
"frozenset({'energy_very_low', 'duration_ms_very_high', 'valence_very_low'})",frozenset({'danceability_very_low'}),0.0319002383833059,0.2516321470070317,0.022520633931887,0.7059707097258731,2.8055664513570484,1.0,0.0144935084574596,2.5452153161178472,0.6647721301238012,0.0862820689338657,0.6071059317978352,0.3977344741621844,duration_ms_very_high|energy_very_low|valence_very_low,danceability_very_low,"duration_ms_very_high|energy_very_low|valence_very_low  →  danceability_very_low (conf=0.71, lift=2.81)"
"frozenset({'valence_very_low', 'instrumentalness_high', 'liveness_low'})",frozenset({'loudness_very_low'}),0.042717330106973,0.2500029947651505,0.029959630565771,0.7013460459899047,2.805350578495029,1.0,0.0192801701106562,2.5112575780915245,0.6722552629242998,0.114018691588785,0.6017931379384953,0.4105915663586322,instrumentalness_high|liveness_low|valence_very_low,loudness_very_low,"instrumentalness_high|liveness_low|valence_very_low  →  loudness_very_low (conf=0.70, lift=2.81)"
"frozenset({'energy_very_low', 'key_very_low'})",frozenset({'acousticness_very_high'}),0.0816971933061009,0.249751434492507,0.0572239724960768,0.7004398826979472,2.8045479863658658,1.0,0.0368199812738665,2.504500840313804,0.7006798822249182,0.2086755198322558,0.6007188402960553,0.4647817908381577,energy_very_low|key_very_low,acousticness_very_high,"energy_very_low|key_very_low  →  acousticness_very_high (conf=0.70, lift=2.80)"
"frozenset({'danceability_very_low', 'valence_very_low', 'speechiness_low', 'acousticness_very_high'})",frozenset({'instrumentalness_high'}),0.029073180081218,0.2497993507349153,0.0203644030235148,0.7004532344458179,2.804063470882004,1.0,0.0131019415154273,2.5044525113705096,0.6626397360009986,0.0787766450417052,0.6007111352841061,0.3909881383469678,acousticness_very_high|danceability_very_low|speechiness_low|valence_very_low,instrumentalness_high,"acousticness_very_high|danceability_very_low|speechiness_low|valence_very_low  →  instrumentalness_high (conf=0.70, lift=2.80)"
"frozenset({'energy_very_low', 'mode_0', 'liveness_low'})",frozenset({'acousticness_very_high'}),0.0286179757783394,0.249751434492507,0.020040968387259,0.7002930096274592,2.8039599093812977,1.0,0.0128935878843469,2.5032734958064253,0.6623156533474683,0.077579411082773,0.600523074416265,0.390268333198784,energy_very_low|liveness_low|mode_0,acousticness_very_high,"energy_very_low|liveness_low|mode_0  →  acousticness_very_high (conf=0.70, lift=2.80)"
"frozenset({'valence_low', 'instrumentalness_low', 'acousticness_very_high'})",frozenset({'energy_very_low'}),0.035985098048611,0.2505061153104373,0.0252758178703626,0.7023968042609855,2.803910808287242,1.0,0.0162613307491398,2.51843359016493,0.667370673827938,0.0967623589837659,0.602927786579232,0.401647904808381,acousticness_very_high|instrumentalness_low|valence_low,energy_very_low,"acousticness_very_high|instrumentalness_low|valence_low  →  energy_very_low (conf=0.70, lift=2.80)"
"frozenset({'liveness_very_high', 'instrumentalness_low', 'energy_very_high', 'mode_1'})",frozenset({'loudness_very_high'}),0.0287856826267684,0.2499430994621402,0.0201727380538818,0.7007906783187682,2.803800864384013,1.0,0.0129779553180138,2.506796567444335,0.6624091905087968,0.0780207561156412,0.6010845024335204,0.3907500000747926,energy_very_high|instrumentalness_low|liveness_very_high|mode_1,loudness_very_high,"energy_very_high|instrumentalness_low|liveness_very_high|mode_1  →  loudness_very_high (conf=0.70, lift=2.80)"
"frozenset({'loudness_very_low', 'valence_very_low', 'danceability_very_low'})",frozenset({'instrumentalness_high'}),0.066471807280873,0.2497993507349153,0.0465506294996346,0.7003063615065778,2.8034755072271427,1.0,0.0299460151986961,2.503225136964495,0.689106020361253,0.17258838159531,0.6005153570754576,0.4433292225698141,danceability_very_low|loudness_very_low|valence_very_low,instrumentalness_high,"danceability_very_low|loudness_very_low|valence_very_low  →  instrumentalness_high (conf=0.70, lift=2.80)"
"frozenset({'energy_very_low', 'speechiness_very_low', 'tempo_very_low'})",frozenset({'acousticness_very_high'}),0.0361887420788461,0.249751434492507,0.0253357131733729,0.7000993048659384,2.8031843191953416,1.0,0.0162975229267017,2.501656640616044,0.667415782235355,0.0972190301080211,0.6002648869695622,0.4007715095963823,energy_very_low|speechiness_very_low|tempo_very_low,acousticness_very_high,"energy_very_low|speechiness_very_low|tempo_very_low  →  acousticness_very_high (conf=0.70, lift=2.80)"
"frozenset({'loudness_very_low', 'key_high'})",frozenset({'energy_very_low'}),0.0584338576168856,0.2505061153104373,0.0410282825620814,0.7021320213202132,2.802853816363336,1.0,0.0263902438878722,2.5161948861085253,0.6831392405345412,0.1531410686340263,0.6025745042560787,0.4329567910732665,key_high|loudness_very_low,energy_very_low,"key_high|loudness_very_low  →  energy_very_low (conf=0.70, lift=2.80)"
"frozenset({'speechiness_low', 'acousticness_very_high', 'instrumentalness_high'})",frozenset({'danceability_very_low'}),0.0352184381700787,0.2516321470070317,0.0248325926280861,0.7051020408163264,2.8021143133060136,1.0,0.0159705014171148,2.5377179790072963,0.666603351094217,0.0947743793718283,0.605945180562901,0.4018940652524934,acousticness_very_high|instrumentalness_high|speechiness_low,danceability_very_low,"acousticness_very_high|instrumentalness_high|speechiness_low  →  danceability_very_low (conf=0.71, lift=2.80)"
"frozenset({'danceability_very_low', 'speechiness_low', 'tempo_very_low'})",frozenset({'valence_very_low'}),0.0286299548389415,0.2507217384012746,0.0201128427508714,0.702510460251046,2.801952733459009,1.0,0.012934690703302,2.518670949677853,0.6620608136130485,0.0775842151471743,0.6029652066587327,0.3913651202354131,danceability_very_low|speechiness_low|tempo_very_low,valence_very_low,"danceability_very_low|speechiness_low|tempo_very_low  →  valence_very_low (conf=0.70, lift=2.80)"
"frozenset({'danceability_very_low', 'acousticness_very_high', 'tempo_very_low'})",frozenset({'valence_very_low'}),0.0466704201056553,0.2507217384012746,0.0327747098072569,0.702258726899384,2.80094869865426,1.0,0.0210734209464492,2.51654147171434,0.6744552177053299,0.1238569488456315,0.6026292388820552,0.4164900896799834,acousticness_very_high|danceability_very_low|tempo_very_low,valence_very_low,"acousticness_very_high|danceability_very_low|tempo_very_low  →  valence_very_low (conf=0.70, lift=2.80)"
"frozenset({'tempo_very_low', 'acousticness_very_high', 'instrumentalness_high'})",frozenset({'valence_very_low'}),0.0362007211394482,0.2507217384012746,0.0254195665975874,0.7021839841164792,2.8006505881538253,1.0,0.0163432588621251,2.515909896168165,0.6670892175010104,0.0972056802565277,0.6025294858440513,0.4017847775336338,acousticness_very_high|instrumentalness_high|tempo_very_low,valence_very_low,"acousticness_very_high|instrumentalness_high|tempo_very_low  →  valence_very_low (conf=0.70, lift=2.80)"
"frozenset({'energy_very_low', 'liveness_very_low', 'mode_1'})",frozenset({'loudness_very_low'}),0.0427053510463709,0.2500029947651505,0.0298997352627606,0.7001402524544179,2.8005274621294847,1.0,0.0192232696086709,2.5011593298991937,0.6716055597106634,0.1137699986325721,0.60018540680481,0.4098688804198299,energy_very_low|liveness_very_low|mode_1,loudness_very_low,"energy_very_low|liveness_very_low|mode_1  →  loudness_very_low (conf=0.70, lift=2.80)"
"frozenset({'energy_very_low', 'acousticness_very_high', 'loudness_very_low', 'liveness_low', 'valence_very_low'})",frozenset({'danceability_very_low'}),0.0307262904443033,0.2516321470070317,0.0216461625079361,0.7044834307992203,2.799655923054752,1.0,0.0139144400738744,2.532405729455097,0.6631906382693389,0.0830270170924462,0.6051185683365312,0.3952532359175574,acousticness_very_high|energy_very_low|liveness_low|loudness_very_low|valence_very_low,danceability_very_low,"acousticness_very_high|energy_very_low|liveness_low|loudness_very_low|valence_very_low  →  danceability_very_low (conf=0.70, lift=2.80)"
"frozenset({'loudness_very_low', 'liveness_very_low'})",frozenset({'energy_very_low'}),0.0640759951604595,0.2505061153104373,0.0449334563183555,0.701252570573939,2.7993431206456507,1.0,0.0288820276860584,2.508787727912684,0.6867794118334517,0.1666370501999111,0.6014011114316149,0.4403116334124476,liveness_very_low|loudness_very_low,energy_very_low,"liveness_very_low|loudness_very_low  →  energy_very_low (conf=0.70, lift=2.80)"
"frozenset({'tempo_low', 'acousticness_very_high'})",frozenset({'energy_very_low'}),0.0622072617065369,0.2505061153104373,0.043615759652128,0.7011361448103215,2.7988783584841634,1.0,0.0280324601779237,2.5078104015418154,0.6853476176125957,0.1620815527065527,0.6012457722540768,0.4376233516706542,acousticness_very_high|tempo_low,energy_very_low,"acousticness_very_high|tempo_low  →  energy_very_low (conf=0.70, lift=2.80)"
"frozenset({'loudness_very_low', 'liveness_high'})",frozenset({'energy_very_low'}),0.0520011020735753,0.2505061153104373,0.0364522814120916,0.7009905551716195,2.798297176509737,1.0,0.0234256873397787,2.50658933238628,0.6778908870254116,0.1370103556956325,0.6010515216515354,0.42325254613975,liveness_high|loudness_very_low,energy_very_low,"liveness_high|loudness_very_low  →  energy_very_low (conf=0.70, lift=2.80)"
"frozenset({'energy_very_low', 'valence_very_low', 'acousticness_very_high'})",frozenset({'danceability_very_low'}),0.0780076426406641,0.2516321470070317,0.0549000347392757,0.7037776412776412,2.796851076655061,1.0,0.0352708041386481,2.526371932965375,0.6968116786811567,0.1998255940701984,0.6041754632595876,0.4609767002922529,acousticness_very_high|energy_very_low|valence_very_low,danceability_very_low,"acousticness_very_high|energy_very_low|valence_very_low  →  danceability_very_low (conf=0.70, lift=2.80)"
"frozenset({'loudness_very_low', 'liveness_very_low', 'instrumentalness_high'})",frozenset({'energy_very_low'}),0.0328106469890631,0.2505061153104373,0.0229758382347656,0.7002555677254473,2.795363166514566,1.0,0.0147565705167133,2.5004430574478835,0.6640527286313798,0.0882528873142226,0.6000708766306937,0.3959866208940932,instrumentalness_high|liveness_very_low|loudness_very_low,energy_very_low,"instrumentalness_high|liveness_very_low|loudness_very_low  →  energy_very_low (conf=0.70, lift=2.80)"
"frozenset({'acousticness_very_high', 'tempo_high'})",frozenset({'energy_very_low'}),0.0479521795900765,0.2505061153104373,0.0335773068675954,0.7002248313764676,2.7952404695139696,1.0,0.0215649926378169,2.5001866836769326,0.6745974439751259,0.1267637481910274,0.6000298671580248,0.4171313521840257,acousticness_very_high|tempo_high,energy_very_low,"acousticness_very_high|tempo_high  →  energy_very_low (conf=0.70, lift=2.80)"
"frozenset({'energy_very_low', 'instrumentalness_high', 'tempo_very_low'})",frozenset({'valence_very_low'}),0.0403215179865594,0.2507217384012746,0.0282346458390733,0.700237670825906,2.792887745956799,1.0,0.0181251647545048,2.499574458415569,0.6689195073689427,0.107434249510005,0.599931901755037,0.4064255721544724,energy_very_low|instrumentalness_high|tempo_very_low,valence_very_low,"energy_very_low|instrumentalness_high|tempo_very_low  →  valence_very_low (conf=0.70, lift=2.79)"
"frozenset({'loudness_very_low', 'mode_1', 'valence_very_low', 'instrumentalness_high'})",frozenset({'danceability_very_low'}),0.0419027539860324,0.2516321470070317,0.0294445309598821,0.7026872498570611,2.792517801143369,1.0,0.0189004510088693,2.517106490162887,0.6699739784618701,0.1114941485983852,0.6027184372579771,0.4098507181399939,instrumentalness_high|loudness_very_low|mode_1|valence_very_low,danceability_very_low,"instrumentalness_high|loudness_very_low|mode_1|valence_very_low  →  danceability_very_low (conf=0.70, lift=2.79)"
"frozenset({'energy_very_low', 'loudness_very_low', 'valence_very_low', 'key_very_low'})",frozenset({'danceability_very_low'}),0.0285101642329208,0.2516321470070317,0.0200170102660549,0.7021008403361345,2.7901873774359798,1.0,0.0128429364286019,2.5121516080723056,0.6604301017996866,0.0769514160718397,0.6019348526630732,0.3908247703537285,energy_very_low|key_very_low|loudness_very_low|valence_very_low,danceability_very_low,"energy_very_low|key_very_low|loudness_very_low|valence_very_low  →  danceability_very_low (conf=0.70, lift=2.79)"
"frozenset({'loudness_very_low', 'speechiness_low', 'tempo_very_low'})",frozenset({'danceability_very_low'}),0.0296481749901172,0.2516321470070317,0.0208076282657913,0.7018181818181818,2.789064076930401,1.0,0.013347194338188,2.5097702386959297,0.6610558859371879,0.0798841059602649,0.6015571526899621,0.3922544208148321,loudness_very_low|speechiness_low|tempo_very_low,danceability_very_low,"loudness_very_low|speechiness_low|tempo_very_low  →  danceability_very_low (conf=0.70, lift=2.79)"
"frozenset({'loudness_very_low', 'valence_very_low', 'acousticness_very_high', 'liveness_low'})",frozenset({'danceability_very_low'}),0.0317564896560811,0.2516321470070317,0.0222331364774374,0.7001131648434554,2.782288245642522,1.0,0.0142421828038711,2.495500853187874,0.6615934960017271,0.0851337094628686,0.5992788386657727,0.3942344363682192,acousticness_very_high|liveness_low|loudness_very_low|valence_very_low,danceability_very_low,"acousticness_very_high|liveness_low|loudness_very_low|valence_very_low  →  danceability_very_low (conf=0.70, lift=2.78)"
"frozenset({'energy_high', 'acousticness_high', 'loudness_very_high'})",frozenset({'instrumentalness_low'}),0.0234190634770421,0.5000539057727093,0.0201128427508714,0.8588235294117645,1.717461896602259,1.0,0.0084020485896375,3.541284834109972,0.4277632672923277,0.0399571632555925,0.7176166146343523,0.449522439293847,acousticness_high|energy_high|loudness_very_high,instrumentalness_low,"acousticness_high|energy_high|loudness_very_high  →  instrumentalness_low (conf=0.86, lift=1.72)"
"frozenset({'mode_1', 'loudness_very_high', 'acousticness_high'})",frozenset({'instrumentalness_low'}),0.0305705626564764,0.5000539057727093,0.0255153990824039,0.8346394984326018,1.6690990487173047,1.0,0.0102284698243635,3.0233706930522395,0.4135157918650501,0.0505146326424133,0.6692433374782596,0.4428323977406397,acousticness_high|loudness_very_high|mode_1,instrumentalness_low,"acousticness_high|loudness_very_high|mode_1  →  instrumentalness_low (conf=0.83, lift=1.67)"
"frozenset({'acousticness_high', 'loudness_very_high'})",frozenset({'instrumentalness_low'}),0.0480120748930868,0.5000539057727093,0.0396147534110375,0.8250998003992016,1.650021709407938,1.0,0.0156061278364975,2.858464972415095,0.4138155091211943,0.0779125927671103,0.6501618842104937,0.4521603831432574,acousticness_high|loudness_very_high,instrumentalness_low,"acousticness_high|loudness_very_high  →  instrumentalness_low (conf=0.83, lift=1.65)"
"frozenset({'loudness_high', 'energy_low', 'acousticness_high'})",frozenset({'instrumentalness_low'}),0.0316846152924687,0.5000539057727093,0.0261023730519052,0.8238185255198488,1.6474594358918997,1.0,0.0102583574220005,2.8376768653029703,0.405864440309362,0.0516228381900023,0.6475990581495498,0.4380088219780156,acousticness_high|energy_low|loudness_high,instrumentalness_low,"acousticness_high|energy_low|loudness_high  →  instrumentalness_low (conf=0.82, lift=1.65)"
"frozenset({'valence_very_high', 'energy_high', 'loudness_very_high'})",frozenset({'instrumentalness_low'}),0.0277914205967968,0.5000539057727093,0.0221013668108146,0.7952586206896552,1.5903457837426154,1.0,0.0082041583944143,2.4418419760154,0.3818171703569203,0.0437007034747388,0.5904730896502153,0.4197282946299943,energy_high|loudness_very_high|valence_very_high,instrumentalness_low,"energy_high|loudness_very_high|valence_very_high  →  instrumentalness_low (conf=0.80, lift=1.59)"
"frozenset({'loudness_high', 'mode_1', 'acousticness_high'})",frozenset({'instrumentalness_low'}),0.0453647025000299,0.5000539057727093,0.0360090561698151,0.7937681542117772,1.5873651721312034,1.0,0.0133242595004582,2.424194441534892,0.3876090029113753,0.0706878306878307,0.5874918352808182,0.432889251502209,acousticness_high|loudness_high|mode_1,instrumentalness_low,"acousticness_high|loudness_high|mode_1  →  instrumentalness_low (conf=0.79, lift=1.59)"
"frozenset({'energy_high', 'duration_ms_low', 'loudness_very_high'})",frozenset({'instrumentalness_low'}),0.0266174726577941,0.5000539057727093,0.021095125720241,0.7925292529252925,1.5848876366651614,1.0,0.0077849545559127,2.409718484540217,0.3791319787889571,0.0417249141097026,0.5850137655433209,0.4173574781299517,duration_ms_low|energy_high|loudness_very_high,instrumentalness_low,"duration_ms_low|energy_high|loudness_very_high  →  instrumentalness_low (conf=0.79, lift=1.58)"
"frozenset({'valence_very_high', 'duration_ms_low', 'loudness_very_high'})",frozenset({'instrumentalness_low'}),0.0254435247187915,0.5000539057727093,0.0201008636902694,0.7900188323917137,1.579867336844286,1.0,0.0073777297780132,2.3809092021048546,0.376617949452542,0.039772457928419,0.5799923831131633,0.4151081130145613,duration_ms_low|loudness_very_high|valence_very_high,instrumentalness_low,"duration_ms_low|loudness_very_high|valence_very_high  →  instrumentalness_low (conf=0.79, lift=1.58)"
"frozenset({'loudness_high', 'energy_low', 'mode_1'})",frozenset({'instrumentalness_low'}),0.0485391535595778,0.5000539057727093,0.0379137268055439,0.7810957551826259,1.5620231062401886,1.0,0.0136415334851756,2.283857467653869,0.3781601797121489,0.0742417489620229,0.5621443044660459,0.4284575173000136,energy_low|loudness_high|mode_1,instrumentalness_low,"energy_low|loudness_high|mode_1  →  instrumentalness_low (conf=0.78, lift=1.56)"
"frozenset({'energy_high', 'loudness_very_high', 'acousticness_low'})",frozenset({'instrumentalness_low'}),0.0324991914134093,0.5000539057727093,0.0252518597491584,0.7769996314043495,1.5538317418072944,1.0,0.0090005121484282,2.2419070308076696,0.368402456347644,0.0497768542350468,0.5539511735953921,0.413748953302788,acousticness_low|energy_high|loudness_very_high,instrumentalness_low,"acousticness_low|energy_high|loudness_very_high  →  instrumentalness_low (conf=0.78, lift=1.55)"
"frozenset({'loudness_high', 'acousticness_high'})",frozenset({'instrumentalness_low'}),0.0712993687035062,0.5000539057727093,0.0552953437391439,0.7755376344086022,1.550908063022128,1.0,0.0196418159398272,2.227304755120386,0.3824875770344359,0.1071494893221912,0.5510268643295965,0.4430582001096288,acousticness_high|loudness_high,instrumentalness_low,"acousticness_high|loudness_high  →  instrumentalness_low (conf=0.78, lift=1.55)"
"frozenset({'loudness_high', 'acousticness_very_high'})",frozenset({'instrumentalness_low'}),0.026413828627559,0.5000539057727093,0.0204722145689335,0.7750566893424037,1.5499462765814134,1.0,0.0072638763973116,2.2225426164741457,0.3644426737672432,0.0404592803030303,0.5500648704831561,0.4079983523369742,acousticness_very_high|loudness_high,instrumentalness_low,"acousticness_very_high|loudness_high  →  instrumentalness_low (conf=0.78, lift=1.55)"
"frozenset({'valence_very_high', 'mode_1', 'speechiness_very_high'})",frozenset({'instrumentalness_low'}),0.0385605960780555,0.5000539057727093,0.0297559865355358,0.7716682199440821,1.543170068338253,1.0,0.0104736098577803,2.1895598330852373,0.3661003309293108,0.0584759528237482,0.5432872009754889,0.4155868888145094,mode_1|speechiness_very_high|valence_very_high,instrumentalness_low,"mode_1|speechiness_very_high|valence_very_high  →  instrumentalness_low (conf=0.77, lift=1.54)"
"frozenset({'acousticness_low', 'duration_ms_low', 'loudness_very_high'})",frozenset({'instrumentalness_low'}),0.0293846356568717,0.5000539057727093,0.0226643826591118,0.7713004484304933,1.5424346046025574,1.0,0.0079704808291851,2.1860388041703107,0.3623209661670472,0.0447228459992908,0.5425515786397305,0.4083121636556452,acousticness_low|duration_ms_low|loudness_very_high,instrumentalness_low,"acousticness_low|duration_ms_low|loudness_very_high  →  instrumentalness_low (conf=0.77, lift=1.54)"
"frozenset({'valence_very_high', 'acousticness_low', 'loudness_very_high'})",frozenset({'instrumentalness_low'}),0.0298039027779441,0.5000539057727093,0.0227242779621222,0.762459807073955,1.524755227930402,1.0,0.0078207199707411,2.1046800041243645,0.3547293471442486,0.0448092594779733,0.524868389474702,0.4039517318236774,acousticness_low|loudness_very_high|valence_very_high,instrumentalness_low,"acousticness_low|loudness_very_high|valence_very_high  →  instrumentalness_low (conf=0.76, lift=1.52)"
"frozenset({'liveness_very_high', 'mode_1', 'acousticness_high'})",frozenset({'instrumentalness_low'}),0.0385126798356472,0.5000539057727093,0.0293247403538614,0.7614307931570762,1.522697421951887,1.0,0.0100663243802721,2.095601946467718,0.3570205250777011,0.0575850956223095,0.5228101397378595,0.4100369757276373,acousticness_high|liveness_very_high|mode_1,instrumentalness_low,"acousticness_high|liveness_very_high|mode_1  →  instrumentalness_low (conf=0.76, lift=1.52)"
"frozenset({'loudness_high', 'energy_high', 'acousticness_high'})",frozenset({'instrumentalness_low'}),0.028713808263156,0.5000539057727093,0.0218258484169671,0.7601168126825197,1.520069744296763,1.0,0.0074673964453672,2.084123109326636,0.3522498845269216,0.0430539473995132,0.5201818954336664,0.4018819019334407,acousticness_high|energy_high|loudness_high,instrumentalness_low,"acousticness_high|energy_high|loudness_high  →  instrumentalness_low (conf=0.76, lift=1.52)"
"frozenset({'acousticness_high', 'mode_1', 'speechiness_very_high'})",frozenset({'instrumentalness_low'}),0.0337210555948202,0.5000539057727093,0.0256232106278225,0.7598579040852574,1.5195519829228925,1.0,0.008760865070854,2.081876117233466,0.3538432610547973,0.0504243281471004,0.5196640224064504,0.4055494004903098,acousticness_high|mode_1|speechiness_very_high,instrumentalness_low,"acousticness_high|mode_1|speechiness_very_high  →  instrumentalness_low (conf=0.76, lift=1.52)"
"frozenset({'valence_very_high', 'speechiness_very_high'})",frozenset({'instrumentalness_low'}),0.0638603720696223,0.5000539057727093,0.0484792582565675,0.759144625773776,1.518125580082624,1.0,0.0165456297790544,2.0757107697240547,0.3645748503352992,0.0940550339313935,0.5182373119676301,0.4280463450831318,speechiness_very_high|valence_very_high,instrumentalness_low,"speechiness_very_high|valence_very_high  →  instrumentalness_low (conf=0.76, lift=1.52)"
"frozenset({'energy_high', 'mode_1', 'loudness_very_high'})",frozenset({'instrumentalness_low'}),0.0470058338025132,0.5000539057727093,0.0355897890487428,0.7571355759429155,1.5141079135717384,1.0,0.0120843382616932,2.0585398465350364,0.3562929405724764,0.0695833430920205,0.5142187790616662,0.4141537404436693,energy_high|loudness_very_high|mode_1,instrumentalness_low,"energy_high|loudness_very_high|mode_1  →  instrumentalness_low (conf=0.76, lift=1.51)"
"frozenset({'valence_very_high', 'duration_ms_very_low', 'acousticness_high'})",frozenset({'instrumentalness_low'}),0.0270247607182644,0.5000539057727093,0.0204602355083314,0.7570921985815603,1.5140211682011806,1.0,0.0069463983585903,2.0581722419284088,0.3489371975341487,0.0403858885841293,0.5141320149847868,0.3990041291872922,acousticness_high|duration_ms_very_low|valence_very_high,instrumentalness_low,"acousticness_high|duration_ms_very_low|valence_very_high  →  instrumentalness_low (conf=0.76, lift=1.51)"
"frozenset({'speechiness_very_low', 'energy_low', 'loudness_high'})",frozenset({'instrumentalness_low'}),0.0298877562021586,0.5000539057727093,0.0226164664167036,0.7567134268537073,1.513263706408601,1.0,0.0076709771930316,2.054967883191252,0.349626186884373,0.0445798210195745,0.513374389848344,0.4009707417902113,energy_low|loudness_high|speechiness_very_low,instrumentalness_low,"energy_low|loudness_high|speechiness_very_low  →  instrumentalness_low (conf=0.76, lift=1.51)"
"frozenset({'valence_very_high', 'energy_high', 'acousticness_high'})",frozenset({'instrumentalness_low'}),0.0353741659579055,0.5000539057727093,0.0267133051426107,0.7551642397561802,1.5101656662180474,1.0,0.009024315291908,2.041965167708423,0.3502093577775454,0.0525113617632514,0.5102756815767622,0.4042925453284542,acousticness_high|energy_high|valence_very_high,instrumentalness_low,"acousticness_high|energy_high|valence_very_high  →  instrumentalness_low (conf=0.76, lift=1.51)"
"frozenset({'acousticness_high', 'speechiness_very_high'})",frozenset({'instrumentalness_low'}),0.0622551779489452,0.5000539057727093,0.0468740641358904,0.7529343852222437,1.50570643790647,1.0,0.0157431192479453,2.0235357100461298,0.3581570467810022,0.0909407827461188,0.5058154916489201,0.4233362037264917,acousticness_high|speechiness_very_high,instrumentalness_low,"acousticness_high|speechiness_very_high  →  instrumentalness_low (conf=0.75, lift=1.51)"
"frozenset({'loudness_high', 'energy_low'})",frozenset({'instrumentalness_low'}),0.0750368356113513,0.5000539057727093,0.0563495010721259,0.7509578544061304,1.5017538024139845,1.0,0.0188270383478449,2.0074758552818914,0.361216428551606,0.1086273785331609,0.5018620037850572,0.4318223538032951,energy_low|loudness_high,instrumentalness_low,"energy_low|loudness_high  →  instrumentalness_low (conf=0.75, lift=1.50)"
"frozenset({'mode_1', 'duration_ms_low', 'acousticness_high'})",frozenset({'instrumentalness_low'}),0.0408366175924484,0.5000539057727093,0.0306184788988847,0.7497799941331769,1.4993983358145715,1.0,0.0101979687732343,1.9980260670818688,0.3472461791550547,0.0600042256496936,0.4995060292378932,0.405505175295795,acousticness_high|duration_ms_low|mode_1,instrumentalness_low,"acousticness_high|duration_ms_low|mode_1  →  instrumentalness_low (conf=0.75, lift=1.50)"
"frozenset({'valence_very_high', 'danceability_very_high', 'speechiness_very_high'})",frozenset({'instrumentalness_low'}),0.0345476107763629,0.5000539057727093,0.0257549802944453,0.7454923717059639,1.4908240153708838,1.0,0.0084793125906096,1.9643658525224883,0.3410111366479253,0.0506144357078958,0.4909298597733836,0.3984983897625259,danceability_very_high|speechiness_very_high|valence_very_high,instrumentalness_low,"danceability_very_high|speechiness_very_high|valence_very_high  →  instrumentalness_low (conf=0.75, lift=1.49)"
"frozenset({'acousticness_high', 'mode_0', 'speechiness_very_high'})",frozenset({'instrumentalness_low'}),0.0285341223541249,0.5000539057727093,0.0212508535080678,0.744752308984047,1.4893440494844592,1.0,0.0069822541770913,1.95867038889705,0.3382141132672012,0.0418870419342652,0.4894495747377324,0.3936247171597122,acousticness_high|mode_0|speechiness_very_high,instrumentalness_low,"acousticness_high|mode_0|speechiness_very_high  →  instrumentalness_low (conf=0.74, lift=1.49)"
"frozenset({'acousticness_high', 'danceability_very_high', 'speechiness_very_high'})",frozenset({'instrumentalness_low'}),0.0301752536566082,0.5000539057727093,0.0224128223864684,0.742755061532354,1.4853499851873178,1.0,0.0073235689377992,1.9434632891335573,0.3369247873724816,0.0441356859784865,0.4854546491352434,0.3937879370521103,acousticness_high|danceability_very_high|speechiness_very_high,instrumentalness_low,"acousticness_high|danceability_very_high|speechiness_very_high  →  instrumentalness_low (conf=0.74, lift=1.49)"
"frozenset({'energy_high', 'mode_1', 'speechiness_very_high'})",frozenset({'instrumentalness_low'}),0.0346674013823835,0.5000539057727093,0.0257310221732411,0.7422252937111266,1.4842905637627235,1.0,0.00839545270899,1.939469164468874,0.3379948696848893,0.0505530713108966,0.4843949992502968,0.3968408952265866,energy_high|mode_1|speechiness_very_high,instrumentalness_low,"energy_high|mode_1|speechiness_very_high  →  instrumentalness_low (conf=0.74, lift=1.48)"
"frozenset({'valence_very_high', 'danceability_high', 'acousticness_high'})",frozenset({'instrumentalness_low'}),0.0279231902634195,0.5000539057727093,0.0207237748415769,0.7421707421707421,1.4841814724432585,1.0,0.0067606744887194,1.9390588113873783,0.3355989384699505,0.0408548825126933,0.4842858844056878,0.3918069119056087,acousticness_high|danceability_high|valence_very_high,instrumentalness_low,"acousticness_high|danceability_high|valence_very_high  →  instrumentalness_low (conf=0.74, lift=1.48)"
"frozenset({'energy_high', 'mode_1', 'acousticness_high'})",frozenset({'instrumentalness_low'}),0.0443584614094562,0.5000539057727093,0.0328945004132775,0.7415608965703484,1.482961912725089,1.0,0.0107128785314109,1.934483162929632,0.3407908038355904,0.0643076274560314,0.4830660616939287,0.4036714026738288,acousticness_high|energy_high|mode_1,instrumentalness_low,"acousticness_high|energy_high|mode_1  →  instrumentalness_low (conf=0.74, lift=1.48)"
"frozenset({'energy_high', 'danceability_very_high', 'loudness_very_high'})",frozenset({'instrumentalness_low'}),0.0276716299907761,0.5000539057727093,0.0204841936295355,0.7402597402597402,1.480359880632974,1.0,0.0066468869735507,1.9247924627750688,0.3337232497152897,0.04038352541092,0.4804634684831161,0.3906118555649027,danceability_very_high|energy_high|loudness_very_high,instrumentalness_low,"danceability_very_high|energy_high|loudness_very_high  →  instrumentalness_low (conf=0.74, lift=1.48)"
"frozenset({'valence_very_high', 'mode_1', 'loudness_very_high'})",frozenset({'instrumentalness_low'}),0.0469100013176966,0.5000539057727093,0.0346913595035877,0.7395301327885598,1.478900822993872,1.0,0.0112338301248705,1.9194008872490893,0.3397602914206145,0.0677205125806753,0.4790040962035746,0.4044526861719725,loudness_very_high|mode_1|valence_very_high,instrumentalness_low,"loudness_very_high|mode_1|valence_very_high  →  instrumentalness_low (conf=0.74, lift=1.48)"
"frozenset({'mode_1', 'danceability_low', 'acousticness_high'})",frozenset({'instrumentalness_low'}),0.0392434025323734,0.5000539057727093,0.0290132847782076,0.7393162393162392,1.4784730821646306,1.0,0.0093894680660837,1.917826000806328,0.3368454713793806,0.0568571294426968,0.478576263133589,0.3986682768064523,acousticness_high|danceability_low|mode_1,instrumentalness_low,"acousticness_high|danceability_low|mode_1  →  instrumentalness_low (conf=0.74, lift=1.48)"
"frozenset({'valence_very_high', 'energy_high', 'duration_ms_low'})",frozenset({'instrumentalness_low'}),0.027300279112112,0.5000539057727093,0.0201727380538818,0.7389205792014041,1.4776818472392204,1.0,0.006521126855185,1.9149195777210009,0.3323372395071552,0.039774203453081,0.477784857581263,0.389630853034968,duration_ms_low|energy_high|valence_very_high,instrumentalness_low,"duration_ms_low|energy_high|valence_very_high  →  instrumentalness_low (conf=0.74, lift=1.48)"
"frozenset({'energy_high', 'loudness_very_high'})",frozenset({'instrumentalness_low'}),0.077815977671031,0.5000539057727093,0.0574635537081182,0.7384544334975369,1.4767496563324285,1.0,0.0185513701421972,1.911506667510583,0.3500788847547381,0.1104205510669152,0.4768524656509137,0.426684575890202,energy_high|loudness_very_high,instrumentalness_low,"energy_high|loudness_very_high  →  instrumentalness_low (conf=0.74, lift=1.48)"
"frozenset({'energy_high', 'speechiness_very_high'})",frozenset({'instrumentalness_low'}),0.0613687274643922,0.5000539057727093,0.0452808490758154,0.7378489166504002,1.4755387531874944,1.0,0.0145931772149452,1.907091467406114,0.3433525483068595,0.0877294775686401,0.4756413013791484,0.4142004261289563,energy_high|speechiness_very_high,instrumentalness_low,"energy_high|speechiness_very_high  →  instrumentalness_low (conf=0.74, lift=1.48)"
"frozenset({'valence_high', 'mode_1', 'acousticness_high'})",frozenset({'instrumentalness_low'}),0.0416272355921848,0.5000539057727093,0.0307143113837012,0.7378417266187051,1.475524374674274,1.0,0.0098984496393085,1.9070391629416417,0.3362729484430615,0.060110186379088,0.4756269197652542,0.3996318636926411,acousticness_high|mode_1|valence_high,instrumentalness_low,"acousticness_high|mode_1|valence_high  →  instrumentalness_low (conf=0.74, lift=1.48)"
"frozenset({'acousticness_high', 'duration_ms_low'})",frozenset({'instrumentalness_low'}),0.0648666131601959,0.5000539057727093,0.0477006193174331,0.735364727608495,1.4705709106944609,1.0,0.0152638160524297,1.8891891836990795,0.3421886048707194,0.0922250272135628,0.4706723875890633,0.4153778409985748,acousticness_high|duration_ms_low,instrumentalness_low,"acousticness_high|duration_ms_low  →  instrumentalness_low (conf=0.74, lift=1.47)"
"frozenset({'liveness_very_high', 'acousticness_high'})",frozenset({'instrumentalness_low'}),0.0587213550713353,0.5000539057727093,0.0431485762886474,0.7348021215830274,1.469445819941298,1.0,0.0137847333329601,1.8851813491555227,0.3394014494791683,0.0836818139578106,0.4695470542141978,0.4105449856669449,acousticness_high|liveness_very_high,instrumentalness_low,"acousticness_high|liveness_very_high  →  instrumentalness_low (conf=0.73, lift=1.47)"
"frozenset({'valence_very_high', 'mode_1', 'acousticness_high'})",frozenset({'instrumentalness_low'}),0.0552594065573377,0.5000539057727093,0.0405850573198049,0.7344461305007588,1.4687339145283838,1.0,0.0129523752401261,1.8826541491187696,0.3378085812675671,0.0788475412506691,0.4688349952814866,0.4078037475041164,acousticness_high|mode_1|valence_very_high,instrumentalness_low,"acousticness_high|mode_1|valence_very_high  →  instrumentalness_low (conf=0.73, lift=1.47)"
"frozenset({'acousticness_low', 'mode_1', 'loudness_very_high'})",frozenset({'instrumentalness_low'}),0.0502042429832652,0.5000539057727093,0.0367517579271433,0.73204485802911,1.463931887299063,1.0,0.0116469301369994,1.865782796889204,0.3336592182812954,0.0715702055193972,0.4640319325125692,0.4027702251050111,acousticness_low|loudness_very_high|mode_1,instrumentalness_low,"acousticness_low|loudness_very_high|mode_1  →  instrumentalness_low (conf=0.73, lift=1.46)"
"frozenset({'energy_high', 'acousticness_high'})",frozenset({'instrumentalness_low'}),0.0719103007942117,0.5000539057727093,0.0525042226188622,0.7301349325337331,1.460112448087953,1.0,0.0165451958414263,1.852578026942238,0.3395374846425251,0.1010746241121667,0.4602116696533726,0.4175660289345553,acousticness_high|energy_high,instrumentalness_low,"acousticness_high|energy_high  →  instrumentalness_low (conf=0.73, lift=1.46)"
"frozenset({'valence_very_high', 'loudness_very_high'})",frozenset({'instrumentalness_low'}),0.0737910133087363,0.5000539057727093,0.0538578564668958,0.7298701298701299,1.4595828998521605,1.0,0.0169583720509362,1.8507619834375668,0.3399586562836526,0.1035753778105418,0.459682007222441,0.4187871155291623,loudness_very_high|valence_very_high,instrumentalness_low,"loudness_very_high|valence_very_high  →  instrumentalness_low (conf=0.73, lift=1.46)"
"frozenset({'valence_very_high', 'liveness_very_high', 'mode_1'})",frozenset({'instrumentalness_low'}),0.0435678434097198,0.5000539057727093,0.0317564896560811,0.7288974429474842,1.45763773571802,1.0,0.0099702193929569,1.844121647773485,0.3282600686336653,0.0620407208050549,0.4577364236207747,0.3962017877826727,liveness_very_high|mode_1|valence_very_high,instrumentalness_low,"liveness_very_high|mode_1|valence_very_high  →  instrumentalness_low (conf=0.73, lift=1.46)"
"frozenset({'valence_very_high', 'danceability_very_high', 'loudness_very_high'})",frozenset({'instrumentalness_low'}),0.0309179554139364,0.5000539057727093,0.0225326129924891,0.7287872917473848,1.4574174570664034,1.0,0.0070719686292437,1.843372670286625,0.323868135469099,0.0443172179813401,0.4575160974668728,0.3869238298522282,danceability_very_high|loudness_very_high|valence_very_high,instrumentalness_low,"danceability_very_high|loudness_very_high|valence_very_high  →  instrumentalness_low (conf=0.73, lift=1.46)"
"frozenset({'valence_very_high', 'acousticness_high'})",frozenset({'instrumentalness_low'}),0.0849435187292612,0.5000539057727093,0.0618359108278728,0.727965026089409,1.4557731030308017,1.0,0.0193595725172285,1.8378008056846649,0.3421425592953058,0.1181965974400659,0.4558713888323417,0.4258117579661303,acousticness_high|valence_very_high,instrumentalness_low,"acousticness_high|valence_very_high  →  instrumentalness_low (conf=0.73, lift=1.46)"
"frozenset({'valence_very_high', 'danceability_very_high', 'acousticness_high'})",frozenset({'instrumentalness_low'}),0.040057978653314,0.5000539057727093,0.0290612010206159,0.7254784688995215,1.4508005247523754,1.0,0.0090300523376664,1.821154399886776,0.3236918059389784,0.0568655946744175,0.4508977382356094,0.3917973026751344,acousticness_high|danceability_very_high|valence_very_high,instrumentalness_low,"acousticness_high|danceability_very_high|valence_very_high  →  instrumentalness_low (conf=0.73, lift=1.45)"
"frozenset({'mode_1', 'duration_ms_high', 'acousticness_high'})",frozenset({'instrumentalness_low'}),0.0410043244408773,0.5000539057727093,0.0296721331113214,0.7236342389716623,1.4471124625123468,1.0,0.0091677605210893,1.809001565052872,0.3221794552049336,0.0580229561958304,0.447208880678457,0.3914860539434778,acousticness_high|duration_ms_high|mode_1,instrumentalness_low,"acousticness_high|duration_ms_high|mode_1  →  instrumentalness_low (conf=0.72, lift=1.45)"
"frozenset({'energy_high', 'duration_ms_low', 'acousticness_low'})",frozenset({'instrumentalness_low'}),0.0285820385965332,0.5000539057727093,0.0206399214173624,0.7221290863369656,1.4441024817536303,1.0,0.0063473613822196,1.7992026860125423,0.3165767793287414,0.0406300846558351,0.4441982508284067,0.3817022396038986,acousticness_low|duration_ms_low|energy_high,instrumentalness_low,"acousticness_low|duration_ms_low|energy_high  →  instrumentalness_low (conf=0.72, lift=1.44)"
"frozenset({'mode_1', 'key_very_high', 'acousticness_high'})",frozenset({'instrumentalness_low'}),0.0334694953221768,0.5000539057727093,0.0241258280525641,0.7208303507516106,1.4415052905901138,1.0,0.0073892761924681,1.790832547783398,0.3168867687604628,0.0473614899821277,0.4416004995901211,0.3845384026659548,acousticness_high|key_very_high|mode_1,instrumentalness_low,"acousticness_high|key_very_high|mode_1  →  instrumentalness_low (conf=0.72, lift=1.44)"
"frozenset({'valence_very_high', 'mode_1', 'duration_ms_low'})",frozenset({'instrumentalness_low'}),0.0453527234394278,0.5000539057727093,0.0326788773224403,0.7205493924986793,1.4409434346588077,1.0,0.0100000708291249,1.7890320536337645,0.3205479546822515,0.0637353394701182,0.4410385224966396,0.3929500507913098,duration_ms_low|mode_1|valence_very_high,instrumentalness_low,"duration_ms_low|mode_1|valence_very_high  →  instrumentalness_low (conf=0.72, lift=1.44)"
"frozenset({'valence_high', 'energy_low', 'acousticness_high'})",frozenset({'instrumentalness_low'}),0.0281148552330526,0.5000539057727093,0.0202446124174942,0.7200681721346399,1.4399810976817653,1.0,0.0061856692479719,1.7859565953598953,0.3143853379998466,0.0398575505294686,0.4400759779951505,0.3802765161171474,acousticness_high|energy_low|valence_high,instrumentalness_low,"acousticness_high|energy_low|valence_high  →  instrumentalness_low (conf=0.72, lift=1.44)"
"frozenset({'acousticness_low', 'loudness_very_high', 'speechiness_very_high'})",frozenset({'instrumentalness_low'}),0.0305585835958744,0.5000539057727093,0.0219695971441919,0.7189337514700118,1.4377125009334304,1.0,0.0066886580621931,1.7787482376203891,0.3140474934597276,0.0431925767174583,0.43780689203223,0.3814341045583098,acousticness_low|loudness_very_high|speechiness_very_high,instrumentalness_low,"acousticness_low|loudness_very_high|speechiness_very_high  →  instrumentalness_low (conf=0.72, lift=1.44)"
"frozenset({'energy_high', 'danceability_very_high', 'speechiness_very_high'})",frozenset({'instrumentalness_low'}),0.0279711065058278,0.5000539057727093,0.0201008636902694,0.7186295503211991,1.437104164221526,1.0,0.0061138026332457,1.7768251598488949,0.3129086159692323,0.0395745383363599,0.4371984241347402,0.379413471979304,danceability_very_high|energy_high|speechiness_very_high,instrumentalness_low,"danceability_very_high|energy_high|speechiness_very_high  →  instrumentalness_low (conf=0.72, lift=1.44)"
"frozenset({'valence_high', 'acousticness_high'})",frozenset({'instrumentalness_low'}),0.0672983624624157,0.5000539057727093,0.0483474885899447,0.7184051263794944,1.436655364723884,1.0,0.0146946795885063,1.7754090754544365,0.3258693107761641,0.0931542260998015,0.4367495278551291,0.4075448399241281,acousticness_high|valence_high,instrumentalness_low,"acousticness_high|valence_high  →  instrumentalness_low (conf=0.72, lift=1.44)"
"frozenset({'loudness_high', 'mode_1', 'tempo_very_low'})",frozenset({'instrumentalness_low'}),0.0332658512919416,0.5000539057727093,0.0238862468405227,0.7180410514944184,1.4359272934482217,1.0,0.0072515279731332,1.773116607495768,0.314032466908296,0.0468878594775084,0.4360212995735608,0.3829041976521536,loudness_high|mode_1|tempo_very_low,instrumentalness_low,"loudness_high|mode_1|tempo_very_low  →  instrumentalness_low (conf=0.72, lift=1.44)"
"frozenset({'valence_very_high', 'mode_1', 'tempo_very_low'})",frozenset({'instrumentalness_low'}),0.0323075264437762,0.5000539057727093,0.0231555241437966,0.7167222840192808,1.4332900428240118,1.0,0.0070000193597312,1.7648620629986962,0.3123972929231354,0.0454737931683447,0.4333834802359063,0.3815141699897094,mode_1|tempo_very_low|valence_very_high,instrumentalness_low,"mode_1|tempo_very_low|valence_very_high  →  instrumentalness_low (conf=0.72, lift=1.43)"
"frozenset({'mode_1', 'tempo_very_high', 'acousticness_high'})",frozenset({'instrumentalness_low'}),0.0398303765018747,0.5000539057727093,0.028546101414727,0.7166917293233083,1.4332289400196545,1.0,0.008628766076567,1.7646717232545028,0.3148139213047197,0.0558262662231176,0.4333223642549527,0.386888888808837,acousticness_high|mode_1|tempo_very_high,instrumentalness_low,"acousticness_high|mode_1|tempo_very_high  →  instrumentalness_low (conf=0.72, lift=1.43)"
"frozenset({'energy_low', 'mode_1', 'speechiness_very_high'})",frozenset({'instrumentalness_low'}),0.0318163849590915,0.5000539057727093,0.0227841732651325,0.7161144578313253,1.432074521495334,1.0,0.0068742656987707,1.7610833239624462,0.3116271665441559,0.0447550472963433,0.4321676967845024,0.3808389460486638,energy_low|mode_1|speechiness_very_high,instrumentalness_low,"energy_low|mode_1|speechiness_very_high  →  instrumentalness_low (conf=0.72, lift=1.43)"
"frozenset({'valence_very_high', 'acousticness_high', 'mode_0'})",frozenset({'instrumentalness_low'}),0.0296841121719234,0.5000539057727093,0.0212508535080678,0.7158999192897498,1.4316454906666594,1.0,0.0064071972771023,1.7597534396239014,0.3107267023733072,0.0417923105917828,0.4317385734369002,0.3791985223125637,acousticness_high|mode_0|valence_very_high,instrumentalness_low,"acousticness_high|mode_0|valence_very_high  →  instrumentalness_low (conf=0.72, lift=1.43)"
"frozenset({'acousticness_high', 'mode_1', 'tempo_high'})",frozenset({'instrumentalness_low'}),0.0336372021706057,0.5000539057727093,0.0240419746283496,0.7147435897435896,1.429333080878812,1.0,0.0072215603036719,1.7526200157181422,0.3108284087841035,0.047173580914326,0.4294256649863453,0.3814111777771225,acousticness_high|mode_1|tempo_high,instrumentalness_low,"acousticness_high|mode_1|tempo_high  →  instrumentalness_low (conf=0.71, lift=1.43)"
"frozenset({'energy_high', 'mode_1', 'duration_ms_low'})",frozenset({'instrumentalness_low'}),0.0419506702284406,0.5000539057727093,0.0299476515051689,0.7138777841233581,1.427601656305908,1.0,0.0089700550076542,1.7473165888063598,0.3126399439838955,0.0584850044448603,0.4276938670380691,0.3868833152123115,duration_ms_low|energy_high|mode_1,instrumentalness_low,"duration_ms_low|energy_high|mode_1  →  instrumentalness_low (conf=0.71, lift=1.43)"
"frozenset({'acousticness_high', 'danceability_low'})",frozenset({'instrumentalness_low'}),0.0570562656476479,0.5000539057727093,0.0407048479258256,0.7134159143397019,1.42667801631765,1.0,0.012173639439914,1.744500547109587,0.3171673831744646,0.0788234475399568,0.4267700278702282,0.3974084171161905,acousticness_high|danceability_low,instrumentalness_low,"acousticness_high|danceability_low  →  instrumentalness_low (conf=0.71, lift=1.43)"
"frozenset({'valence_very_high', 'danceability_very_high', 'duration_ms_low'})",frozenset({'instrumentalness_low'}),0.0302830652020268,0.5000539057727093,0.0215982462655278,0.7132120253164557,1.4262702822295996,1.0,0.0064550812324847,1.7432603120090908,0.3082039803143515,0.0424544962207728,0.4263622058558142,0.3782019306344639,danceability_very_high|duration_ms_low|valence_very_high,instrumentalness_low,"danceability_very_high|duration_ms_low|valence_very_high  →  instrumentalness_low (conf=0.71, lift=1.43)"
"frozenset({'acousticness_low', 'loudness_very_high'})",frozenset({'instrumentalness_low'}),0.0834101989721966,0.5000539057727093,0.059380203404449,0.7119057877351715,1.4236580886916537,1.0,0.0176706076271232,1.7353562582774795,0.3246644837378337,0.1133028571428571,0.4237494490078923,0.4153266960906597,acousticness_low|loudness_very_high,instrumentalness_low,"acousticness_low|loudness_very_high  →  instrumentalness_low (conf=0.71, lift=1.42)"
"frozenset({'energy_high', 'mode_1', 'tempo_very_low'})",frozenset({'instrumentalness_low'}),0.0312174319289881,0.5000539057727093,0.0222211574168353,0.7118188795088257,1.4234842909763623,1.0,0.0066107586525511,1.7348329181841802,0.3070847929916271,0.0436521943758089,0.4235756138137598,0.3781282017321821,energy_high|mode_1|tempo_very_low,instrumentalness_low,"energy_high|mode_1|tempo_very_low  →  instrumentalness_low (conf=0.71, lift=1.42)"
"frozenset({'energy_low', 'mode_1', 'acousticness_high'})",frozenset({'instrumentalness_low'}),0.0631296493728961,0.5000539057727093,0.0449214772577534,0.7115749525616697,1.4229964896726626,1.0,0.013353249518775,1.7333657345906717,0.3172878483720969,0.0866771449704141,0.4230877073174943,0.4007041110067835,acousticness_high|energy_low|mode_1,instrumentalness_low,"acousticness_high|energy_low|mode_1  →  instrumentalness_low (conf=0.71, lift=1.42)"
"frozenset({'valence_very_high', 'duration_ms_very_low', 'danceability_very_high'})",frozenset({'instrumentalness_low'}),0.0330981444435127,0.5000539057727093,0.0235029169012566,0.7100977198697069,1.420042342779879,1.0,0.0069520604984487,1.724533156491891,0.3059210660915086,0.0461158773063814,0.4201329233737454,0.3785492432234698,danceability_very_high|duration_ms_very_low|valence_very_high,instrumentalness_low,"danceability_very_high|duration_ms_very_low|valence_very_high  →  instrumentalness_low (conf=0.71, lift=1.42)"
"frozenset({'danceability_high', 'mode_1', 'acousticness_high'})",frozenset({'instrumentalness_low'}),0.0471855197115442,0.5000539057727093,0.033505432503983,0.71007870017771,1.4200043074965278,1.0,0.0099101290763101,1.7244200220326602,0.3104243168328723,0.0652194189245908,0.4200948798882247,0.3885411707097825,acousticness_high|danceability_high|mode_1,instrumentalness_low,"acousticness_high|danceability_high|mode_1  →  instrumentalness_low (conf=0.71, lift=1.42)"
"frozenset({'energy_high', 'mode_0', 'loudness_very_high'})",frozenset({'instrumentalness_low'}),0.0308101438685178,0.5000539057727093,0.0218737646593754,0.7099533437013996,1.4197536215707445,1.0,0.0064670318805039,1.7236747377380583,0.3050511079269667,0.0429748176041421,0.4198441399029385,0.3768480785199217,energy_high|loudness_very_high|mode_0,instrumentalness_low,"energy_high|loudness_very_high|mode_0  →  instrumentalness_low (conf=0.71, lift=1.42)"
"frozenset({'valence_high', 'mode_1', 'loudness_very_high'})",frozenset({'instrumentalness_low'}),0.0450053306819679,0.5000539057727093,0.0319481546257142,0.7098749001863188,1.4195967514529924,1.0,0.0094430632376038,1.7232086935889277,0.3095039335556826,0.0622636223560722,0.4196872359567201,0.3868821607102541,loudness_very_high|mode_1|valence_high,instrumentalness_low,"loudness_very_high|mode_1|valence_high  →  instrumentalness_low (conf=0.71, lift=1.42)"
"frozenset({'acousticness_high', 'mode_1', 'liveness_high'})",frozenset({'instrumentalness_low'}),0.0416871308951952,0.5000539057727093,0.0295403634446986,0.7086206896551724,1.417088600798298,1.0,0.0086945508200981,1.7157913293007614,0.3071312418169218,0.0576734178399363,0.4171785444285166,0.38384752382337,acousticness_high|liveness_high|mode_1,instrumentalness_low,"acousticness_high|liveness_high|mode_1  →  instrumentalness_low (conf=0.71, lift=1.42)"
"frozenset({'energy_low', 'speechiness_very_high'})",frozenset({'instrumentalness_low'}),0.0578828208291905,0.5000539057727093,0.0409683872590711,0.7077814569536424,1.4154103163336795,1.0,0.0120238566262924,1.710863687893958,0.3115229149243897,0.0792473815923626,0.415499898047996,0.3948546993468863,energy_low|speechiness_very_high,instrumentalness_low,"energy_low|speechiness_very_high  →  instrumentalness_low (conf=0.71, lift=1.42)"
"frozenset({'energy_low', 'acousticness_high', 'tempo_very_low'})",frozenset({'instrumentalness_low'}),0.0286179757783394,0.5000539057727093,0.0201966961750859,0.7057346169945584,1.411317077713893,1.0,0.0058861656118185,1.698963327324321,0.30002820409407,0.0397201215633613,0.4114057767362823,0.3730618274700657,acousticness_high|energy_low|tempo_very_low,instrumentalness_low,"acousticness_high|energy_low|tempo_very_low  →  instrumentalness_low (conf=0.71, lift=1.41)"
"frozenset({'valence_very_high', 'tempo_very_low'})",frozenset({'instrumentalness_low'}),0.0509589238011955,0.5000539057727093,0.0359252027456006,0.7049835448989187,1.409815095453642,1.0,0.010442993864839,1.694637995890753,0.3062956191034964,0.0697458080420475,0.4099034705790544,0.388413102460958,tempo_very_low|valence_very_high,instrumentalness_low,"tempo_very_low|valence_very_high  →  instrumentalness_low (conf=0.70, lift=1.41)"
"frozenset({'valence_low', 'mode_1', 'acousticness_high'})",frozenset({'instrumentalness_low'}),0.0361048886546317,0.5000539057727093,0.0254435247187915,0.7047113470471135,1.4092707584358468,1.0,0.0073891341295541,1.693075874158488,0.3012912352787465,0.0498193929727447,0.4093590161769734,0.377796455432334,acousticness_high|mode_1|valence_low,instrumentalness_low,"acousticness_high|mode_1|valence_low  →  instrumentalness_low (conf=0.70, lift=1.41)"
"frozenset({'acousticness_low', 'danceability_very_high', 'speechiness_very_high'})",frozenset({'instrumentalness_low'}),0.0349429197762311,0.5000539057727093,0.0246169695372488,0.7044909153239631,1.4088299425145918,1.0,0.007143626024042,1.6918129429942086,0.3006984027233021,0.0482326432896775,0.4089181051953784,0.3768597734918014,acousticness_low|danceability_very_high|speechiness_very_high,instrumentalness_low,"acousticness_low|danceability_very_high|speechiness_very_high  →  instrumentalness_low (conf=0.70, lift=1.41)"
"frozenset({'speechiness_very_low', 'loudness_high', 'mode_1'})",frozenset({'instrumentalness_low'}),0.0442746079852418,0.5000539057727093,0.0311575366259777,0.7037337662337662,1.4073158075754255,1.0,0.009017845976402,1.687489282432937,0.3028353538153325,0.0607157029809286,0.4074036437385543,0.3830210609628011,loudness_high|mode_1|speechiness_very_low,instrumentalness_low,"loudness_high|mode_1|speechiness_very_low  →  instrumentalness_low (conf=0.70, lift=1.41)"
"frozenset({'valence_very_high', 'liveness_very_high'})",frozenset({'instrumentalness_low'}),0.0658129589477593,0.5000539057727093,0.0462152158027767,0.7022206042955952,1.4042898099365655,1.0,0.0133051886304907,1.6789143286581512,0.3081784114416601,0.0889349930843707,0.4043769935543786,0.3973205359538535,liveness_very_high|valence_very_high,instrumentalness_low,"liveness_very_high|valence_very_high  →  instrumentalness_low (conf=0.70, lift=1.40)"
"frozenset({'liveness_very_high', 'energy_low', 'mode_1'})",frozenset({'instrumentalness_low'}),0.0331939769283292,0.5000539057727093,0.0232872938104193,0.7015517863587153,1.4029523182598505,1.0,0.0066885159992791,1.6751519070179235,0.2970786216877752,0.0456648892438514,0.4030392134524787,0.3740606766212894,energy_low|liveness_very_high|mode_1,instrumentalness_low,"energy_low|liveness_very_high|mode_1  →  instrumentalness_low (conf=0.70, lift=1.40)"
"frozenset({'danceability_high', 'speechiness_very_high', 'mode_1'})",frozenset({'instrumentalness_low'}),0.0314210759592232,0.5000539057727093,0.0220055343259981,0.7003431185665269,1.4005352432640643,1.0,0.0062933025690075,1.6683951719569765,0.295264802433235,0.0431930402069127,0.4006216172233161,0.3721747214143481,danceability_high|mode_1|speechiness_very_high,instrumentalness_low,"danceability_high|mode_1|speechiness_very_high  →  instrumentalness_low (conf=0.70, lift=1.40)"
"frozenset({'energy_very_low', 'speechiness_very_low', 'instrumentalness_low', 'acousticness_very_high'})",frozenset({'mode_1'}),0.0310377460199571,0.6337522011523856,0.0255872734460163,0.8243921265920494,1.3008114608407086,1.0,0.0059170335870598,2.085600102888283,0.2386564436718715,0.0400299850074962,0.5205216960743669,0.4323831911667363,acousticness_very_high|energy_very_low|instrumentalness_low|speechiness_very_low,mode_1,"acousticness_very_high|energy_very_low|instrumentalness_low|speechiness_very_low  →  mode_1 (conf=0.82, lift=1.30)"
"frozenset({'energy_very_low', 'speechiness_very_low', 'instrumentalness_low'})",frozenset({'mode_1'}),0.0482875932869344,0.6337522011523856,0.039530899986823,0.8186554204911933,1.2917594905431309,1.0,0.0089285314528771,2.0196236349585965,0.2373217816570701,0.0615258408531583,0.5048582405699067,0.4405156886975388,energy_very_low|instrumentalness_low|speechiness_very_low,mode_1,"energy_very_low|instrumentalness_low|speechiness_very_low  →  mode_1 (conf=0.82, lift=1.29)"
"frozenset({'speechiness_very_low', 'instrumentalness_low', 'acousticness_very_high'})",frozenset({'mode_1'}),0.0426214976221564,0.6337522011523856,0.0346793804429856,0.8136593591905563,1.2838761864827228,1.0,0.0076679125085328,1.9654746128202276,0.2309522233516477,0.054043458781362,0.4912170355814892,0.4341900425099365,acousticness_very_high|instrumentalness_low|speechiness_very_low,mode_1,"acousticness_very_high|instrumentalness_low|speechiness_very_low  →  mode_1 (conf=0.81, lift=1.28)"
"frozenset({'speechiness_very_low', 'loudness_very_low', 'instrumentalness_low'})",frozenset({'mode_1'}),0.0254555037793936,0.6337522011523856,0.0206998167203727,0.8131764705882353,1.2831142347270634,1.0,0.0045673351687392,1.960394389297684,0.2264095334040805,0.0324190461896364,0.4898985604839175,0.4229193949198619,instrumentalness_low|loudness_very_low|speechiness_very_low,mode_1,"instrumentalness_low|loudness_very_low|speechiness_very_low  →  mode_1 (conf=0.81, lift=1.28)"
"frozenset({'speechiness_very_low', 'instrumentalness_low', 'key_very_low'})",frozenset({'mode_1'}),0.0441907545610273,0.6337522011523856,0.0357215587153655,0.8083491461100568,1.2754971811382938,1.0,0.0077155707417296,1.911015742501908,0.2259781398000736,0.0556218756994702,0.4767180731380072,0.4323571644925107,instrumentalness_low|key_very_low|speechiness_very_low,mode_1,"instrumentalness_low|key_very_low|speechiness_very_low  →  mode_1 (conf=0.81, lift=1.28)"
"frozenset({'speechiness_very_low', 'key_high', 'instrumentalness_low'})",frozenset({'mode_1'}),0.0315288875046418,0.6337522011523856,0.0252039435067502,0.7993920972644376,1.2613638198192607,1.0,0.0052224416507974,1.8256897851646223,0.2139530233162098,0.0393764153238635,0.4522618200934777,0.4195807476209722,instrumentalness_low|key_high|speechiness_very_low,mode_1,"instrumentalness_low|key_high|speechiness_very_low  →  mode_1 (conf=0.80, lift=1.26)"
"frozenset({'speechiness_very_low', 'instrumentalness_low', 'danceability_very_low'})",frozenset({'mode_1'}),0.0283424573844919,0.6337522011523856,0.0226404245379077,0.7988165680473374,1.2604556900864508,1.0,0.0046783297844183,1.8204670001543195,0.2126635407120657,0.0354058560161855,0.4506903998176122,0.4172704898643264,danceability_very_low|instrumentalness_low|speechiness_very_low,mode_1,"danceability_very_low|instrumentalness_low|speechiness_very_low  →  mode_1 (conf=0.80, lift=1.26)"
"frozenset({'energy_very_low', 'instrumentalness_low', 'key_very_low'})",frozenset({'mode_1'}),0.0335773068675954,0.6337522011523856,0.0267971585668251,0.7980734926864075,1.2592831886583236,1.0,0.0055174664307174,1.8137678094873912,0.2130511261201808,0.0418357614407809,0.4486615129184474,0.420178415372596,energy_very_low|instrumentalness_low|key_very_low,mode_1,"energy_very_low|instrumentalness_low|key_very_low  →  mode_1 (conf=0.80, lift=1.26)"
"frozenset({'acousticness_very_low', 'key_very_low', 'instrumentalness_high'})",frozenset({'mode_1'}),0.0297559865355358,0.6337522011523856,0.0236586446890834,0.7950885668276971,1.2545732628335569,1.0,0.0048007227247268,1.7873468218810875,0.2091393670964217,0.0369753248212079,0.4405114957221603,0.4162098159722079,acousticness_very_low|instrumentalness_high|key_very_low,mode_1,"acousticness_very_low|instrumentalness_high|key_very_low  →  mode_1 (conf=0.80, lift=1.25)"
"frozenset({'speechiness_very_low', 'key_very_low', 'acousticness_very_high'})",frozenset({'mode_1'}),0.0263060170821404,0.6337522011523856,0.0207836701445872,0.790072859744991,1.2466589596191684,1.0,0.0041121739152285,1.7446424431005672,0.2032014237374165,0.0325113368062062,0.4268166500507654,0.4114337458161681,acousticness_very_high|key_very_low|speechiness_very_low,mode_1,"acousticness_very_high|key_very_low|speechiness_very_low  →  mode_1 (conf=0.79, lift=1.25)"
"frozenset({'speechiness_very_low', 'instrumentalness_low', 'liveness_low'})",frozenset({'mode_1'}),0.0394111093808023,0.6337522011523856,0.0311335785047736,0.789969604863222,1.2464960333499084,1.0,0.0061567011848327,1.74378474415145,0.2058645060125868,0.0484924248078214,0.4265347237645355,0.4195476981881557,instrumentalness_low|liveness_low|speechiness_very_low,mode_1,"instrumentalness_low|liveness_low|speechiness_very_low  →  mode_1 (conf=0.79, lift=1.25)"
"frozenset({'speechiness_very_low', 'instrumentalness_low', 'tempo_high'})",frozenset({'mode_1'}),0.036344469866673,0.6337522011523856,0.0287018292025539,0.7897165458141068,1.2460967305172634,1.0,0.0056684414248333,1.7416862409148306,0.2049426131417778,0.044749080178548,0.4258437734027546,0.4175026354436756,instrumentalness_low|speechiness_very_low|tempo_high,mode_1,"instrumentalness_low|speechiness_very_low|tempo_high  →  mode_1 (conf=0.79, lift=1.25)"
"frozenset({'energy_very_low', 'speechiness_very_low', 'key_very_low'})",frozenset({'mode_1'}),0.0313132644138046,0.6337522011523856,0.0247128020220654,0.7892119357306808,1.2453005043542482,1.0,0.00486795177455,1.737516780739861,0.2033484770926474,0.0385924872792577,0.4244659901505038,0.4141031798490848,energy_very_low|key_very_low|speechiness_very_low,mode_1,"energy_very_low|key_very_low|speechiness_very_low  →  mode_1 (conf=0.79, lift=1.25)"
"frozenset({'speechiness_very_low', 'loudness_low', 'instrumentalness_low'})",frozenset({'mode_1'}),0.0451371003485906,0.6337522011523856,0.0355179146851303,0.7868895966029724,1.2416360766434087,1.0,0.0069121779855749,1.7185824483907983,0.203810443134762,0.0552059283533179,0.4181250943553194,0.4214667243954282,instrumentalness_low|loudness_low|speechiness_very_low,mode_1,"instrumentalness_low|loudness_low|speechiness_very_low  →  mode_1 (conf=0.79, lift=1.24)"
"frozenset({'liveness_very_high', 'key_very_low', 'speechiness_very_high'})",frozenset({'mode_1'}),0.0258747709004659,0.6337522011523856,0.0203524239629128,0.7865740740740741,1.241138212449289,1.0,0.0039542309504288,1.7160417473120329,0.199448648964066,0.0318367499906307,0.417263594218278,0.4093441204885066,key_very_low|liveness_very_high|speechiness_very_high,mode_1,"key_very_low|liveness_very_high|speechiness_very_high  →  mode_1 (conf=0.79, lift=1.24)"
"frozenset({'speechiness_very_low', 'instrumentalness_low', 'danceability_low'})",frozenset({'mode_1'}),0.043963152409588,0.6337522011523856,0.0345476107763629,0.7858310626702997,1.2399658119394,1.0,0.0066858661671886,1.7100883228635426,0.2024254109877345,0.0537147752882233,0.4152348819472083,0.420171934321635,danceability_low|instrumentalness_low|speechiness_very_low,mode_1,"danceability_low|instrumentalness_low|speechiness_very_low  →  mode_1 (conf=0.79, lift=1.24)"
"frozenset({'speechiness_very_low', 'valence_low', 'instrumentalness_low'})",frozenset({'mode_1'}),0.0433761784400867,0.6337522011523856,0.0340684483522802,0.7854183927091963,1.2393146584438333,1.0,0.0065786997882965,1.706799587679809,0.2018582588525012,0.0529786520621437,0.4141081312543665,0.4195875632386356,instrumentalness_low|speechiness_very_low|valence_low,mode_1,"instrumentalness_low|speechiness_very_low|valence_low  →  mode_1 (conf=0.79, lift=1.24)"
"frozenset({'energy_very_low', 'speechiness_very_low', 'valence_low'})",frozenset({'mode_1'}),0.0318163849590915,0.6337522011523856,0.0249523832341067,0.784262048192771,1.2374900580490376,1.0,0.0047886792335708,1.697651228166254,0.1982193220845924,0.0389505965069748,0.4109508576268834,0.4118172541313538,energy_very_low|speechiness_very_low|valence_low,mode_1,"energy_very_low|speechiness_very_low|valence_low  →  mode_1 (conf=0.78, lift=1.24)"
"frozenset({'energy_very_low', 'speechiness_very_low', 'danceability_low'})",frozenset({'mode_1'}),0.0286658920207477,0.6337522011523856,0.0224607386288767,0.783535311324697,1.2363433371907075,1.0,0.0042936664627312,1.6919517039427434,0.1968047751769726,0.0350972427606087,0.408966581215228,0.4094880979645883,danceability_low|energy_very_low|speechiness_very_low,mode_1,"danceability_low|energy_very_low|speechiness_very_low  →  mode_1 (conf=0.78, lift=1.24)"
"frozenset({'instrumentalness_low', 'key_very_low', 'acousticness_very_high'})",frozenset({'mode_1'}),0.0367637369877454,0.6337522011523856,0.0287976616873704,0.7833170413815576,1.2359989282202255,1.0,0.0054985624487994,1.6902473603959831,0.1982253130327703,0.0448758633563561,0.408370618744392,0.4143784904478906,acousticness_very_high|instrumentalness_low|key_very_low,mode_1,"acousticness_very_high|instrumentalness_low|key_very_low  →  mode_1 (conf=0.78, lift=1.24)"
"frozenset({'energy_very_low', 'speechiness_very_low', 'loudness_low'})",frozenset({'mode_1'}),0.0314689922016315,0.6337522011523856,0.0246169695372488,0.7822611343738105,1.2343328085510128,1.0,0.0046734264614176,1.6820506426095865,0.1960140922532693,0.0384277352880677,0.4054875788706524,0.4105521719501601,energy_very_low|loudness_low|speechiness_very_low,mode_1,"energy_very_low|loudness_low|speechiness_very_low  →  mode_1 (conf=0.78, lift=1.23)"
"frozenset({'speechiness_very_low', 'liveness_very_high', 'instrumentalness_low'})",frozenset({'mode_1'}),0.0268929910516417,0.6337522011523856,0.0210112722960265,0.7812917594654788,1.2328032282094077,1.0,0.0039677800214771,1.6745953328164849,0.1940593778256595,0.032848902539516,0.4028408055347257,0.4072227628250747,instrumentalness_low|liveness_very_high|speechiness_very_low,mode_1,"instrumentalness_low|liveness_very_high|speechiness_very_low  →  mode_1 (conf=0.78, lift=1.23)"
"frozenset({'speechiness_very_low', 'loudness_low', 'key_very_low'})",frozenset({'mode_1'}),0.026773200445621,0.6337522011523856,0.0208675235688017,0.7794183445190156,1.229847159665493,1.0,0.0038999488544953,1.660372881185432,0.1920321478054146,0.032622944679576,0.3977256486590863,0.4061726445211088,key_very_low|loudness_low|speechiness_very_low,mode_1,"key_very_low|loudness_low|speechiness_very_low  →  mode_1 (conf=0.78, lift=1.23)"
"frozenset({'valence_very_high', 'instrumentalness_low', 'key_very_low'})",frozenset({'mode_1'}),0.0498328921046011,0.6337522011523856,0.0388361144719031,0.7793269230769231,1.229702905425545,1.0,0.0072544094108227,1.6596850143857036,0.1965922064566603,0.0602344722516396,0.3974760322999431,0.4203032876418544,instrumentalness_low|key_very_low|valence_very_high,mode_1,"instrumentalness_low|key_very_low|valence_very_high  →  mode_1 (conf=0.78, lift=1.23)"
"frozenset({'speechiness_very_low', 'instrumentalness_low', 'valence_very_low'})",frozenset({'mode_1'}),0.0280908971118484,0.6337522011523856,0.0218617855987733,0.7782515991471216,1.228006147721436,1.0,0.0040591177217941,1.6516367082647232,0.1910382654637635,0.0341600374356574,0.394539976620742,0.4063736967477409,instrumentalness_low|speechiness_very_low|valence_very_low,mode_1,"instrumentalness_low|speechiness_very_low|valence_very_low  →  mode_1 (conf=0.78, lift=1.23)"
"frozenset({'speechiness_very_low', 'danceability_low', 'acousticness_very_high'})",frozenset({'mode_1'}),0.0257669593550473,0.6337522011523856,0.0200529474478611,0.7782426778242678,1.2279920707322949,1.0,0.0037230802395958,1.6515702627279216,0.1905729804598503,0.0313588850174216,0.3945156179136538,0.4049421497995736,acousticness_very_high|danceability_low|speechiness_very_low,mode_1,"acousticness_very_high|danceability_low|speechiness_very_low  →  mode_1 (conf=0.78, lift=1.23)"
"frozenset({'speechiness_very_low', 'instrumentalness_low', 'duration_ms_very_high'})",frozenset({'mode_1'}),0.0327866888678589,0.6337522011523856,0.0254914409611998,0.7774936061381075,1.2268101076798616,1.0,0.0047128047226957,1.646010222407095,0.1911449350041523,0.0397652950629741,0.3924703586970325,0.4088583237192758,duration_ms_very_high|instrumentalness_low|speechiness_very_low,mode_1,"duration_ms_very_high|instrumentalness_low|speechiness_very_low  →  mode_1 (conf=0.78, lift=1.23)"
"frozenset({'speechiness_very_low', 'loudness_low', 'acousticness_very_high'})",frozenset({'mode_1'}),0.0270966350818768,0.6337522011523856,0.0210591885384348,0.7771883289124669,1.22632840958858,1.0,0.0038866364114723,1.6437550019708411,0.1896979234117708,0.0329158007077458,0.3916368322523656,0.4052088511588135,acousticness_very_high|loudness_low|speechiness_very_low,mode_1,"acousticness_very_high|loudness_low|speechiness_very_low  →  mode_1 (conf=0.78, lift=1.23)"
"frozenset({'speechiness_very_low', 'instrumentalness_low'})",frozenset({'mode_1'}),0.1350279711065058,0.6337522011523856,0.1048646965104996,0.7766146202980838,1.2254231525916972,1.0,0.0192904226046108,1.639533434714182,0.2126720288112351,0.1579488659942623,0.390070382935296,0.4710405111697394,instrumentalness_low|speechiness_very_low,mode_1,"instrumentalness_low|speechiness_very_low  →  mode_1 (conf=0.78, lift=1.23)"
"frozenset({'energy_very_low', 'instrumentalness_low', 'liveness_low'})",frozenset({'mode_1'}),0.0350267732004456,0.6337522011523856,0.0271685094454892,0.7756497948016415,1.2239007507843538,1.0,0.0049702148304414,1.632482566814671,0.189580683479262,0.0423442430126397,0.3874360312764517,0.4092595444096101,energy_very_low|instrumentalness_low|liveness_low,mode_1,"energy_very_low|instrumentalness_low|liveness_low  →  mode_1 (conf=0.78, lift=1.22)"
"frozenset({'duration_ms_very_low', 'instrumentalness_low', 'key_very_low'})",frozenset({'mode_1'}),0.0401418320775284,0.6337522011523856,0.0311215994441715,0.7752909579230081,1.2233345407136338,1.0,0.0056816250067484,1.6298756626007382,0.190196969490847,0.0484177569048417,0.3864562659925031,0.4121989238154875,duration_ms_very_low|instrumentalness_low|key_very_low,mode_1,"duration_ms_very_low|instrumentalness_low|key_very_low  →  mode_1 (conf=0.78, lift=1.22)"
"frozenset({'speechiness_very_low', 'acousticness_very_high', 'liveness_low'})",frozenset({'mode_1'}),0.0322955473831742,0.6337522011523856,0.0250362366583212,0.7752225519287834,1.2232266026361007,1.0,0.0045688624168134,1.629379646358364,0.1885802871855827,0.0390573900693315,0.386269490824325,0.4073636623172884,acousticness_very_high|liveness_low|speechiness_very_low,mode_1,"acousticness_very_high|liveness_low|speechiness_very_low  →  mode_1 (conf=0.78, lift=1.22)"
"frozenset({'speechiness_very_low', 'valence_very_high', 'instrumentalness_low'})",frozenset({'mode_1'}),0.0312893062926005,0.6337522011523856,0.0242336395979827,0.7745022970903522,1.22209010979691,1.0,0.0044039728625159,1.624175298115397,0.1875995945351056,0.0378173253075111,0.3843029128934884,0.4063703244264728,instrumentalness_low|speechiness_very_low|valence_very_high,mode_1,"instrumentalness_low|speechiness_very_low|valence_very_high  →  mode_1 (conf=0.77, lift=1.22)"
"frozenset({'speechiness_very_low', 'valence_low', 'acousticness_very_high'})",frozenset({'mode_1'}),0.0273961115969285,0.6337522011523856,0.0212149163262616,0.7743769129864451,1.2218922657441726,1.0,0.0038525702986918,1.6232727053575462,0.1867124369759025,0.0331517567997603,0.3839605651597909,0.4039260049290981,acousticness_very_high|speechiness_very_low|valence_low,mode_1,"acousticness_very_high|speechiness_very_low|valence_low  →  mode_1 (conf=0.77, lift=1.22)"
"frozenset({'speechiness_very_low', 'instrumentalness_low', 'duration_ms_low'})",frozenset({'mode_1'}),0.0345476107763629,0.6337522011523856,0.0267372632638148,0.7739251040221914,1.2211793546672056,1.0,0.0048426388897389,1.6200286071725765,0.1876006209195453,0.0416752245271393,0.3827269496522704,0.408056966527682,duration_ms_low|instrumentalness_low|speechiness_very_low,mode_1,"duration_ms_low|instrumentalness_low|speechiness_very_low  →  mode_1 (conf=0.77, lift=1.22)"
"frozenset({'key_very_low', 'energy_very_high', 'speechiness_very_high'})",frozenset({'mode_1'}),0.0306184788988847,0.6337522011523856,0.0236826028102876,0.773474178403756,1.2204678374249531,1.0,0.0042780744121815,1.6168037544982778,0.1863477555623091,0.0369643257796724,0.3814957460249606,0.4054215235653597,energy_very_high|key_very_low|speechiness_very_high,mode_1,"energy_very_high|key_very_low|speechiness_very_high  →  mode_1 (conf=0.77, lift=1.22)"
"frozenset({'energy_very_low', 'speechiness_very_low', 'acousticness_very_high', 'liveness_low'})",frozenset({'mode_1'}),0.0268929910516417,0.6337522011523856,0.0207956492051893,0.7732739420935413,1.2201518837922074,1.0,0.0037521569306399,1.6153758514988106,0.1854163000577839,0.0325008424757554,0.3809490224382394,0.4030437378930044,acousticness_very_high|energy_very_low|liveness_low|speechiness_very_low,mode_1,"acousticness_very_high|energy_very_low|liveness_low|speechiness_very_low  →  mode_1 (conf=0.77, lift=1.22)"
"frozenset({'speechiness_very_low', 'energy_low', 'instrumentalness_low'})",frozenset({'mode_1'}),0.0517136046191257,0.6337522011523856,0.0399741252290995,0.772990502663887,1.2197046436419738,1.0,0.0072005144722044,1.613358926148114,0.1899525110186077,0.0619281803841514,0.3801751217334541,0.4180329131786499,energy_low|instrumentalness_low|speechiness_very_low,mode_1,"energy_low|instrumentalness_low|speechiness_very_low  →  mode_1 (conf=0.77, lift=1.22)"
"frozenset({'loudness_very_low', 'duration_ms_very_low', 'key_very_low'})",frozenset({'mode_1'}),0.028905473232789,0.6337522011523856,0.0223289689622539,0.7724823870700372,1.2189028861207758,1.0,0.0040100616756225,1.6097558080497143,0.184935751232848,0.0348711041269128,0.3787877670641604,0.4038576759090853,duration_ms_very_low|key_very_low|loudness_very_low,mode_1,"duration_ms_very_low|key_very_low|loudness_very_low  →  mode_1 (conf=0.77, lift=1.22)"
"frozenset({'speechiness_very_low', 'instrumentalness_low', 'acousticness_high'})",frozenset({'mode_1'}),0.0498808083470094,0.6337522011523856,0.0385246588962493,0.7723342939481268,1.2186692094224685,1.0,0.0069125868110718,1.6087086860774962,0.188852920670555,0.0597181215531168,0.3783834148130987,0.4165612496108652,acousticness_high|instrumentalness_low|speechiness_very_low,mode_1,"acousticness_high|instrumentalness_low|speechiness_very_low  →  mode_1 (conf=0.77, lift=1.22)"
"frozenset({'speechiness_very_low', 'instrumentalness_low', 'danceability_high'})",frozenset({'mode_1'}),0.0439032571065777,0.6337522011523856,0.0338408462008409,0.7708049113233288,1.216255990782727,1.0,0.0060170603717881,1.5979740271148897,0.1859693255846392,0.0525630291189878,0.3742076009799231,0.4121012553970391,danceability_high|instrumentalness_low|speechiness_very_low,mode_1,"danceability_high|instrumentalness_low|speechiness_very_low  →  mode_1 (conf=0.77, lift=1.22)"
"frozenset({'speechiness_very_low', 'instrumentalness_low', 'tempo_very_low'})",frozenset({'mode_1'}),0.0362486373818565,0.6337522011523856,0.0279351693240216,0.7706543291473894,1.216018386596634,1.0,0.0049625155944953,1.596924840508475,0.1843255639555085,0.0435082744081046,0.3737964526360607,0.4073666693464005,instrumentalness_low|speechiness_very_low|tempo_very_low,mode_1,"instrumentalness_low|speechiness_very_low|tempo_very_low  →  mode_1 (conf=0.77, lift=1.22)"
"frozenset({'energy_very_low', 'instrumentalness_low', 'danceability_low'})",frozenset({'mode_1'}),0.0296841121719234,0.6337522011523856,0.022868026689347,0.7703793381759483,1.215584477300633,1.0,0.0040556552611361,1.5950123823275717,0.1827760127828,0.0356995923252421,0.373045619532609,0.4032314420772946,danceability_low|energy_very_low|instrumentalness_low,mode_1,"danceability_low|energy_very_low|instrumentalness_low  →  mode_1 (conf=0.77, lift=1.22)"
"frozenset({'energy_very_low', 'instrumentalness_low', 'acousticness_very_high'})",frozenset({'mode_1'}),0.0679212736137232,0.6337522011523856,0.0523245367098312,0.7703703703703703,1.215570326966225,1.0,0.0092792800520606,1.594950091755739,0.1902638561685072,0.0805799988931318,0.3730211339094701,0.4264667275724831,acousticness_very_high|energy_very_low|instrumentalness_low,mode_1,"acousticness_very_high|energy_very_low|instrumentalness_low  →  mode_1 (conf=0.77, lift=1.22)"
"frozenset({'valence_very_high', 'key_very_low'})",frozenset({'mode_1'}),0.0776123336407959,0.6337522011523856,0.0597635333437151,0.7700262386170705,1.215027320168499,1.0,0.0105765460622874,1.5925634152575123,0.1918642728287948,0.0917179887857339,0.3720815193796831,0.4321636721863351,key_very_low|valence_very_high,mode_1,"key_very_low|valence_very_high  →  mode_1 (conf=0.77, lift=1.22)"
"frozenset({'instrumentalness_low', 'acousticness_very_high', 'liveness_low'})",frozenset({'mode_1'}),0.032451275171001,0.6337522011523856,0.0249763413553109,0.769656699889258,1.214444223609401,1.0,0.0044102742854872,1.5900084728817103,0.1825004475805266,0.0389508490724653,0.3710725338541037,0.4045334817847197,acousticness_very_high|instrumentalness_low|liveness_low,mode_1,"acousticness_very_high|instrumentalness_low|liveness_low  →  mode_1 (conf=0.77, lift=1.21)"
"frozenset({'key_very_low', 'tempo_very_high', 'danceability_very_low'})",frozenset({'mode_1'}),0.0283783945662981,0.6337522011523856,0.0218378274775692,0.7695230054875476,1.2142332667062656,1.0,0.0038529574560068,1.5890861455494485,0.1815881982528078,0.0341060036294924,0.3707074957511279,0.4019904981128315,danceability_very_low|key_very_low|tempo_very_high,mode_1,"danceability_very_low|key_very_low|tempo_very_high  →  mode_1 (conf=0.77, lift=1.21)"
"frozenset({'speechiness_very_low', 'key_very_low'})",frozenset({'mode_1'}),0.0807867847003438,0.6337522011523856,0.0621353873429245,0.7691281138790036,1.2136101657405791,1.0,0.0109365847150578,1.5863681152397635,0.1914813372831912,0.0952407182989974,0.3696292869269753,0.4335858885244181,key_very_low|speechiness_very_low,mode_1,"key_very_low|speechiness_very_low  →  mode_1 (conf=0.77, lift=1.21)"
"frozenset({'loudness_low', 'instrumentalness_low', 'key_very_low'})",frozenset({'mode_1'}),0.0411720312893062,0.6337522011523856,0.0316606571712646,0.7689845795752109,1.2133836824186568,1.0,0.0055677917157518,1.5853824743567388,0.1834097257849958,0.0492187936460641,0.369237382035685,0.4094710252568427,instrumentalness_low|key_very_low|loudness_low,mode_1,"instrumentalness_low|key_very_low|loudness_low  →  mode_1 (conf=0.77, lift=1.21)"
"frozenset({'energy_very_low', 'valence_low', 'instrumentalness_low'})",frozenset({'mode_1'}),0.0365481138969082,0.6337522011523856,0.0281028761724505,0.7689282202556538,1.2132947528347362,1.0,0.0049404285423168,1.5849957933107388,0.1824667854344982,0.0437604924454392,0.3690834990096723,0.4066359275363894,energy_very_low|instrumentalness_low|valence_low,mode_1,"energy_very_low|instrumentalness_low|valence_low  →  mode_1 (conf=0.77, lift=1.21)"
"frozenset({'liveness_very_high', 'key_very_low', 'energy_very_high'})",frozenset({'mode_1'}),0.0303309814444351,0.6337522011523856,0.0233112519316235,0.7685624012638231,1.2127175256611415,1.0,0.0040889256781005,1.5824904892187028,0.1808923075559661,0.036379951767587,0.3680846698208508,0.4026726570159962,energy_very_high|key_very_low|liveness_very_high,mode_1,"energy_very_high|key_very_low|liveness_very_high  →  mode_1 (conf=0.77, lift=1.21)"
"frozenset({'acousticness_very_low', 'speechiness_high', 'key_very_low'})",frozenset({'mode_1'}),0.0261622683549156,0.6337522011523856,0.0201008636902694,0.7683150183150182,1.2123271791686874,1.0,0.0035204685332022,1.5808007760537344,0.1798453241373384,0.0314167493587463,0.3674092174370186,0.4000161236551937,acousticness_very_low|key_very_low|speechiness_high,mode_1,"acousticness_very_low|key_very_low|speechiness_high  →  mode_1 (conf=0.77, lift=1.21)"
"frozenset({'speechiness_very_low', 'energy_low', 'key_very_low'})",frozenset({'mode_1'}),0.0272883000515099,0.6337522011523856,0.0209633560536182,0.7682177348551361,1.2121736752286534,1.0,0.003669335830267,1.5801372836645182,0.1799461301496991,0.0327512960155709,0.3671435954723591,0.4006479469096586,energy_low|key_very_low|speechiness_very_low,mode_1,"energy_low|key_very_low|speechiness_very_low  →  mode_1 (conf=0.77, lift=1.21)"
"frozenset({'instrumentalness_low', 'key_very_low', 'tempo_high'})",frozenset({'mode_1'}),0.0365840510787144,0.6337522011523856,0.0281028761724505,0.768172888015717,1.212102911230773,1.0,0.0049176532742439,1.5798316068935228,0.1816323924928866,0.0437580437580437,0.3670211460281299,0.406258261416421,instrumentalness_low|key_very_low|tempo_high,mode_1,"instrumentalness_low|key_very_low|tempo_high  →  mode_1 (conf=0.77, lift=1.21)"
"frozenset({'liveness_very_high', 'instrumentalness_low', 'key_very_low'})",frozenset({'mode_1'}),0.044849602894141,0.6337522011523856,0.0344397992309443,0.7678952991452992,1.211664902700131,1.0,0.006016264675972,1.5779421851386288,0.1828919382410758,0.053464499572284,0.3662632196425208,0.4111189944360841,instrumentalness_low|key_very_low|liveness_very_high,mode_1,"instrumentalness_low|key_very_low|liveness_very_high  →  mode_1 (conf=0.77, lift=1.21)"
"frozenset({'speechiness_very_low', 'instrumentalness_low', 'liveness_very_low'})",frozenset({'mode_1'}),0.0305825417170785,0.6337522011523856,0.0234789587800524,0.7677242459851156,1.211394997270418,1.0,0.0040972056500192,1.5767801525429337,0.1800106055570042,0.0366368836218176,0.3657961774903991,0.4023858920124992,instrumentalness_low|liveness_very_low|speechiness_very_low,mode_1,"instrumentalness_low|liveness_very_low|speechiness_very_low  →  mode_1 (conf=0.77, lift=1.21)"
"frozenset({'instrumentalness_low', 'key_very_low', 'danceability_very_low'})",frozenset({'mode_1'}),0.0294804681416883,0.6337522011523856,0.0226164664167036,0.7671678179601787,1.210517007381113,1.0,0.0039331548409058,1.5730119248935055,0.1791892748985263,0.0353042372564419,0.3642769109536783,0.4014272130156248,danceability_very_low|instrumentalness_low|key_very_low,mode_1,"danceability_very_low|instrumentalness_low|key_very_low  →  mode_1 (conf=0.77, lift=1.21)"
"frozenset({'tempo_very_high', 'key_very_low', 'energy_very_high'})",frozenset({'mode_1'}),0.027827357778603,0.6337522011523856,0.0213466859928844,0.7671114937580715,1.2104281332091495,1.0,0.0037110367484398,1.5726314911700712,0.178822185248081,0.0333420648879242,0.3641231238120643,0.4003972552430845,energy_very_high|key_very_low|tempo_very_high,mode_1,"energy_very_high|key_very_low|tempo_very_high  →  mode_1 (conf=0.77, lift=1.21)"
"frozenset({'speechiness_very_low', 'instrumentalness_low', 'duration_ms_high'})",frozenset({'mode_1'}),0.0441548173792211,0.6337522011523856,0.033864804322045,0.766956049918611,1.2101828577857618,1.0,0.005881591616482,1.5715825221796351,0.181701595219335,0.0525816531508072,0.3636987012218136,0.4101957264998026,duration_ms_high|instrumentalness_low|speechiness_very_low,mode_1,"duration_ms_high|instrumentalness_low|speechiness_very_low  →  mode_1 (conf=0.77, lift=1.21)"
"frozenset({'speechiness_very_low', 'instrumentalness_low', 'liveness_high'})",frozenset({'mode_1'}),0.0381413289569831,0.6337522011523856,0.0292408869296469,0.766645728643216,1.209693200669257,1.0,0.0050687357482816,1.56949258617874,0.180217866731136,0.0455002982403817,0.3628514025448757,0.406392517473484,instrumentalness_low|liveness_high|speechiness_very_low,mode_1,"instrumentalness_low|liveness_high|speechiness_very_low  →  mode_1 (conf=0.77, lift=1.21)"
"frozenset({'speechiness_very_low', 'valence_high', 'instrumentalness_low'})",frozenset({'mode_1'}),0.03227158926197,0.6337522011523856,0.0247008229614633,0.7654046028210839,1.2077348235308811,1.0,0.0042486322320041,1.56118919318904,0.1777396109597945,0.0385154192427666,0.3594626427324283,0.4021900624917252,instrumentalness_low|speechiness_very_low|valence_high,mode_1,"instrumentalness_low|speechiness_very_low|valence_high  →  mode_1 (conf=0.77, lift=1.21)"
"frozenset({'energy_very_low', 'speechiness_very_low', 'acousticness_very_high'})",frozenset({'mode_1'}),0.0642916182512967,0.6337522011523856,0.0491980018926915,0.7652319731693685,1.2074624305492054,1.0,0.0084530473102833,1.5600412193771014,0.1836222543778985,0.0758238715037385,0.3589912961406985,0.4214308434035104,acousticness_very_high|energy_very_low|speechiness_very_low,mode_1,"acousticness_very_high|energy_very_low|speechiness_very_low  →  mode_1 (conf=0.77, lift=1.21)"
"frozenset({'acousticness_very_low', 'key_very_low'})",frozenset({'mode_1'}),0.0798643970339846,0.6337522011523856,0.0610093556463302,0.7639118044097795,1.2053793312602583,1.0,0.0103951182323344,1.5513177096042214,0.1851744911208824,0.0934855632445529,0.3553867181371093,0.4300893489490538,acousticness_very_low|key_very_low,mode_1,"acousticness_very_low|key_very_low  →  mode_1 (conf=0.76, lift=1.21)"
"frozenset({'danceability_very_high', 'key_very_low', 'speechiness_very_high'})",frozenset({'mode_1'}),0.0264976820517735,0.6337522011523856,0.0202326333568921,0.7635623869801085,1.2048279841737544,1.0,0.0034396690311446,1.5490251071719368,0.1746333779792728,0.0316126375683162,0.3544326716397094,0.3977437679159119,danceability_very_high|key_very_low|speechiness_very_high,mode_1,"danceability_very_high|key_very_low|speechiness_very_high  →  mode_1 (conf=0.76, lift=1.20)"
"frozenset({'energy_very_low', 'loudness_low', 'instrumentalness_low'})",frozenset({'mode_1'}),0.0399980833503036,0.6337522011523856,0.0305346254746702,0.7634022162324049,1.204575250143936,1.0,0.0051857521095387,1.5479764561420055,0.1769078298932146,0.0474718316416798,0.3539953427377814,0.4057914587446874,energy_very_low|instrumentalness_low|loudness_low,mode_1,"energy_very_low|instrumentalness_low|loudness_low  →  mode_1 (conf=0.76, lift=1.20)"
"frozenset({'energy_very_low', 'speechiness_very_low', 'liveness_low'})",frozenset({'mode_1'}),0.0374225853208591,0.6337522011523856,0.0285580804753291,0.7631241997439181,1.2041365668731223,1.0,0.0048414346554216,1.5461596264864157,0.1761202908736776,0.0444403019852735,0.3532362487872879,0.404093051577847,energy_very_low|liveness_low|speechiness_very_low,mode_1,"energy_very_low|liveness_low|speechiness_very_low  →  mode_1 (conf=0.76, lift=1.20)"
"frozenset({'energy_very_low', 'loudness_very_low', 'instrumentalness_low', 'acousticness_very_high'})",frozenset({'mode_1'}),0.0391475700475568,0.6337522011523856,0.0298518190203524,0.762545899632803,1.2032240649361452,1.0,0.005041960332946,1.5423940807139225,0.1757810004043709,0.046422384083754,0.3516572628850251,0.4048245989988984,acousticness_very_high|energy_very_low|instrumentalness_low|loudness_very_low,mode_1,"acousticness_very_high|energy_very_low|instrumentalness_low|loudness_very_low  →  mode_1 (conf=0.76, lift=1.20)"
"frozenset({'speechiness_very_low', 'instrumentalness_low', 'loudness_high'})",frozenset({'mode_1'}),0.0408845338348566,0.6337522011523856,0.0311575366259777,0.762086141224729,1.2024986104016473,1.0,0.0052468733150481,1.5394134697868322,0.1755765737787662,0.0484204255636018,0.3504019422809952,0.4056248681740316,instrumentalness_low|loudness_high|speechiness_very_low,mode_1,"instrumentalness_low|loudness_high|speechiness_very_low  →  mode_1 (conf=0.76, lift=1.20)"
"frozenset({'acousticness_very_low', 'key_very_low', 'energy_very_high'})",frozenset({'mode_1'}),0.0464188598330118,0.6337522011523856,0.0353741659579055,0.7620645161290323,1.2024644880811923,1.0,0.0059561113637502,1.5392735580634551,0.1765708254505245,0.0548609433927211,0.3503428972962479,0.4089407733277237,acousticness_very_low|energy_very_high|key_very_low,mode_1,"acousticness_very_low|energy_very_high|key_very_low  →  mode_1 (conf=0.76, lift=1.20)"
"frozenset({'valence_very_high', 'instrumentalness_low', 'acousticness_very_high'})",frozenset({'mode_1'}),0.0270726769606727,0.6337522011523856,0.0206039842355562,0.7610619469026548,1.2008825302993429,1.0,0.0034466156206424,1.5328148618437192,0.1719337925568453,0.0321826176443072,0.3476054904653209,0.3967865258565821,acousticness_very_high|instrumentalness_low|valence_very_high,mode_1,"acousticness_very_high|instrumentalness_low|valence_very_high  →  mode_1 (conf=0.76, lift=1.20)"
"frozenset({'acousticness_very_low', 'loudness_very_high', 'key_very_low', 'energy_very_high'})",frozenset({'mode_1'}),0.0279830855664298,0.6337522011523856,0.0212867906898741,0.7607020547945205,1.200314655177994,1.0,0.0035524486171136,1.5305095851664166,0.171689522525421,0.0332373185695047,0.3466228439913578,0.397145281248503,acousticness_very_low|energy_very_high|key_very_low|loudness_very_high,mode_1,"acousticness_very_low|energy_very_high|key_very_low|loudness_very_high  →  mode_1 (conf=0.76, lift=1.20)"
