antecedents,consequents,antecedent support,consequent support,support,confidence,lift,representativity,leverage,conviction,zhangs_metric,jaccard,certainty,kulczynski,antecedents_str,consequents_str
frozenset({'mode_1'}),frozenset({'instrumentalness_low'}),0.6337522011523856,0.5000539057727093,0.3347788066459828,0.5282487477554106,1.056383605161794,1.0,0.017868543167680717,1.0597663320416226,0.14573241621422853,0.4189829390423076,0.05639576407988329,0.5988670913939951,mode_1,instrumentalness_low
frozenset({'instrumentalness_low'}),frozenset({'mode_1'}),0.5000539057727093,0.6337522011523856,0.3347788066459828,0.6694854350325796,1.056383605161794,1.0,0.017868543167680717,1.1081139461545857,0.10675986326425838,0.4189829390423076,0.09756573006753173,0.5988670913939951,instrumentalness_low,mode_1
frozenset({'key_very_low'}),frozenset({'mode_1'}),0.31480971262233615,0.6337522011523856,0.23384324201296133,0.7428082191780822,1.1720799041445444,1.0,0.03433189369440584,1.4240260620972487,0.21427018148306906,0.32718222043443285,0.2977656613059175,0.5558951784861208,key_very_low,mode_1
frozenset({'speechiness_very_low'}),frozenset({'mode_1'}),0.2504342409468249,0.6337522011523856,0.17972184621282,0.7176408686501484,1.1323682463669926,1.0,0.021008594768842814,1.297099183924823,0.15595036427167153,0.2551183512447287,0.229048932885646,0.5006123254506767,speechiness_very_low,mode_1
frozenset({'energy_very_low'}),frozenset({'loudness_very_low'}),0.25050611531043737,0.25000299476515053,0.17769738497107057,0.7093534812547819,2.837379935872925,1.0,0.1150701059364771,2.580443792937014,0.8639992839365561,0.5504675671663946,0.6124697609236363,0.7100672533250431,energy_very_low,loudness_very_low
frozenset({'loudness_very_low'}),frozenset({'energy_very_low'}),0.25000299476515053,0.25050611531043737,0.17769738497107057,0.7107810253953042,2.8373799358729244,1.0,0.1150701059364771,2.5914409167447263,0.8634196872343993,0.5504675671663946,0.614114296977234,0.7100672533250431,loudness_very_low,energy_very_low
frozenset({'acousticness_very_high'}),frozenset({'energy_very_low'}),0.24975143449250709,0.25050611531043737,0.17666718575929274,0.7073720562137272,2.8237716086775886,1.0,0.11410292411136562,2.5612519262240108,0.8608663050559204,0.5459593529041572,0.6095659354078945,0.7063065330800846,acousticness_very_high,energy_very_low
frozenset({'energy_very_low'}),frozenset({'acousticness_very_high'}),0.25050611531043737,0.24975143449250709,0.17666718575929274,0.7052410099464421,2.8237716086775886,1.0,0.11410292411136562,2.5452949386587744,0.8617331290560885,0.5459593529041572,0.6071182224064992,0.7063065330800846,energy_very_low,acousticness_very_high
frozenset({'acousticness_very_high'}),frozenset({'mode_1'}),0.24975143449250709,0.6337522011523856,0.17489428479018676,0.7002733944074057,1.1049640429399077,1.0,0.01661376343959456,1.2219395676386482,0.12661560392739288,0.2468134023058458,0.18162892299783534,0.4881198745971439,acousticness_very_high,mode_1
frozenset({'energy_very_low'}),frozenset({'mode_1'}),0.25050611531043737,0.6337522011523856,0.17381616933600066,0.6938599846977811,1.0948442994534746,1.0,0.015057367355877649,1.196340826226384,0.11558215244532831,0.24465914647512094,0.16411780148446617,0.4840625885118241,energy_very_low,mode_1
frozenset({'key_high'}),frozenset({'mode_1'}),0.2474514548569101,0.6337522011523856,0.16980318403430802,0.6862080650626906,1.082770306461929,1.0,0.012980279840381054,1.1671676613383477,0.10157894674783663,0.2386886018825669,0.14322506258155132,0.4770705763362787,key_high,mode_1
frozenset({'danceability_very_low'}),frozenset({'mode_1'}),0.2516321470070317,0.6337522011523856,0.1667485235807808,0.6626678091973722,1.0456260475189005,1.0,0.007276096534373777,1.0857184959911077,0.05830708521253606,0.23203480522078315,0.07895094014481052,0.46289046825051483,danceability_very_low,mode_1
frozenset({'duration_ms_very_low'}),frozenset({'mode_1'}),0.25000299476515053,0.6337522011523856,0.16632925645970842,0.665309056061332,1.0497936809553716,1.0,0.007889308232605918,1.0942865514602305,0.06324275037614896,0.23184170980130236,0.08616257901955683,0.4638803100928529,duration_ms_very_low,mode_1
frozenset({'acousticness_high'}),frozenset({'instrumentalness_low'}),0.2495238323410678,0.5000539057727093,0.1658620730962278,0.6647143542966875,1.3292853962804996,1.0,0.041086706150702174,1.4911049746212008,0.33007857181234534,0.28414874404859636,0.32935640547102374,0.49820137032580636,acousticness_high,instrumentalness_low
frozenset({'loudness_very_low'}),frozenset({'mode_1'}),0.25000299476515053,0.6337522011523856,0.16527509912672647,0.6610924772400574,1.0431403252532416,1.0,0.006835150899623971,1.0806717887671016,0.05514182700030831,0.2300343459268398,0.07464966662925199,0.4609403412568305,loudness_very_low,mode_1
frozenset({'danceability_low'}),frozenset({'mode_1'}),0.2485655074929024,0.6337522011523856,0.16430479521795902,0.6610120481927712,1.0430134159547177,1.0,0.006775857713772315,1.0804153861370487,0.05488111332605775,0.22883264652396607,0.07443006381514829,0.46013460362573066,danceability_low,mode_1
frozenset({'valence_very_high'}),frozenset({'mode_1'}),0.24983528791672158,0.6337522011523856,0.16291522418811916,0.652090525508247,1.028936111499914,1.0,0.004581560545356855,1.0527100458607834,0.03748824665998488,0.22606007213975832,0.05007081111084419,0.45457753758637,valence_very_high,mode_1
frozenset({'liveness_low'}),frozenset({'mode_1'}),0.25168006324944,0.6337522011523856,0.16204075276416824,0.6438362684435983,1.015911687995523,1.0,0.002537958693664022,1.028313009994438,0.02093018088180441,0.22400145724316095,0.027533455007625583,0.44976049316707845,liveness_low,mode_1
frozenset({'tempo_very_low'}),frozenset({'mode_1'}),0.2500149738257526,0.6337522011523856,0.1610944069766049,0.6443390350246754,1.0167050052891953,1.0,0.002646866993478103,1.0297666455272207,0.021907814919851717,0.22291473279405918,0.02890620477611293,0.4492652551552826,tempo_very_low,mode_1
frozenset({'tempo_very_high'}),frozenset({'mode_1'}),0.24999101570454846,0.6337522011523856,0.16077097234034907,0.6431070008146054,1.014760973839948,1.0,0.002338615869270866,1.026211776873102,0.019394776898195108,0.222375026924925,0.025542268627017806,0.44839406368109536,tempo_very_high,mode_1
frozenset({'liveness_very_high'}),frozenset({'mode_1'}),0.2496795601288947,0.6337522011523856,0.16014806118904157,0.6414143837259512,1.01209018692106,1.0,0.0019130903745951389,1.0213677911935812,0.01592087834689068,0.2214180426969642,0.020920760746342585,0.4470563082035861,liveness_very_high,mode_1
frozenset({'valence_low'}),frozenset({'mode_1'}),0.2501227853711712,0.6337522011523856,0.15966889876495885,0.6383620689655172,1.0072739278928724,1.0,0.0011530329776133774,1.0127471910923305,0.009630109849280215,0.22047439460103213,0.012586745442938732,0.4451521147209213,valence_low,mode_1
frozenset({'key_very_low'}),frozenset({'instrumentalness_low'}),0.31480971262233615,0.5000539057727093,0.1595011919165299,0.5066590563165906,1.013208877018318,1.0,0.0020793655445465464,1.0133886121321405,0.01902636011226761,0.24337860315487397,0.013211725464302618,0.41281352585856357,key_very_low,instrumentalness_low
frozenset({'loudness_low'}),frozenset({'mode_1'}),0.2501227853711712,0.6337522011523856,0.15924963164388647,0.6366858237547891,1.0046289742222103,1.0,0.0007337658565410021,1.0080746163904803,0.0061445333447241336,0.21976822998462578,0.008009939204096308,0.4439832105259155,loudness_low,mode_1
frozenset({'acousticness_high'}),frozenset({'mode_1'}),0.2495238323410678,0.6337522011523856,0.15872255297739551,0.6361017762842055,1.0037074035049465,1.0,0.0005862749912649567,1.0064566820574945,0.004921821095489484,0.2190625774985534,0.0064152607584611705,0.44327534707793115,acousticness_high,mode_1
frozenset({'duration_ms_high'}),frozenset({'mode_1'}),0.24999101570454846,0.6337522011523856,0.15855484612896656,0.6342421773923044,1.0007731353658855,1.0,0.0001224896578883583,1.0013396193044497,0.001030038446929754,0.21863953219465457,0.0013378271254064799,0.44221323499612386,duration_ms_high,mode_1
frozenset({'danceability_high'}),frozenset({'mode_1'}),0.2504222618862229,0.6337522011523856,0.15833922303812936,0.6322889260942358,0.9976910927402082,1.0,-0.0003664366498235816,0.996020584741691,-0.003077903055894674,0.21814761024557697,-0.003995314272888321,0.44106649310098806,danceability_high,mode_1
frozenset({'speechiness_low'}),frozenset({'mode_1'}),0.2496795601288947,0.6337522011523856,0.15781214437163837,0.6320587247517152,0.9973278571694251,1.0,-0.00042282644280805526,0.9953974274847863,-0.0035581716154027415,0.21748605012051375,-0.004623854139189029,0.4405355527170352,speechiness_low,mode_1
frozenset({'duration_ms_low'}),frozenset({'mode_1'}),0.25000299476515053,0.6337522011523856,0.1577282909474239,0.6309056061332056,0.9955083469311761,1.0,-0.0007116572796785903,0.9922876232571352,-0.005979941255376138,0.21724854804646251,-0.007772319801338775,0.439892837089852,duration_ms_low,mode_1
frozenset({'liveness_high'}),frozenset({'mode_1'}),0.2482420728566466,0.6337522011523856,0.15746475161417842,0.6343193553056989,1.0008949146879207,1.0,0.00014079152264775963,1.0015509548059003,0.0011893649530124568,0.217333796273333,0.0015485530700740072,0.4413917918197524,liveness_high,mode_1
frozenset({'energy_low'}),frozenset({'mode_1'}),0.24951185328046574,0.6337522011523856,0.15718923322033085,0.6299870373037592,0.9940589336939895,1.0,-0.0009394530097754095,0.9898242379910418,-0.00790066392477922,0.21649178380518708,-0.010280372634247676,0.43900826205987503,energy_low,mode_1
frozenset({'valence_very_high'}),frozenset({'instrumentalness_low'}),0.24983528791672158,0.5000539057727093,0.15659028019022747,0.6267740698120444,1.2534130072307317,1.0,0.03165916866762149,1.3395266882328332,0.2695119798605988,0.2639315134873203,0.2534676548182499,0.46996043467604903,valence_very_high,instrumentalness_low
frozenset({'tempo_low'}),frozenset({'mode_1'}),0.24999101570454846,0.6337522011523856,0.15649444770541093,0.6260002875077866,0.9877682260818924,1.0,-0.0019379087656672678,0.9792729422358568,-0.016242614370560106,0.21518695437324983,-0.02116576173014598,0.4364667348133395,tempo_low,mode_1
frozenset({'valence_high'}),frozenset({'mode_1'}),0.24932018831083266,0.6337522011523856,0.15605122246313444,0.625906885119877,0.9876208461000324,1.0,-0.0019559956705830495,0.9790284404592087,-0.016423068786744294,0.2146446754873045,-0.02142078684757589,0.4360703502246205,valence_high,mode_1
frozenset({'loudness_high'}),frozenset({'mode_1'}),0.24993112040153811,0.6337522011523856,0.15545226943303106,0.621980444785276,0.9814253010155951,1.0,-0.0029421282579256414,0.9688593983969349,-0.024611662236273844,0.2134655875773128,-0.03214150748249955,0.43363458492926027,loudness_high,mode_1
frozenset({'tempo_high'}),frozenset({'mode_1'}),0.25000299476515053,0.6337522011523856,0.15539237413002072,0.6215620507906084,0.9807651155457746,1.0,-0.0030475740970817844,0.9677882453722094,-0.025483223450549652,0.21334473627945988,-0.033283887029855325,0.43337813341912046,tempo_high,mode_1
frozenset({'valence_very_low'}),frozenset({'mode_1'}),0.2507217384012746,0.6337522011523856,0.15511685573617318,0.6186813186813186,0.9762195974330932,1.0,-0.003778597852387211,0.9604769364591614,-0.03148719085499552,0.21267614886837696,-0.04114941446334154,0.4317203966055681,valence_very_low,mode_1
frozenset({'liveness_very_low'}),frozenset({'mode_1'}),0.25039830376501876,0.6337522011523856,0.15409863558499742,0.6154140553987466,0.9710641703172095,1.0,-0.004591840590906893,0.9523171712043393,-0.038232063868735344,0.21107902336571277,-0.05007032345679437,0.42928343824658055,liveness_very_low,mode_1
frozenset({'loudness_very_high'}),frozenset({'mode_1'}),0.2499430994621402,0.6337522011523856,0.15377520094874159,0.6152408339324227,0.9707908435090202,1.0,-0.004626788498239415,0.9518884308614192,-0.0385671963700532,0.21067401900448032,-0.05054328593429993,0.42894165314426635,loudness_very_high,mode_1
frozenset({'instrumentalness_medium'}),frozenset({'mode_1'}),0.2501467434923753,0.6337522011523856,0.1528887504641886,0.6111962455703477,0.9644088722042728,1.0,-0.00564229883520545,0.9419862711585028,-0.046907194859073874,0.2091472207656004,-0.061586596978901835,0.42621999217370043,instrumentalness_medium,mode_1
frozenset({'energy_very_high'}),frozenset({'mode_1'}),0.2486014446747086,0.6337522011523856,0.15165490722217564,0.6100322844889896,0.9625722536028044,1.0,-0.005896805550083956,0.939174665696842,-0.049201513806526036,0.20754778845208044,-0.06476466681309725,0.42466456866921837,energy_very_high,mode_1
frozenset({'energy_very_high'}),frozenset({'loudness_very_high'}),0.2486014446747086,0.2499430994621402,0.15158303285856323,0.6097431696622175,2.4395279204520612,1.0,0.0894468172458008,1.9219571375308315,0.7853150924701041,0.436887170280348,0.47969703357447624,0.6081066675054437,energy_very_high,loudness_very_high
frozenset({'loudness_very_high'}),frozenset({'energy_very_high'}),0.2499430994621402,0.2486014446747086,0.15158303285856323,0.6064701653486699,2.439527920452061,1.0,0.0894468172458008,1.9093814220998906,0.7867198149020946,0.436887170280348,0.47627017398115007,0.6081066675054437,loudness_very_high,energy_very_high
frozenset({'duration_ms_very_high'}),frozenset({'mode_1'}),0.25000299476515053,0.6337522011523856,0.15113980761628673,0.6045519885002395,0.9539248737928645,1.0,-0.00730014061081577,0.9261591617532667,-0.06050448153267738,0.20630171032407862,-0.07972802224074396,0.42151803186471193,duration_ms_very_high,mode_1
frozenset({'energy_high'}),frozenset({'mode_1'}),0.2513805867343883,0.6337522011523856,0.15109189137387846,0.6010483678818204,0.9483964975409978,1.0,-0.008221108796018312,0.918025568420591,-0.0677574530326993,0.205835794833298,-0.08929427937441999,0.4197284179452576,energy_high,mode_1
frozenset({'acousticness_very_high'}),frozenset({'loudness_very_low'}),0.24975143449250709,0.25000299476515053,0.15069658237401024,0.60338625353734,2.413516102493704,1.0,0.08825797580399114,1.8910010354506446,0.7806302667875302,0.43172380658224374,0.4711795597924197,0.6030826811529537,acousticness_very_high,loudness_very_low
frozenset({'loudness_very_low'}),frozenset({'acousticness_very_high'}),0.25000299476515053,0.24975143449250709,0.15069658237401024,0.6027791087685673,2.413516102493704,1.0,0.08825797580399114,1.888743976132856,0.7808921019167055,0.43172380658224374,0.4705476164919565,0.6030826811529537,loudness_very_low,acousticness_very_high
frozenset({'acousticness_very_low'}),frozenset({'mode_1'}),0.2504581990680291,0.6337522011523856,0.15031325243474405,0.6001530514635546,0.9469837743715352,1.0,-0.008415182521281761,0.9159699734815695,-0.06950029528641696,0.20481514731086262,-0.09173884401366934,0.41866645106964706,acousticness_very_low,mode_1
frozenset({'acousticness_low'}),frozenset({'mode_1'}),0.250266534098396,0.6337522011523856,0.1498221109500593,0.5986502010338886,0.9446124209830448,1.0,-0.008784855909577755,0.9125401327995658,-0.0725352707533051,0.2040626529613314,-0.09584221455786017,0.4175275388498051,acousticness_low,mode_1
frozenset({'speechiness_high'}),frozenset({'mode_1'}),0.2499670575833443,0.6337522011523856,0.14971429940464068,0.5989361192313222,0.9450635723903514,1.0,-0.008702873554388896,0.9131906821069625,-0.07192842088470944,0.2039690570225544,-0.09506154584576619,0.41758543982547114,speechiness_high,mode_1
frozenset({'loudness_very_high'}),frozenset({'instrumentalness_low'}),0.2499430994621402,0.5000539057727093,0.14954659255621175,0.5983225497244189,1.1965161011988494,1.0,0.02456156944923181,1.2446456575650187,0.21897038462530044,0.2490573566084788,0.19655847917682445,0.44869174630720754,loudness_very_high,instrumentalness_low
frozenset({'duration_ms_low'}),frozenset({'instrumentalness_low'}),0.25000299476515053,0.5000539057727093,0.1493070113441704,0.5972208912314327,1.1943130217302793,1.0,0.024292037356982682,1.2412413736049916,0.21693229395610567,0.24853439680957135,0.1943549246222302,0.4479013616755094,duration_ms_low,instrumentalness_low
frozenset({'valence_high'}),frozenset({'instrumentalness_low'}),0.24932018831083266,0.5000539057727093,0.14820493776878016,0.5944361697016287,1.188744179056206,1.0,0.023531403815960916,1.232718642240564,0.21150976707771693,0.24652784696622496,0.18878488104761632,0.4454070461386641,valence_high,instrumentalness_low
frozenset({'energy_low'}),frozenset({'instrumentalness_low'}),0.24951185328046574,0.5000539057727093,0.1479413984355347,0.5929233280522349,1.185718821925846,1.0,0.02317202166605062,1.2281374214719,0.2087038059265053,0.2459032714095136,0.185758871510064,0.4443871143902417,energy_low,instrumentalness_low
frozenset({'acousticness_very_low'}),frozenset({'energy_very_high'}),0.2504581990680291,0.2486014446747086,0.1469471364055631,0.5867132198201646,2.3600555523234,1.0,0.0846828662866253,1.8181045011851862,0.7688445923800172,0.41733006736068595,0.44997661061390043,0.588904241577793,acousticness_very_low,energy_very_high
frozenset({'energy_very_high'}),frozenset({'acousticness_very_low'}),0.2486014446747086,0.2504581990680291,0.1469471364055631,0.5910952633354215,2.3600555523234004,1.0,0.0846828662866253,1.833047489363799,0.766944727701592,0.41733006736068595,0.45446039679688116,0.588904241577793,energy_very_high,acousticness_very_low
frozenset({'speechiness_very_high'}),frozenset({'mode_1'}),0.24991914134093604,0.6337522011523856,0.14650391116328657,0.5862052437329243,0.9249754756938056,1.0,-0.011882894771645836,0.8850953118681545,-0.09758260500108706,0.19873899054242905,-0.12982182437427928,0.408687160189872,speechiness_very_high,mode_1
frozenset({'loudness_high'}),frozenset({'instrumentalness_low'}),0.24993112040153811,0.5000539057727093,0.14616849746642868,0.5848351226993865,1.1695441550359835,1.0,0.021189464535490296,1.2042109570489719,0.1932702696077082,0.24207435622743328,0.16958071661248572,0.43857030186330004,loudness_high,instrumentalness_low
frozenset({'energy_high'}),frozenset({'instrumentalness_low'}),0.2513805867343883,0.5000539057727093,0.14614453934522456,0.5813676435549202,1.1626099443350228,1.0,0.020440695113258384,1.194236629181525,0.18683230967222048,0.2414455065407984,0.16264501057436656,0.4368126067525464,energy_high,instrumentalness_low
frozenset({'instrumentalness_high'}),frozenset({'mode_1'}),0.24979935073491535,0.6337522011523856,0.14608464404221422,0.5848079413034096,0.9227706668947611,1.0,-0.012226244332475183,0.8821165799687345,-0.10036398594774416,0.19808976170751916,-0.13363700752052943,0.4076577273854729,instrumentalness_high,mode_1
frozenset({'speechiness_very_high'}),frozenset({'instrumentalness_low'}),0.24991914134093604,0.5000539057727093,0.14573725128475426,0.5831376120404544,1.166149499701157,1.0,0.020764208529857428,1.1993072742168527,0.18994887458300402,0.24119268055748302,0.16618532923266086,0.43729034684046486,speechiness_very_high,instrumentalness_low
frozenset({'danceability_very_high'}),frozenset({'mode_1'}),0.249380083613843,0.6337522011523856,0.14435965931551648,0.5788740513017581,0.9134075593728279,1.0,-0.01368551759832251,0.8696870852526104,-0.11213523942283594,0.19540472175379428,-0.14983885233795177,0.4033298524158351,danceability_very_high,mode_1
frozenset({'acousticness_low'}),frozenset({'instrumentalness_low'}),0.250266534098396,0.5000539057727093,0.14415601528528132,0.5760099559640054,1.1518957242698162,1.0,0.019009257425179477,1.1791458343414494,0.17588365657129262,0.23781668708746695,0.15192848002681705,0.43214545325988696,acousticness_low,instrumentalness_low
frozenset({'danceability_high'}),frozenset({'instrumentalness_low'}),0.2504222618862229,0.5000539057727093,0.14176020316486782,0.566084668739536,1.1320472897112814,1.0,0.016535573016225796,1.1521743027032867,0.15561384818431437,0.23288399094755485,0.13207576522601486,0.42478725579560167,danceability_high,instrumentalness_low
frozenset({'liveness_very_high'}),frozenset({'instrumentalness_low'}),0.2496795601288947,0.5000539057727093,0.1400711556199763,0.5610036942858514,1.1218864362612253,1.0,0.015217916385910496,1.138838955407587,0.14479704682921288,0.2297520336385429,0.12191272062510106,0.42055790310306373,liveness_very_high,instrumentalness_low
frozenset({'duration_ms_high'}),frozenset({'instrumentalness_low'}),0.24999101570454846,0.5000539057727093,0.1370644114088573,0.5482773491782068,1.0964364898439902,1.0,0.012055427597711166,1.1067545391353908,0.11727122124874949,0.22360321275722572,0.09645728602006781,0.4111883104649179,duration_ms_high,instrumentalness_low
frozenset({'danceability_low'}),frozenset({'instrumentalness_low'}),0.2485655074929024,0.5000539057727093,0.13675295583320357,0.5501686746987953,1.100218733115675,1.0,0.012456802971002101,1.1114079124937095,0.12122124689307989,0.22350131171933127,0.100240344918671,0.41182255122444555,danceability_low,instrumentalness_low
frozenset({'speechiness_very_low'}),frozenset({'instrumentalness_low'}),0.2504342409468249,0.5000539057727093,0.13502797110650583,0.5391753563570267,1.0782344665898869,1.0,0.009797350781822284,1.0848944411371955,0.09679995964855032,0.21939351473393287,0.07825133756626905,0.40460109328008487,speechiness_very_low,instrumentalness_low
"frozenset({'acousticness_very_high', 'energy_very_low'})",frozenset({'loudness_very_low'}),0.17666718575929274,0.25000299476515053,0.13460870398543345,0.7619338215351235,3.0476987775721405,1.0,0.09044137846887912,3.150371926289821,0.8160534505131197,0.46089167794594144,0.6825771612376906,0.6501810938054151,acousticness_very_high|energy_very_low,loudness_very_low
"frozenset({'acousticness_very_high', 'loudness_very_low'})",frozenset({'energy_very_low'}),0.15069658237401024,0.25050611531043737,0.13460870398543345,0.8932432432432431,3.565754241713021,1.0,0.09685828854436082,7.020575628737667,0.8472289286506925,0.5049202426421028,0.857561537275284,0.7152951105275129,acousticness_very_high|loudness_very_low,energy_very_low
"frozenset({'energy_very_low', 'loudness_very_low'})",frozenset({'acousticness_very_high'}),0.17769738497107057,0.24975143449250709,0.13460870398543345,0.7575165161116354,3.033081742456867,1.0,0.09022852718334132,3.094019244019502,0.815152855261116,0.45966620305980527,0.6767958047019514,0.6482436050748595,energy_very_low|loudness_very_low,acousticness_very_high
frozenset({'acousticness_very_high'}),"frozenset({'energy_very_low', 'loudness_very_low'})",0.24975143449250709,0.17769738497107057,0.13460870398543345,0.5389706940380834,3.033081742456867,1.0,0.09022852718334132,1.7836233063606066,0.8934403281079245,0.45966620305980527,0.439343500147209,0.6482436050748595,acousticness_very_high,energy_very_low|loudness_very_low
frozenset({'energy_very_low'}),"frozenset({'acousticness_very_high', 'loudness_very_low'})",0.25050611531043737,0.15069658237401024,0.13460870398543345,0.5373469778117826,3.565754241713021,1.0,0.09685828854436082,1.8357243482578496,0.9600537633641607,0.5049202426421028,0.45525590432516405,0.7152951105275129,energy_very_low,acousticness_very_high|loudness_very_low
frozenset({'loudness_very_low'}),"frozenset({'acousticness_very_high', 'energy_very_low'})",0.25000299476515053,0.17666718575929274,0.13460870398543345,0.5384283660757067,3.04769877757214,1.0,0.09044137846887912,1.783759559140824,0.8958483557829902,0.46089167794594144,0.43938632599022154,0.6501810938054151,loudness_very_low,acousticness_very_high|energy_very_low
frozenset({'tempo_very_low'}),frozenset({'instrumentalness_low'}),0.2500149738257526,0.5000539057727093,0.1317457085015393,0.526951272100043,1.053788933586611,1.0,0.006724744338310024,1.05685961031275,0.06805917933548943,0.21306933762132632,0.053800532973271684,0.39520714237428367,tempo_very_low,instrumentalness_low
frozenset({'liveness_high'}),frozenset({'instrumentalness_low'}),0.2482420728566466,0.5000539057727093,0.13148216916829383,0.5296530425131497,1.0591918919115377,1.0,0.007347751059214258,1.0629304309707754,0.07433777486482446,0.21316346545998333,0.05920465642638621,0.39629451665711146,liveness_high,instrumentalness_low
frozenset({'danceability_very_high'}),frozenset({'instrumentalness_low'}),0.249380083613843,0.5000539057727093,0.13100300674421111,0.5253146315688346,1.050516005383642,1.0,0.006299521911184103,1.0532157245116107,0.06406284827986107,0.2118312478208655,0.050526898975314476,0.3936462004145438,danceability_very_high,instrumentalness_low
frozenset({'tempo_very_high'}),frozenset({'instrumentalness_low'}),0.24999101570454846,0.5000539057727093,0.13058373962313877,0.5223537304135321,1.044594841442872,1.0,0.005574755811992627,1.0466869021297482,0.056920706447763196,0.21080213490099012,0.0446044581572121,0.3917465279127837,tempo_very_high,instrumentalness_low
frozenset({'danceability_very_low'}),frozenset({'valence_very_low'}),0.2516321470070317,0.2507217384012746,0.12958947759316713,0.5149957155098543,2.054052906595658,1.0,0.06649982825791907,1.5448899846037325,0.6857023864925289,0.3476444501574651,0.3527047168627337,0.5159307292312769,danceability_very_low,valence_very_low
frozenset({'valence_very_low'}),frozenset({'danceability_very_low'}),0.2507217384012746,0.2516321470070317,0.12958947759316713,0.5168657429526994,2.054052906595658,1.0,0.06649982825791907,1.5489852811652316,0.6848692255887026,0.3476444501574651,0.3544160734388999,0.5159307292312769,valence_very_low,danceability_very_low
frozenset({'loudness_low'}),frozenset({'instrumentalness_low'}),0.2501227853711712,0.5000539057727093,0.12760095353322393,0.5101532567049808,1.0201965244460305,1.0,0.002526077785620695,1.0206173687393263,0.026399921915349657,0.2049565150465635,0.020200879752608033,0.38266382651270503,loudness_low,instrumentalness_low
frozenset({'valence_low'}),frozenset({'instrumentalness_low'}),0.2501227853711712,0.5000539057727093,0.12703793768492674,0.5079022988505747,1.0156950940433866,1.0,0.0019630619373235125,1.015948851334874,0.020606793068916007,0.20386781752821084,0.01569847863297303,0.3809753924302701,valence_low,instrumentalness_low
frozenset({'key_very_high'}),frozenset({'mode_1'}),0.2456426167059979,0.6337522011523856,0.12592388504893445,0.5126304496245001,0.8088815292354908,1.0,-0.029752663985323502,0.7514786234910126,-0.2385092514282159,0.1671250735305808,-0.33070984155806743,0.3556631125355276,key_very_high,mode_1
"frozenset({'acousticness_very_high', 'mode_1'})",frozenset({'energy_very_low'}),0.17489428479018676,0.25050611531043737,0.12518118329160627,0.7157534246575342,2.857229348555198,1.0,0.08136909541881927,2.6367736666187023,0.7877906829332709,0.41696592450722203,0.6207486396500759,0.6077332540273134,acousticness_very_high|mode_1,energy_very_low
"frozenset({'acousticness_very_high', 'energy_very_low'})",frozenset({'mode_1'}),0.17666718575929274,0.6337522011523856,0.12518118329160627,0.7085706536479522,1.1180563197406181,1.0,0.013217965445257093,1.2567293013970722,0.1282478623583419,0.18268272643043196,0.2042836918910645,0.4530472585884596,acousticness_very_high|energy_very_low,mode_1
"frozenset({'mode_1', 'energy_very_low'})",frozenset({'acousticness_very_high'}),0.17381616933600066,0.24975143449250709,0.12518118329160627,0.7201929703652653,2.883638974201256,1.0,0.08177034566194757,2.681307065397468,0.7906423806937463,0.41952707856598015,0.6270475646355099,0.610708025304461,energy_very_low|mode_1,acousticness_very_high
frozenset({'acousticness_very_high'}),"frozenset({'mode_1', 'energy_very_low'})",0.24975143449250709,0.17381616933600066,0.12518118329160627,0.5012230802436568,2.883638974201256,1.0,0.08177034566194757,1.656419529331063,0.8706660442929425,0.41952707856598015,0.3962882094224975,0.610708025304461,acousticness_very_high,energy_very_low|mode_1
"frozenset({'mode_1', 'energy_very_low'})",frozenset({'loudness_very_low'}),0.17381616933600066,0.25000299476515053,0.1215515279291798,0.6993108201240524,2.7972097725508274,1.0,0.0780969650565731,2.494260038037513,0.7776730403625506,0.402132128561804,0.5990794926150517,0.5927555538090314,energy_very_low|mode_1,loudness_very_low
"frozenset({'mode_1', 'loudness_very_low'})",frozenset({'energy_very_low'}),0.16527509912672647,0.25050611531043737,0.1215515279291798,0.7354497354497355,2.935855416297268,1.0,0.08014910488939608,2.8330868841265473,0.7899414173204933,0.41311782428141025,0.6470281213036978,0.6103367652000016,loudness_very_low|mode_1,energy_very_low
"frozenset({'energy_very_low', 'loudness_very_low'})",frozenset({'mode_1'}),0.17769738497107057,0.6337522011523856,0.1215515279291798,0.6840366725091007,1.07934405792245,1.0,0.008935419064740976,1.1591465432271202,0.08939697668685795,0.17618766495346577,0.1372963100800425,0.4379166445429919,energy_very_low|loudness_very_low,mode_1
"frozenset({'mode_1', 'key_very_low'})",frozenset({'instrumentalness_low'}),0.23384324201296133,0.5000539057727093,0.1202937265659627,0.5144203678090262,1.0287298266656215,1.0,0.003359500058828485,1.0295862121965338,0.03645138524765939,0.19604474552447143,0.02873602214759086,0.37749094281597345,key_very_low|mode_1,instrumentalness_low
"frozenset({'key_very_low', 'instrumentalness_low'})",frozenset({'mode_1'}),0.1595011919165299,0.6337522011523856,0.1202937265659627,0.7541870071348105,1.1900345367849323,1.0,0.019209495102432778,1.4899448339920525,0.18999224266007067,0.17875324860265585,0.3288342110488272,0.47199946708692136,instrumentalness_low|key_very_low,mode_1
"frozenset({'acousticness_high', 'mode_1'})",frozenset({'instrumentalness_low'}),0.15872255297739551,0.5000539057727093,0.1097641322967453,0.6915471698113208,1.3829452421588553,1.0,0.030394299746182907,1.6208186318844149,0.32914892956777553,0.19993017826362072,0.3830278228987481,0.4555258846373584,acousticness_high|mode_1,instrumentalness_low
"frozenset({'acousticness_high', 'instrumentalness_low'})",frozenset({'mode_1'}),0.1658620730962278,0.6337522011523856,0.1097641322967453,0.6617795753286148,1.044224499931149,1.0,0.004648678384313043,1.0828671840367432,0.05077280813430255,0.1591130096547892,0.07652571364091816,0.41748840783253344,acousticness_high|instrumentalness_low,mode_1
"frozenset({'valence_very_high', 'mode_1'})",frozenset({'instrumentalness_low'}),0.16291522418811916,0.5000539057727093,0.10603864444950227,0.6508823529411765,1.3016243757468493,1.0,0.024572250284396732,1.4320275656047081,0.27682883149374216,0.19039834810289943,0.3016894199395345,0.43146838996234754,mode_1|valence_very_high,instrumentalness_low
"frozenset({'valence_very_high', 'instrumentalness_low'})",frozenset({'mode_1'}),0.15659028019022747,0.6337522011523856,0.10603864444950227,0.6771725826193391,1.0685131844717854,1.0,0.00679920969987681,1.134500290648345,0.07602486661200947,0.15495842450765865,0.11855465508208968,0.4222456807813641,instrumentalness_low|valence_very_high,mode_1
"frozenset({'speechiness_very_low', 'mode_1'})",frozenset({'instrumentalness_low'}),0.17972184621282,0.5000539057727093,0.10486469651049965,0.5834833033393321,1.1668408077679213,1.0,0.014994085359096812,1.2003026486945179,0.17431290045198675,0.1824016002333674,0.16687678637747946,0.3965950437739205,mode_1|speechiness_very_low,instrumentalness_low
"frozenset({'speechiness_very_low', 'instrumentalness_low'})",frozenset({'mode_1'}),0.13502797110650583,0.6337522011523856,0.10486469651049965,0.7766146202980838,1.2254231525916972,1.0,0.01929042260461085,1.6395334347141821,0.21267202881123518,0.15794886599426233,0.390070382935296,0.4710405111697394,instrumentalness_low|speechiness_very_low,mode_1
"frozenset({'acousticness_very_high', 'mode_1'})",frozenset({'loudness_very_low'}),0.17489428479018676,0.25000299476515053,0.10444542938942727,0.5971917808219177,2.3887385084443156,1.0,0.06072133442457147,1.861920808778915,0.7045994050436605,0.3259317408695001,0.46292022985885206,0.5074842469035319,acousticness_very_high|mode_1,loudness_very_low
"frozenset({'acousticness_very_high', 'loudness_very_low'})",frozenset({'mode_1'}),0.15069658237401024,0.6337522011523856,0.10444542938942727,0.6930842607313195,1.0936202816669467,1.0,0.00894113860375649,1.1933170964783701,0.10079535433243057,0.15359546207236727,0.1619997710992941,0.42894454979671537,acousticness_very_high|loudness_very_low,mode_1
"frozenset({'mode_1', 'loudness_very_low'})",frozenset({'acousticness_very_high'}),0.16527509912672647,0.24975143449250709,0.10444542938942727,0.6319489744147279,2.5303116904967657,1.0,0.06316773629663602,2.0384362856059237,0.7245402301588123,0.33629035368534727,0.5094278849619522,0.5250732449415478,loudness_very_low|mode_1,acousticness_very_high
frozenset({'key_low'}),frozenset({'mode_1'}),0.1920962158147558,0.6337522011523856,0.1041818900561818,0.5423422299825393,0.8557638600645006,1.0,-0.017559509549463406,0.8002656632130187,-0.1726115857602154,0.14436292410862495,-0.24958503902948903,0.35336561456597904,key_low,mode_1
"frozenset({'energy_low', 'mode_1'})",frozenset({'instrumentalness_low'}),0.15718923322033085,0.5000539057727093,0.09868350123983277,0.6278006401463192,1.2554659265708745,1.0,0.020080411222589037,1.3432212629915048,0.24143374874913537,0.17667495925195162,0.2555210168629348,0.41257318323912356,energy_low|mode_1,instrumentalness_low
"frozenset({'energy_low', 'instrumentalness_low'})",frozenset({'mode_1'}),0.1479413984355347,0.6337522011523856,0.09868350123983277,0.6670445344129554,1.0525320988235347,1.0,0.004925314339750561,1.0999903491653786,0.05857603058165489,0.1444832243015241,0.09090111494273258,0.4113788025055988,energy_low|instrumentalness_low,mode_1
"frozenset({'duration_ms_low', 'mode_1'})",frozenset({'instrumentalness_low'}),0.1577282909474239,0.5000539057727093,0.09760538578564669,0.6188197767145135,1.237506135980042,1.0,0.018732737846533107,1.3115740630983734,0.2278637601125119,0.17424031820028657,0.23755735330899425,0.40700475228979793,duration_ms_low|mode_1,instrumentalness_low
"frozenset({'duration_ms_low', 'instrumentalness_low'})",frozenset({'mode_1'}),0.1493070113441704,0.6337522011523856,0.09760538578564669,0.6537227214377407,1.0315115596427777,1.0,0.002981738698794492,1.0576720493134073,0.03591062354123155,0.14239527446217298,0.05452734555181381,0.4038673147874839,duration_ms_low|instrumentalness_low,mode_1
frozenset({'key_low'}),frozenset({'instrumentalness_low'}),0.1920962158147558,0.5000539057727093,0.09738976269480948,0.5069842853579447,1.0138592649816949,1.0,0.0013312996924835646,1.0140571170033943,0.01692009829666405,0.16374622356495472,0.013862253681463297,0.35087140676482903,key_low,instrumentalness_low
"frozenset({'mode_1', 'valence_high'})",frozenset({'instrumentalness_low'}),0.15605122246313444,0.5000539057727093,0.09625175193761305,0.6167958854686421,1.2334587898389415,1.0,0.01821772864431674,1.3046469890823151,0.22426912950498942,0.17192314275932902,0.23350913437251164,0.40463931874045367,mode_1|valence_high,instrumentalness_low
"frozenset({'valence_high', 'instrumentalness_low'})",frozenset({'mode_1'}),0.14820493776878016,0.6337522011523856,0.09625175193761305,0.6494503718073069,1.0247702029695147,1.0,0.002326546404996299,1.0447815926545276,0.02837709656365193,0.14036895985465217,0.0428621569994824,0.40066318798285205,instrumentalness_low|valence_high,mode_1
"frozenset({'loudness_high', 'mode_1'})",frozenset({'instrumentalness_low'}),0.15545226943303106,0.5000539057727093,0.09620383569520478,0.6188641442552208,1.2375948614958219,1.0,0.01846932120398606,1.3117267417686116,0.2273182725695131,0.17200685371599916,0.23764609795810673,0.405625537056702,loudness_high|mode_1,instrumentalness_low
"frozenset({'loudness_high', 'instrumentalness_low'})",frozenset({'mode_1'}),0.14616849746642868,0.6337522011523856,0.09620383569520478,0.6581707916734961,1.038530186525126,1.0,0.0035692286867187034,1.071435061505296,0.043452004181636986,0.1407071273389866,0.06667232021036776,0.40498559430570186,instrumentalness_low|loudness_high,mode_1
"frozenset({'danceability_low', 'mode_1'})",frozenset({'instrumentalness_low'}),0.16430479521795902,0.5000539057727093,0.09567675702871381,0.5823126275882181,1.1644997086632058,1.0,0.01351550244278825,1.1969384933533809,0.169035467362759,0.16824300128494094,0.1645351824233105,0.3868227568757495,danceability_low|mode_1,instrumentalness_low
"frozenset({'danceability_low', 'instrumentalness_low'})",frozenset({'mode_1'}),0.13675295583320357,0.6337522011523856,0.09567675702871381,0.6996320953048353,1.103952134655559,1.0,0.00900927025532608,1.2193306712290362,0.10908073822228584,0.1417793872261867,0.17987792516361434,0.42530040640867883,danceability_low|instrumentalness_low,mode_1
"frozenset({'danceability_high', 'mode_1'})",frozenset({'instrumentalness_low'}),0.15833922303812936,0.5000539057727093,0.09532936427125385,0.6020577999697382,1.2039857963701077,1.0,0.016151217354021113,1.256328417014511,0.20129893451987704,0.16930474002212578,0.20402978516050743,0.39634798775796226,danceability_high|mode_1,instrumentalness_low
"frozenset({'danceability_high', 'instrumentalness_low'})",frozenset({'mode_1'}),0.14176020316486782,0.6337522011523856,0.09532936427125385,0.6724691566672301,1.0610916308368528,1.0,0.0054885234797094895,1.118208578834538,0.06708419004365003,0.14015251580634366,0.10571245926027667,0.4114448609156016,danceability_high|instrumentalness_low,mode_1
"frozenset({'liveness_very_high', 'mode_1'})",frozenset({'instrumentalness_low'}),0.16014806118904157,0.5000539057727093,0.09462259969573186,0.5908444909866107,1.1815615959915504,1.0,0.01453993619622479,1.2218975015949998,0.18296368380225536,0.1673020714194942,0.181600749085211,0.3900346448800436,liveness_very_high|mode_1,instrumentalness_low
"frozenset({'liveness_very_high', 'instrumentalness_low'})",frozenset({'mode_1'}),0.1400711556199763,0.6337522011523856,0.09462259969573186,0.6755323697938937,1.065925086438417,1.0,0.00585219650361353,1.1287652904388916,0.07192195895491321,0.13931462636025327,0.11407623137386201,0.412418864227823,instrumentalness_low|liveness_very_high,mode_1
"frozenset({'loudness_very_high', 'instrumentalness_low'})",frozenset({'mode_1'}),0.14954659255621175,0.6337522011523856,0.09450280908971119,0.6319288689522589,0.9971229572113338,1.0,-0.00027267311762697866,0.9950462504491007,-0.003381241086155641,0.13720000000000002,-0.004978411353907953,0.39052260478139356,instrumentalness_low|loudness_very_high,mode_1
"frozenset({'mode_1', 'loudness_very_high'})",frozenset({'instrumentalness_low'}),0.15377520094874159,0.5000539057727093,0.09450280908971119,0.614551686531121,1.2289708758128464,1.0,0.017606919244309738,1.297050932012072,0.22016734527287096,0.16895827979097067,0.22902025254418246,0.4017684649596962,loudness_very_high|mode_1,instrumentalness_low
"frozenset({'acousticness_very_high', 'mode_1', 'energy_very_low'})",frozenset({'loudness_very_low'}),0.12518118329160627,0.25000299476515053,0.09417937445345537,0.7523444976076555,3.0093419413411344,1.0,0.06288370374230857,3.0283882166554013,0.7632454002349385,0.33515218688720266,0.669791344947044,0.5645287413768991,acousticness_very_high|energy_very_low|mode_1,loudness_very_low
"frozenset({'acousticness_very_high', 'mode_1', 'loudness_very_low'})",frozenset({'energy_very_low'}),0.10444542938942727,0.25050611531043737,0.09417937445345537,0.9017089115724282,3.5995484998639404,1.0,0.06801515567517935,7.625247585307242,0.8064135939662223,0.36115577196931414,0.868856717265567,0.638832650124393,acousticness_very_high|loudness_very_low|mode_1,energy_very_low
"frozenset({'acousticness_very_high', 'energy_very_low', 'loudness_very_low'})",frozenset({'mode_1'}),0.13460870398543345,0.6337522011523856,0.09417937445345537,0.6996529322772983,1.1039850133933766,1.0,0.008870812008417009,1.219415263896487,0.10884163358309014,0.1396943852167733,0.17993481826311852,0.42412946207476104,acousticness_very_high|energy_very_low|loudness_very_low,mode_1
"frozenset({'mode_1', 'energy_very_low', 'loudness_very_low'})",frozenset({'acousticness_very_high'}),0.1215515279291798,0.24975143449250709,0.09417937445345537,0.7748102887552972,3.10232567964907,1.0,0.06382170598838667,3.3316289690173013,0.7714296298183428,0.33984611394484315,0.6998465287402755,0.5759513576252864,energy_very_low|loudness_very_low|mode_1,acousticness_very_high
"frozenset({'acousticness_very_high', 'mode_1'})","frozenset({'energy_very_low', 'loudness_very_low'})",0.17489428479018676,0.17769738497107057,0.09417937445345537,0.5384931506849315,3.030394345829001,1.0,0.0631011173998535,1.7817777054648813,0.8120292122697892,0.36445392175041724,0.438762760958954,0.5342459012154602,acousticness_very_high|mode_1,energy_very_low|loudness_very_low
"frozenset({'acousticness_very_high', 'energy_very_low'})","frozenset({'mode_1', 'loudness_very_low'})",0.17666718575929274,0.16527509912672647,0.09417937445345537,0.5330892324382968,3.225466118338521,1.0,0.06498068781464846,1.7877610859830146,0.8380174804008923,0.38011893825847326,0.4406411416824514,0.5514616271635566,acousticness_very_high|energy_very_low,loudness_very_low|mode_1
"frozenset({'acousticness_very_high', 'loudness_very_low'})","frozenset({'mode_1', 'energy_very_low'})",0.15069658237401024,0.17381616933600066,0.09417937445345537,0.6249602543720191,3.595524264281308,1.0,0.06798587177317783,2.202923397573784,0.8499629547794493,0.40888287913459537,0.5460577516670067,0.58339673642102,acousticness_very_high|loudness_very_low,energy_very_low|mode_1
"frozenset({'mode_1', 'energy_very_low'})","frozenset({'acousticness_very_high', 'loudness_very_low'})",0.17381616933600066,0.15069658237401024,0.09417937445345537,0.5418332184700207,3.5955242642813086,1.0,0.06798587177317783,1.8536992463527546,0.8737479669258387,0.40888287913459537,0.46053816336843767,0.58339673642102,energy_very_low|mode_1,acousticness_very_high|loudness_very_low
"frozenset({'mode_1', 'loudness_very_low'})","frozenset({'acousticness_very_high', 'energy_very_low'})",0.16527509912672647,0.17666718575929274,0.09417937445345537,0.5698340218888165,3.2254661183385216,1.0,0.06498068781464846,1.91398868375384,0.8265804575849391,0.38011893825847326,0.47753087126997296,0.5514616271635566,loudness_very_low|mode_1,acousticness_very_high|energy_very_low
"frozenset({'energy_very_low', 'loudness_very_low'})","frozenset({'acousticness_very_high', 'mode_1'})",0.17769738497107057,0.17489428479018676,0.09417937445345537,0.5299986517459889,3.0303943458290004,1.0,0.0631011173998535,1.7555390389303456,0.8147972920377421,0.36445392175041724,0.43037438768134567,0.5342459012154602,energy_very_low|loudness_very_low,acousticness_very_high|mode_1
"frozenset({'energy_very_high', 'mode_1'})",frozenset({'loudness_very_high'}),0.15165490722217564,0.2499430994621402,0.09324500772649409,0.6148499210110584,2.4599595761362156,1.0,0.055339910166740204,1.9474405990174946,0.6995847091452557,0.3023969542752807,0.4865055188309666,0.49395743115014934,energy_very_high|mode_1,loudness_very_high
"frozenset({'energy_very_high', 'loudness_very_high'})",frozenset({'mode_1'}),0.15158303285856323,0.6337522011523856,0.09324500772649409,0.6151414572467204,0.9706340366600317,1.0,-0.00282107300497475,0.9516426379091812,-0.03443200041003133,0.13472955430549546,-0.05081462322565005,0.38113655415969894,energy_very_high|loudness_very_high,mode_1
"frozenset({'mode_1', 'loudness_very_high'})",frozenset({'energy_very_high'}),0.15377520094874159,0.2486014446747086,0.09324500772649409,0.6063722053439278,2.4391338760615695,1.0,0.055016270615493315,1.9089062447478267,0.6972360115200096,0.3016352786173758,0.4761398037481387,0.4907252536380893,loudness_very_high|mode_1,energy_very_high
"frozenset({'energy_high', 'mode_1'})",frozenset({'instrumentalness_low'}),0.15109189137387846,0.5000539057727093,0.09177158327243977,0.6073892016173789,1.2146474502160114,1.0,0.016217492860345933,1.273388547352346,0.20816840236995982,0.1640611615555936,0.21469373815304119,0.39545629111148745,energy_high|mode_1,instrumentalness_low
"frozenset({'energy_high', 'instrumentalness_low'})",frozenset({'mode_1'}),0.14614453934522456,0.6337522011523856,0.09177158327243977,0.6279508196721311,0.9908459781761616,1.0,-0.0008478402239977256,0.9844069499759627,-0.010704038648001365,0.1333646681985934,-0.015840044632372926,0.38637877435737733,energy_high|instrumentalness_low,mode_1
"frozenset({'acousticness_low', 'mode_1'})",frozenset({'instrumentalness_low'}),0.1498221109500593,0.5000539057727093,0.09104086057571366,0.6076597105620853,1.2151884097837373,1.0,0.016121728824024323,1.2742665173223409,0.20828857636962858,0.16291183468735937,0.21523481437671801,0.39486090165896526,acousticness_low|mode_1,instrumentalness_low
"frozenset({'acousticness_low', 'instrumentalness_low'})",frozenset({'mode_1'}),0.14415601528528132,0.6337522011523856,0.09104086057571366,0.6315439587834469,0.9965156059972284,1.0,-0.00031833142069032094,0.9940067684556139,-0.00406890773019814,0.13254503915310697,-0.006029366936502663,0.3875988388568024,acousticness_low|instrumentalness_low,mode_1
"frozenset({'mode_1', 'duration_ms_high'})",frozenset({'instrumentalness_low'}),0.15855484612896656,0.5000539057727093,0.09092106996969297,0.5734360834088849,1.1467485340861034,1.0,0.011635099883712308,1.172030907402129,0.1520826825949602,0.16016037138636843,0.14678017987037983,0.3776293103897625,duration_ms_high|mode_1,instrumentalness_low
"frozenset({'instrumentalness_low', 'duration_ms_high'})",frozenset({'mode_1'}),0.1370644114088573,0.6337522011523856,0.09092106996969297,0.6633455689564761,1.0466954872113727,1.0,0.004056197539673498,1.0879042872311535,0.05169829009148301,0.13372799830857868,0.08080148985797314,0.403405134917705,duration_ms_high|instrumentalness_low,mode_1
"frozenset({'acousticness_very_low', 'energy_very_high'})",frozenset({'mode_1'}),0.1469471364055631,0.6337522011523856,0.0891002527581787,0.6063422189614412,0.9567496852222315,1.0,-0.004027818391886762,0.930371039234559,-0.050325684635402546,0.12883223057470466,-0.07483999160456091,0.373466922730886,acousticness_very_low|energy_very_high,mode_1
"frozenset({'acousticness_very_low', 'mode_1'})",frozenset({'energy_very_high'}),0.15031325243474405,0.2486014446747086,0.0891002527581787,0.5927637870576985,2.3843939758005885,1.0,0.05173216104914717,1.8451172352684457,0.6833179671457466,0.28759231334338636,0.4580290179477348,0.4755849003230477,acousticness_very_low|mode_1,energy_very_high
"frozenset({'energy_very_high', 'mode_1'})",frozenset({'acousticness_very_low'}),0.15165490722217564,0.2504581990680291,0.0891002527581787,0.587519747235387,2.345779652738802,1.0,0.05111703781548356,1.8171580237071527,0.6762607640796665,0.28465365480290855,0.44969012768635425,0.47163437141757875,energy_very_high|mode_1,acousticness_very_low
"frozenset({'acousticness_very_low', 'energy_very_high'})",frozenset({'loudness_very_high'}),0.1469471364055631,0.2499430994621402,0.08868098563710634,0.6034890356240319,2.4145056891856487,1.0,0.05195256290681401,1.8916422695102642,0.6867529289234515,0.28772979905942714,0.47135882078861846,0.47914686624240177,acousticness_very_low|energy_very_high,loudness_very_high
"frozenset({'acousticness_very_low', 'loudness_very_high'})",frozenset({'energy_very_high'}),0.10923705363025432,0.2486014446747086,0.08868098563710634,0.8118214716525934,3.265554119023122,1.0,0.0615244962926165,3.9930089895170924,0.7788528479178839,0.3294761671636477,0.7495622968479873,0.5842704910424101,acousticness_very_low|loudness_very_high,energy_very_high
"frozenset({'energy_very_high', 'loudness_very_high'})",frozenset({'acousticness_very_low'}),0.15158303285856323,0.2504581990680291,0.08868098563710634,0.5850324008218746,2.3358484689214305,1.0,0.05071577221808072,1.8062658444092863,0.6740671861070433,0.28300011468328307,0.4463716384300917,0.4695536980195082,energy_very_high|loudness_very_high,acousticness_very_low
"frozenset({'loudness_low', 'mode_1'})",frozenset({'instrumentalness_low'}),0.15924963164388647,0.5000539057727093,0.08826171851603397,0.5542349932300286,1.1083504934804895,1.0,0.0086283182196433,1.1215463004822144,0.11627509644319113,0.15456261799874133,0.10837385886784613,0.3653697005245582,loudness_low|mode_1,instrumentalness_low
"frozenset({'loudness_low', 'instrumentalness_low'})",frozenset({'mode_1'}),0.12760095353322393,0.6337522011523856,0.08826171851603397,0.6917010889973714,1.0914377697459894,1.0,0.00739433334521003,1.187963323180508,0.096031002748068,0.13112886863976933,0.15822317028885868,0.41548479456956744,instrumentalness_low|loudness_low,mode_1
"frozenset({'mode_1', 'tempo_very_high'})",frozenset({'instrumentalness_low'}),0.16077097234034907,0.5000539057727093,0.08772266078894093,0.5456374338722897,1.0911572283974913,1.0,0.007328508135273179,1.1003241276852196,0.09954587792100662,0.15306634338029348,0.09117688612015994,0.36053192122897737,mode_1|tempo_very_high,instrumentalness_low
"frozenset({'tempo_very_high', 'instrumentalness_low'})",frozenset({'mode_1'}),0.13058373962313877,0.6337522011523856,0.08772266078894093,0.671773231813595,1.0599935283728779,1.0,0.004964928368066751,1.1158376901167815,0.0650988673712032,0.1296496290919392,0.10381231172130248,0.4050955753624256,instrumentalness_low|tempo_very_high,mode_1
"frozenset({'mode_1', 'liveness_high'})",frozenset({'instrumentalness_low'}),0.15746475161417842,0.5000539057727093,0.08757891206171613,0.5561810574362877,1.1122422023218632,1.0,0.008838047995516685,1.126464074154566,0.1197757035847836,0.15366345790071043,0.1122664069419878,0.3656599997798533,liveness_high|mode_1,instrumentalness_low
"frozenset({'liveness_high', 'instrumentalness_low'})",frozenset({'mode_1'}),0.13148216916829383,0.6337522011523856,0.08757891206171613,0.6660896501457726,1.0510253833195151,1.0,0.004251797939019586,1.0968447039976577,0.05589775066316652,0.12923811207353722,0.08829390673510012,0.40214037369778,instrumentalness_low|liveness_high,mode_1
"frozenset({'tempo_very_low', 'mode_1'})",frozenset({'instrumentalness_low'}),0.1610944069766049,0.5000539057727093,0.08678829406197966,0.5387418203450327,1.0773674880361965,1.0,0.006232406655189995,1.0838747501480905,0.08560153272948172,0.1511043443802532,0.07738417205182675,0.35614984846304915,mode_1|tempo_very_low,instrumentalness_low
"frozenset({'tempo_very_low', 'instrumentalness_low'})",frozenset({'mode_1'}),0.1317457085015393,0.6337522011523856,0.08678829406197966,0.6587561374795418,1.0394538058908358,1.0,0.003294161306748561,1.073272926119388,0.043715632993902666,0.12787249814677537,0.06827054362054907,0.3978498577956257,instrumentalness_low|tempo_very_low,mode_1
"frozenset({'acousticness_very_high', 'instrumentalness_low'})",frozenset({'mode_1'}),0.11550210232513566,0.6337522011523856,0.08600965512284527,0.7446587844845468,1.1749999181549093,1.0,0.012809943536562465,1.434346578590048,0.16838492360817514,0.1296801343760724,0.3028184297110448,0.44018687263165057,acousticness_very_high|instrumentalness_low,mode_1
"frozenset({'key_high', 'mode_1'})",frozenset({'instrumentalness_low'}),0.16980318403430802,0.5000539057727093,0.08597371794103906,0.5063139329805997,1.0125187047548745,1.0,0.001062972552041186,1.0126801780039794,0.014892763014124679,0.14724467604940297,0.012521404367736553,0.3391214164711354,key_high|mode_1,instrumentalness_low
"frozenset({'key_high', 'instrumentalness_low'})",frozenset({'mode_1'}),0.12179110914122114,0.6337522011523856,0.08597371794103906,0.7059112815973246,1.113860086503413,1.0,0.008788334441999723,1.2453650069845132,0.11639733527253472,0.12840146703640754,0.19702256415461059,0.4207847684803559,instrumentalness_low|key_high,mode_1
"frozenset({'valence_low', 'mode_1'})",frozenset({'instrumentalness_low'}),0.15966889876495885,0.5000539057727093,0.08580601109261012,0.5373996548878386,1.074683446492475,1.0,0.005962954634765136,1.080730050268498,0.08269768547066499,0.14950949697349197,0.07469955170436998,0.35449658865511136,mode_1|valence_low,instrumentalness_low
"frozenset({'valence_low', 'instrumentalness_low'})",frozenset({'mode_1'}),0.12703793768492674,0.6337522011523856,0.08580601109261012,0.6754361150400754,1.0657732056975797,1.0,0.005295438454928192,1.1284305365424028,0.07069502321646007,0.12712300566134843,0.11381341817984086,0.4054148725658746,instrumentalness_low|valence_low,mode_1
"frozenset({'mode_1', 'speechiness_very_high'})",frozenset({'instrumentalness_low'}),0.14650391116328657,0.5000539057727093,0.08560236706237496,0.584300899427637,1.1684758236709398,1.0,0.012342514074195496,1.2026634013374835,0.16893371082396255,0.15260100794396517,0.1685121548656933,0.3777435888475862,mode_1|speechiness_very_high,instrumentalness_low
"frozenset({'speechiness_very_high', 'instrumentalness_low'})",frozenset({'mode_1'}),0.14573725128475426,0.6337522011523856,0.08560236706237496,0.5873746506657899,0.9268206873250066,1.0,-0.006758936729236387,0.887603729239059,-0.0846074332277919,0.12336642209753992,-0.12662888523158652,0.3612234750351915,instrumentalness_low|speechiness_very_high,mode_1
"frozenset({'mode_1', 'duration_ms_very_low'})",frozenset({'instrumentalness_low'}),0.16632925645970842,0.5000539057727093,0.08513518369889433,0.5118473172488297,1.0235842802945347,1.0,0.001961589361946514,1.0241592679766793,0.027637862973353643,0.14646964263632992,0.02358936615826187,0.3410496647570327,duration_ms_very_low|mode_1,instrumentalness_low
"frozenset({'duration_ms_very_low', 'instrumentalness_low'})",frozenset({'mode_1'}),0.12371973789815403,0.6337522011523856,0.08513518369889433,0.688129357087529,1.0858019204292568,1.0,0.006727527479942999,1.1743580461031233,0.09017857607074575,0.12662580622171543,0.1484709426411275,0.41123224304617445,duration_ms_very_low|instrumentalness_low,mode_1
"frozenset({'valence_very_low', 'energy_very_low'})",frozenset({'loudness_very_low'}),0.10502042429832653,0.25000299476515053,0.08420081697193306,0.8017565872020075,3.206987932105241,1.0,0.057945396385844644,3.7832127415960435,0.7689347857379012,0.31090764331210186,0.7356743941451929,0.5692779102756563,energy_very_low|valence_very_low,loudness_very_low
"frozenset({'valence_very_low', 'loudness_very_low'})",frozenset({'energy_very_low'}),0.10355897890487428,0.25050611531043737,0.08420081697193306,0.8130711393869289,3.245713735887597,1.0,0.05825865946095747,4.009514005656727,0.7718314311557121,0.31201171875,0.7505932143922743,0.5745969698464866,loudness_very_low|valence_very_low,energy_very_low
"frozenset({'mode_1', 'valence_very_low'})",frozenset({'danceability_very_low'}),0.15511685573617318,0.2516321470070317,0.0834101989721966,0.5377249208433084,2.1369484274530395,1.0,0.04437781152632335,1.6188799412639403,0.6297237577025749,0.2579653230586841,0.3822889675072198,0.4346008208900918,mode_1|valence_very_low,danceability_very_low
"frozenset({'mode_1', 'danceability_very_low'})",frozenset({'valence_very_low'}),0.1667485235807808,0.2507217384012746,0.0834101989721966,0.5002155172413794,1.9951023011845725,1.0,0.041602719264177315,1.4992027312712748,0.598585881476147,0.24968623372897766,0.33297880323895035,0.41644794017826253,danceability_very_low|mode_1,valence_very_low
"frozenset({'danceability_very_low', 'valence_very_low'})",frozenset({'mode_1'}),0.12958947759316713,0.6337522011523856,0.0834101989721966,0.6436494731003883,1.0156169429155528,1.0,0.0012825823013391802,1.0277739787116715,0.017666151598179577,0.12267441860465118,0.02702343052748475,0.38763137108379214,danceability_very_low|valence_very_low,mode_1
"frozenset({'instrumentalness_high', 'energy_very_low'})",frozenset({'loudness_very_low'}),0.0909450280908971,0.25000299476515053,0.08243989506342912,0.9064805057955743,3.6258785885629488,1.0,0.059703365681704104,8.019686286961937,0.796656745408646,0.31890639481000926,0.8753068431584715,0.618118067943307,energy_very_low|instrumentalness_high,loudness_very_low
"frozenset({'instrumentalness_high', 'loudness_very_low'})",frozenset({'energy_very_low'}),0.1159692856886163,0.25050611531043737,0.08243989506342912,0.7108769755190579,2.837762960948519,1.0,0.05338887981024755,2.5923009280741893,0.732564761892858,0.29024503395048706,0.6142423168660066,0.5199851595269352,instrumentalness_high|loudness_very_low,energy_very_low
"frozenset({'tempo_low', 'instrumentalness_low'})",frozenset({'mode_1'}),0.12221037626229352,0.6337522011523856,0.08130188430623271,0.6652617133895314,1.0497189787741177,1.0,0.003850789346342934,1.0941317844343665,0.05395835581123709,0.12050781250000002,0.08603331497496879,0.3967741323775934,instrumentalness_low|tempo_low,mode_1
"frozenset({'mode_1', 'tempo_low'})",frozenset({'instrumentalness_low'}),0.15649444770541093,0.5000539057727093,0.08130188430623271,0.5195192896509493,1.0389265710227003,1.0,0.0030462244993989807,1.040512310814932,0.044419467690763874,0.14133399970846092,0.03893496539527016,0.34105276479481156,mode_1|tempo_low,instrumentalness_low
"frozenset({'acousticness_very_high', 'danceability_very_low'})",frozenset({'energy_very_low'}),0.09410750008984295,0.25050611531043737,0.08061907785191486,0.8566700610997964,3.4197570787370837,1.0,0.05704457358283166,5.229150939716879,0.7810877878827991,0.3053816135765496,0.8087643650894226,0.5892474253471438,acousticness_very_high|danceability_very_low,energy_very_low
"frozenset({'danceability_very_low', 'energy_very_low'})",frozenset({'acousticness_very_high'}),0.09933037051234442,0.24975143449250709,0.08061907785191486,0.811625663289918,3.2497337400248965,1.0,0.05581117532778461,3.9827535884687144,0.7686308714452253,0.30029896033197984,0.7489174316745821,0.5672114598765289,danceability_very_low|energy_very_low,acousticness_very_high
"frozenset({'danceability_very_low', 'energy_very_low'})",frozenset({'loudness_very_low'}),0.09933037051234442,0.25000299476515053,0.07985241797338252,0.8039073806078147,3.2155910026717662,1.0,0.05501952787416442,3.8247079750352837,0.7650032310079266,0.2963193456614509,0.738542130137197,0.5616566131596812,danceability_very_low|energy_very_low,loudness_very_low
"frozenset({'danceability_very_low', 'loudness_very_low'})",frozenset({'energy_very_low'}),0.09570071514991794,0.25050611531043737,0.07985241797338252,0.8343972962823882,3.33084601646698,1.0,0.055878803588745855,4.525855362649217,0.7738322765910185,0.2997976163705869,0.7790472916450762,0.5765808210562668,danceability_very_low|loudness_very_low,energy_very_low
"frozenset({'mode_1', 'danceability_very_high'})",frozenset({'instrumentalness_low'}),0.14435965931551648,0.5000539057727093,0.07955294145833083,0.5510745996182889,1.1020303876373885,1.0,0.007365329981589147,1.113650717473767,0.10820434854398883,0.14083640836408365,0.10205239011705139,0.3550816654664844,danceability_very_high|mode_1,instrumentalness_low
"frozenset({'danceability_very_high', 'instrumentalness_low'})",frozenset({'mode_1'}),0.13100300674421111,0.6337522011523856,0.07955294145833083,0.6072604242867593,0.9581985248848763,1.0,-0.0034705024233937787,0.9325461998131573,-0.04780189868938306,0.1161013986013986,-0.07233293128035648,0.3663936560522729,danceability_very_high|instrumentalness_low,mode_1
"frozenset({'tempo_high', 'mode_1'})",frozenset({'instrumentalness_low'}),0.15539237413002072,0.5000539057727093,0.07896596748882953,0.5081714461917978,1.0162333306977072,1.0,0.0012614038778185621,1.0165048172909743,0.018912946879474073,0.1369794697032666,0.016236831356058235,0.33304317805948647,mode_1|tempo_high,instrumentalness_low
"frozenset({'tempo_high', 'instrumentalness_low'})",frozenset({'mode_1'}),0.11551408138573772,0.6337522011523856,0.07896596748882953,0.6836046873379654,1.078662426883773,1.0,0.00575866414652243,1.157563921431513,0.08245003925322306,0.11780684823790123,0.13611682129541494,0.4041026933523775,instrumentalness_low|tempo_high,mode_1
"frozenset({'energy_very_low', 'instrumentalness_low'})",frozenset({'mode_1'}),0.10372668575330322,0.6337522011523856,0.07869044909498198,0.7586326365631135,1.197049312307951,1.0,0.012953433680584256,1.5173874115892312,0.18366331389987622,0.11944722247477045,0.34097252134663947,0.44139929720604404,energy_very_low|instrumentalness_low,mode_1
"frozenset({'valence_very_low', 'energy_very_low'})",frozenset({'acousticness_very_high'}),0.10502042429832653,0.24975143449250709,0.07800764264066412,0.7427854454203262,2.9740988152066485,1.0,0.05177864102114532,2.9168200327291305,0.7416523368654553,0.2818559556786704,0.6571608845320679,0.5275632824492393,energy_very_low|valence_very_low,acousticness_very_high
"frozenset({'acousticness_very_high', 'valence_very_low'})",frozenset({'energy_very_low'}),0.08774661891014507,0.25050611531043737,0.07800764264066412,0.8890102389078498,3.54885643332959,1.0,0.056026578005858314,6.752820055782344,0.7873021942670285,0.299746835443038,0.8519137202325251,0.600205195965019,acousticness_very_high|valence_very_low,energy_very_low
"frozenset({'liveness_low', 'instrumentalness_low'})",frozenset({'mode_1'}),0.11235160938679188,0.6337522011523856,0.07655817630781395,0.6814159292035399,1.0752087771284813,1.0,0.005355096555921562,1.1496111463827898,0.07880154932786528,0.1143434777163509,0.1301406539537616,0.4011086828703646,instrumentalness_low|liveness_low,mode_1
"frozenset({'liveness_very_low', 'instrumentalness_low'})",frozenset({'mode_1'}),0.11614897159764731,0.6337522011523856,0.0760191185807209,0.654496699669967,1.0327328228286397,1.0,0.0024094521691259974,1.0600413903362595,0.035860505567943485,0.1128077504221847,0.0566406093984817,0.3872237774883244,instrumentalness_low|liveness_very_low,mode_1
"frozenset({'energy_very_high', 'instrumentalness_low'})",frozenset({'loudness_very_high'}),0.10224128223864684,0.2499430994621402,0.07527641682339271,0.7362624487404804,2.9457202472277286,1.0,0.04972191384768186,2.8439518641006813,0.7357482999570297,0.27184634019726595,0.648376608400782,0.5187183319666936,energy_very_high|instrumentalness_low,loudness_very_high
"frozenset({'loudness_very_high', 'instrumentalness_low'})",frozenset({'energy_very_high'}),0.14954659255621175,0.2486014446747086,0.07527641682339271,0.5033643063120795,2.0247843168036472,1.0,0.03809891786773845,1.512977349142087,0.5951181238545725,0.2331465885059177,0.33905157234043437,0.403081950775661,instrumentalness_low|loudness_very_high,energy_very_high
"frozenset({'instrumentalness_low', 'speechiness_low'})",frozenset({'mode_1'}),0.10767977575198553,0.6337522011523856,0.07361132739970531,0.6836133051507397,1.0786760249632095,1.0,0.005369032497289206,1.157595451420958,0.08173924973519417,0.11022619239806992,0.13614035130105973,0.39988244881391066,instrumentalness_low|speechiness_low,mode_1
"frozenset({'instrumentalness_high', 'valence_very_low'})",frozenset({'mode_1'}),0.12260568526216174,0.6337522011523856,0.07267696067274404,0.5927699071812408,0.9353338830277441,1.0,-0.005024662235947566,0.8993632968342928,-0.0730424210772705,0.10630245475093301,-0.11189772088759074,0.353723579429388,instrumentalness_high|valence_very_low,mode_1
"frozenset({'acousticness_very_high', 'liveness_low'})",frozenset({'energy_very_low'}),0.08808203260700295,0.25050611531043737,0.07267696067274404,0.8251053991568068,3.293753520285533,1.0,0.05061187285571646,4.285403214714118,0.7636597109540805,0.27331291107306965,0.7666497293495144,0.5576129520650139,acousticness_very_high|liveness_low,energy_very_low
"frozenset({'liveness_low', 'energy_very_low'})",frozenset({'acousticness_very_high'}),0.09773715545226944,0.24975143449250709,0.07267696067274404,0.7435960289251133,2.9773443761638227,1.0,0.04826696589532259,2.9260411309634957,0.7360717824267359,0.26446100867442573,0.6582413044649456,0.5172965995265886,energy_very_low|liveness_low,acousticness_very_high
"frozenset({'acousticness_very_high', 'danceability_very_low'})",frozenset({'loudness_very_low'}),0.09410750008984295,0.25000299476515053,0.07249727476371302,0.7703665987780041,3.0814294824815045,1.0,0.04897011791139061,3.266062346521606,0.7456461920687566,0.2669136455852518,0.6938209091247105,0.5301761120387385,acousticness_very_high|danceability_very_low,loudness_very_low
"frozenset({'danceability_very_low', 'loudness_very_low'})",frozenset({'acousticness_very_high'}),0.09570071514991794,0.24975143449250709,0.07249727476371302,0.7575416197271247,3.0331822568564752,1.0,0.04859588387306221,3.094339592069881,0.7412515539585087,0.26560168524532607,0.6768292650998028,0.5239096654441657,danceability_very_low|loudness_very_low,acousticness_very_high
"frozenset({'speechiness_very_low', 'energy_very_low'})",frozenset({'mode_1'}),0.09536530145306005,0.6337522011523856,0.07214988200625307,0.756563245823389,1.193784012817138,1.0,0.011711912296815459,1.5044885070308862,0.17943986947603854,0.10982258446839158,0.3353222737649862,0.4352044090377695,energy_very_low|speechiness_very_low,mode_1
"frozenset({'acousticness_very_high', 'valence_very_low'})",frozenset({'loudness_very_low'}),0.08774661891014507,0.25000299476515053,0.07164676146096623,0.816518771331058,3.266035961281523,1.0,0.04970984395291357,4.087595285227136,0.7605545235411781,0.2692446205095885,0.75535738491184,0.5515511920862286,acousticness_very_high|valence_very_low,loudness_very_low
"frozenset({'valence_very_low', 'loudness_very_low'})",frozenset({'acousticness_very_high'}),0.10355897890487428,0.24975143449250709,0.07164676146096623,0.691844997108155,2.77013422771316,1.0,0.0457827579248946,2.4346467150196225,0.7128262178210082,0.25436992302130734,0.5892627896150674,0.4893586345797861,loudness_very_low|valence_very_low,acousticness_very_high
"frozenset({'acousticness_very_high', 'instrumentalness_high'})",frozenset({'loudness_very_low'}),0.08042741288228177,0.25000299476515053,0.07150301273374142,0.8890378313970808,3.556108726746378,1.0,0.05139591865195773,6.759033413619843,0.7816606975550537,0.2761508211889891,0.8520498510948411,0.5875232281086985,acousticness_very_high|instrumentalness_high,loudness_very_low
"frozenset({'instrumentalness_high', 'loudness_very_low'})",frozenset({'acousticness_very_high'}),0.1159692856886163,0.24975143449250709,0.07150301273374142,0.6165685363082326,2.468728708450043,1.0,0.04253951727593813,1.9566692787386957,0.6729779924625789,0.24302756402426612,0.48892742842846804,0.4514326205930822,instrumentalness_high|loudness_very_low,acousticness_very_high
"frozenset({'liveness_low', 'energy_very_low'})",frozenset({'loudness_very_low'}),0.09773715545226944,0.25000299476515053,0.07145509649133315,0.7310944968746169,2.924342956616969,1.0,0.04702051492843873,2.7890727282183843,0.729324994580263,0.2586281651057925,0.6414578975002978,0.5084557295106195,energy_very_low|liveness_low,loudness_very_low
"frozenset({'liveness_low', 'loudness_very_low'})",frozenset({'energy_very_low'}),0.08842942536446292,0.25050611531043737,0.07145509649133315,0.8080465998374424,3.225656183427212,1.0,0.04930298466414729,3.904561649102577,0.7569195164406183,0.2671413856419902,0.7438893043909706,0.5466447612806187,liveness_low|loudness_very_low,energy_very_low
"frozenset({'instrumentalness_high', 'loudness_very_low'})",frozenset({'mode_1'}),0.1159692856886163,0.6337522011523856,0.07111968279447525,0.6132630926557173,0.9676701580532393,1.0,-0.0023761072767551766,0.9470205503856182,-0.03641650247388369,0.10480326219350737,-0.055943294570333375,0.362741554833671,instrumentalness_high|loudness_very_low,mode_1
"frozenset({'tempo_very_low', 'energy_very_low'})",frozenset({'loudness_very_low'}),0.09522155272583524,0.25000299476515053,0.07105978749146492,0.7462573908667758,2.9849938060454035,1.0,0.04725411414381843,2.9557393131441847,0.7349765366773384,0.25918643771573385,0.6616751702178213,0.5152465679777098,energy_very_low|tempo_very_low,loudness_very_low
"frozenset({'tempo_very_low', 'loudness_very_low'})",frozenset({'energy_very_low'}),0.08793828387977815,0.25050611531043737,0.07105978749146492,0.8080642964173819,3.2257268267323362,1.0,0.049030709609675246,3.9049216518850822,0.7565193623028292,0.2657587025670893,0.7439129157643266,0.545864588912593,loudness_very_low|tempo_very_low,energy_very_low
"frozenset({'tempo_very_low', 'acousticness_very_high'})",frozenset({'energy_very_low'}),0.0950897830592125,0.25050611531043737,0.07104780843086285,0.7471655328798186,2.9826239249844284,1.0,0.047227236270987294,2.964365947516566,0.7345753551634292,0.25878092412408915,0.6626597330745341,0.5153912974269024,acousticness_very_high|tempo_very_low,energy_very_low
"frozenset({'tempo_very_low', 'energy_very_low'})",frozenset({'acousticness_very_high'}),0.09522155272583524,0.24975143449250709,0.07104780843086285,0.7461315888791042,2.9874967100598946,1.0,0.0472660890429816,2.9552655338052825,0.7352867433091211,0.25936939694756633,0.6616209309921562,0.5153028321871659,energy_very_low|tempo_very_low,acousticness_very_high
"frozenset({'key_very_high', 'mode_1'})",frozenset({'instrumentalness_low'}),0.12592388504893445,0.5000539057727093,0.07082020627942356,0.5624048706240488,1.1246884868442164,1.0,0.00785147573063022,1.1424855092428872,0.12683667610840751,0.12756775418608665,0.12471537546004481,0.3520150071786399,key_very_high|mode_1,instrumentalness_low
"frozenset({'key_very_high', 'instrumentalness_low'})",frozenset({'mode_1'}),0.12137184202014878,0.6337522011523856,0.07082020627942356,0.583497828661666,0.9207034351922733,1.0,-0.006099465758765341,0.8793418715459784,-0.08927254614842185,0.10349234135667396,-0.13721412838204955,0.3476226502726154,instrumentalness_low|key_very_high,mode_1
"frozenset({'speechiness_high', 'instrumentalness_low'})",frozenset({'mode_1'}),0.1116089076294637,0.6337522011523856,0.07070041567340289,0.6334657078458731,0.9995479411258981,1.0,-3.197520498300632e-05,0.9992183724343259,-0.0005088223035625771,0.1047940340909091,-0.0007822389852279722,0.37251208083910703,instrumentalness_low|speechiness_high,mode_1
"frozenset({'acousticness_very_high', 'instrumentalness_high'})",frozenset({'energy_very_low'}),0.08042741288228177,0.25050611531043737,0.07012542076450365,0.8719094429550195,3.4805914493325396,1.0,0.04997786199889462,5.85128132768108,0.7750258304560319,0.26887745728458573,0.8290972619502623,0.5759222042625136,acousticness_very_high|instrumentalness_high,energy_very_low
"frozenset({'instrumentalness_high', 'energy_very_low'})",frozenset({'acousticness_very_high'}),0.0909450280908971,0.24975143449250709,0.07012542076450365,0.7710748155953636,3.0873689160672146,1.0,0.04741176953884074,3.2772653103181173,0.7437389702414289,0.25917563200070837,0.694867547997531,0.5259278341970295,energy_very_low|instrumentalness_high,acousticness_very_high
"frozenset({'valence_very_low', 'energy_very_low'})",frozenset({'mode_1'}),0.10502042429832653,0.6337522011523856,0.0699936510978809,0.6664765598266225,1.0516358895712432,1.0,0.0034367260328589805,1.0981171178170432,0.05486219000638411,0.10465886904655287,0.08935032176903962,0.38845990357837124,energy_very_low|valence_very_low,mode_1
"frozenset({'acousticness_very_high', 'duration_ms_very_low'})",frozenset({'energy_very_low'}),0.09307730087806514,0.25050611531043737,0.06975406988583956,0.7494208494208495,2.9916269648433,1.0,0.0464376368192947,2.991046473568518,0.7340578488354864,0.25473555273634013,0.6656688524110649,0.5139367062712511,acousticness_very_high|duration_ms_very_low,energy_very_low
"frozenset({'duration_ms_very_low', 'energy_very_low'})",frozenset({'acousticness_very_high'}),0.09183147857545011,0.24975143449250709,0.06975406988583956,0.7595877902426298,3.041375084736174,1.0,0.04681902638005296,3.1206758020512426,0.7390713743109417,0.2566102591221576,0.6795565885624221,0.5194408805882438,duration_ms_very_low|energy_very_low,acousticness_very_high
"frozenset({'duration_ms_very_low', 'energy_very_low'})",frozenset({'loudness_very_low'}),0.09183147857545011,0.25000299476515053,0.06967021646162508,0.7586746673623793,3.0346623170457145,1.0,0.04671207180405079,3.1078254281785704,0.7382705176029394,0.25598591549295774,0.6782316049888045,0.5186760974569443,duration_ms_very_low|energy_very_low,loudness_very_low
"frozenset({'duration_ms_very_low', 'loudness_very_low'})",frozenset({'energy_very_low'}),0.08753099581930784,0.25050611531043737,0.06967021646162508,0.7959490899137813,3.1773639095692685,1.0,0.047743166729676136,3.6730729815067975,0.7510103825693548,0.2596080882024729,0.7277483989469298,0.5370334584993544,duration_ms_very_low|loudness_very_low,energy_very_low
"frozenset({'liveness_low', 'energy_very_low'})",frozenset({'mode_1'}),0.09773715545226944,0.6337522011523856,0.06911917967392997,0.7071945091310209,1.1158848960920233,1.0,0.007178042271681326,1.2508228508989891,0.11509974541896799,0.10435128585379969,0.2005262781366028,0.40812896234360324,energy_very_low|liveness_low,mode_1
"frozenset({'instrumentalness_high', 'valence_very_low'})",frozenset({'loudness_very_low'}),0.12260568526216174,0.25000299476515053,0.0687358497346638,0.5606253053248657,2.2424743585632227,1.0,0.03808406124388988,1.7069644982385332,0.631488044782358,0.22619939291205104,0.41416473451443814,0.4177827053696681,instrumentalness_high|valence_very_low,loudness_very_low
"frozenset({'instrumentalness_high', 'loudness_very_low'})",frozenset({'valence_very_low'}),0.1159692856886163,0.2507217384012746,0.0687358497346638,0.5927073649416382,2.3640046879103207,1.0,0.03965982882565987,1.8396558078968452,0.652679805323531,0.23069191492783334,0.4564200565630628,0.4334296499815692,instrumentalness_high|loudness_very_low,valence_very_low
"frozenset({'valence_very_low', 'loudness_very_low'})",frozenset({'instrumentalness_high'}),0.10355897890487428,0.24979935073491535,0.0687358497346638,0.6637362637362637,2.657077617630056,1.0,0.042866884041455416,2.2309888589255786,0.6956918066955082,0.2414983164983165,0.5517682681384658,0.46945025434451415,loudness_very_low|valence_very_low,instrumentalness_high
"frozenset({'instrumentalness_high', 'danceability_very_low'})",frozenset({'valence_very_low'}),0.0950897830592125,0.2507217384012746,0.06872387067406174,0.7227261274880323,2.8825826276432607,1.0,0.04488279496125591,2.7023038803138046,0.7217167588781245,0.2480221347974579,0.6299453931569401,0.49841514210044235,danceability_very_low|instrumentalness_high,valence_very_low
"frozenset({'instrumentalness_high', 'valence_very_low'})",frozenset({'danceability_very_low'}),0.12260568526216174,0.2516321470070317,0.06872387067406174,0.5605276013678554,2.2275675347323243,1.0,0.0378723388562756,1.702877940280798,0.6280868466065945,0.2249451066499373,0.41275884997658513,0.41682002271572816,instrumentalness_high|valence_very_low,danceability_very_low
"frozenset({'danceability_very_low', 'valence_very_low'})",frozenset({'instrumentalness_high'}),0.12958947759316713,0.24979935073491535,0.06872387067406174,0.5303198373081901,2.122983249347835,1.0,0.036352503309211734,1.5972585364592968,0.6077186692482992,0.22121539292049047,0.3739272777863891,0.40271806376511027,danceability_very_low|valence_very_low,instrumentalness_high
"frozenset({'danceability_very_low', 'energy_very_low'})",frozenset({'mode_1'}),0.09933037051234442,0.6337522011523856,0.06849626852262246,0.6895803183791607,1.088091397750193,1.0,0.0055454275691421695,1.1798472214624782,0.08988818379681561,0.1030660249824258,0.1524326355064419,0.39883042003449104,danceability_very_low|energy_very_low,mode_1
"frozenset({'valence_very_high', 'danceability_very_high'})",frozenset({'instrumentalness_low'}),0.10965632075132668,0.5000539057727093,0.06835251979539765,0.6233340616124099,1.246533732496703,1.0,0.013518448311031758,1.3272930819479756,0.2221337946413152,0.1262612851832183,0.246586896593803,0.3800121822052084,danceability_very_high|valence_very_high,instrumentalness_low
"frozenset({'danceability_very_high', 'instrumentalness_low'})",frozenset({'valence_very_high'}),0.13100300674421111,0.24983528791672158,0.06835251979539765,0.5217629846378933,2.0884278957895424,1.0,0.03562334588750145,1.5686044534116126,0.5997384661503857,0.21873802039408116,0.3624906535072847,0.39767665917740463,danceability_very_high|instrumentalness_low,valence_very_high
"frozenset({'energy_low', 'acousticness_high'})",frozenset({'instrumentalness_low'}),0.09966578420920232,0.5000539057727093,0.06802908515914181,0.6825721153846153,1.3649970683258026,1.0,0.01819082049343019,1.5749911033589767,0.29699825827483695,0.1279486312943562,0.3650757786076986,0.40930780932128424,acousticness_high|energy_low,instrumentalness_low
"frozenset({'acousticness_very_high', 'danceability_very_low', 'energy_very_low'})",frozenset({'loudness_very_low'}),0.08061907785191486,0.25000299476515053,0.06796918985613148,0.8430906389301634,3.3723221584691476,1.0,0.047814178957947956,4.779810459498615,0.7651544733712653,0.2587795311502326,0.7907866831805509,0.5574820707827626,acousticness_very_high|danceability_very_low|energy_very_low,loudness_very_low
"frozenset({'acousticness_very_high', 'danceability_very_low', 'loudness_very_low'})",frozenset({'energy_very_low'}),0.07249727476371302,0.25050611531043737,0.06796918985613148,0.9375413086582949,3.742588509252381,1.0,0.04980817918448033,11.99983330725196,0.7900842017499933,0.26651009863785813,0.9166655090620582,0.60443438807054,acousticness_very_high|danceability_very_low|loudness_very_low,energy_very_low
"frozenset({'acousticness_very_high', 'energy_very_low', 'loudness_very_low'})",frozenset({'danceability_very_low'}),0.13460870398543345,0.2516321470070317,0.06796918985613148,0.5049390406692178,2.006655535372067,1.0,0.034097312666442885,1.5116680862991165,0.5796896357742952,0.21355715307313036,0.3384791217970265,0.38752617081542395,acousticness_very_high|energy_very_low|loudness_very_low,danceability_very_low
"frozenset({'danceability_very_low', 'energy_very_low', 'loudness_very_low'})",frozenset({'acousticness_very_high'}),0.07985241797338252,0.24975143449250709,0.06796918985613148,0.8511851185118513,3.408129047352431,1.0,0.048025933919583944,5.041488848460636,0.7679027736982069,0.2597866398058697,0.8016458966669461,0.5616662318541318,danceability_very_low|energy_very_low|loudness_very_low,acousticness_very_high
"frozenset({'acousticness_very_high', 'danceability_very_low'})","frozenset({'energy_very_low', 'loudness_very_low'})",0.09410750008984295,0.17769738497107057,0.06796918985613148,0.7222505091649695,4.064497118415969,1.0,0.0512465331840016,2.9605908999391706,0.8322920250407693,0.3334508697696287,0.6622295907142907,0.5523750860507334,acousticness_very_high|danceability_very_low,energy_very_low|loudness_very_low
"frozenset({'danceability_very_low', 'energy_very_low'})","frozenset({'acousticness_very_high', 'loudness_very_low'})",0.09933037051234442,0.15069658237401024,0.06796918985613148,0.6842739990352147,4.540739997254427,1.0,0.05300044249397702,2.690001504566351,0.8657687052157333,0.37333859718383994,0.6282529960290086,0.5676536926813593,danceability_very_low|energy_very_low,acousticness_very_high|loudness_very_low
"frozenset({'danceability_very_low', 'loudness_very_low'})","frozenset({'acousticness_very_high', 'energy_very_low'})",0.09570071514991794,0.17666718575929274,0.06796918985613148,0.7102265615220928,4.020138536025413,1.0,0.05106201383544377,2.8412984246086435,0.830756328072642,0.33253238000351637,0.6480482333925418,0.5474783472107345,danceability_very_low|loudness_very_low,acousticness_very_high|energy_very_low
"frozenset({'acousticness_very_high', 'instrumentalness_low'})",frozenset({'energy_very_low'}),0.11550210232513566,0.25050611531043737,0.06792127361372322,0.5880522713130056,2.3474567500448735,1.0,0.03898729065006484,1.8193907442539687,0.6489637370117346,0.2278572576756149,0.4503654571409592,0.4295942305302595,acousticness_very_high|instrumentalness_low,energy_very_low
"frozenset({'energy_very_low', 'instrumentalness_low'})",frozenset({'acousticness_very_high'}),0.10372668575330322,0.24975143449250709,0.06792127361372322,0.6548100242522231,2.621846899829792,1.0,0.04201538505168224,2.1734367108495753,0.6901795090109266,0.23785552479234834,0.5398991859260951,0.46338275686207014,energy_very_low|instrumentalness_low,acousticness_very_high
"frozenset({'danceability_very_low', 'energy_very_low'})",frozenset({'valence_very_low'}),0.09933037051234442,0.2507217384012746,0.06764575521987566,0.6810178485287024,2.716229764803036,1.0,0.04274147204897796,2.348966104036534,0.7015254114451177,0.23953340402969245,0.5742807874998408,0.4754109787316231,danceability_very_low|energy_very_low,valence_very_low
"frozenset({'valence_very_low', 'energy_very_low'})",frozenset({'danceability_very_low'}),0.10502042429832653,0.2516321470070317,0.06764575521987566,0.6441199954374358,2.5597683090127443,1.0,0.04121924037409832,2.102865694611972,0.6808419545030843,0.23406283677360526,0.5244584556387832,0.456473974677682,energy_very_low|valence_very_low,danceability_very_low
"frozenset({'danceability_very_low', 'valence_very_low'})",frozenset({'energy_very_low'}),0.12958947759316713,0.25050611531043737,0.06764575521987566,0.5220003697541136,2.0837829412157443,1.0,0.035182798602902396,1.5679800511645117,0.5975382350237312,0.21650116934401717,0.36223678403477305,0.3960183562619076,danceability_very_low|valence_very_low,energy_very_low
"frozenset({'valence_very_low', 'acousticness_very_high', 'energy_very_low'})",frozenset({'loudness_very_low'}),0.07800764264066412,0.25000299476515053,0.0672624252806095,0.8622542997542997,3.448975883526075,1.0,0.04776028100587381,5.444794312251212,0.7701352990487846,0.2579592961822943,0.8163383329743197,0.5656503889763352,acousticness_very_high|energy_very_low|valence_very_low,loudness_very_low
"frozenset({'valence_very_low', 'energy_very_low', 'loudness_very_low'})",frozenset({'acousticness_very_high'}),0.08420081697193306,0.24975143449250709,0.0672624252806095,0.7988334044672073,3.198513778671303,1.0,0.046233150456428174,3.729488802653584,0.7505518747958,0.2522121906301936,0.7318667375302252,0.5340754388636578,energy_very_low|loudness_very_low|valence_very_low,acousticness_very_high
"frozenset({'acousticness_very_high', 'valence_very_low', 'loudness_very_low'})",frozenset({'energy_very_low'}),0.07164676146096623,0.25050611531043737,0.0672624252806095,0.9388062196957031,3.7476379310433052,1.0,0.04931447339244929,12.247876842426988,0.7897481558539402,0.2638875834194943,0.9183531959975321,0.6036561702916159,acousticness_very_high|loudness_very_low|valence_very_low,energy_very_low
"frozenset({'valence_very_low', 'energy_very_low'})","frozenset({'acousticness_very_high', 'loudness_very_low'})",0.10502042429832653,0.15069658237401024,0.0672624252806095,0.640469944108589,4.250062834995302,1.0,0.05143620625938322,2.3622598547991918,0.8544433658790868,0.3569158403254513,0.5766765464144897,0.5434066731671721,energy_very_low|valence_very_low,acousticness_very_high|loudness_very_low
"frozenset({'acousticness_very_high', 'valence_very_low'})","frozenset({'energy_very_low', 'loudness_very_low'})",0.08774661891014507,0.17769738497107057,0.0672624252806095,0.7665529010238907,4.313810814653726,1.0,0.051670080560223625,3.5224366404017,0.8420756988387709,0.33939796905222436,0.7161056103805575,0.5725376073138868,acousticness_very_high|valence_very_low,energy_very_low|loudness_very_low
"frozenset({'valence_very_low', 'loudness_very_low'})","frozenset({'acousticness_very_high', 'energy_very_low'})",0.10355897890487428,0.17666718575929274,0.0672624252806095,0.6495083863504916,3.676451761876369,1.0,0.04896695191737939,2.3490799270993112,0.8120987215134116,0.31583980200247497,0.5743014154333952,0.5151189884017172,loudness_very_low|valence_very_low,acousticness_very_high|energy_very_low
"frozenset({'valence_very_high', 'danceability_very_high'})",frozenset({'mode_1'}),0.10965632075132668,0.6337522011523856,0.06709471843218055,0.6118636661568714,0.9654619976771471,1.0,-0.0024002162142447575,0.9436060654801752,-0.03862745249641764,0.09920648978001347,-0.05976427725814527,0.35886633832368664,danceability_very_high|valence_very_high,mode_1
"frozenset({'energy_very_high', 'speechiness_very_high'})",frozenset({'loudness_very_high'}),0.09971370045161058,0.2499430994621402,0.06709471843218055,0.672873618452667,2.692107203202022,1.0,0.042171967082465595,2.292865824486649,0.6981598714914369,0.2374512463964728,0.5638645797235473,0.4706567948481883,energy_very_high|speechiness_very_high,loudness_very_high
"frozenset({'speechiness_very_high', 'loudness_very_high'})",frozenset({'energy_very_high'}),0.09169970890882737,0.2486014446747086,0.06709471843218055,0.7316786414108427,2.9431793623252416,1.0,0.044298038321195825,2.800368033600345,0.7268866730494837,0.2455824966019205,0.6429040797489994,0.5007836661012678,loudness_very_high|speechiness_very_high,energy_very_high
"frozenset({'acousticness_very_low', 'loudness_very_high'})",frozenset({'mode_1'}),0.10923705363025432,0.6337522011523856,0.06650774446267924,0.6088386884526812,0.9606888738936088,1.0,-0.0027214787228956316,0.9363088527309771,-0.04392024004093983,0.09831420881144638,-0.06802365168635528,0.356890755246093,acousticness_very_low|loudness_very_high,mode_1
"frozenset({'danceability_very_low', 'valence_very_low'})",frozenset({'loudness_very_low'}),0.12958947759316713,0.25000299476515053,0.06647180728087303,0.512941393973008,2.0517409979622774,1.0,0.03407404979252987,1.5398496114311258,0.588927906950956,0.21228815180381802,0.35058593217385253,0.38941271902771146,danceability_very_low|valence_very_low,loudness_very_low
"frozenset({'danceability_very_low', 'loudness_very_low'})",frozenset({'valence_very_low'}),0.09570071514991794,0.2507217384012746,0.06647180728087303,0.6945800475654024,2.7703223980273397,1.0,0.0424775576122404,2.453272144226318,0.7066589493604838,0.23744116388532302,0.5923811378393296,0.47985094112622717,danceability_very_low|loudness_very_low,valence_very_low
"frozenset({'valence_very_low', 'loudness_very_low'})",frozenset({'danceability_very_low'}),0.10355897890487428,0.2516321470070317,0.06647180728087303,0.641873915558126,2.550842263966334,1.0,0.040413039077183605,2.0896770313708686,0.6782070537062741,0.2302298564434487,0.5214571510392778,0.4530182678809387,loudness_very_low|valence_very_low,danceability_very_low
"frozenset({'acousticness_very_high', 'instrumentalness_high', 'energy_very_low'})",frozenset({'loudness_very_low'}),0.07012542076450365,0.25000299476515053,0.06611243546281101,0.9427741715066621,3.771051512372048,1.0,0.048580870262518824,13.105917816850171,0.7902377259760528,0.26026880452723405,0.9236985906691473,0.603610372768185,acousticness_very_high|energy_very_low|instrumentalness_high,loudness_very_low
"frozenset({'acousticness_very_high', 'instrumentalness_high', 'loudness_very_low'})",frozenset({'energy_very_low'}),0.07150301273374142,0.25050611531043737,0.06611243546281101,0.9246104875188474,3.690969724922813,1.0,0.04820049350988871,9.941619994915564,0.7852136304724072,0.25835595917985205,0.8994127717101006,0.5942629713799287,acousticness_very_high|instrumentalness_high|loudness_very_low,energy_very_low
"frozenset({'instrumentalness_high', 'energy_very_low', 'loudness_very_low'})",frozenset({'acousticness_very_high'}),0.08243989506342912,0.24975143449250709,0.06611243546281101,0.8019471083987214,3.2109809900722754,1.0,0.04552295341130783,3.7881222507869174,0.7504344307438056,0.248469295876103,0.7360169673002853,0.5333300221354728,energy_very_low|instrumentalness_high|loudness_very_low,acousticness_very_high
"frozenset({'acousticness_very_high', 'instrumentalness_high'})","frozenset({'energy_very_low', 'loudness_very_low'})",0.08042741288228177,0.17769738497107057,0.06611243546281101,0.8220137027107537,4.625918962423555,1.0,0.05182069451364095,4.620033269710656,0.8523815816389436,0.3443134319046728,0.7835513422476656,0.5970321985307847,acousticness_very_high|instrumentalness_high,energy_very_low|loudness_very_low
"frozenset({'instrumentalness_high', 'energy_very_low'})","frozenset({'acousticness_very_high', 'loudness_very_low'})",0.0909450280908971,0.15069658237401024,0.06611243546281101,0.7269494204425712,4.8239277161466925,1.0,0.05240733054560446,3.110425251623982,0.8720045202769791,0.3766464205282195,0.6785005524637218,0.5828308310479946,energy_very_low|instrumentalness_high,acousticness_very_high|loudness_very_low
"frozenset({'instrumentalness_high', 'loudness_very_low'})","frozenset({'acousticness_very_high', 'energy_very_low'})",0.1159692856886163,0.17666718575929274,0.06611243546281101,0.5700857349447371,3.226890905034697,1.0,0.04562446812568774,1.9151093163537452,0.7806337152977554,0.2918561607615019,0.477836595822143,0.47215298409835177,instrumentalness_high|loudness_very_low,acousticness_very_high|energy_very_low
"frozenset({'tempo_very_low', 'energy_very_low'})",frozenset({'mode_1'}),0.09522155272583524,0.6337522011523856,0.06590879143257586,0.6921625361680714,1.0921658889854349,1.0,0.00556192279542983,1.1897440756189974,0.09326943831746032,0.09940020234137882,0.15948310187657605,0.3980801339757284,energy_very_low|tempo_very_low,mode_1
"frozenset({'energy_low', 'loudness_low'})",frozenset({'mode_1'}),0.10561937732842991,0.6337522011523856,0.06590879143257586,0.6240217761143246,0.9846463254559628,1.0,-0.0010277214336609636,0.974119711143112,-0.017135754103164185,0.09786552828175028,-0.026567873086684537,0.364009753948855,energy_low|loudness_low,mode_1
"frozenset({'valence_very_low', 'loudness_very_low'})",frozenset({'mode_1'}),0.10355897890487428,0.6337522011523856,0.06590879143257586,0.6364372469635627,1.004236743961275,1.0,0.00027806060251830966,1.0073853709951086,0.0047062434575294585,0.09816585783614046,0.007331227162662883,0.37021748937347404,loudness_very_low|valence_very_low,mode_1
"frozenset({'tempo_very_low', 'acousticness_very_high'})",frozenset({'mode_1'}),0.0950897830592125,0.6337522011523856,0.06587285425076965,0.6927437641723355,1.093083010856108,1.0,0.0056094949298909,1.1919946811202797,0.09410480225877915,0.09936036426712923,0.16107008207438991,0.39834239527017684,acousticness_very_high|tempo_very_low,mode_1
"frozenset({'energy_very_high', 'instrumentalness_low'})",frozenset({'mode_1'}),0.10224128223864684,0.6337522011523856,0.0656332730387283,0.6419449326303457,1.0129273420479847,1.0,0.0008376353713435564,1.0228812052239493,0.014215800325409872,0.09790747127463771,0.022369367143606614,0.372753961447958,energy_very_high|instrumentalness_low,mode_1
"frozenset({'acousticness_very_high', 'duration_ms_very_low'})",frozenset({'mode_1'}),0.09307730087806514,0.6337522011523856,0.06550150337210556,0.7037323037323038,1.1104218690722802,1.0,0.006513559063308902,1.2362056459800017,0.1096470156884053,0.09904541090803703,0.19107310078069561,0.40354368707076393,acousticness_very_high|duration_ms_very_low,mode_1
"frozenset({'acousticness_very_high', 'danceability_very_low'})",frozenset({'mode_1'}),0.09410750008984295,0.6337522011523856,0.06490255034200218,0.689663951120163,1.0882233621691728,1.0,0.005261715015115881,1.180165179551624,0.08949296467121273,0.09789855989013968,0.1526609856597137,0.3960369656366338,acousticness_very_high|danceability_very_low,mode_1
"frozenset({'speechiness_very_low', 'acousticness_very_high'})",frozenset({'energy_very_low'}),0.08373363360845243,0.25050611531043737,0.06429161825129673,0.7678111587982832,3.065039581356249,1.0,0.04331583097521583,3.227949632766508,0.7353101281105017,0.23816285777679164,0.6902058229629339,0.5122290300494858,acousticness_very_high|speechiness_very_low,energy_very_low
"frozenset({'speechiness_very_low', 'energy_very_low'})",frozenset({'acousticness_very_high'}),0.09536530145306005,0.24975143449250709,0.06429161825129673,0.6741615374952895,2.699329991297869,1.0,0.04047399741258461,2.3025168966866425,0.6959026664717123,0.22893827581794135,0.5656926550945118,0.46579197791834837,energy_very_low|speechiness_very_low,acousticness_very_high
"frozenset({'duration_ms_very_low', 'energy_very_low'})",frozenset({'mode_1'}),0.09183147857545011,0.6337522011523856,0.06425568106949053,0.6997130185233499,1.1040798237087368,1.0,0.006057279387220886,1.2196592641033068,0.10380054408570541,0.09716159182712338,0.18009887725880572,0.40055115059992275,duration_ms_very_low|energy_very_low,mode_1
"frozenset({'danceability_very_low', 'instrumentalness_low'})",frozenset({'mode_1'}),0.09053774003042682,0.6337522011523856,0.06421974388768432,0.709314633500926,1.1192302483701693,1.0,0.006841251856038871,1.259945773186285,0.1171338256823627,0.09729229429058836,0.20631504840792197,0.40532360538102724,danceability_very_low|instrumentalness_low,mode_1
"frozenset({'danceability_very_low', 'loudness_very_low'})",frozenset({'mode_1'}),0.09570071514991794,0.6337522011523856,0.06395620455443884,0.6682939041181625,1.0545034840162573,1.0,0.0033056656763208875,1.1041334584881477,0.057156293560227674,0.0961029610296103,0.0943123837862264,0.3846053208332992,danceability_very_low|loudness_very_low,mode_1
"frozenset({'speechiness_very_low', 'acousticness_very_high'})",frozenset({'mode_1'}),0.08373363360845243,0.6337522011523856,0.06363276991818302,0.7599427753934191,1.1991165853334702,1.0,0.010566395308338923,1.5256687210636617,0.18122757571881754,0.0973196782881117,0.3445497137131954,0.4301745821017753,acousticness_very_high|speechiness_very_low,mode_1
"frozenset({'tempo_very_low', 'acousticness_very_high'})",frozenset({'loudness_very_low'}),0.0950897830592125,0.25000299476515053,0.06323746091831478,0.6650289745527841,2.6600840329032995,1.0,0.039464730381943175,2.238990683548039,0.6896507683884057,0.22436142632496064,0.5533701826684959,0.45898789408041696,acousticness_very_high|tempo_very_low,loudness_very_low
"frozenset({'tempo_very_low', 'loudness_very_low'})",frozenset({'acousticness_very_high'}),0.08793828387977815,0.24975143449250709,0.06323746091831478,0.7191118376243019,2.8793101392411673,1.0,0.04127474837253088,2.670986769830507,0.7156254609138328,0.23041333857099208,0.6256065319022689,0.48615671501340757,loudness_very_low|tempo_very_low,acousticness_very_high
"frozenset({'energy_low', 'acousticness_high'})",frozenset({'mode_1'}),0.09966578420920232,0.6337522011523856,0.06312964937289618,0.6334134615384616,0.9994655014794298,1.0,-3.376074926446371e-05,0.9990759627580825,-0.0005936316622392457,0.09418282548476455,-0.0009248918764560146,0.3665129872667263,acousticness_high|energy_low,mode_1
"frozenset({'acousticness_very_high', 'liveness_low'})",frozenset({'mode_1'}),0.08808203260700295,0.6337522011523856,0.06294996346386517,0.7146742826057393,1.1276872590047162,1.0,0.007127781417200843,1.2836129956751714,0.12416612220317909,0.09554024325945858,0.2209489905686044,0.40700163426194724,acousticness_very_high|liveness_low,mode_1
"frozenset({'energy_very_low', 'speechiness_low'})",frozenset({'loudness_very_low'}),0.07803160076186826,0.25000299476515053,0.06260257070640521,0.802272029474977,3.209049676499358,1.0,0.04309443682961954,3.7930749162265607,0.7466430148802732,0.23585161115624156,0.7363616532533918,0.5263396563282887,energy_very_low|speechiness_low,loudness_very_low
"frozenset({'loudness_very_low', 'speechiness_low'})",frozenset({'energy_very_low'}),0.08105032403358929,0.25050611531043737,0.06260257070640521,0.7723913686077446,3.083323405700359,1.0,0.04229896888809857,3.2929062492270007,0.7352683711554563,0.23276322822020307,0.69631689325053,0.5111478648700544,loudness_very_low|speechiness_low,energy_very_low
"frozenset({'acousticness_very_high', 'duration_ms_very_low'})",frozenset({'loudness_very_low'}),0.09307730087806514,0.25000299476515053,0.06259059164580313,0.6724581724581725,2.6898004685498695,1.0,0.03932098768162988,2.289774746827026,0.6926998433500824,0.22314755498611996,0.5632758194290882,0.46140876998567465,acousticness_very_high|duration_ms_very_low,loudness_very_low
"frozenset({'duration_ms_very_low', 'loudness_very_low'})",frozenset({'acousticness_very_high'}),0.08753099581930784,0.24975143449250709,0.06259059164580313,0.7150677432598878,2.863117662218436,1.0,0.04072959987737336,2.63307697798427,0.7131534148227118,0.22785748549997822,0.6202161925529646,0.4828396416908581,duration_ms_very_low|loudness_very_low,acousticness_very_high
"frozenset({'acousticness_very_high', 'speechiness_low'})",frozenset({'energy_very_low'}),0.07927742306448328,0.25050611531043737,0.062339031373159715,0.7863402840737383,3.139006339622781,1.0,0.042479552089453934,3.507885805428237,0.7401011624836276,0.23309146286840454,0.7149280063642433,0.5175963088310543,acousticness_very_high|speechiness_low,energy_very_low
"frozenset({'energy_very_low', 'speechiness_low'})",frozenset({'acousticness_very_high'}),0.07803160076186826,0.24975143449250709,0.062339031373159715,0.7988946883635246,3.1987591582281487,1.0,0.04285052714713651,3.7306253097067223,0.7455556802249922,0.23484814296674036,0.7319484223199533,0.5242494929658766,energy_very_low|speechiness_low,acousticness_very_high
"frozenset({'speechiness_very_low', 'key_very_low'})",frozenset({'mode_1'}),0.0807867847003438,0.6337522011523856,0.06213538734292457,0.7691281138790036,1.2136101657405791,1.0,0.010936584715057818,1.5863681152397635,0.19148133728319128,0.09524071829899747,0.3696292869269753,0.43358588852441815,key_very_low|speechiness_very_low,mode_1
"frozenset({'valence_very_high', 'acousticness_high'})",frozenset({'instrumentalness_low'}),0.08494351872926126,0.5000539057727093,0.061835910827872875,0.727965026089409,1.4557731030308017,1.0,0.0193595725172285,1.8378008056846646,0.34214255929530585,0.11819659744006596,0.4558713888323417,0.42581175796613036,acousticness_high|valence_very_high,instrumentalness_low
"frozenset({'acousticness_very_low', 'danceability_very_low'})",frozenset({'energy_very_high'}),0.08416487979012686,0.2486014446747086,0.06182393176727081,0.7345573583831482,2.9547590093223546,1.0,0.04090042106057208,2.830737935504287,0.7223602908406014,0.22818109470333361,0.6467352249540355,0.49162214760577927,acousticness_very_low|danceability_very_low,energy_very_high
"frozenset({'energy_very_high', 'danceability_very_low'})",frozenset({'acousticness_very_low'}),0.07848680506474683,0.2504581990680291,0.06182393176727081,0.7876984126984127,3.145029452537344,1.0,0.04216626792015085,3.5305520342963863,0.7401282559778367,0.23144535629400423,0.7167581754111455,0.5172708631312993,danceability_very_low|energy_very_high,acousticness_very_low
"frozenset({'energy_low', 'speechiness_very_low'})",frozenset({'mode_1'}),0.0860336132440494,0.6337522011523856,0.061680183040046,0.716931216931217,1.1312484842302442,1.0,0.007156191273536658,1.2938473641532546,0.12694221218527119,0.09372383414030361,0.2271113056257298,0.40712830575319947,energy_low|speechiness_very_low,mode_1
"frozenset({'key_very_low', 'duration_ms_very_low'})",frozenset({'mode_1'}),0.08055918254890451,0.6337522011523856,0.0612369577977695,0.7601486988847583,1.1994415127908655,1.0,0.010182398534364409,1.526978578580413,0.18084758103475754,0.09376719615539822,0.3451119655328299,0.42838736333520594,duration_ms_very_low|key_very_low,mode_1
"frozenset({'duration_ms_very_high', 'instrumentalness_low'})",frozenset({'mode_1'}),0.08996274512152758,0.6337522011523856,0.061117167191748825,0.6793608521970705,1.0719660633316181,1.0,0.0041030794492696795,1.1422429274690962,0.07377131728291297,0.0922387142263121,0.12452948847253394,0.3878989309657501,duration_ms_very_high|instrumentalness_low,mode_1
"frozenset({'valence_very_high', 'energy_high'})",frozenset({'instrumentalness_low'}),0.0920590807268894,0.5000539057727093,0.06110518813114676,0.6637605725439167,1.327378038410158,1.0,0.015070685251820572,1.4868752841086414,0.2716422536085427,0.11507399386392349,0.3274486362859381,0.39297888726850877,energy_high|valence_very_high,instrumentalness_low
"frozenset({'energy_very_high', 'speechiness_very_high'})",frozenset({'mode_1'}),0.09971370045161058,0.6337522011523856,0.06109320907054469,0.61268620855358,0.9667598904421947,1.0,-0.002100568075713141,0.9456100116648705,-0.03678627750561004,0.09086212118512714,-0.057518414213243024,0.35454270733888243,energy_very_high|speechiness_very_high,mode_1
"frozenset({'acousticness_very_low', 'key_very_low'})",frozenset({'mode_1'}),0.0798643970339846,0.6337522011523856,0.06100935564633021,0.7639118044097795,1.2053793312602585,1.0,0.010395118232334417,1.5513177096042214,0.18517449112088244,0.09348556324455294,0.3553867181371093,0.4300893489490538,acousticness_very_low|key_very_low,mode_1
"frozenset({'duration_ms_very_low', 'loudness_very_low'})",frozenset({'mode_1'}),0.08753099581930784,0.6337522011523856,0.060997376585728146,0.6968660188859997,1.0995875321913688,1.0,0.005524415316181537,1.2082043639636653,0.09925606254980313,0.09238026124818577,0.17232545269131858,0.39655700528460275,duration_ms_very_low|loudness_very_low,mode_1
"frozenset({'key_very_low', 'energy_very_low'})",frozenset({'mode_1'}),0.08169719330610094,0.6337522011523856,0.06087758597970747,0.7451612903225806,1.1757928240211455,1.0,0.009101809893994062,1.4371749068703854,0.16281125571619845,0.09300367842175578,0.3041904675488555,0.42061013197728125,energy_very_low|key_very_low,mode_1
"frozenset({'key_very_low', 'danceability_very_low'})",frozenset({'mode_1'}),0.08222427197259191,0.6337522011523856,0.060865606919105406,0.7402389277389277,1.1680258094455713,1.0,0.008755793568322873,1.409941049517681,0.15674257926119478,0.09290886483323581,0.29075048893562994,0.4181394997828936,danceability_very_low|key_very_low,mode_1
"frozenset({'energy_very_high', 'tempo_very_high'})",frozenset({'loudness_very_high'}),0.08962733142466968,0.2499430994621402,0.060578109464655784,0.6758887997861535,2.7041706742079223,1.0,0.03817637645185337,2.3141961772471205,0.692244921181945,0.2171318162301417,0.5678845165194414,0.4591282005161297,energy_very_high|tempo_very_high,loudness_very_high
"frozenset({'tempo_very_high', 'loudness_very_high'})",frozenset({'energy_very_high'}),0.08696797997101068,0.2486014446747086,0.060578109464655784,0.6965564738292012,2.8019003459156693,1.0,0.038957744003421405,2.4762385436503025,0.7043557678287982,0.2202909914619272,0.5961616854061774,0.4701160434967815,loudness_very_high|tempo_very_high,energy_very_high
"frozenset({'key_very_low', 'loudness_very_low'})",frozenset({'mode_1'}),0.0812300099426203,0.6337522011523856,0.06044633979803304,0.7441380327385342,1.174178222001325,1.0,0.008966642197267255,1.4314272760724343,0.16145556941227157,0.09234992679355783,0.30139657339504466,0.419758270693055,key_very_low|loudness_very_low,mode_1
"frozenset({'liveness_very_high', 'key_very_low'})",frozenset({'mode_1'}),0.07962481582194324,0.6337522011523856,0.0603505073132165,0.757935910937265,1.1959499463024656,1.0,0.009888105019706668,1.5130199620510212,0.17801936385097586,0.09241662692152475,0.33907018738575073,0.42658160257193084,key_very_low|liveness_very_high,mode_1
"frozenset({'acousticness_very_high', 'liveness_low'})",frozenset({'loudness_very_low'}),0.08808203260700295,0.25000299476515053,0.0603145701314103,0.6847545219638244,2.7389852773846712,1.0,0.03829379819465792,2.379088860867925,0.6962263159538382,0.21713817491806103,0.579671017569648,0.463004956238261,acousticness_very_high|liveness_low,loudness_very_low
"frozenset({'liveness_low', 'loudness_very_low'})",frozenset({'acousticness_very_high'}),0.08842942536446292,0.24975143449250709,0.0603145701314103,0.6820644811704145,2.730973227666796,1.0,0.038229194295287594,2.3597507075314494,0.6953166200787558,0.21706328677358167,0.5762264222197835,0.46178143718936093,liveness_low|loudness_very_low,acousticness_very_high
"frozenset({'energy_high', 'loudness_high'})",frozenset({'instrumentalness_low'}),0.09768923920986117,0.5000539057727093,0.06017082140418548,0.6159411404046596,1.2317494839938814,1.0,0.011320935785329916,1.301743422229743,0.20851641527091264,0.11193065335591408,0.23179945992190212,0.3681349051965805,energy_high|loudness_high,instrumentalness_low
"frozenset({'mode_0', 'speechiness_very_high'})",frozenset({'instrumentalness_low'}),0.10341523017764948,0.5000539057727093,0.06013488422237928,0.5814896328043554,1.1628538965330297,1.0,0.008421694455661911,1.1945847305464161,0.1562002211606238,0.1106775139449258,0.16288901537977207,0.35087321808864763,mode_0|speechiness_very_high,instrumentalness_low
"frozenset({'instrumentalness_high', 'danceability_very_low'})",frozenset({'mode_1'}),0.0950897830592125,0.6337522011523856,0.05989530301033793,0.6298815822625347,0.9938925357847865,1.0,-0.0003680563105408208,0.9895422148578499,-0.006744920035609457,0.08953673692315958,-0.01056830621789326,0.3621953039372403,danceability_very_low|instrumentalness_high,mode_1
"frozenset({'energy_very_high', 'liveness_very_high'})",frozenset({'mode_1'}),0.096419458786042,0.6337522011523856,0.05983540770732759,0.6205739843458815,0.9792060417580539,1.0,-0.001270636532248251,0.9652680199490663,-0.02296189440179834,0.0892617809467646,-0.03598169558416158,0.3574942504661078,energy_very_high|liveness_very_high,mode_1
"frozenset({'valence_very_high', 'key_very_low'})",frozenset({'mode_1'}),0.0776123336407959,0.6337522011523856,0.05976353334371519,0.7700262386170705,1.215027320168499,1.0,0.010576546062287445,1.5925634152575125,0.1918642728287948,0.09171798878573399,0.37208151937968315,0.4321636721863351,key_very_low|valence_very_high,mode_1
"frozenset({'acousticness_very_high', 'key_very_low'})",frozenset({'mode_1'}),0.08005606200361767,0.6337522011523856,0.05976353334371519,0.7465210234924435,1.1779383521430054,1.0,0.009027827833330629,1.4448843209554942,0.1642047214011981,0.09137529991391784,0.3079030718952605,0.4204110646240216,acousticness_very_high|key_very_low,mode_1
"frozenset({'speechiness_very_low', 'loudness_low'})",frozenset({'mode_1'}),0.08221229291198984,0.6337522011523856,0.05975155428311312,0.7267958618679878,1.1468139448611239,1.0,0.007649332688354889,1.3405646098619617,0.13948647737131512,0.09105512960934647,0.25404565162810744,0.41053903290923255,loudness_low|speechiness_very_low,mode_1
"frozenset({'tempo_very_low', 'loudness_very_low'})",frozenset({'mode_1'}),0.08793828387977815,0.6337522011523856,0.059655721798296577,0.678381691867593,1.0704210425369018,1.0,0.003924640823923825,1.1387653923508418,0.07213127115095702,0.09010965150363696,0.1218559971025969,0.3862563406885456,loudness_very_low|tempo_very_low,mode_1
"frozenset({'liveness_low', 'loudness_very_low'})",frozenset({'mode_1'}),0.08842942536446292,0.6337522011523856,0.05964374273769451,0.6744784611216472,1.0642621199503637,1.0,0.003601399766325529,1.1251107994561336,0.06623936279380498,0.09002314312576841,0.11119864773905898,0.3842952744130115,liveness_low|loudness_very_low,mode_1
"frozenset({'key_very_low', 'tempo_very_high'})",frozenset({'mode_1'}),0.0790857580948502,0.6337522011523856,0.059535931192275904,0.7528021811572251,1.1878494146266703,1.0,0.009415157919859488,1.4815980196029106,0.1717233169952504,0.09113079193941727,0.32505309350506945,0.42337207630774965,key_very_low|tempo_very_high,mode_1
"frozenset({'acousticness_very_high', 'danceability_very_low'})",frozenset({'valence_very_low'}),0.09410750008984295,0.2507217384012746,0.05940416152565316,0.6312372708757638,2.5176806562559904,1.0,0.035809365506529627,2.0318709089125258,0.6654310956337344,0.20812523607671965,0.5078427494514361,0.4340849517302851,acousticness_very_high|danceability_very_low,valence_very_low
"frozenset({'acousticness_very_high', 'valence_very_low'})",frozenset({'danceability_very_low'}),0.08774661891014507,0.2516321470070317,0.05940416152565316,0.6769965870307166,2.6904216932656,1.0,0.03732429141668554,2.316903855948221,0.6887462061663472,0.21217696388841348,0.5683895136897091,0.45653599702864023,acousticness_very_high|valence_very_low,danceability_very_low
"frozenset({'acousticness_low', 'loudness_very_high'})",frozenset({'instrumentalness_low'}),0.0834101989721966,0.5000539057727093,0.05938020340444902,0.7119057877351715,1.4236580886916537,1.0,0.01767060762712329,1.7353562582774797,0.3246644837378337,0.11330285714285716,0.42374944900789235,0.41532669609065975,acousticness_low|loudness_very_high,instrumentalness_low
"frozenset({'energy_very_high', 'liveness_very_high'})",frozenset({'loudness_very_high'}),0.096419458786042,0.2499430994621402,0.05915260125300974,0.6134923592992918,2.4545280930719184,1.0,0.03505322287556432,1.9406004475825243,0.6558238960136046,0.20595595595595595,0.4846955738644006,0.42507831480421093,energy_very_high|liveness_very_high,loudness_very_high
"frozenset({'liveness_very_high', 'loudness_very_high'})",frozenset({'energy_very_high'}),0.0816372980030906,0.2486014446747086,0.05915260125300974,0.7245781364636831,2.9146175615020384,1.0,0.038857451030101714,2.7281732309759517,0.7152967035421636,0.21820592134334957,0.6334543610919204,0.48125981944853313,liveness_very_high|loudness_very_high,energy_very_high
"frozenset({'key_very_low', 'tempo_low'})",frozenset({'mode_1'}),0.07992429233699493,0.6337522011523856,0.059080726889397334,0.7392086330935252,1.1664001036199678,1.0,0.008428530695280052,1.4043708700639561,0.15505382293413617,0.09025528410650563,0.28793738084694165,0.41621616797857436,key_very_low|tempo_low,mode_1
"frozenset({'energy_low', 'loudness_low'})",frozenset({'instrumentalness_low'}),0.10561937732842991,0.5000539057727093,0.05904478970759113,0.5590336849268459,1.1179468422769303,1.0,0.006229407549228218,1.133751212140438,0.11796217819652342,0.1080163043478261,0.11797227708178204,0.33855526714720985,energy_low|loudness_low,instrumentalness_low
"frozenset({'acousticness_very_high', 'valence_very_low'})",frozenset({'mode_1'}),0.08774661891014507,0.6337522011523856,0.05900885252578493,0.6724914675767918,1.0611268353056045,1.0,0.00339923964780095,1.1182847547139538,0.06314647795061855,0.08907131491393028,0.10577337678560224,0.38280087980484045,acousticness_very_high|valence_very_low,mode_1
"frozenset({'energy_high', 'loudness_high'})",frozenset({'mode_1'}),0.09768923920986117,0.6337522011523856,0.05900885252578493,0.6040465971796444,0.9531274149127593,1.0,-0.0029019178523665215,0.9249770206262915,-0.05168498955877501,0.087754302205437,-0.08110793857658358,0.34857844460626675,energy_high|loudness_high,mode_1
"frozenset({'liveness_very_low', 'key_very_low'})",frozenset({'mode_1'}),0.07996022951880113,0.6337522011523856,0.058984894404580795,0.7376779026217228,1.1639847582073302,1.0,0.008309922942390614,1.396175932214635,0.15312622969601464,0.09009074941451992,0.2837578868633087,0.4153751955221836,key_very_low|liveness_very_low,mode_1
"frozenset({'key_very_low', 'valence_very_low'})",frozenset({'mode_1'}),0.08247583224523533,0.6337522011523856,0.05890104098036632,0.714161220043573,1.1268776956434634,1.0,0.006631800753073527,1.2813089913952362,0.12271311680521194,0.08960691050243288,0.21954812873740526,0.4035506979151803,key_very_low|valence_very_low,mode_1
"frozenset({'loudness_low', 'key_very_low'})",frozenset({'mode_1'}),0.07846284694354269,0.6337522011523856,0.05888906191976425,0.7505343511450381,1.1842709970557912,1.0,0.009163059960611335,1.4681291814270951,0.1688468812148819,0.0901373329177286,0.3188610289539031,0.4217278125633517,key_very_low|loudness_low,mode_1
"frozenset({'duration_ms_low', 'key_very_low'})",frozenset({'mode_1'}),0.07938523460990189,0.6337522011523856,0.05884114567735598,0.74121020069413,1.1695583847225268,1.0,0.008530578504332115,1.4152327480834634,0.15747783219610234,0.08993042841450019,0.29340244468323673,0.41702793372765284,duration_ms_low|key_very_low,mode_1
"frozenset({'energy_very_high', 'key_very_low'})",frozenset({'mode_1'}),0.07745660585296901,0.6337522011523856,0.058733334131937376,0.7582740488710177,1.1964834954296133,1.0,0.00964503967882551,1.5151364474399713,0.1780051469414144,0.09001615627524419,0.3399934364395789,0.4254747996930459,energy_very_high|key_very_low,mode_1
"frozenset({'tempo_very_high', 'danceability_very_low'})",frozenset({'mode_1'}),0.08779453515255334,0.6337522011523856,0.058697396950131174,0.6685768863419294,1.0549500027395884,1.0,0.0030574170480500013,1.105076211508508,0.05710092861832856,0.08855314996204866,0.09508503613978941,0.3805978657208182,danceability_very_low|tempo_very_high,mode_1
"frozenset({'acousticness_very_low', 'speechiness_very_high'})",frozenset({'energy_very_high'}),0.0750248565507493,0.2486014446747086,0.058613543525916696,0.781254989621587,3.1426003603633434,1.0,0.03996225580088765,3.4350431766440135,0.7370924375078822,0.22117253537042897,0.7088828440936846,0.50851406542709,acousticness_very_low|speechiness_very_high,energy_very_high
"frozenset({'energy_very_high', 'speechiness_very_high'})",frozenset({'acousticness_very_low'}),0.09971370045161058,0.2504581990680291,0.058613543525916696,0.5878183565593464,2.346971904879361,1.0,0.03363942968839739,1.818474482937256,0.6374850515012349,0.20103537532355478,0.4500885168403522,0.4109218050254165,energy_very_high|speechiness_very_high,acousticness_very_low
"frozenset({'valence_low', 'key_very_low'})",frozenset({'mode_1'}),0.07854670036775716,0.6337522011523856,0.058409899495681546,0.7436327588836358,1.1733809484707878,1.0,0.008630755244358551,1.4286060779558638,0.16035740230469872,0.08932693364598981,0.3000169777865844,0.41789898033020273,key_very_low|valence_low,mode_1
"frozenset({'key_very_low', 'energy_very_low'})",frozenset({'loudness_very_low'}),0.08169719330610094,0.25000299476515053,0.058373962313875344,0.714516129032258,2.85803027961111,1.0,0.0379494193234427,2.627108153929981,0.7079458657417415,0.21356883025814086,0.6193533187797899,0.4740045906301683,energy_very_low|key_very_low,loudness_very_low
"frozenset({'key_very_low', 'loudness_very_low'})",frozenset({'energy_very_low'}),0.0812300099426203,0.25050611531043737,0.058373962313875344,0.7186255714496387,2.868694724514364,1.0,0.03802534807652133,2.6636886960586605,0.7090016134181732,0.21354075372480275,0.6245807546956764,0.47582483622214145,key_very_low|loudness_very_low,energy_very_low
"frozenset({'energy_very_high', 'mode_0'})",frozenset({'loudness_very_high'}),0.09694653745253297,0.2499430994621402,0.05833802513206914,0.6017546027431113,2.40756637825987,1.0,0.0341069070790606,1.883403815095532,0.6474066448756465,0.2021753570242444,0.46904641904992794,0.4175799134012705,energy_very_high|mode_0,loudness_very_high
"frozenset({'mode_0', 'loudness_very_high'})",frozenset({'energy_very_high'}),0.09616789851339858,0.2486014446747086,0.05833802513206914,0.6066268061783757,2.4401580086235546,1.0,0.03443054663030749,1.9101417359567574,0.6529868454000511,0.20367195014846726,0.4764786396863283,0.42064583695417124,loudness_very_high|mode_0,energy_very_high
"frozenset({'danceability_low', 'key_very_low'})",frozenset({'mode_1'}),0.07783993579223518,0.6337522011523856,0.05800261143521125,0.7451523545706371,1.1757787242642892,1.0,0.008671380789321843,1.4371245150433565,0.16211918076246207,0.0887447077582889,0.30416606944469865,0.41833744748662277,danceability_low|key_very_low,mode_1
"frozenset({'key_very_low', 'speechiness_very_high'})",frozenset({'mode_1'}),0.07715712933791732,0.6337522011523856,0.05790677895039471,0.7505045800341562,1.1842240211071038,1.0,0.009008278397890299,1.467953996501235,0.16857168575915063,0.08867772233636632,0.31877974215579663,0.4209379529978928,key_very_low|speechiness_very_high,mode_1
"frozenset({'energy_high', 'acousticness_low'})",frozenset({'instrumentalness_low'}),0.09292157309023827,0.5000539057727093,0.05789479988979264,0.6230501482531906,1.2459659669899412,1.0,0.011429004335474717,1.3262933833519472,0.21763262585527918,0.10819826273842571,0.24601900865048765,0.3694136329613979,acousticness_low|energy_high,instrumentalness_low
"frozenset({'acousticness_very_low', 'mode_0'})",frozenset({'energy_very_high'}),0.10014494663328502,0.2486014446747086,0.05784688364738437,0.5776315789473684,2.3235246267502223,1.0,0.03295070523747812,1.7790121559103471,0.6330123553998952,0.19885521330917477,0.4378902939601978,0.40516041434719646,acousticness_very_low|mode_0,energy_very_high
"frozenset({'energy_very_high', 'mode_0'})",frozenset({'acousticness_very_low'}),0.09694653745253297,0.2504581990680291,0.05784688364738437,0.596688496231311,2.382387553897724,1.0,0.03356582847114173,1.8584686871759932,0.6425455812571551,0.1997766010259805,0.46192259955720083,0.41382636022585256,energy_very_high|mode_0,acousticness_very_low
"frozenset({'instrumentalness_high', 'key_very_low'})",frozenset({'mode_1'}),0.07958887864013704,0.6337522011523856,0.057822925526180236,0.7265201685731487,1.1463789273663714,1.0,0.0073832985007432975,1.3392131951257842,0.13872940016629792,0.08820949526698586,0.25329290090658346,0.4088795909494607,instrumentalness_high|key_very_low,mode_1
"frozenset({'tempo_high', 'key_very_low'})",frozenset({'mode_1'}),0.07728889900454007,0.6337522011523856,0.05781094646557817,0.7479851208927464,1.1802485569795969,1.0,0.008828936596806475,1.453278473656093,0.16551317619957595,0.0885001191982542,0.31190063148445,0.4196026162066983,key_very_low|tempo_high,mode_1
"frozenset({'speechiness_very_low', 'energy_very_low'})",frozenset({'loudness_very_low'}),0.09536530145306005,0.25000299476515053,0.0577630302231699,0.6057028011556337,2.422782181967951,1.0,0.03392141926322352,1.9021109138816936,0.6491585850488024,0.20084135115998167,0.47426830228355576,0.418376077147055,energy_very_low|speechiness_very_low,loudness_very_low
"frozenset({'speechiness_very_low', 'loudness_very_low'})",frozenset({'energy_very_low'}),0.07123947340049594,0.25050611531043737,0.0577630302231699,0.8108289894064233,3.236763255865475,1.0,0.03991710648485043,3.9619912286656245,0.7440555070417615,0.21881381313245907,0.7476016623245292,0.5207071496381772,loudness_very_low|speechiness_very_low,energy_very_low
"frozenset({'liveness_low', 'key_very_low'})",frozenset({'mode_1'}),0.07813941230728687,0.6337522011523856,0.05775105116256783,0.7390771117583933,1.1661925756068219,1.0,0.008230026616070966,1.403662979954752,0.15458811382306462,0.08828538465764463,0.2875782760672112,0.4151013571267158,key_very_low|liveness_low,mode_1
"frozenset({'valence_very_low', 'danceability_very_low', 'energy_very_low'})",frozenset({'loudness_very_low'}),0.06764575521987566,0.25000299476515053,0.05771511398076163,0.8531963874623694,3.4127446683742755,1.0,0.0408034725926424,5.108845703933889,0.7582747863531766,0.22203788193004287,0.8042610683603177,0.5420270389635756,danceability_very_low|energy_very_low|valence_very_low,loudness_very_low
"frozenset({'danceability_very_low', 'energy_very_low', 'loudness_very_low'})",frozenset({'valence_very_low'}),0.07985241797338252,0.2507217384012746,0.05771511398076163,0.7227722772277229,2.8827666952075046,1.0,0.03769437693092998,2.7027537293382604,0.7097894209902041,0.21151988761085255,0.6300069854145242,0.47648408414658955,danceability_very_low|energy_very_low|loudness_very_low,valence_very_low
"frozenset({'valence_very_low', 'energy_very_low', 'loudness_very_low'})",frozenset({'danceability_very_low'}),0.08420081697193306,0.2516321470070317,0.05771511398076163,0.6854460093896714,2.724000162707816,1.0,0.036527481626368,2.37913959235078,0.6910825411899622,0.20752035146659778,0.5796799804369949,0.457404524260674,energy_very_low|loudness_very_low|valence_very_low,danceability_very_low
"frozenset({'danceability_very_low', 'valence_very_low', 'loudness_very_low'})",frozenset({'energy_very_low'}),0.06647180728087303,0.25050611531043737,0.05771511398076163,0.8682645521715625,3.4660413423264087,1.0,0.04106351976116608,5.689386547390404,0.7621477577481297,0.22261239199741253,0.8242341258287893,0.549329292153111,danceability_very_low|loudness_very_low|valence_very_low,energy_very_low
"frozenset({'danceability_very_low', 'energy_very_low'})","frozenset({'valence_very_low', 'loudness_very_low'})",0.09933037051234442,0.10355897890487428,0.05771511398076163,0.581041968162084,5.610734813210249,1.0,0.04742856223626041,2.1396916945655677,0.9123991735607959,0.3975575542536513,0.5326429491969239,0.5691791680023839,danceability_very_low|energy_very_low,loudness_very_low|valence_very_low
"frozenset({'valence_very_low', 'energy_very_low'})","frozenset({'danceability_very_low', 'loudness_very_low'})",0.10502042429832653,0.09570071514991794,0.05771511398076163,0.5495608531994981,5.742494738295268,1.0,0.04766458427006396,2.0075947911574246,0.9227692787793713,0.40358519014910366,0.5018915149588145,0.5763200435730874,energy_very_low|valence_very_low,danceability_very_low|loudness_very_low
"frozenset({'danceability_very_low', 'loudness_very_low'})","frozenset({'valence_very_low', 'energy_very_low'})",0.09570071514991794,0.10502042429832653,0.05771511398076163,0.6030792339466767,5.742494738295269,1.0,0.04766458427006396,2.254806632065806,0.9132592178588473,0.40358519014910366,0.5565029897557906,0.5763200435730874,danceability_very_low|loudness_very_low,energy_very_low|valence_very_low
"frozenset({'valence_very_low', 'loudness_very_low'})","frozenset({'danceability_very_low', 'energy_very_low'})",0.10355897890487428,0.09933037051234442,0.05771511398076163,0.5573163678426837,5.61073481321025,1.0,0.04742856223626041,2.0345672712100296,0.9167030582691766,0.3975575542536513,0.5084949934315692,0.5691791680023839,loudness_very_low|valence_very_low,danceability_very_low|energy_very_low
"frozenset({'key_low', 'mode_1'})",frozenset({'instrumentalness_low'}),0.1041818900561818,0.5000539057727093,0.057691155859557496,0.553754168103944,1.1073889468941438,1.0,0.005594594826180813,1.1203378463011462,0.10825290538851776,0.10555616438356166,0.1074121049274983,0.33456202080935027,key_low|mode_1,instrumentalness_low
"frozenset({'key_low', 'instrumentalness_low'})",frozenset({'mode_1'}),0.09738976269480948,0.6337522011523856,0.057691155859557496,0.5923739237392374,0.9347090592539041,1.0,-0.004029820617986499,0.8984896211922464,-0.07182967456533093,0.08566498870488626,-0.11297891084490755,0.3417025086043318,instrumentalness_low|key_low,mode_1
"frozenset({'instrumentalness_high', 'danceability_very_low'})",frozenset({'loudness_very_low'}),0.0950897830592125,0.25000299476515053,0.057655218677751294,0.6063240110859159,2.425266991923391,1.0,0.03388248814137969,1.9051123928173557,0.6494282548071217,0.20058345488643467,0.47509658549795036,0.41847106160429004,danceability_very_low|instrumentalness_high,loudness_very_low
"frozenset({'danceability_very_low', 'loudness_very_low'})",frozenset({'instrumentalness_high'}),0.09570071514991794,0.24979935073491535,0.057655218677751294,0.6024533733884091,2.4117491563367865,1.0,0.03374924216843471,1.8870758775122047,0.6473113383447273,0.20029963793749223,0.470079602035752,0.4166297462060254,danceability_very_low|loudness_very_low,instrumentalness_high
"frozenset({'danceability_high', 'key_very_low'})",frozenset({'mode_1'}),0.07756441739838763,0.6337522011523856,0.05760730243534302,0.7427027027027026,1.1719134092981554,1.0,0.008450682178012467,1.4234420753531223,0.15902967894369002,0.08812372872038263,0.29747755998295633,0.4168007417681361,danceability_high|key_very_low,mode_1
"frozenset({'energy_high', 'loudness_very_high'})",frozenset({'instrumentalness_low'}),0.07781597767103104,0.5000539057727093,0.05746355370811821,0.7384544334975369,1.4767496563324285,1.0,0.018551370142197203,1.911506667510583,0.3500788847547381,0.11042055106691526,0.47685246565091377,0.426684575890202,energy_high|loudness_very_high,instrumentalness_low
"frozenset({'speechiness_very_low', 'acousticness_high'})",frozenset({'mode_1'}),0.0782352447921034,0.6337522011523856,0.057439595586914076,0.7341907824222936,1.158482418029121,1.0,0.007857836992222832,1.3778596626000974,0.14841286313745303,0.08775461649676983,0.2742366823389367,0.4124124689920749,acousticness_high|speechiness_very_low,mode_1
"frozenset({'tempo_very_low', 'key_very_low'})",frozenset({'mode_1'}),0.07851076318595096,0.6337522011523856,0.05741563746570994,0.7313091241989624,1.1539354385975842,1.0,0.00765926848245984,1.3630823814010586,0.14476608687745468,0.08767789851095746,0.2663686262512326,0.4109527380752869,key_very_low|tempo_very_low,mode_1
"frozenset({'key_very_low', 'danceability_very_high'})",frozenset({'mode_1'}),0.07718108745912146,0.6337522011523856,0.057367721223301665,0.7432872885301878,1.1728358294908146,1.0,0.008454037158748658,1.4266835356560938,0.15969086260050552,0.08777653549368573,0.2990737083538806,0.4169040166306548,danceability_very_high|key_very_low,mode_1
"frozenset({'valence_very_high', 'energy_high'})",frozenset({'mode_1'}),0.0920590807268894,0.6337522011523856,0.057331784041495464,0.6227716330513988,0.982673719979165,1.0,-0.0010108610052358552,0.9708914571038001,-0.0190495821713311,0.08576446132893699,-0.029981253499780106,0.35661783618357673,energy_high|valence_very_high,mode_1
"frozenset({'loudness_high', 'key_very_low'})",frozenset({'mode_1'}),0.07745660585296901,0.6337522011523856,0.05729584685968926,0.7397154345808846,1.1671997876075544,1.0,0.008207552406577397,1.4071053281929142,0.1552757794985665,0.08761998974133509,0.28932114749060206,0.41506138424063604,key_very_low|loudness_high,mode_1
"frozenset({'instrumentalness_high', 'energy_very_low'})",frozenset({'mode_1'}),0.0909450280908971,0.6337522011523856,0.057235951556678925,0.6293466807165438,0.9930485126081913,1.0,-0.00040066017979265706,0.9881141751425333,-0.007641624046037373,0.08575171844433677,-0.012028797032237932,0.35982975279565965,energy_very_low|instrumentalness_high,mode_1
"frozenset({'energy_high', 'key_very_low'})",frozenset({'mode_1'}),0.07817534948909306,0.6337522011523856,0.057235951556678925,0.7321483297578916,1.1552596242294495,1.0,0.007692151742109174,1.367353052219412,0.1457909675145578,0.08742429509816478,0.26865998625822696,0.41123057731633356,energy_high|key_very_low,mode_1
"frozenset({'acousticness_very_high', 'key_very_low'})",frozenset({'energy_very_low'}),0.08005606200361767,0.25050611531043737,0.05722397249607686,0.7147987430794553,2.8534183374870814,1.0,0.03716943939649908,2.6279473407032254,0.706068189564379,0.20935226575510563,0.6194748713144286,0.4716160892137904,acousticness_very_high|key_very_low,energy_very_low
"frozenset({'key_very_low', 'energy_very_low'})",frozenset({'acousticness_very_high'}),0.08169719330610094,0.24975143449250709,0.05722397249607686,0.7004398826979472,2.8045479863658658,1.0,0.0368199812738665,2.504500840313804,0.7006798822249182,0.20867551983225582,0.6007188402960553,0.46478179083815774,energy_very_low|key_very_low,acousticness_very_high
"frozenset({'key_very_low', 'loudness_very_high'})",frozenset({'mode_1'}),0.07766024988320416,0.6337522011523856,0.05721199343547479,0.7366959740860712,1.162435369449601,1.0,0.007994639129949854,1.390969232530219,0.1515028696263279,0.08745330696550209,0.2810768372058331,0.413485497675301,key_very_low|loudness_very_high,mode_1
"frozenset({'key_very_low', 'speechiness_low'})",frozenset({'mode_1'}),0.07967273206435152,0.6337522011523856,0.05710418189005618,0.7167343256653134,1.130937808755594,1.0,0.006611412572449148,1.292948041473186,0.12580098907851095,0.08700651590647757,0.22657371532068735,0.4034196153418713,key_very_low|speechiness_low,mode_1
"frozenset({'acousticness_very_high', 'liveness_low', 'energy_very_low'})",frozenset({'loudness_very_low'}),0.07267696067274404,0.25000299476515053,0.05699637034463757,0.7842426240316467,3.13693291861705,1.0,0.038826912526022495,3.47611293411752,0.7346062307753339,0.21452725551197077,0.7123223500061945,0.5061126871955071,acousticness_very_high|energy_very_low|liveness_low,loudness_very_low
"frozenset({'acousticness_very_high', 'liveness_low', 'loudness_very_low'})",frozenset({'energy_very_low'}),0.0603145701314103,0.25050611531043737,0.05699637034463757,0.9449851042701092,3.772303534782156,1.0,0.04188720168439904,13.623471875133372,0.7820808557892797,0.22455047430270422,0.9265972720342104,0.5862549851878472,acousticness_very_high|liveness_low|loudness_very_low,energy_very_low
"frozenset({'liveness_low', 'energy_very_low', 'loudness_very_low'})",frozenset({'acousticness_very_high'}),0.07145509649133315,0.24975143449250709,0.05699637034463757,0.7976529756915339,3.193787364274237,1.0,0.03915035749412661,3.707732140225513,0.7397511036067922,0.21572361262241568,0.7302933539478456,0.512932679989275,energy_very_low|liveness_low|loudness_very_low,acousticness_very_high
"frozenset({'acousticness_very_high', 'liveness_low'})","frozenset({'energy_very_low', 'loudness_very_low'})",0.08808203260700295,0.17769738497107057,0.05699637034463757,0.6470828233374133,3.641487596695694,1.0,0.04134442348743658,2.3300158490588507,0.7954519816303753,0.2729932870503184,0.5708183700106916,0.4839162262837801,acousticness_very_high|liveness_low,energy_very_low|loudness_very_low
"frozenset({'liveness_low', 'energy_very_low'})","frozenset({'acousticness_very_high', 'loudness_very_low'})",0.09773715545226944,0.15069658237401024,0.05699637034463757,0.583159700943743,3.8697606260002164,1.0,0.04226771504702321,2.0374791486064243,0.8219180118031358,0.29772855265627934,0.5091974312061204,0.48068954840509887,energy_very_low|liveness_low,acousticness_very_high|loudness_very_low
"frozenset({'liveness_low', 'loudness_very_low'})","frozenset({'acousticness_very_high', 'energy_very_low'})",0.08842942536446292,0.17666718575929274,0.05699637034463757,0.6445407748577621,3.648333288876534,1.0,0.04137379262718649,2.3162510803067455,0.7963203895817513,0.2738890168086576,0.5682678754034005,0.4835803955655775,liveness_low|loudness_very_low,acousticness_very_high|energy_very_low
"frozenset({'instrumentalness_high', 'energy_very_low'})",frozenset({'valence_very_low'}),0.0909450280908971,0.2507217384012746,0.05699637034463757,0.6267123287671234,2.499632990594873,1.0,0.0341944748027351,2.0072408475855767,0.6599614857322014,0.20021881838074396,0.5018036818038768,0.42702076065685357,energy_very_low|instrumentalness_high,valence_very_low
"frozenset({'valence_very_low', 'energy_very_low'})",frozenset({'instrumentalness_high'}),0.10502042429832653,0.24979935073491535,0.05699637034463757,0.5427170069579104,2.172611759643188,1.0,0.030762336541010276,1.6405610107525561,0.6030578776009755,0.19137639771538892,0.39045241631014915,0.3854428078955859,energy_very_low|valence_very_low,instrumentalness_high
"frozenset({'energy_low', 'key_very_low'})",frozenset({'mode_1'}),0.07748056397417315,0.6337522011523856,0.05699637034463757,0.735621521335807,1.1607399863829853,1.0,0.007892892379477108,1.385316235641152,0.15011132439556008,0.0871189233726998,0.2781431601881284,0.4127781550540674,energy_low|key_very_low,mode_1
"frozenset({'key_very_low', 'duration_ms_high'})",frozenset({'mode_1'}),0.07758837551959176,0.6337522011523856,0.05696043316283137,0.7341361741547012,1.1583962514367319,1.0,0.0077886293934522205,1.377576651066201,0.1482391747455123,0.08704486792245593,0.27408758037091335,0.4120071287558309,duration_ms_high|key_very_low,mode_1
"frozenset({'duration_ms_very_high', 'key_very_low'})",frozenset({'mode_1'}),0.077276919943938,0.6337522011523856,0.05680470537500449,0.7350798325840955,1.1598852536487612,1.0,0.007830287262257096,1.3824836456208076,0.14939016243842554,0.08682755337459258,0.2766641376426934,0.4123560962372325,duration_ms_very_high|key_very_low,mode_1
"frozenset({'speechiness_very_low', 'danceability_low'})",frozenset({'mode_1'}),0.07732483618634627,0.6337522011523856,0.056780747253800355,0.7343144848954298,1.158677608630292,1.0,0.007775962116955769,1.3785011904147815,0.1484240240096133,0.08678139875503478,0.2745744385617056,0.41195452058777726,danceability_low|speechiness_very_low,mode_1
"frozenset({'key_very_low', 'valence_high'})",frozenset({'mode_1'}),0.07617484636854778,0.6337522011523856,0.05676876819319829,0.7452429627299889,1.1759216952223182,1.0,0.008492791634686324,1.4376356499209748,0.16193891138158772,0.08691425951398442,0.30441346522328594,0.41740930860249564,key_very_low|valence_high,mode_1
"frozenset({'acousticness_low', 'key_very_low'})",frozenset({'mode_1'}),0.07732483618634627,0.6337522011523856,0.05676876819319829,0.7341595662277305,1.1584331618774164,1.0,0.0077639830563537016,1.3776978680427454,0.1482266445996602,0.0867615019864155,0.27415144989614426,0.41186761035136643,acousticness_low|key_very_low,mode_1
"frozenset({'key_very_low', 'liveness_high'})",frozenset({'mode_1'}),0.07708525497430492,0.6337522011523856,0.05675678913259622,0.7362859362859362,1.1617883692508018,1.0,0.007903839116237592,1.3888064735323498,0.15088938504416086,0.08677337826453242,0.2799572733438107,0.41292134447790807,key_very_low|liveness_high,mode_1
"frozenset({'tempo_very_low', 'acousticness_very_high', 'energy_very_low'})",frozenset({'loudness_very_low'}),0.07104780843086285,0.25000299476515053,0.05675678913259622,0.798853481706289,3.1953756492266074,1.0,0.038994624253379795,3.728610425857412,0.739594304129897,0.2147486742510085,0.7318035713612947,0.5129389593485925,acousticness_very_high|energy_very_low|tempo_very_low,loudness_very_low
"frozenset({'tempo_very_low', 'acousticness_very_high', 'loudness_very_low'})",frozenset({'energy_very_low'}),0.06323746091831478,0.25050611531043737,0.05675678913259622,0.8975184694070847,3.5828205961951998,1.0,0.040915418455853586,7.3134532666842915,0.7695549990877479,0.22085489208968442,0.8632656881044962,0.562043473418156,acousticness_very_high|loudness_very_low|tempo_very_low,energy_very_low
"frozenset({'tempo_very_low', 'energy_very_low', 'loudness_very_low'})",frozenset({'acousticness_very_high'}),0.07105978749146492,0.24975143449250709,0.05675678913259622,0.7987188132164531,3.198054957479797,1.0,0.039009505271870144,3.7273655700087494,0.739886087029572,0.21494351948464369,0.7317139998163227,0.5129859594404966,energy_very_low|loudness_very_low|tempo_very_low,acousticness_very_high
"frozenset({'tempo_very_low', 'acousticness_very_high'})","frozenset({'energy_very_low', 'loudness_very_low'})",0.0950897830592125,0.17769738497107057,0.05675678913259622,0.5968757873519779,3.3589452509340543,1.0,0.03985958334550775,2.0398244244061385,0.7760852770645338,0.26272596207164245,0.5097617284923266,0.4581385812855346,acousticness_very_high|tempo_very_low,energy_very_low|loudness_very_low
"frozenset({'tempo_very_low', 'energy_very_low'})","frozenset({'acousticness_very_high', 'loudness_very_low'})",0.09522155272583524,0.15069658237401024,0.05675678913259622,0.5960498175871178,3.955297513700716,1.0,0.04240722656846623,2.1024954427620655,0.8258093684047393,0.300044329048192,0.5243747122294392,0.4863396941671678,energy_very_low|tempo_very_low,acousticness_very_high|loudness_very_low
"frozenset({'tempo_very_low', 'loudness_very_low'})","frozenset({'acousticness_very_high', 'energy_very_low'})",0.08793828387977815,0.17666718575929274,0.05675678913259622,0.6454161558370795,3.6532882609929183,1.0,0.04122097999905404,2.3219693389708156,0.7962991784230056,0.2730678347069333,0.569331091838087,0.48334002801346787,loudness_very_low|tempo_very_low,acousticness_very_high|energy_very_low
"frozenset({'speechiness_very_low', 'liveness_low'})",frozenset({'mode_1'}),0.07770816612561243,0.6337522011523856,0.05674481007199415,0.7302296901495298,1.1522321955201322,1.0,0.007497088742372024,1.3576282692139852,0.1432511580453552,0.08667093587046017,0.26342134833494457,0.4098837705071437,liveness_low|speechiness_very_low,mode_1
"frozenset({'speechiness_high', 'key_very_low'})",frozenset({'mode_1'}),0.07719306651972352,0.6337522011523856,0.056696893829585884,0.734481688392303,1.1589414396616777,1.0,0.007775618009008584,1.3793692669631956,0.14861573769134864,0.08665958693423173,0.2750309696245523,0.4119719660182855,key_very_low|speechiness_high,mode_1
"frozenset({'speechiness_very_high', 'danceability_very_high'})",frozenset({'instrumentalness_low'}),0.08687214748619414,0.5000539057727093,0.056493249799350734,0.6503033645890788,1.3004665238724538,1.0,0.01305249314601651,1.4296565754480723,0.25302610224073707,0.10650406504065044,0.3005313183786201,0.3816388421258924,danceability_very_high|speechiness_very_high,instrumentalness_low
"frozenset({'energy_low', 'loudness_high'})",frozenset({'instrumentalness_low'}),0.07503683561135135,0.5000539057727093,0.056349501072125927,0.7509578544061304,1.5017538024139845,1.0,0.018827038347844965,2.0074758552818914,0.361216428551606,0.10862737853316093,0.5018620037850572,0.43182235380329514,energy_low|loudness_high,instrumentalness_low
"frozenset({'acousticness_high', 'key_very_low'})",frozenset({'mode_1'}),0.07756441739838763,0.6337522011523856,0.05630158482971765,0.7258687258687258,1.145351013454217,1.0,0.0071449645723871,1.3360307028384801,0.13757623256929447,0.08595464520848574,0.2515142070646745,0.4073536049719775,acousticness_high|key_very_low,mode_1
"frozenset({'acousticness_very_high', 'duration_ms_very_low', 'energy_very_low'})",frozenset({'loudness_very_low'}),0.06975406988583956,0.25000299476515053,0.05618179422369698,0.8054267559677142,3.221668431309478,1.0,0.03874306785517949,3.854574193718029,0.7413113061310469,0.21315275189746852,0.7405679720396239,0.5150756204371393,acousticness_very_high|duration_ms_very_low|energy_very_low,loudness_very_low
"frozenset({'acousticness_very_high', 'duration_ms_very_low', 'loudness_very_low'})",frozenset({'energy_very_low'}),0.06259059164580313,0.25050611531043737,0.05618179422369698,0.8976076555023924,3.5831766198204003,1.0,0.04050246825552492,7.319823453276575,0.7690535434798377,0.21867860306802817,0.8633846831985587,0.5609404000541801,acousticness_very_high|duration_ms_very_low|loudness_very_low,energy_very_low
"frozenset({'duration_ms_very_low', 'energy_very_low', 'loudness_very_low'})",frozenset({'acousticness_very_high'}),0.06967021646162508,0.24975143449250709,0.05618179422369698,0.8063961485557084,3.228794862357043,1.0,0.038781557721002634,3.8751737628699634,0.7419808896603106,0.21342434584755404,0.7419470554890946,0.5156734927631532,duration_ms_very_low|energy_very_low|loudness_very_low,acousticness_very_high
"frozenset({'acousticness_very_high', 'duration_ms_very_low'})","frozenset({'energy_very_low', 'loudness_very_low'})",0.09307730087806514,0.17769738497107057,0.05618179422369698,0.6036036036036037,3.3968063384943528,1.0,0.039642201257499274,2.074445233368436,0.7780220139840233,0.2618064083956682,0.5179434077532993,0.4598845845980807,acousticness_very_high|duration_ms_very_low,energy_very_low|loudness_very_low
"frozenset({'duration_ms_very_low', 'energy_very_low'})","frozenset({'acousticness_very_high', 'loudness_very_low'})",0.09183147857545011,0.15069658237401024,0.05618179422369698,0.611792329767806,4.05976247191468,1.0,0.0423431042480245,2.1877553761830772,0.829890216070588,0.30149138596040115,0.5429105050379649,0.49230316011442765,duration_ms_very_low|energy_very_low,acousticness_very_high|loudness_very_low
"frozenset({'duration_ms_very_low', 'loudness_very_low'})","frozenset({'acousticness_very_high', 'energy_very_low'})",0.08753099581930784,0.17666718575929274,0.05618179422369698,0.6418502805528945,3.633104120577372,1.0,0.04071793952559144,2.2988509261203087,0.7942771476560677,0.2700835012957098,0.5650000664951053,0.4799297510711313,duration_ms_very_low|loudness_very_low,acousticness_very_high|energy_very_low
"frozenset({'mode_0', 'energy_very_low'})",frozenset({'loudness_very_low'}),0.07668994597443668,0.25000299476515053,0.056145857041890776,0.732114964073727,2.9284247765170415,1.0,0.036973140879904005,2.79969727551808,0.7132159802768477,0.20752711976975868,0.6428185258654612,0.47834785098751037,energy_very_low|mode_0,loudness_very_low
"frozenset({'mode_0', 'loudness_very_low'})",frozenset({'energy_very_low'}),0.08472789563842403,0.25050611531043737,0.056145857041890776,0.6626608228474481,2.645288008343636,1.0,0.03492100104708102,2.22178132707849,0.6795458163008354,0.2011760666151601,0.5499107010162245,0.4433952545759811,loudness_very_low|mode_0,energy_very_low
"frozenset({'acousticness_high', 'mode_0'})",frozenset({'instrumentalness_low'}),0.0908012793636723,0.5000539057727093,0.05609794079948251,0.6178100263852243,1.23548685302348,1.0,0.010692406404519267,1.3081088692588416,0.2096378618767324,0.10490356398826192,0.23553763490145307,0.3649969066383768,acousticness_high|mode_0,instrumentalness_low
"frozenset({'valence_very_high', 'duration_ms_very_low'})",frozenset({'mode_1'}),0.07786389391343931,0.6337522011523856,0.05601408737526803,0.7193846153846153,1.13511971094778,1.0,0.006667673217330021,1.3051593708933622,0.1290868536008025,0.08543916388020976,0.23381004473383596,0.40388472806845355,duration_ms_very_low|valence_very_high,mode_1
"frozenset({'acousticness_very_high', 'mode_1', 'danceability_very_low'})",frozenset({'energy_very_low'}),0.06490255034200218,0.25050611531043737,0.055858359587441155,0.8606496862310816,3.4356434179841457,1.0,0.03959987382752609,5.378487241388148,0.7581388500609604,0.21521207366040526,0.8140741150588082,0.541815853061983,acousticness_very_high|danceability_very_low|mode_1,energy_very_low
"frozenset({'acousticness_very_high', 'danceability_very_low', 'energy_very_low'})",frozenset({'mode_1'}),0.08061907785191486,0.6337522011523856,0.055858359587441155,0.6928677563150074,1.093278658527937,1.0,0.004765841543914573,1.1924759004569156,0.09280170036157898,0.08482500181910792,0.16140862920849428,0.3905034368003541,acousticness_very_high|danceability_very_low|energy_very_low,mode_1
"frozenset({'mode_1', 'energy_very_low', 'danceability_very_low'})",frozenset({'acousticness_very_high'}),0.06849626852262246,0.24975143449250709,0.055858359587441155,0.8154949282966072,3.2652262036199566,1.0,0.038751318266532234,4.066276111442506,0.744755475326123,0.21288349159970785,0.754074742444076,0.5195753695634314,danceability_very_low|energy_very_low|mode_1,acousticness_very_high
"frozenset({'acousticness_very_high', 'danceability_very_low'})","frozenset({'mode_1', 'energy_very_low'})",0.09410750008984295,0.17381616933600066,0.055858359587441155,0.5935590631364562,3.414866783705598,1.0,0.039500954416037314,2.0327278965538302,0.7806255246273694,0.26340168333050895,0.5080502404205981,0.45746181964541627,acousticness_very_high|danceability_very_low,energy_very_low|mode_1
"frozenset({'danceability_very_low', 'energy_very_low'})","frozenset({'acousticness_very_high', 'mode_1'})",0.09933037051234442,0.17489428479018676,0.055858359587441155,0.5623492522913652,3.2153666597281423,1.0,0.03848604547874042,1.8853063076659609,0.7649791399658401,0.25580119589664824,0.469582212750343,0.44086640696760043,danceability_very_low|energy_very_low,acousticness_very_high|mode_1
"frozenset({'loudness_very_low', 'instrumentalness_low'})",frozenset({'mode_1'}),0.07673786221684495,0.6337522011523856,0.055810443345032885,0.7272869185138934,1.1475887850037105,1.0,0.007177654253378914,1.342978477056565,0.13929708756808784,0.08524848129986094,0.25538642868520006,0.40767521428955233,instrumentalness_low|loudness_very_low,mode_1
"frozenset({'instrumentalness_medium', 'key_very_low'})",frozenset({'mode_1'}),0.07571964206566921,0.6337522011523856,0.05572658992081841,0.7359595000791014,1.1612732843229052,1.0,0.0077391000912297725,1.387089476642163,0.1502533873330727,0.08524205665701616,0.2790659745896286,0.41194534875422795,instrumentalness_medium|key_very_low,mode_1
"frozenset({'duration_ms_very_high', 'valence_very_low'})",frozenset({'mode_1'}),0.09054971909102888,0.6337522011523856,0.055439092466368786,0.6122502976584204,0.966072064988702,1.0,-0.0019469913213009601,0.9445469503545265,-0.03718038407052468,0.08288559352389141,-0.05870862176269772,0.34986392588241877,duration_ms_very_high|valence_very_low,mode_1
"frozenset({'acousticness_very_high', 'speechiness_low'})",frozenset({'loudness_very_low'}),0.07927742306448328,0.25000299476515053,0.055403155284562584,0.6988516168026594,2.7953729812682893,1.0,0.03558356210117795,2.490456688732681,0.6975673249393342,0.2022919126973713,0.5984672190750404,0.46023079163084574,acousticness_very_high|speechiness_low,loudness_very_low
"frozenset({'loudness_very_low', 'speechiness_low'})",frozenset({'acousticness_very_high'}),0.08105032403358929,0.24975143449250709,0.055403155284562584,0.683564883239728,2.7369808090541157,1.0,0.03516072059109114,2.370939651669171,0.6906078951345856,0.20117442366246194,0.5782262955128413,0.45269903234363973,loudness_very_low|speechiness_low,acousticness_very_high
"frozenset({'energy_very_high', 'tempo_very_high'})",frozenset({'mode_1'}),0.08962733142466968,0.6337522011523856,0.05537919716335845,0.6178829190056134,0.9749597995590135,1.0,-0.0014223214104403387,0.9584701052738197,-0.027437798855275055,0.08290294813858404,-0.0433293584199122,0.3526329820432093,energy_very_high|tempo_very_high,mode_1
"frozenset({'acousticness_very_low', 'tempo_very_high'})",frozenset({'energy_very_high'}),0.07937325554929982,0.2486014446747086,0.05536721810275638,0.697555086024751,2.805917266239107,1.0,0.035634912104665614,2.484414584623444,0.6991001602113355,0.20310234213648545,0.5974906900848164,0.4601349371240702,acousticness_very_low|tempo_very_high,energy_very_high
"frozenset({'energy_very_high', 'tempo_very_high'})",frozenset({'acousticness_very_low'}),0.08962733142466968,0.2504581990680291,0.05536721810275638,0.6177492649024325,2.466476510655738,1.0,0.032919318086860244,1.9608642498507018,0.6530988461038741,0.1944631437226523,0.49002079053859077,0.41940648628706856,energy_very_high|tempo_very_high,acousticness_very_low
"frozenset({'acousticness_high', 'loudness_high'})",frozenset({'instrumentalness_low'}),0.07129936870350627,0.5000539057727093,0.05529534373914398,0.7755376344086022,1.5509080630221281,1.0,0.019641815939827202,2.227304755120386,0.3824875770344359,0.10714948932219129,0.5510268643295965,0.4430582001096288,acousticness_high|loudness_high,instrumentalness_low
"frozenset({'valence_very_high', 'acousticness_high'})",frozenset({'mode_1'}),0.08494351872926126,0.6337522011523856,0.05525940655733777,0.6505429417571569,1.0264941732340176,1.0,0.0014262645890395567,1.0480480797532015,0.028206290972141747,0.08329270714840294,0.045845301071030936,0.3688684843933691,acousticness_high|valence_very_high,mode_1
"frozenset({'speechiness_very_low', 'duration_ms_high'})",frozenset({'mode_1'}),0.07692952718647804,0.6337522011523856,0.05507972064830676,0.7159763313609467,1.129741766670078,1.0,0.006325463460264011,1.2894974584426422,0.124413000272311,0.08401395969230208,0.2245040938601581,0.4014434156568461,duration_ms_high|speechiness_very_low,mode_1
"frozenset({'tempo_very_low', 'danceability_very_low'})",frozenset({'mode_1'}),0.08278728782088908,0.6337522011523856,0.05505576252710263,0.6650267689191145,1.0493482590038514,1.0,0.002589136643178086,1.0933643791947574,0.05127222021866,0.08323071350959799,0.08539182451098187,0.3759497326308076,danceability_very_low|tempo_very_low,mode_1
"frozenset({'mode_0', 'loudness_very_high'})",frozenset({'instrumentalness_low'}),0.09616789851339858,0.5000539057727093,0.05504378346650056,0.5723716990533134,1.1446199948560645,1.0,0.006954650204922079,1.1691136744703439,0.13979101282128378,0.10171104765699361,0.14465118162864635,0.3412236992775191,loudness_very_high|mode_0,instrumentalness_low
"frozenset({'speechiness_very_low', 'danceability_high'})",frozenset({'mode_1'}),0.07700140155009044,0.6337522011523856,0.05492399286047988,0.7132856253889235,1.1254960915195529,1.0,0.0061241851362913435,1.2773960124755646,0.12080507172188787,0.0837473515014247,0.21715741224052934,0.39997520093753897,danceability_high|speechiness_very_low,mode_1
"frozenset({'valence_very_low', 'mode_1', 'energy_very_low'})",frozenset({'loudness_very_low'}),0.0699936510978809,0.25000299476515053,0.054900034739275745,0.7843573506760226,3.1373918196973496,1.0,0.037401412350258456,3.477962302847005,0.7325368383270933,0.20709444193402618,0.7124753194761726,0.5019774295306323,energy_very_low|mode_1|valence_very_low,loudness_very_low
"frozenset({'valence_very_low', 'energy_very_low', 'loudness_very_low'})",frozenset({'mode_1'}),0.08420081697193306,0.6337522011523856,0.054900034739275745,0.6520130886328069,1.028813923560686,1.0,0.001537581644484018,1.0524757882665092,0.03058195991755579,0.08279886542248559,0.04985937809832181,0.36932003075435826,energy_very_low|loudness_very_low|valence_very_low,mode_1
"frozenset({'mode_1', 'valence_very_low', 'loudness_very_low'})",frozenset({'energy_very_low'}),0.06590879143257586,0.25050611531043737,0.054900034739275745,0.8329698291530352,3.325147684002784,1.0,0.03838947943269533,4.487176663288326,0.7486008556359112,0.20993083230268883,0.7771427168933499,0.5260631471702437,loudness_very_low|mode_1|valence_very_low,energy_very_low
"frozenset({'valence_very_low', 'energy_very_low'})","frozenset({'mode_1', 'loudness_very_low'})",0.10502042429832653,0.16527509912672647,0.054900034739275745,0.5227557887532793,3.1629434289581075,1.0,0.037542773703038955,1.7490519134694047,0.7640831315197483,0.2548801512707858,0.42826168148639543,0.4274647248470318,energy_very_low|valence_very_low,loudness_very_low|mode_1
"frozenset({'valence_very_low', 'loudness_very_low'})","frozenset({'mode_1', 'energy_very_low'})",0.10355897890487428,0.17381616933600066,0.054900034739275745,0.5301330248698669,3.049963803109002,1.0,0.0368998097256828,1.7583356021886445,0.7497729806930123,0.24676933017445615,0.4312803546972063,0.4229920810083311,loudness_very_low|valence_very_low,energy_very_low|mode_1
"frozenset({'acousticness_very_high', 'danceability_very_low', 'energy_very_low'})",frozenset({'valence_very_low'}),0.08061907785191486,0.2507217384012746,0.054900034739275745,0.6809806835066864,2.716081532654308,1.0,0.03468707939193596,2.348692454848356,0.687226072156166,0.19859600467998437,0.574231186405133,0.44997433601994613,acousticness_very_high|danceability_very_low|energy_very_low,valence_very_low
"frozenset({'valence_very_low', 'acousticness_very_high', 'energy_very_low'})",frozenset({'danceability_very_low'}),0.07800764264066412,0.2516321470070317,0.054900034739275745,0.7037776412776412,2.796851076655061,1.0,0.03527080413864816,2.526371932965375,0.6968116786811567,0.1998255940701984,0.6041754632595876,0.46097670029225296,acousticness_very_high|energy_very_low|valence_very_low,danceability_very_low
"frozenset({'valence_very_low', 'danceability_very_low', 'energy_very_low'})",frozenset({'acousticness_very_high'}),0.06764575521987566,0.24975143449250709,0.054900034739275745,0.8115813706392775,3.249556393093014,1.0,0.0380054103357828,3.981817339681214,0.742492129105479,0.20914525624058777,0.7488583943732438,0.5157000334898147,danceability_very_low|energy_very_low|valence_very_low,acousticness_very_high
"frozenset({'acousticness_very_high', 'danceability_very_low', 'valence_very_low'})",frozenset({'energy_very_low'}),0.05940416152565316,0.25050611531043737,0.054900034739275745,0.9241782617463198,3.6892443148585032,1.0,0.04001892900221063,9.884947271743457,0.7749787415651256,0.2152856069146937,0.8988360815177493,0.571667363466886,acousticness_very_high|danceability_very_low|valence_very_low,energy_very_low
"frozenset({'danceability_very_low', 'energy_very_low'})","frozenset({'acousticness_very_high', 'valence_very_low'})",0.09933037051234442,0.08774661891014507,0.054900034739275745,0.5527013989387362,6.298834140888294,1.0,0.046184130571725546,2.039472913452973,0.934016685101513,0.41535254667391697,0.509677234052141,0.5891834639744875,danceability_very_low|energy_very_low,acousticness_very_high|valence_very_low
"frozenset({'valence_very_low', 'energy_very_low'})","frozenset({'acousticness_very_high', 'danceability_very_low'})",0.10502042429832653,0.09410750008984295,0.054900034739275745,0.5227557887532793,5.554879135607816,1.0,0.04501682515018564,1.898173887837559,0.9161975352142541,0.3806478405315614,0.4731778756375046,0.5530657762503668,energy_very_low|valence_very_low,acousticness_very_high|danceability_very_low
"frozenset({'acousticness_very_high', 'danceability_very_low'})","frozenset({'valence_very_low', 'energy_very_low'})",0.09410750008984295,0.10502042429832653,0.054900034739275745,0.5833757637474541,5.554879135607816,1.0,0.04501682515018564,2.1481697362396415,0.9051604703718095,0.3806478405315614,0.5344874368491505,0.5530657762503668,acousticness_very_high|danceability_very_low,energy_very_low|valence_very_low
"frozenset({'acousticness_very_high', 'valence_very_low'})","frozenset({'danceability_very_low', 'energy_very_low'})",0.08774661891014507,0.09933037051234442,0.054900034739275745,0.6256655290102389,6.298834140888294,1.0,0.046184130571725546,2.4060558118151265,0.922156584062918,0.41535254667391697,0.5843820433884279,0.5891834639744875,acousticness_very_high|valence_very_low,danceability_very_low|energy_very_low
"frozenset({'energy_very_low', 'instrumentalness_low'})",frozenset({'loudness_very_low'}),0.10372668575330322,0.25000299476515053,0.05486409755746954,0.5289294375793971,2.1156924063100377,1.0,0.028932115482080065,1.5921118088572104,0.5883713051060537,0.18357449196360576,0.37190340877015277,0.37419159947968417,energy_very_low|instrumentalness_low,loudness_very_low
"frozenset({'loudness_very_low', 'instrumentalness_low'})",frozenset({'energy_very_low'}),0.07673786221684495,0.25050611531043737,0.05486409755746954,0.7149547299406807,2.8540410243266106,1.0,0.03564079379630013,2.6293854465067574,0.7036134007134506,0.20142492743425106,0.6196829942416622,0.46698386841333955,instrumentalness_low|loudness_very_low,energy_very_low
"frozenset({'acousticness_very_low', 'speechiness_high'})",frozenset({'energy_very_high'}),0.08390134045688137,0.2486014446747086,0.05484013943626541,0.6536264991433467,2.629214403796436,1.0,0.033982144988540124,2.1693303715986567,0.6764099547404039,0.1975063635187023,0.5390282581702553,0.43711055598520393,acousticness_very_low|speechiness_high,energy_very_high
"frozenset({'energy_very_high', 'speechiness_high'})",frozenset({'acousticness_very_low'}),0.08767474454653267,0.2504581990680291,0.05484013943626541,0.6254952862412898,2.497403912384572,1.0,0.03288128081339133,2.00142153995662,0.657204424200873,0.19358112393758722,0.5003551325715847,0.4222272681445592,energy_very_high|speechiness_high,acousticness_very_low
"frozenset({'acousticness_very_high', 'speechiness_low'})",frozenset({'mode_1'}),0.07927742306448328,0.6337522011523856,0.05466045352723439,0.6894832275611967,1.0879381977805715,1.0,0.004418212158429212,1.179478312785164,0.08778989772951908,0.08302401746724891,0.1521675395297031,0.3878660821673293,acousticness_very_high|speechiness_low,mode_1
"frozenset({'acousticness_very_low', 'instrumentalness_high'})",frozenset({'mode_1'}),0.09441895566549671,0.6337522011523856,0.05458857916362199,0.5781527531083481,0.9122694202198619,1.0,-0.00524964181989606,0.8682000452682396,-0.09599955165194429,0.08104214831940246,-0.15180827903670457,0.33214413952553784,acousticness_very_low|instrumentalness_high,mode_1
"frozenset({'energy_high', 'acousticness_low'})",frozenset({'mode_1'}),0.09292157309023827,0.6337522011523856,0.05458857916362199,0.5874693824932319,0.9269701650345431,1.0,-0.004300672316858795,0.8878075548940452,-0.07991320052220345,0.08122270742358079,-0.12637023022331048,0.3368024542179797,acousticness_low|energy_high,mode_1
"frozenset({'acousticness_very_low', 'energy_very_high', 'mode_1'})",frozenset({'loudness_very_high'}),0.0891002527581787,0.2499430994621402,0.054480767618203384,0.611454692121538,2.446375568828846,1.0,0.0322107742809641,1.9304232616611074,0.649063765385005,0.19145443064617973,0.4819788904017292,0.41471368682281073,acousticness_very_low|energy_very_high|mode_1,loudness_very_high
"frozenset({'acousticness_very_low', 'energy_very_high', 'loudness_very_high'})",frozenset({'mode_1'}),0.08868098563710634,0.6337522011523856,0.054480767618203384,0.6143455355936782,0.969378148867303,1.0,-0.001721002229675854,0.949678618167737,-0.033501851524605164,0.08156384505021522,-0.05298780120937186,0.3501554726451521,acousticness_very_low|energy_very_high|loudness_very_high,mode_1
"frozenset({'acousticness_very_low', 'mode_1', 'loudness_very_high'})",frozenset({'energy_very_high'}),0.06650774446267924,0.2486014446747086,0.054480767618203384,0.8191642651296831,3.2950905261292736,1.0,0.03794684626272497,4.155144202356594,0.7461424528079461,0.20903617226639704,0.7593344655925902,0.5191566519114421,acousticness_very_low|loudness_very_high|mode_1,energy_very_high
"frozenset({'energy_very_high', 'mode_1', 'loudness_very_high'})",frozenset({'acousticness_very_low'}),0.09324500772649409,0.2504581990680291,0.054480767618203384,0.5842754367934224,2.3328261520986278,1.0,0.031126790910941216,1.8029769401898832,0.6300879513285361,0.18836978131212725,0.4453617360770662,0.40089991468521324,energy_very_high|loudness_very_high|mode_1,acousticness_very_low
"frozenset({'speechiness_very_high', 'loudness_very_high'})",frozenset({'mode_1'}),0.09169970890882737,0.6337522011523856,0.05442087231519304,0.5934683213585892,0.9364359134050405,1.0,-0.003694020050809328,0.900908386946815,-0.06953513091489877,0.08110038024171233,-0.10999077651947187,0.33966961101480164,loudness_very_high|speechiness_very_high,mode_1
"frozenset({'mode_0', 'energy_high'})",frozenset({'instrumentalness_low'}),0.10028869536050983,0.5000539057727093,0.05437295607278477,0.5421643573817487,1.0842118242111682,1.0,0.004223202252912443,1.0919772243336494,0.08632881083192138,0.09958970533383066,0.08422998418284429,0.3254492733631626,energy_high|mode_0,instrumentalness_low
"frozenset({'mode_1', 'energy_very_low', 'danceability_very_low'})",frozenset({'loudness_very_low'}),0.06849626852262246,0.25000299476515053,0.054145353921345486,0.7904861839804127,3.1619068592477655,1.0,0.037021081660451954,3.579701899777019,0.734012249696796,0.20482146093891607,0.7206471298455633,0.5035325026274847,danceability_very_low|energy_very_low|mode_1,loudness_very_low
"frozenset({'mode_1', 'danceability_very_low', 'loudness_very_low'})",frozenset({'energy_very_low'}),0.06395620455443884,0.25050611531043737,0.054145353921345486,0.846600486982581,3.3795601593735114,1.0,0.03812393356841331,4.885894811181409,0.752212140224829,0.20799779117389902,0.7953291999427634,0.5313721639197526,danceability_very_low|loudness_very_low|mode_1,energy_very_low
"frozenset({'danceability_very_low', 'energy_very_low', 'loudness_very_low'})",frozenset({'mode_1'}),0.07985241797338252,0.6337522011523856,0.054145353921345486,0.6780678067806781,1.0699257620686935,1.0,0.003538708263373991,1.1376550918537736,0.07102742564432711,0.0821056838204574,0.12099896782377936,0.38175198296693863,danceability_very_low|energy_very_low|loudness_very_low,mode_1
"frozenset({'danceability_very_low', 'energy_very_low'})","frozenset({'mode_1', 'loudness_very_low'})",0.09933037051234442,0.16527509912672647,0.054145353921345486,0.5451037144235408,3.2981599605974314,1.0,0.03772851708862329,1.834978493648246,0.7736473107582734,0.25727133018384657,0.4550344848936994,0.4363555826593315,danceability_very_low|energy_very_low,loudness_very_low|mode_1
"frozenset({'danceability_very_low', 'loudness_very_low'})","frozenset({'mode_1', 'energy_very_low'})",0.09570071514991794,0.17381616933600066,0.054145353921345486,0.5657779446739266,3.255036322772896,1.0,0.037511022211270985,1.9026758786897349,0.76610009296197,0.2514044162634184,0.47442440869716423,0.43864362430112597,danceability_very_low|loudness_very_low,energy_very_low|mode_1
"frozenset({'tempo_very_high', 'loudness_very_high'})",frozenset({'mode_1'}),0.08696797997101068,0.6337522011523856,0.05407347955773308,0.621763085399449,0.9810823288169475,1.0,-0.001042669178671518,0.96830262914555,-0.020682345765522386,0.08111264846992866,-0.032734983775083215,0.3535429168609569,loudness_very_high|tempo_very_high,mode_1
"frozenset({'valence_very_high', 'loudness_very_high'})",frozenset({'instrumentalness_low'}),0.07379101330873633,0.5000539057727093,0.053857856466895865,0.7298701298701299,1.4595828998521603,1.0,0.016958372050936296,1.8507619834375668,0.3399586562836526,0.10357537781054184,0.459682007222441,0.4187871155291623,loudness_very_high|valence_very_high,instrumentalness_low
"frozenset({'valence_very_low', 'instrumentalness_high', 'energy_very_low'})",frozenset({'loudness_very_low'}),0.05699637034463757,0.25000299476515053,0.05379796116388553,0.9438839848675914,3.775490712638316,1.0,0.03954869788698252,13.365115171937873,0.7795662122804231,0.21247102237782087,0.9251783477257529,0.5795366258789323,energy_very_low|instrumentalness_high|valence_very_low,loudness_very_low
"frozenset({'instrumentalness_high', 'energy_very_low', 'loudness_very_low'})",frozenset({'valence_very_low'}),0.08243989506342912,0.2507217384012746,0.05379796116388553,0.6525719267654752,2.602773620375303,1.0,0.03312848735996392,2.156642825730836,0.6711216777109884,0.1925732172719866,0.5363163579666357,0.4335721554515383,energy_very_low|instrumentalness_high|loudness_very_low,valence_very_low
"frozenset({'valence_very_low', 'energy_very_low', 'loudness_very_low'})",frozenset({'instrumentalness_high'}),0.08420081697193306,0.24979935073491535,0.05379796116388553,0.6389244558258643,2.557750666469445,1.0,0.03276465175294721,2.0776833584256424,0.6650273208287079,0.19199692189303577,0.5186947058392254,0.4271445757765489,energy_very_low|loudness_very_low|valence_very_low,instrumentalness_high
"frozenset({'instrumentalness_high', 'valence_very_low', 'loudness_very_low'})",frozenset({'energy_very_low'}),0.0687358497346638,0.25050611531043737,0.05379796116388553,0.7826768909027536,3.124382372593294,1.0,0.03657921046429294,3.448753737248365,0.730122320565604,0.2026716007040029,0.7100401837337728,0.49871698408947934,instrumentalness_high|loudness_very_low|valence_very_low,energy_very_low
"frozenset({'instrumentalness_high', 'energy_very_low'})","frozenset({'valence_very_low', 'loudness_very_low'})",0.0909450280908971,0.10355897890487428,0.05379796116388553,0.5915437302423604,5.712143326420128,1.0,0.044379786918317114,2.1947050087565927,0.9074636740959147,0.3823429252511493,0.5443578995764226,0.5555173827614347,energy_very_low|instrumentalness_high,loudness_very_low|valence_very_low
"frozenset({'valence_very_low', 'energy_very_low'})","frozenset({'instrumentalness_high', 'loudness_very_low'})",0.10502042429832653,0.1159692856886163,0.05379796116388553,0.5122618911828447,4.417220371248083,1.0,0.0416188175752932,1.8125110552778063,0.8643921136344145,0.3217740202049151,0.4482792272697457,0.48808012439526494,energy_very_low|valence_very_low,instrumentalness_high|loudness_very_low
"frozenset({'valence_very_low', 'loudness_very_low'})","frozenset({'instrumentalness_high', 'energy_very_low'})",0.10355897890487428,0.0909450280908971,0.05379796116388553,0.519491035280509,5.7121433264201285,1.0,0.044379786918317114,1.8918585055739516,0.9202327262489868,0.3823429252511493,0.47141924353554115,0.5555173827614347,loudness_very_low|valence_very_low,energy_very_low|instrumentalness_high
"frozenset({'acousticness_very_low', 'instrumentalness_high'})",frozenset({'energy_very_high'}),0.09441895566549671,0.2486014446747086,0.05373806586087519,0.5691448870844963,2.2893868852178803,1.0,0.030265377077755447,1.743970380763824,0.6219231667302917,0.18576338564743883,0.42659576617234746,0.39265320295052647,acousticness_very_low|instrumentalness_high,energy_very_high
"frozenset({'energy_very_high', 'instrumentalness_high'})",frozenset({'acousticness_very_low'}),0.07031708573413673,0.2504581990680291,0.05373806586087519,0.7642248722316866,3.0513070647134573,1.0,0.03612657520419111,3.1790537366117557,0.7231192311479978,0.20123811232729236,0.6854409887812078,0.4893919463511599,energy_very_high|instrumentalness_high,acousticness_very_low
"frozenset({'acousticness_very_low', 'liveness_very_high'})",frozenset({'energy_very_high'}),0.07551599803543406,0.2486014446747086,0.05351046370943591,0.7085977157360407,2.850336274848405,1.0,0.034737077501774544,2.5785609650357313,0.702190845018383,0.19774236387782207,0.6121867919511677,0.4619218521339096,acousticness_very_low|liveness_very_high,energy_very_high
"frozenset({'energy_very_high', 'liveness_very_high'})",frozenset({'acousticness_very_low'}),0.096419458786042,0.2504581990680291,0.05351046370943591,0.5549757733879985,2.2158419067656747,1.0,0.029361419706769774,1.6842719027642197,0.6072555138762521,0.18240097999183338,0.40627163680709477,0.3843130253968881,energy_very_high|liveness_very_high,acousticness_very_low
"frozenset({'acousticness_high', 'danceability_very_high'})",frozenset({'instrumentalness_low'}),0.08082272188215,0.5000539057727093,0.053318798739802824,0.6597006076774863,1.3192589840050997,1.0,0.012903080987452298,1.4691360181844646,0.2632775250703201,0.10106721162579474,0.31932783103651324,0.3831633548161291,acousticness_high|danceability_very_high,instrumentalness_low
"frozenset({'valence_very_high', 'danceability_high'})",frozenset({'mode_1'}),0.08008002012482181,0.6337522011523856,0.053270882497394555,0.6652206432311145,1.0496541740155034,1.0,0.0025199934749613948,1.0939975582199744,0.051423244354240095,0.08064486879567669,0.08592117734971576,0.3746384853051896,danceability_high|valence_very_high,mode_1
"frozenset({'mode_0', 'acousticness_low'})",frozenset({'instrumentalness_low'}),0.10044442314833671,0.5000539057727093,0.05311515470956767,0.5288014311270125,1.0574888527465476,1.0,0.0028875286011551746,1.0610093647420482,0.060433791722583736,0.09703468650837072,0.05750125000723327,0.3175101444634679,acousticness_low|mode_0,instrumentalness_low
"frozenset({'loudness_very_low', 'speechiness_low'})",frozenset({'mode_1'}),0.08105032403358929,0.6337522011523856,0.053103175648965606,0.6551877032219923,1.0338231599521537,1.0,0.0017373543885642884,1.062165712388752,0.03560214735298391,0.08025272457366306,0.05852731985571706,0.36948970266477177,loudness_very_low|speechiness_low,mode_1
"frozenset({'energy_very_high', 'speechiness_high'})",frozenset({'mode_1'}),0.08767474454653267,0.6337522011523856,0.05304328034595527,0.6050006831534362,0.954632870786612,1.0,-0.0025207819958829245,0.927211220949737,-0.04951106650647311,0.0793605276363897,-0.07850291002270866,0.3443489381176878,energy_very_high|speechiness_high,mode_1
"frozenset({'valence_low', 'speechiness_very_low'})",frozenset({'mode_1'}),0.07247331664250889,0.6337522011523856,0.05298338504294493,0.7310743801652894,1.1535650350972155,1.0,0.0070532610959411005,1.3618925525679582,0.14352377440928019,0.08110834005721412,0.26572768305809485,0.4073385321108084,speechiness_very_low|valence_low,mode_1
"frozenset({'valence_very_low', 'acousticness_very_high', 'energy_very_low'})",frozenset({'mode_1'}),0.07800764264066412,0.6337522011523856,0.05280369913391392,0.6769041769041769,1.068089666076624,1.0,0.0033661839036843375,1.1335578260910955,0.069142673798234,0.08013234198040321,0.11782180230862126,0.38011166694183424,acousticness_very_high|energy_very_low|valence_very_low,mode_1
"frozenset({'valence_very_low', 'mode_1', 'energy_very_low'})",frozenset({'acousticness_very_high'}),0.0699936510978809,0.24975143449250709,0.05280369913391392,0.754406982714359,3.0206312297957685,1.0,0.03532268436685012,3.054844855930509,0.719289034176803,0.19781008795548374,0.6726511338018838,0.4829159955540235,energy_very_low|mode_1|valence_very_low,acousticness_very_high
"frozenset({'acousticness_very_high', 'mode_1', 'valence_very_low'})",frozenset({'energy_very_low'}),0.05900885252578493,0.25050611531043737,0.05280369913391392,0.8948436865611042,3.5721430810268946,1.0,0.03802162071875304,7.127426401507302,0.7652101810739499,0.20569295380307978,0.85969690268727,0.5528158754152116,acousticness_very_high|mode_1|valence_very_low,energy_very_low
"frozenset({'valence_very_low', 'energy_very_low'})","frozenset({'acousticness_very_high', 'mode_1'})",0.10502042429832653,0.17489428479018676,0.05280369913391392,0.5027945705486483,2.874848490056891,1.0,0.034436227137896146,1.6594865348117531,0.7286820835444282,0.2325017142254338,0.39740396862368227,0.40235618938391315,energy_very_low|valence_very_low,acousticness_very_high|mode_1
"frozenset({'acousticness_very_high', 'valence_very_low'})","frozenset({'mode_1', 'energy_very_low'})",0.08774661891014507,0.17381616933600066,0.05280369913391392,0.6017747440273037,3.462133277508979,1.0,0.03755191796276662,2.074664573059237,0.7795649309234745,0.25294083892810004,0.5179943722057052,0.4527826166725078,acousticness_very_high|valence_very_low,energy_very_low|mode_1
"frozenset({'duration_ms_low', 'loudness_very_high'})",frozenset({'instrumentalness_low'}),0.07709723403490698,0.5000539057727093,0.05280369913391392,0.6848974518334369,1.369647239881264,1.0,0.014250926130486029,1.5866139361177725,0.29243058529103405,0.10070364616649914,0.36972695295563623,0.39524673281591355,duration_ms_low|loudness_very_high,instrumentalness_low
"frozenset({'energy_very_low', 'speechiness_low'})",frozenset({'mode_1'}),0.07803160076186826,0.6337522011523856,0.052719845709699446,0.6756217377955174,1.066066100546867,1.0,0.0032671469674212666,1.1290762715065594,0.06721690393800135,0.07999200261732525,0.11432024103591272,0.37940429106957607,energy_very_low|speechiness_low,mode_1
"frozenset({'instrumentalness_high', 'mode_1', 'energy_very_low'})",frozenset({'loudness_very_low'}),0.057235951556678925,0.25000299476515053,0.05265995040668911,0.9200502302218502,3.680156836065636,1.0,0.0383507911092863,9.380852594272545,0.7724864470460577,0.20685111989459817,0.8933998813060395,0.5653437543059419,energy_very_low|instrumentalness_high|mode_1,loudness_very_low
"frozenset({'instrumentalness_high', 'mode_1', 'loudness_very_low'})",frozenset({'energy_very_low'}),0.07111968279447525,0.25050611531043737,0.05265995040668911,0.7404413003200271,2.9557813365252263,1.0,0.03484403494773457,2.8875698854003478,0.7123414804302598,0.19578675455395717,0.6536880353767247,0.47532776569176566,instrumentalness_high|loudness_very_low|mode_1,energy_very_low
"frozenset({'instrumentalness_high', 'energy_very_low', 'loudness_very_low'})",frozenset({'mode_1'}),0.08243989506342912,0.6337522011523856,0.05265995040668911,0.6387678000581227,1.007914132521539,1.0,0.0004134854474692126,1.0138846949594862,0.008557467552635405,0.07936307342348037,0.013694550305881726,0.3609300676880728,energy_very_low|instrumentalness_high|loudness_very_low,mode_1
"frozenset({'instrumentalness_high', 'energy_very_low'})","frozenset({'mode_1', 'loudness_very_low'})",0.0909450280908971,0.16527509912672647,0.05265995040668911,0.5790305584826133,3.503434949015734,1.0,0.03762900187388317,1.9828634065800668,0.7860535011031741,0.258694756664509,0.4956788265487512,0.44882527416774,energy_very_low|instrumentalness_high,loudness_very_low|mode_1
"frozenset({'acousticness_very_high', 'mode_1', 'liveness_low'})",frozenset({'energy_very_low'}),0.06294996346386517,0.25050611531043737,0.052635992285484975,0.8361560418648906,3.3378667855221495,1.0,0.03686664147921815,4.574437124324798,0.7474600386663119,0.20180958067331098,0.7813938692735659,0.5231373170303795,acousticness_very_high|liveness_low|mode_1,energy_very_low
"frozenset({'liveness_low', 'mode_1', 'energy_very_low'})",frozenset({'acousticness_very_high'}),0.06911917967392997,0.24975143449250709,0.052635992285484975,0.7615251299826691,3.0491321562580094,1.0,0.03537337801097563,3.1460277783272064,0.72193756156661,0.19770528683914515,0.6821388524001794,0.48613932167031193,energy_very_low|liveness_low|mode_1,acousticness_very_high
"frozenset({'acousticness_very_high', 'liveness_low', 'energy_very_low'})",frozenset({'mode_1'}),0.07267696067274404,0.6337522011523856,0.052635992285484975,0.7242459205538158,1.1427903827976937,1.0,0.006576808486068078,1.328168198211881,0.13474148548512063,0.08050862985085566,0.24708331268110115,0.40365022613079693,acousticness_very_high|energy_very_low|liveness_low,mode_1
"frozenset({'acousticness_very_high', 'liveness_low'})","frozenset({'mode_1', 'energy_very_low'})",0.08808203260700295,0.17381616933600066,0.052635992285484975,0.5975792193662451,3.437995565366973,1.0,0.03732591079040702,2.0530347099940482,0.7776278866705563,0.25153128398878016,0.5129161747085615,0.4502024284288152,acousticness_very_high|liveness_low,energy_very_low|mode_1
"frozenset({'liveness_low', 'energy_very_low'})","frozenset({'acousticness_very_high', 'mode_1'})",0.09773715545226944,0.17489428479018676,0.052635992285484975,0.5385463904890305,3.0792680912077928,1.0,0.03554232238523301,1.7880577769978396,0.7483933396842265,0.23925946093111897,0.4407339556560603,0.4197526472993098,energy_very_low|liveness_low,acousticness_very_high|mode_1
"frozenset({'acousticness_high', 'energy_high'})",frozenset({'instrumentalness_low'}),0.07191030079421172,0.5000539057727093,0.05250422261886223,0.7301349325337331,1.460112448087953,1.0,0.016545195841426302,1.852578026942238,0.3395374846425251,0.10107462411216679,0.4602116696533726,0.4175660289345553,acousticness_high|energy_high,instrumentalness_low
"frozenset({'acousticness_very_low', 'danceability_very_low'})",frozenset({'mode_1'}),0.08416487979012686,0.6337522011523856,0.05244432731585189,0.62311414745232,0.9832141747504436,1.0,-0.0008953505108669421,0.9717738046462759,-0.018300205758191992,0.07880762515075694,-0.029046054975723837,0.35293312513906994,acousticness_very_low|danceability_very_low,mode_1
"frozenset({'valence_very_high', 'danceability_high'})",frozenset({'instrumentalness_low'}),0.08008002012482181,0.5000539057727093,0.05239641107344362,0.6543006731488408,1.3084602791728652,1.0,0.012352084235669317,1.446187641674357,0.2562646206296673,0.09928498467824311,0.30852679750310485,0.3795410993187669,danceability_high|valence_very_high,instrumentalness_low
"frozenset({'speechiness_very_high', 'loudness_very_high'})",frozenset({'instrumentalness_low'}),0.09169970890882737,0.5000539057727093,0.052384432012841556,0.5712606139777924,1.1423980642547944,1.0,0.006529634414761933,1.1660838974131358,0.13723256275789708,0.09712166303913296,0.14242877187617428,0.33800909196398243,loudness_very_high|speechiness_very_high,instrumentalness_low
"frozenset({'acousticness_very_high', 'energy_very_low', 'speechiness_low'})",frozenset({'loudness_very_low'}),0.062339031373159715,0.25000299476515053,0.05237245295223949,0.8401229823212913,3.360451674230909,1.0,0.03678750841819089,4.69108703755067,0.7491203947889403,0.20145608699659018,0.786829791902108,0.5248051423345795,acousticness_very_high|energy_very_low|speechiness_low,loudness_very_low
"frozenset({'acousticness_very_high', 'loudness_very_low', 'speechiness_low'})",frozenset({'energy_very_low'}),0.055403155284562584,0.25050611531043737,0.05237245295223949,0.9452972972972974,3.773549783907856,1.0,0.03849362374596278,13.701222200352701,0.7781071233340753,0.20656744625561066,0.9270138104924494,0.5771819309745859,acousticness_very_high|loudness_very_low|speechiness_low,energy_very_low
"frozenset({'energy_very_low', 'loudness_very_low', 'speechiness_low'})",frozenset({'acousticness_very_high'}),0.06260257070640521,0.24975143449250709,0.05237245295223949,0.8365862992728664,3.349675652405373,1.0,0.036737371115396183,4.591099535529459,0.7483097468039746,0.20144680458922729,0.7821872533450364,0.5231423030730489,energy_very_low|loudness_very_low|speechiness_low,acousticness_very_high
"frozenset({'acousticness_very_high', 'speechiness_low'})","frozenset({'energy_very_low', 'loudness_very_low'})",0.07927742306448328,0.17769738497107057,0.05237245295223949,0.6606225445754005,3.717682984940667,1.0,0.03828506218643557,2.422973600294504,0.7939582192509135,0.25597189695550354,0.5872839886169402,0.4776754356960864,acousticness_very_high|speechiness_low,energy_very_low|loudness_very_low
"frozenset({'energy_very_low', 'speechiness_low'})","frozenset({'acousticness_very_high', 'loudness_very_low'})",0.07803160076186826,0.15069658237401024,0.05237245295223949,0.6711697881486031,4.453782412150813,1.0,0.04061335740025273,2.58280227003534,0.8411044718048608,0.2969705203097405,0.6128236328418912,0.509352779606893,energy_very_low|speechiness_low,acousticness_very_high|loudness_very_low
"frozenset({'loudness_very_low', 'speechiness_low'})","frozenset({'acousticness_very_high', 'energy_very_low'})",0.08105032403358929,0.17666718575929274,0.05237245295223949,0.6461720366538575,3.657566819082409,1.0,0.0380535203003465,2.3269297498548975,0.7906789829116638,0.2550460856376152,0.5702491662834437,0.4713095062574956,loudness_very_low|speechiness_low,acousticness_very_high|energy_very_low
"frozenset({'acousticness_very_high', 'mode_1', 'instrumentalness_low'})",frozenset({'energy_very_low'}),0.08600965512284527,0.25050611531043737,0.05232453670983121,0.6083565459610027,2.4285097599597623,1.0,0.030778592125816785,1.913714826483307,0.6435788312483943,0.18411734951947395,0.47745610466026095,0.4086159164388028,acousticness_very_high|instrumentalness_low|mode_1,energy_very_low
"frozenset({'acousticness_very_high', 'energy_very_low', 'instrumentalness_low'})",frozenset({'mode_1'}),0.06792127361372322,0.6337522011523856,0.05232453670983121,0.7703703703703703,1.215570326966225,1.0,0.009279280052060676,1.5949500917557393,0.19026385616850724,0.08057999889313187,0.3730211339094701,0.4264667275724831,acousticness_very_high|energy_very_low|instrumentalness_low,mode_1
"frozenset({'mode_1', 'energy_very_low', 'instrumentalness_low'})",frozenset({'acousticness_very_high'}),0.07869044909498198,0.24975143449250709,0.05232453670983121,0.6649413913837722,2.6624127013921974,1.0,0.03267148416749986,2.239156213911276,0.6777318542961829,0.1895010845986985,0.5534031999253699,0.43722392126625415,energy_very_low|instrumentalness_low|mode_1,acousticness_very_high
"frozenset({'energy_very_low', 'instrumentalness_low'})","frozenset({'acousticness_very_high', 'mode_1'})",0.10372668575330322,0.17489428479018676,0.05232453670983121,0.5044462409054163,2.8842923112700856,1.0,0.03418333219135079,1.6650175688654796,0.7289009862987409,0.23122121645227883,0.39940573679268354,0.40181216154859856,energy_very_low|instrumentalness_low,acousticness_very_high|mode_1
"frozenset({'liveness_very_high', 'speechiness_very_high'})",frozenset({'mode_1'}),0.08447633536578061,0.6337522011523856,0.05220474610381054,0.6179807146908679,0.9751141117414037,1.0,-0.0013323173795400448,0.9587154704800954,-0.027119861542856262,0.07838270472490513,-0.043062337879277726,0.35017739070712,liveness_very_high|speechiness_very_high,mode_1
"frozenset({'liveness_low', 'valence_very_low'})",frozenset({'mode_1'}),0.0822602091543981,0.6337522011523856,0.05204901831598366,0.6327362749381098,0.9983969661763249,1.0,-8.357030287176048e-05,0.9972337964657287,-0.001746468378120403,0.07839139769426452,-0.002773876641640974,0.3574323090974454,liveness_low|valence_very_low,mode_1
"frozenset({'mode_0', 'valence_high'})",frozenset({'instrumentalness_low'}),0.09326896584769823,0.5000539057727093,0.05195318583116712,0.55702543025944,1.1139307659215167,1.0,0.005313675171644196,1.128611275631686,0.1127987631773765,0.095966189454119,0.11395533467420133,0.33046030041143715,mode_0|valence_high,instrumentalness_low
"frozenset({'acousticness_high', 'key_very_low'})",frozenset({'instrumentalness_low'}),0.07756441739838763,0.5000539057727093,0.051929227709962986,0.6694980694980694,1.3388517953149996,1.0,0.013142837840914572,1.5126873645428538,0.27437291563277744,0.09878315559201534,0.3389248674644625,0.38667266449223137,acousticness_high|key_very_low,instrumentalness_low
"frozenset({'valence_low', 'energy_very_low'})",frozenset({'mode_1'}),0.07185040549120138,0.6337522011523856,0.05190526958875885,0.7224074691563855,1.1398894833703035,1.0,0.006369916955018526,1.3193719504432382,0.13222218817651793,0.07940260216236028,0.24206361999430592,0.40215449537584896,energy_very_low|valence_low,mode_1
"frozenset({'valence_very_high', 'duration_ms_very_low'})",frozenset({'instrumentalness_low'}),0.07786389391343931,0.5000539057727093,0.051809437103942306,0.6653846153846154,1.3306257739481677,1.0,0.01287329283385509,1.4940917758516734,0.26945469025521324,0.09847674127370842,0.33069707218622996,0.3844961597429018,duration_ms_very_low|valence_very_high,instrumentalness_low
"frozenset({'acousticness_very_high', 'instrumentalness_high'})",frozenset({'mode_1'}),0.08042741288228177,0.6337522011523856,0.05179745804334024,0.6440274054215073,1.0162132837573388,1.0,0.0008264080962024356,1.0288651554238004,0.017350024791232814,0.07819875214757212,0.028055333851704268,0.36287940538535907,acousticness_very_high|instrumentalness_high,mode_1
"frozenset({'duration_ms_very_high', 'instrumentalness_high'})",frozenset({'mode_1'}),0.09493405527138561,0.6337522011523856,0.05174954180093197,0.5451104100946372,0.8601317819542619,1.0,-0.008415124691630901,0.8051355910866419,-0.15230478698589645,0.07644664661121925,-0.24202682265028383,0.31338310411167924,duration_ms_very_high|instrumentalness_high,mode_1
"frozenset({'energy_low', 'speechiness_very_low'})",frozenset({'instrumentalness_low'}),0.0860336132440494,0.5000539057727093,0.05171360461912577,0.6010860484544696,1.2020425028490482,1.0,0.00869216028870018,1.253268010031554,0.18390464213389146,0.0967741935483871,0.20208607257531253,0.35225105412374685,energy_low|speechiness_very_low,instrumentalness_low
"frozenset({'duration_ms_low', 'mode_0'})",frozenset({'instrumentalness_low'}),0.09227470381772661,0.5000539057727093,0.0517016255585237,0.5603011813579125,1.1204815618670272,1.0,0.005559299510449582,1.137019416543496,0.11845719269359152,0.09563271365580199,0.12050754327488158,0.33184664280620807,duration_ms_low|mode_0,instrumentalness_low
"frozenset({'acousticness_very_high', 'danceability_very_low', 'valence_very_low'})",frozenset({'loudness_very_low'}),0.05940416152565316,0.25000299476515053,0.051677667437319566,0.8699334543254689,3.479692133858927,1.0,0.036826449154393544,5.766256044898634,0.7576242899765268,0.20051127120613524,0.8265772466200676,0.5383208239523847,acousticness_very_high|danceability_very_low|valence_very_low,loudness_very_low
"frozenset({'acousticness_very_high', 'danceability_very_low', 'loudness_very_low'})",frozenset({'valence_very_low'}),0.07249727476371302,0.2507217384012746,0.051677667437319566,0.7128222075346994,2.8430809872331184,1.0,0.033501024679206584,2.609109343610753,0.6989401577230936,0.19031233456855476,0.6167274466864245,0.4594689155208136,acousticness_very_high|danceability_very_low|loudness_very_low,valence_very_low
"frozenset({'acousticness_very_high', 'valence_very_low', 'loudness_very_low'})",frozenset({'danceability_very_low'}),0.07164676146096623,0.2516321470070317,0.051677667437319566,0.721284066209664,2.86642257274667,1.0,0.033649039024795976,2.6850558660773514,0.7013850525677346,0.19027036563313193,0.6275682705027219,0.4633269802627869,acousticness_very_high|loudness_very_low|valence_very_low,danceability_very_low
"frozenset({'danceability_very_low', 'valence_very_low', 'loudness_very_low'})",frozenset({'acousticness_very_high'}),0.06647180728087303,0.24975143449250709,0.051677667437319566,0.7774373761038026,3.1128444874943324,1.0,0.03507623821561205,3.3709548906891333,0.7270807890133086,0.1953450461872849,0.7033481513614777,0.4921768874859269,danceability_very_low|loudness_very_low|valence_very_low,acousticness_very_high
"frozenset({'acousticness_very_high', 'danceability_very_low'})","frozenset({'valence_very_low', 'loudness_very_low'})",0.09410750008984295,0.10355897890487428,0.051677667437319566,0.5491344195519349,5.302624894132559,1.0,0.04193199082072507,1.988266702914542,0.8957068906050326,0.3539837531796176,0.4970493653924148,0.524075596126459,acousticness_very_high|danceability_very_low,loudness_very_low|valence_very_low
"frozenset({'acousticness_very_high', 'valence_very_low'})","frozenset({'danceability_very_low', 'loudness_very_low'})",0.08774661891014507,0.09570071514991794,0.051677667437319566,0.5889419795221843,6.153997685383955,1.0,0.04328025325563137,2.199931006817287,0.9180607259362416,0.3921818181818181,0.5454402902176768,0.5644672345977426,acousticness_very_high|valence_very_low,danceability_very_low|loudness_very_low
"frozenset({'danceability_very_low', 'loudness_very_low'})","frozenset({'acousticness_very_high', 'valence_very_low'})",0.09570071514991794,0.08774661891014507,0.051677667437319566,0.5399924896733008,6.153997685383956,1.0,0.04328025325563137,1.9831271459937012,0.9261358659815676,0.3921818181818181,0.49574589706958894,0.5644672345977426,danceability_very_low|loudness_very_low,acousticness_very_high|valence_very_low
"frozenset({'acousticness_high', 'loudness_low'})",frozenset({'mode_1'}),0.08064303597311899,0.6337522011523856,0.051557876831298886,0.6393345216874629,1.0088083647282433,1.0,0.0004501752757237118,1.0154778343666144,0.009497350029011897,0.07778360110603076,0.015241922416030366,0.36034394546711296,acousticness_high|loudness_low,mode_1
"frozenset({'speechiness_very_low', 'loudness_very_low'})",frozenset({'mode_1'}),0.07123947340049594,0.6337522011523856,0.05154589777069682,0.7235580965192533,1.141705062646834,1.0,0.0063977246941956945,1.3248635399919475,0.13363729934383223,0.07888320592494821,0.24520528355238916,0.40244628198044696,loudness_very_low|speechiness_very_low,mode_1
"frozenset({'mode_0', 'acousticness_very_high'})",frozenset({'energy_very_low'}),0.07485714970232034,0.25050611531043737,0.05148600246768648,0.6877900464074252,2.7456018211574906,1.0,0.03273382869254635,2.40060855224248,0.687224818483789,0.18798932773476795,0.5834389579817707,0.4466589864783874,acousticness_very_high|mode_0,energy_very_low
"frozenset({'mode_0', 'energy_very_low'})",frozenset({'acousticness_very_high'}),0.07668994597443668,0.24975143449250709,0.05148600246768648,0.6713527022805373,2.6880834684482218,1.0,0.03233257844941805,2.2828380781268867,0.6801482769042432,0.1872522110399512,0.5619487822717065,0.43875083912530394,energy_very_low|mode_0,acousticness_very_high
"frozenset({'liveness_very_high', 'speechiness_very_high'})",frozenset({'instrumentalness_low'}),0.08447633536578061,0.5000539057727093,0.05141412810407408,0.608621667612025,1.217112116485824,1.0,0.009171406659050231,1.2773984987285705,0.19484259300437284,0.0964407693690455,0.2171589359191143,0.35571941947101826,liveness_very_high|speechiness_very_high,instrumentalness_low
"frozenset({'valence_low', 'danceability_low'})",frozenset({'mode_1'}),0.07794774733765378,0.6337522011523856,0.05137819092226788,0.6591363147379745,1.0400536890277172,1.0,0.0019786344721597904,1.0744699851674604,0.04176680259939441,0.07780781162128332,0.06930857650328304,0.37010307845395085,danceability_low|valence_low,mode_1
"frozenset({'liveness_very_high', 'loudness_very_high'})",frozenset({'mode_1'}),0.0816372980030906,0.6337522011523856,0.051342253740461676,0.6289068231841527,0.992354459740854,1.0,-0.00039556356513024277,0.9869429613074309,-0.008319531611306654,0.07731716996788975,-0.013229780447769873,0.35495997996935635,liveness_very_high|loudness_very_high,mode_1
"frozenset({'energy_very_high', 'speechiness_high'})",frozenset({'loudness_very_high'}),0.08767474454653267,0.2499430994621402,0.0512943374980534,0.585052602814592,2.3407431694396994,1.0,0.029380640101541653,1.807595144891865,0.6278300967456109,0.17914818843611413,0.4467787751997848,0.3951383311221295,energy_very_high|speechiness_high,loudness_very_high
"frozenset({'speechiness_high', 'loudness_very_high'})",frozenset({'energy_very_high'}),0.07458163130847278,0.2486014446747086,0.0512943374980534,0.6877610022486348,2.766520537113371,1.0,0.03275323620857059,2.40648529087205,0.6899961646004259,0.18865929417984753,0.5844562176244904,0.4470463084774712,loudness_very_high|speechiness_high,energy_very_high
"frozenset({'acousticness_high', 'loudness_low'})",frozenset({'instrumentalness_low'}),0.08064303597311899,0.5000539057727093,0.05117454689203273,0.6345811051693404,1.2690253947496974,1.0,0.010848681780305479,1.3681451651780978,0.23058911060901552,0.09664283775223963,0.26908340909144296,0.3684595828644709,acousticness_high|loudness_low,instrumentalness_low
"frozenset({'valence_low', 'acousticness_very_high'})",frozenset({'energy_very_low'}),0.06672336755351645,0.25050611531043737,0.05099486098300171,0.7642728904847397,3.050915102561954,1.0,0.034280249376739826,3.179498048530742,0.7202896401185879,0.191541057367829,0.6854849461341533,0.4839201101237776,acousticness_very_high|valence_low,energy_very_low
"frozenset({'valence_low', 'energy_very_low'})",frozenset({'acousticness_very_high'}),0.07185040549120138,0.24975143449250709,0.05099486098300171,0.7097365788596198,2.8417717812183896,1.0,0.033050119142705864,2.584716195240633,0.6982784479626167,0.18844621513944224,0.6131103283829188,0.45695951682680735,energy_very_low|valence_low,acousticness_very_high
"frozenset({'valence_very_high', 'acousticness_low'})",frozenset({'instrumentalness_low'}),0.07898992561003366,0.5000539057727093,0.050851112255776904,0.6437670609645132,1.287395325849382,1.0,0.011351891437783819,1.4034246680863156,0.24238368946692232,0.09627378495452793,0.28745730159953514,0.37272916099203046,acousticness_low|valence_very_high,instrumentalness_low
"frozenset({'speechiness_very_low', 'tempo_very_low'})",frozenset({'mode_1'}),0.06982594424945196,0.6337522011523856,0.05082715413457277,0.7279121633213245,1.1485753611549163,1.0,0.006574808268938824,1.3460645772274558,0.13906667684466167,0.0778660696261768,0.2570935920030368,0.4040562612278109,speechiness_very_low|tempo_very_low,mode_1
"frozenset({'acousticness_very_low', 'instrumentalness_medium'})",frozenset({'energy_very_high'}),0.08150552833646785,0.2486014446747086,0.0507792378921645,0.6230158730158731,2.506083075386309,1.0,0.030516845798743194,1.9931835362313,0.654299996469506,0.18179089115704608,0.4982900561727525,0.4136377490651572,acousticness_very_low|instrumentalness_medium,energy_very_high
"frozenset({'energy_very_high', 'instrumentalness_medium'})",frozenset({'acousticness_very_low'}),0.07604307670192503,0.2504581990680291,0.0507792378921645,0.6677693761814746,2.666190919947069,1.0,0.03173362584980836,2.256088834668636,0.6763660409070688,0.1841682234869879,0.5567550423399549,0.4352573684044928,energy_very_high|instrumentalness_medium,acousticness_very_low
"frozenset({'valence_high', 'speechiness_very_high'})",frozenset({'instrumentalness_low'}),0.07290456282418332,0.5000539057727093,0.050731321649756224,0.6958593493263227,1.3915686714836166,1.0,0.014275110260871492,1.643798989447483,0.3035140858145758,0.0971441679091639,0.39165311183448165,0.39865552748033267,speechiness_very_high|valence_high,instrumentalness_low
"frozenset({'acousticness_low', 'danceability_very_high'})",frozenset({'instrumentalness_low'}),0.0896153523640676,0.5000539057727093,0.050731321649756224,0.566100788664617,1.13207952608599,1.0,0.0059188146829066215,1.1522171074905612,0.12815443505892302,0.09413202933985332,0.13210800855237967,0.33377624714947984,acousticness_low|danceability_very_high,instrumentalness_low
"frozenset({'speechiness_very_low', 'tempo_low'})",frozenset({'mode_1'}),0.07285664658177506,0.6337522011523856,0.05062351010433762,0.694837224597172,1.096386289994279,1.0,0.004450449964556243,1.2001719356633571,0.09482105405482764,0.07717170979346616,0.16678604932777272,0.38735812652219437,speechiness_very_low|tempo_low,mode_1
"frozenset({'acousticness_high', 'danceability_high'})",frozenset({'instrumentalness_low'}),0.07368320176331772,0.5000539057727093,0.05061153104373555,0.686880182084214,1.3736122729064801,1.0,0.013765958212149952,1.5966606571090685,0.29362797617954495,0.0967483398213877,0.37369284102571226,0.3940461661666758,acousticness_high|danceability_high,instrumentalness_low
"frozenset({'valence_very_high', 'mode_0'})",frozenset({'instrumentalness_low'}),0.0869200637286024,0.5000539057727093,0.050551635740725215,0.581587651598677,1.1630499129888359,1.0,0.007086918383224783,1.1948645782981626,0.15353713004614244,0.09423849933005807,0.1630850741058095,0.341340012077606,mode_0|valence_very_high,instrumentalness_low
"frozenset({'tempo_very_low', 'danceability_very_low'})",frozenset({'valence_very_low'}),0.08278728782088908,0.2507217384012746,0.050347991710490064,0.608160902908407,2.425640898895886,1.0,0.029591418990510085,1.9122090346782838,0.6407868253524699,0.17780692105931126,0.4770446212392029,0.4044865670777104,danceability_very_low|tempo_very_low,valence_very_low
"frozenset({'tempo_very_low', 'valence_very_low'})",frozenset({'danceability_very_low'}),0.0737670551875322,0.2516321470070317,0.050347991710490064,0.6825267944137707,2.712399041743653,1.0,0.03178582923526514,2.3572630377139125,0.6816024921496516,0.18304951874918346,0.5757792049504133,0.44130624210834213,tempo_very_low|valence_very_low,danceability_very_low
"frozenset({'danceability_low', 'tempo_very_high'})",frozenset({'mode_1'}),0.07710921309550905,0.6337522011523856,0.05021622204386732,0.6512350473823209,1.027586249322914,1.0,0.0013480885154600955,1.0501278758049413,0.02908868323731806,0.07601087941976428,0.047735020619767234,0.36523570722768817,danceability_low|tempo_very_high,mode_1
"frozenset({'acousticness_low', 'loudness_very_high'})",frozenset({'mode_1'}),0.0834101989721966,0.6337522011523856,0.05020424298326525,0.6018957345971563,0.9497335606924867,1.0,-0.002657154213922805,0.9199795899624597,-0.05459099994999361,0.07527345223341775,-0.0869806362125986,0.34055659993254467,acousticness_low|loudness_very_high,mode_1
"frozenset({'tempo_very_low', 'acousticness_very_high', 'mode_1'})",frozenset({'energy_very_low'}),0.06587285425076965,0.25050611531043737,0.05016830580145905,0.7615930169121659,3.040217265627902,1.0,0.03366675297868811,3.1437581021418044,0.718399141356501,0.18845340413085537,0.6819093684979414,0.48093040287077304,acousticness_very_high|mode_1|tempo_very_low,energy_very_low
"frozenset({'tempo_very_low', 'acousticness_very_high', 'energy_very_low'})",frozenset({'mode_1'}),0.07104780843086285,0.6337522011523856,0.05016830580145905,0.7061203844208397,1.1141900306410977,1.0,0.005141600821346695,1.246251115872175,0.11032541191236321,0.07663592446201141,0.19759349679686258,0.3926405721367028,acousticness_very_high|energy_very_low|tempo_very_low,mode_1
"frozenset({'tempo_very_low', 'mode_1', 'energy_very_low'})",frozenset({'acousticness_very_high'}),0.06590879143257586,0.24975143449250709,0.05016830580145905,0.7611777535441657,3.0477412675962117,1.0,0.03370749059550576,3.141451756029091,0.7192960946937074,0.18896358796191853,0.6816758372682965,0.48102534854530943,energy_very_low|mode_1|tempo_very_low,acousticness_very_high
"frozenset({'tempo_very_low', 'acousticness_very_high'})","frozenset({'mode_1', 'energy_very_low'})",0.0950897830592125,0.17381616933600066,0.05016830580145905,0.527588813303099,3.0353264331998213,1.0,0.0336401639671154,1.748865932749554,0.741008478706548,0.22935377875136911,0.4282008807685976,0.40810867267498163,acousticness_very_high|tempo_very_low,energy_very_low|mode_1
"frozenset({'tempo_very_low', 'energy_very_low'})","frozenset({'acousticness_very_high', 'mode_1'})",0.09522155272583524,0.17489428479018676,0.05016830580145905,0.526858724367845,3.0124410583221457,1.0,0.03351460044086303,1.7438886812557313,0.7383501448092188,0.2280921518435815,0.4265689027352797,0.40685401971816904,energy_very_low|tempo_very_low,acousticness_very_high|mode_1
"frozenset({'duration_ms_very_high', 'instrumentalness_high'})",frozenset({'valence_very_low'}),0.09493405527138561,0.2507217384012746,0.050132368619652846,0.5280757097791798,2.106222273132162,1.0,0.02633033724852836,1.5877086158208287,0.5803072194813372,0.1696392379408188,0.3701615082040664,0.36401396573526595,duration_ms_very_high|instrumentalness_high,valence_very_low
"frozenset({'duration_ms_very_high', 'valence_very_low'})",frozenset({'instrumentalness_high'}),0.09054971909102888,0.24979935073491535,0.050132368619652846,0.553644661992327,2.2163574899754215,1.0,0.027513107581484862,1.6807251653215098,0.6034516242337719,0.17274115656086186,0.4050187260635753,0.3771676050574496,duration_ms_very_high|valence_very_low,instrumentalness_high
"frozenset({'duration_ms_very_high', 'danceability_very_low'})",frozenset({'mode_1'}),0.07719306651972352,0.6337522011523856,0.05006049425604044,0.6485102420856611,1.023286768718815,1.0,0.0011392184354631421,1.0419871151320208,0.024660451419351557,0.07574768896139207,0.04029523448253104,0.3637504428460628,danceability_very_low|duration_ms_very_high,mode_1
