antecedents,consequents,antecedent support,consequent support,support,confidence,lift,representativity,leverage,conviction,zhangs_metric,jaccard,certainty,kulczynski,antecedents_str,consequents_str
frozenset({'key_very_low'}),frozenset({'mode_1'}),0.31480971262233615,0.6337522011523856,0.23384324201296133,0.7428082191780822,1.1720799041445444,1.0,0.03433189369440584,1.4240260620972487,0.21427018148306906,0.32718222043443285,0.2977656613059175,0.5558951784861208,key_very_low,mode_1
frozenset({'speechiness_very_low'}),frozenset({'mode_1'}),0.2504342409468249,0.6337522011523856,0.17972184621282,0.7176408686501484,1.1323682463669926,1.0,0.021008594768842814,1.297099183924823,0.15595036427167153,0.2551183512447287,0.229048932885646,0.5006123254506767,speechiness_very_low,mode_1
frozenset({'energy_very_low'}),frozenset({'loudness_very_low'}),0.25050611531043737,0.25000299476515053,0.17769738497107057,0.7093534812547819,2.837379935872925,1.0,0.1150701059364771,2.580443792937014,0.8639992839365561,0.5504675671663946,0.6124697609236363,0.7100672533250431,energy_very_low,loudness_very_low
frozenset({'loudness_very_low'}),frozenset({'energy_very_low'}),0.25000299476515053,0.25050611531043737,0.17769738497107057,0.7107810253953042,2.8373799358729244,1.0,0.1150701059364771,2.5914409167447263,0.8634196872343993,0.5504675671663946,0.614114296977234,0.7100672533250431,loudness_very_low,energy_very_low
frozenset({'energy_very_low'}),frozenset({'acousticness_very_high'}),0.25050611531043737,0.24975143449250709,0.17666718575929274,0.7052410099464421,2.8237716086775886,1.0,0.11410292411136562,2.5452949386587744,0.8617331290560885,0.5459593529041572,0.6071182224064992,0.7063065330800846,energy_very_low,acousticness_very_high
frozenset({'acousticness_very_high'}),frozenset({'energy_very_low'}),0.24975143449250709,0.25050611531043737,0.17666718575929274,0.7073720562137272,2.8237716086775886,1.0,0.11410292411136562,2.5612519262240108,0.8608663050559204,0.5459593529041572,0.6095659354078945,0.7063065330800846,acousticness_very_high,energy_very_low
frozenset({'acousticness_very_high'}),frozenset({'mode_1'}),0.24975143449250709,0.6337522011523856,0.17489428479018676,0.7002733944074057,1.1049640429399077,1.0,0.01661376343959456,1.2219395676386482,0.12661560392739288,0.2468134023058458,0.18162892299783534,0.4881198745971439,acousticness_very_high,mode_1
"frozenset({'energy_very_low', 'loudness_very_low'})",frozenset({'acousticness_very_high'}),0.17769738497107057,0.24975143449250709,0.13460870398543345,0.7575165161116354,3.033081742456867,1.0,0.09022852718334132,3.094019244019502,0.815152855261116,0.45966620305980527,0.6767958047019514,0.6482436050748595,energy_very_low|loudness_very_low,acousticness_very_high
"frozenset({'energy_very_low', 'acousticness_very_high'})",frozenset({'loudness_very_low'}),0.17666718575929274,0.25000299476515053,0.13460870398543345,0.7619338215351235,3.0476987775721405,1.0,0.09044137846887912,3.150371926289821,0.8160534505131197,0.46089167794594144,0.6825771612376906,0.6501810938054151,acousticness_very_high|energy_very_low,loudness_very_low
"frozenset({'loudness_very_low', 'acousticness_very_high'})",frozenset({'energy_very_low'}),0.15069658237401024,0.25050611531043737,0.13460870398543345,0.8932432432432431,3.565754241713021,1.0,0.09685828854436082,7.020575628737667,0.8472289286506925,0.5049202426421028,0.857561537275284,0.7152951105275129,acousticness_very_high|loudness_very_low,energy_very_low
"frozenset({'energy_very_low', 'mode_1'})",frozenset({'acousticness_very_high'}),0.17381616933600066,0.24975143449250709,0.12518118329160627,0.7201929703652653,2.883638974201256,1.0,0.08177034566194757,2.681307065397468,0.7906423806937463,0.41952707856598015,0.6270475646355099,0.610708025304461,energy_very_low|mode_1,acousticness_very_high
"frozenset({'energy_very_low', 'acousticness_very_high'})",frozenset({'mode_1'}),0.17666718575929274,0.6337522011523856,0.12518118329160627,0.7085706536479522,1.1180563197406181,1.0,0.013217965445257093,1.2567293013970722,0.1282478623583419,0.18268272643043196,0.2042836918910645,0.4530472585884596,acousticness_very_high|energy_very_low,mode_1
"frozenset({'mode_1', 'acousticness_very_high'})",frozenset({'energy_very_low'}),0.17489428479018676,0.25050611531043737,0.12518118329160627,0.7157534246575342,2.857229348555198,1.0,0.08136909541881927,2.6367736666187023,0.7877906829332709,0.41696592450722203,0.6207486396500759,0.6077332540273134,acousticness_very_high|mode_1,energy_very_low
"frozenset({'loudness_very_low', 'mode_1'})",frozenset({'energy_very_low'}),0.16527509912672647,0.25050611531043737,0.1215515279291798,0.7354497354497355,2.935855416297268,1.0,0.08014910488939608,2.8330868841265473,0.7899414173204933,0.41311782428141025,0.6470281213036978,0.6103367652000016,loudness_very_low|mode_1,energy_very_low
"frozenset({'instrumentalness_low', 'key_very_low'})",frozenset({'mode_1'}),0.1595011919165299,0.6337522011523856,0.1202937265659627,0.7541870071348105,1.1900345367849323,1.0,0.019209495102432778,1.4899448339920525,0.18999224266007067,0.17875324860265585,0.3288342110488272,0.47199946708692136,instrumentalness_low|key_very_low,mode_1
"frozenset({'speechiness_very_low', 'instrumentalness_low'})",frozenset({'mode_1'}),0.13502797110650583,0.6337522011523856,0.10486469651049965,0.7766146202980838,1.2254231525916972,1.0,0.01929042260461085,1.6395334347141821,0.21267202881123518,0.15794886599426233,0.390070382935296,0.4710405111697394,instrumentalness_low|speechiness_very_low,mode_1
"frozenset({'energy_very_low', 'loudness_very_low', 'mode_1'})",frozenset({'acousticness_very_high'}),0.1215515279291798,0.24975143449250709,0.09417937445345537,0.7748102887552972,3.10232567964907,1.0,0.06382170598838667,3.3316289690173013,0.7714296298183428,0.33984611394484315,0.6998465287402755,0.5759513576252864,energy_very_low|loudness_very_low|mode_1,acousticness_very_high
"frozenset({'energy_very_low', 'mode_1', 'acousticness_very_high'})",frozenset({'loudness_very_low'}),0.12518118329160627,0.25000299476515053,0.09417937445345537,0.7523444976076555,3.0093419413411344,1.0,0.06288370374230857,3.0283882166554013,0.7632454002349385,0.33515218688720266,0.669791344947044,0.5645287413768991,acousticness_very_high|energy_very_low|mode_1,loudness_very_low
"frozenset({'loudness_very_low', 'mode_1', 'acousticness_very_high'})",frozenset({'energy_very_low'}),0.10444542938942727,0.25050611531043737,0.09417937445345537,0.9017089115724282,3.5995484998639404,1.0,0.06801515567517935,7.625247585307242,0.8064135939662223,0.36115577196931414,0.868856717265567,0.638832650124393,acousticness_very_high|loudness_very_low|mode_1,energy_very_low
"frozenset({'acousticness_very_low', 'loudness_very_high'})",frozenset({'energy_very_high'}),0.10923705363025432,0.2486014446747086,0.08868098563710634,0.8118214716525934,3.265554119023122,1.0,0.0615244962926165,3.9930089895170924,0.7788528479178839,0.3294761671636477,0.7495622968479873,0.5842704910424101,acousticness_very_low|loudness_very_high,energy_very_high
"frozenset({'instrumentalness_low', 'acousticness_very_high'})",frozenset({'mode_1'}),0.11550210232513566,0.6337522011523856,0.08600965512284527,0.7446587844845468,1.1749999181549093,1.0,0.012809943536562465,1.434346578590048,0.16838492360817514,0.1296801343760724,0.3028184297110448,0.44018687263165057,acousticness_very_high|instrumentalness_low,mode_1
"frozenset({'key_high', 'instrumentalness_low'})",frozenset({'mode_1'}),0.12179110914122114,0.6337522011523856,0.08597371794103906,0.7059112815973246,1.113860086503413,1.0,0.008788334441999723,1.2453650069845132,0.11639733527253472,0.12840146703640754,0.19702256415461059,0.4207847684803559,instrumentalness_low|key_high,mode_1
"frozenset({'energy_very_low', 'valence_very_low'})",frozenset({'loudness_very_low'}),0.10502042429832653,0.25000299476515053,0.08420081697193306,0.8017565872020075,3.206987932105241,1.0,0.057945396385844644,3.7832127415960435,0.7689347857379012,0.31090764331210186,0.7356743941451929,0.5692779102756563,energy_very_low|valence_very_low,loudness_very_low
"frozenset({'loudness_very_low', 'valence_very_low'})",frozenset({'energy_very_low'}),0.10355897890487428,0.25050611531043737,0.08420081697193306,0.8130711393869289,3.245713735887597,1.0,0.05825865946095747,4.009514005656727,0.7718314311557121,0.31201171875,0.7505932143922743,0.5745969698464866,loudness_very_low|valence_very_low,energy_very_low
"frozenset({'energy_very_low', 'instrumentalness_high'})",frozenset({'loudness_very_low'}),0.0909450280908971,0.25000299476515053,0.08243989506342912,0.9064805057955743,3.6258785885629488,1.0,0.059703365681704104,8.019686286961937,0.796656745408646,0.31890639481000926,0.8753068431584715,0.618118067943307,energy_very_low|instrumentalness_high,loudness_very_low
"frozenset({'loudness_very_low', 'instrumentalness_high'})",frozenset({'energy_very_low'}),0.1159692856886163,0.25050611531043737,0.08243989506342912,0.7108769755190579,2.837762960948519,1.0,0.05338887981024755,2.5923009280741893,0.732564761892858,0.29024503395048706,0.6142423168660066,0.5199851595269352,instrumentalness_high|loudness_very_low,energy_very_low
"frozenset({'energy_very_low', 'danceability_very_low'})",frozenset({'acousticness_very_high'}),0.09933037051234442,0.24975143449250709,0.08061907785191486,0.811625663289918,3.2497337400248965,1.0,0.05581117532778461,3.9827535884687144,0.7686308714452253,0.30029896033197984,0.7489174316745821,0.5672114598765289,danceability_very_low|energy_very_low,acousticness_very_high
"frozenset({'acousticness_very_high', 'danceability_very_low'})",frozenset({'energy_very_low'}),0.09410750008984295,0.25050611531043737,0.08061907785191486,0.8566700610997964,3.4197570787370837,1.0,0.05704457358283166,5.229150939716879,0.7810877878827991,0.3053816135765496,0.8087643650894226,0.5892474253471438,acousticness_very_high|danceability_very_low,energy_very_low
"frozenset({'energy_very_low', 'danceability_very_low'})",frozenset({'loudness_very_low'}),0.09933037051234442,0.25000299476515053,0.07985241797338252,0.8039073806078147,3.2155910026717662,1.0,0.05501952787416442,3.8247079750352837,0.7650032310079266,0.2963193456614509,0.738542130137197,0.5616566131596812,danceability_very_low|energy_very_low,loudness_very_low
"frozenset({'loudness_very_low', 'danceability_very_low'})",frozenset({'energy_very_low'}),0.09570071514991794,0.25050611531043737,0.07985241797338252,0.8343972962823882,3.33084601646698,1.0,0.055878803588745855,4.525855362649217,0.7738322765910185,0.2997976163705869,0.7790472916450762,0.5765808210562668,danceability_very_low|loudness_very_low,energy_very_low
"frozenset({'energy_very_low', 'instrumentalness_low'})",frozenset({'mode_1'}),0.10372668575330322,0.6337522011523856,0.07869044909498198,0.7586326365631135,1.197049312307951,1.0,0.012953433680584256,1.5173874115892312,0.18366331389987622,0.11944722247477045,0.34097252134663947,0.44139929720604404,energy_very_low|instrumentalness_low,mode_1
"frozenset({'energy_very_low', 'valence_very_low'})",frozenset({'acousticness_very_high'}),0.10502042429832653,0.24975143449250709,0.07800764264066412,0.7427854454203262,2.9740988152066485,1.0,0.05177864102114532,2.9168200327291305,0.7416523368654553,0.2818559556786704,0.6571608845320679,0.5275632824492393,energy_very_low|valence_very_low,acousticness_very_high
"frozenset({'valence_very_low', 'acousticness_very_high'})",frozenset({'energy_very_low'}),0.08774661891014507,0.25050611531043737,0.07800764264066412,0.8890102389078498,3.54885643332959,1.0,0.056026578005858314,6.752820055782344,0.7873021942670285,0.299746835443038,0.8519137202325251,0.600205195965019,acousticness_very_high|valence_very_low,energy_very_low
"frozenset({'instrumentalness_low', 'energy_very_high'})",frozenset({'loudness_very_high'}),0.10224128223864684,0.2499430994621402,0.07527641682339271,0.7362624487404804,2.9457202472277286,1.0,0.04972191384768186,2.8439518641006813,0.7357482999570297,0.27184634019726595,0.648376608400782,0.5187183319666936,energy_very_high|instrumentalness_low,loudness_very_high
"frozenset({'energy_very_low', 'liveness_low'})",frozenset({'acousticness_very_high'}),0.09773715545226944,0.24975143449250709,0.07267696067274404,0.7435960289251133,2.9773443761638227,1.0,0.04826696589532259,2.9260411309634957,0.7360717824267359,0.26446100867442573,0.6582413044649456,0.5172965995265886,energy_very_low|liveness_low,acousticness_very_high
"frozenset({'acousticness_very_high', 'liveness_low'})",frozenset({'energy_very_low'}),0.08808203260700295,0.25050611531043737,0.07267696067274404,0.8251053991568068,3.293753520285533,1.0,0.05061187285571646,4.285403214714118,0.7636597109540805,0.27331291107306965,0.7666497293495144,0.5576129520650139,acousticness_very_high|liveness_low,energy_very_low
"frozenset({'loudness_very_low', 'danceability_very_low'})",frozenset({'acousticness_very_high'}),0.09570071514991794,0.24975143449250709,0.07249727476371302,0.7575416197271247,3.0331822568564752,1.0,0.04859588387306221,3.094339592069881,0.7412515539585087,0.26560168524532607,0.6768292650998028,0.5239096654441657,danceability_very_low|loudness_very_low,acousticness_very_high
"frozenset({'acousticness_very_high', 'danceability_very_low'})",frozenset({'loudness_very_low'}),0.09410750008984295,0.25000299476515053,0.07249727476371302,0.7703665987780041,3.0814294824815045,1.0,0.04897011791139061,3.266062346521606,0.7456461920687566,0.2669136455852518,0.6938209091247105,0.5301761120387385,acousticness_very_high|danceability_very_low,loudness_very_low
"frozenset({'energy_very_low', 'speechiness_very_low'})",frozenset({'mode_1'}),0.09536530145306005,0.6337522011523856,0.07214988200625307,0.756563245823389,1.193784012817138,1.0,0.011711912296815459,1.5044885070308862,0.17943986947603854,0.10982258446839158,0.3353222737649862,0.4352044090377695,energy_very_low|speechiness_very_low,mode_1
"frozenset({'valence_very_low', 'acousticness_very_high'})",frozenset({'loudness_very_low'}),0.08774661891014507,0.25000299476515053,0.07164676146096623,0.816518771331058,3.266035961281523,1.0,0.04970984395291357,4.087595285227136,0.7605545235411781,0.2692446205095885,0.75535738491184,0.5515511920862286,acousticness_very_high|valence_very_low,loudness_very_low
"frozenset({'acousticness_very_high', 'instrumentalness_high'})",frozenset({'loudness_very_low'}),0.08042741288228177,0.25000299476515053,0.07150301273374142,0.8890378313970808,3.556108726746378,1.0,0.05139591865195773,6.759033413619843,0.7816606975550537,0.2761508211889891,0.8520498510948411,0.5875232281086985,acousticness_very_high|instrumentalness_high,loudness_very_low
"frozenset({'energy_very_low', 'liveness_low'})",frozenset({'loudness_very_low'}),0.09773715545226944,0.25000299476515053,0.07145509649133315,0.7310944968746169,2.924342956616969,1.0,0.04702051492843873,2.7890727282183843,0.729324994580263,0.2586281651057925,0.6414578975002978,0.5084557295106195,energy_very_low|liveness_low,loudness_very_low
"frozenset({'loudness_very_low', 'liveness_low'})",frozenset({'energy_very_low'}),0.08842942536446292,0.25050611531043737,0.07145509649133315,0.8080465998374424,3.225656183427212,1.0,0.04930298466414729,3.904561649102577,0.7569195164406183,0.2671413856419902,0.7438893043909706,0.5466447612806187,liveness_low|loudness_very_low,energy_very_low
"frozenset({'energy_very_low', 'tempo_very_low'})",frozenset({'loudness_very_low'}),0.09522155272583524,0.25000299476515053,0.07105978749146492,0.7462573908667758,2.9849938060454035,1.0,0.04725411414381843,2.9557393131441847,0.7349765366773384,0.25918643771573385,0.6616751702178213,0.5152465679777098,energy_very_low|tempo_very_low,loudness_very_low
"frozenset({'loudness_very_low', 'tempo_very_low'})",frozenset({'energy_very_low'}),0.08793828387977815,0.25050611531043737,0.07105978749146492,0.8080642964173819,3.2257268267323362,1.0,0.049030709609675246,3.9049216518850822,0.7565193623028292,0.2657587025670893,0.7439129157643266,0.545864588912593,loudness_very_low|tempo_very_low,energy_very_low
"frozenset({'energy_very_low', 'tempo_very_low'})",frozenset({'acousticness_very_high'}),0.09522155272583524,0.24975143449250709,0.07104780843086285,0.7461315888791042,2.9874967100598946,1.0,0.0472660890429816,2.9552655338052825,0.7352867433091211,0.25936939694756633,0.6616209309921562,0.5153028321871659,energy_very_low|tempo_very_low,acousticness_very_high
"frozenset({'acousticness_very_high', 'tempo_very_low'})",frozenset({'energy_very_low'}),0.0950897830592125,0.25050611531043737,0.07104780843086285,0.7471655328798186,2.9826239249844284,1.0,0.047227236270987294,2.964365947516566,0.7345753551634292,0.25878092412408915,0.6626597330745341,0.5153912974269024,acousticness_very_high|tempo_very_low,energy_very_low
"frozenset({'energy_very_low', 'instrumentalness_high'})",frozenset({'acousticness_very_high'}),0.0909450280908971,0.24975143449250709,0.07012542076450365,0.7710748155953636,3.0873689160672146,1.0,0.04741176953884074,3.2772653103181173,0.7437389702414289,0.25917563200070837,0.694867547997531,0.5259278341970295,energy_very_low|instrumentalness_high,acousticness_very_high
"frozenset({'acousticness_very_high', 'instrumentalness_high'})",frozenset({'energy_very_low'}),0.08042741288228177,0.25050611531043737,0.07012542076450365,0.8719094429550195,3.4805914493325396,1.0,0.04997786199889462,5.85128132768108,0.7750258304560319,0.26887745728458573,0.8290972619502623,0.5759222042625136,acousticness_very_high|instrumentalness_high,energy_very_low
"frozenset({'energy_very_low', 'duration_ms_very_low'})",frozenset({'acousticness_very_high'}),0.09183147857545011,0.24975143449250709,0.06975406988583956,0.7595877902426298,3.041375084736174,1.0,0.04681902638005296,3.1206758020512426,0.7390713743109417,0.2566102591221576,0.6795565885624221,0.5194408805882438,duration_ms_very_low|energy_very_low,acousticness_very_high
"frozenset({'duration_ms_very_low', 'acousticness_very_high'})",frozenset({'energy_very_low'}),0.09307730087806514,0.25050611531043737,0.06975406988583956,0.7494208494208495,2.9916269648433,1.0,0.0464376368192947,2.991046473568518,0.7340578488354864,0.25473555273634013,0.6656688524110649,0.5139367062712511,acousticness_very_high|duration_ms_very_low,energy_very_low
"frozenset({'energy_very_low', 'duration_ms_very_low'})",frozenset({'loudness_very_low'}),0.09183147857545011,0.25000299476515053,0.06967021646162508,0.7586746673623793,3.0346623170457145,1.0,0.04671207180405079,3.1078254281785704,0.7382705176029394,0.25598591549295774,0.6782316049888045,0.5186760974569443,duration_ms_very_low|energy_very_low,loudness_very_low
"frozenset({'loudness_very_low', 'duration_ms_very_low'})",frozenset({'energy_very_low'}),0.08753099581930784,0.25050611531043737,0.06967021646162508,0.7959490899137813,3.1773639095692685,1.0,0.047743166729676136,3.6730729815067975,0.7510103825693548,0.2596080882024729,0.7277483989469298,0.5370334584993544,duration_ms_very_low|loudness_very_low,energy_very_low
"frozenset({'energy_very_low', 'liveness_low'})",frozenset({'mode_1'}),0.09773715545226944,0.6337522011523856,0.06911917967392997,0.7071945091310209,1.1158848960920233,1.0,0.007178042271681326,1.2508228508989891,0.11509974541896799,0.10435128585379969,0.2005262781366028,0.40812896234360324,energy_very_low|liveness_low,mode_1
"frozenset({'danceability_very_low', 'instrumentalness_high'})",frozenset({'valence_very_low'}),0.0950897830592125,0.2507217384012746,0.06872387067406174,0.7227261274880323,2.8825826276432607,1.0,0.04488279496125591,2.7023038803138046,0.7217167588781245,0.2480221347974579,0.6299453931569401,0.49841514210044235,danceability_very_low|instrumentalness_high,valence_very_low
"frozenset({'energy_very_low', 'loudness_very_low', 'danceability_very_low'})",frozenset({'acousticness_very_high'}),0.07985241797338252,0.24975143449250709,0.06796918985613148,0.8511851185118513,3.408129047352431,1.0,0.048025933919583944,5.041488848460636,0.7679027736982069,0.2597866398058697,0.8016458966669461,0.5616662318541318,danceability_very_low|energy_very_low|loudness_very_low,acousticness_very_high
"frozenset({'energy_very_low', 'acousticness_very_high', 'danceability_very_low'})",frozenset({'loudness_very_low'}),0.08061907785191486,0.25000299476515053,0.06796918985613148,0.8430906389301634,3.3723221584691476,1.0,0.047814178957947956,4.779810459498615,0.7651544733712653,0.2587795311502326,0.7907866831805509,0.5574820707827626,acousticness_very_high|danceability_very_low|energy_very_low,loudness_very_low
"frozenset({'loudness_very_low', 'acousticness_very_high', 'danceability_very_low'})",frozenset({'energy_very_low'}),0.07249727476371302,0.25050611531043737,0.06796918985613148,0.9375413086582949,3.742588509252381,1.0,0.04980817918448033,11.99983330725196,0.7900842017499933,0.26651009863785813,0.9166655090620582,0.60443438807054,acousticness_very_high|danceability_very_low|loudness_very_low,energy_very_low
"frozenset({'loudness_very_low', 'danceability_very_low'})","frozenset({'energy_very_low', 'acousticness_very_high'})",0.09570071514991794,0.17666718575929274,0.06796918985613148,0.7102265615220928,4.020138536025413,1.0,0.05106201383544377,2.8412984246086435,0.830756328072642,0.33253238000351637,0.6480482333925418,0.5474783472107345,danceability_very_low|loudness_very_low,acousticness_very_high|energy_very_low
"frozenset({'acousticness_very_high', 'danceability_very_low'})","frozenset({'energy_very_low', 'loudness_very_low'})",0.09410750008984295,0.17769738497107057,0.06796918985613148,0.7222505091649695,4.064497118415969,1.0,0.0512465331840016,2.9605908999391706,0.8322920250407693,0.3334508697696287,0.6622295907142907,0.5523750860507334,acousticness_very_high|danceability_very_low,energy_very_low|loudness_very_low
"frozenset({'energy_very_low', 'loudness_very_low', 'valence_very_low'})",frozenset({'acousticness_very_high'}),0.08420081697193306,0.24975143449250709,0.0672624252806095,0.7988334044672073,3.198513778671303,1.0,0.046233150456428174,3.729488802653584,0.7505518747958,0.2522121906301936,0.7318667375302252,0.5340754388636578,energy_very_low|loudness_very_low|valence_very_low,acousticness_very_high
"frozenset({'energy_very_low', 'valence_very_low', 'acousticness_very_high'})",frozenset({'loudness_very_low'}),0.07800764264066412,0.25000299476515053,0.0672624252806095,0.8622542997542997,3.448975883526075,1.0,0.04776028100587381,5.444794312251212,0.7701352990487846,0.2579592961822943,0.8163383329743197,0.5656503889763352,acousticness_very_high|energy_very_low|valence_very_low,loudness_very_low
"frozenset({'loudness_very_low', 'valence_very_low', 'acousticness_very_high'})",frozenset({'energy_very_low'}),0.07164676146096623,0.25050611531043737,0.0672624252806095,0.9388062196957031,3.7476379310433052,1.0,0.04931447339244929,12.247876842426988,0.7897481558539402,0.2638875834194943,0.9183531959975321,0.6036561702916159,acousticness_very_high|loudness_very_low|valence_very_low,energy_very_low
"frozenset({'valence_very_low', 'acousticness_very_high'})","frozenset({'energy_very_low', 'loudness_very_low'})",0.08774661891014507,0.17769738497107057,0.0672624252806095,0.7665529010238907,4.313810814653726,1.0,0.051670080560223625,3.5224366404017,0.8420756988387709,0.33939796905222436,0.7161056103805575,0.5725376073138868,acousticness_very_high|valence_very_low,energy_very_low|loudness_very_low
"frozenset({'loudness_very_high', 'speechiness_very_high'})",frozenset({'energy_very_high'}),0.09169970890882737,0.2486014446747086,0.06709471843218055,0.7316786414108427,2.9431793623252416,1.0,0.044298038321195825,2.800368033600345,0.7268866730494837,0.2455824966019205,0.6429040797489994,0.5007836661012678,loudness_very_high|speechiness_very_high,energy_very_high
"frozenset({'energy_very_low', 'loudness_very_low', 'instrumentalness_high'})",frozenset({'acousticness_very_high'}),0.08243989506342912,0.24975143449250709,0.06611243546281101,0.8019471083987214,3.2109809900722754,1.0,0.04552295341130783,3.7881222507869174,0.7504344307438056,0.248469295876103,0.7360169673002853,0.5333300221354728,energy_very_low|instrumentalness_high|loudness_very_low,acousticness_very_high
"frozenset({'energy_very_low', 'acousticness_very_high', 'instrumentalness_high'})",frozenset({'loudness_very_low'}),0.07012542076450365,0.25000299476515053,0.06611243546281101,0.9427741715066621,3.771051512372048,1.0,0.048580870262518824,13.105917816850171,0.7902377259760528,0.26026880452723405,0.9236985906691473,0.603610372768185,acousticness_very_high|energy_very_low|instrumentalness_high,loudness_very_low
"frozenset({'loudness_very_low', 'acousticness_very_high', 'instrumentalness_high'})",frozenset({'energy_very_low'}),0.07150301273374142,0.25050611531043737,0.06611243546281101,0.9246104875188474,3.690969724922813,1.0,0.04820049350988871,9.941619994915564,0.7852136304724072,0.25835595917985205,0.8994127717101006,0.5942629713799287,acousticness_very_high|instrumentalness_high|loudness_very_low,energy_very_low
"frozenset({'energy_very_low', 'instrumentalness_high'})","frozenset({'loudness_very_low', 'acousticness_very_high'})",0.0909450280908971,0.15069658237401024,0.06611243546281101,0.7269494204425712,4.8239277161466925,1.0,0.05240733054560446,3.110425251623982,0.8720045202769791,0.3766464205282195,0.6785005524637218,0.5828308310479946,energy_very_low|instrumentalness_high,acousticness_very_high|loudness_very_low
"frozenset({'acousticness_very_high', 'instrumentalness_high'})","frozenset({'energy_very_low', 'loudness_very_low'})",0.08042741288228177,0.17769738497107057,0.06611243546281101,0.8220137027107537,4.625918962423555,1.0,0.05182069451364095,4.620033269710656,0.8523815816389436,0.3443134319046728,0.7835513422476656,0.5970321985307847,acousticness_very_high|instrumentalness_high,energy_very_low|loudness_very_low
"frozenset({'duration_ms_very_low', 'acousticness_very_high'})",frozenset({'mode_1'}),0.09307730087806514,0.6337522011523856,0.06550150337210556,0.7037323037323038,1.1104218690722802,1.0,0.006513559063308902,1.2362056459800017,0.1096470156884053,0.09904541090803703,0.19107310078069561,0.40354368707076393,acousticness_very_high|duration_ms_very_low,mode_1
"frozenset({'speechiness_very_low', 'acousticness_very_high'})",frozenset({'energy_very_low'}),0.08373363360845243,0.25050611531043737,0.06429161825129673,0.7678111587982832,3.065039581356249,1.0,0.04331583097521583,3.227949632766508,0.7353101281105017,0.23816285777679164,0.6902058229629339,0.5122290300494858,acousticness_very_high|speechiness_very_low,energy_very_low
"frozenset({'instrumentalness_low', 'danceability_very_low'})",frozenset({'mode_1'}),0.09053774003042682,0.6337522011523856,0.06421974388768432,0.709314633500926,1.1192302483701693,1.0,0.006841251856038871,1.259945773186285,0.1171338256823627,0.09729229429058836,0.20631504840792197,0.40532360538102724,danceability_very_low|instrumentalness_low,mode_1
"frozenset({'speechiness_very_low', 'acousticness_very_high'})",frozenset({'mode_1'}),0.08373363360845243,0.6337522011523856,0.06363276991818302,0.7599427753934191,1.1991165853334702,1.0,0.010566395308338923,1.5256687210636617,0.18122757571881754,0.0973196782881117,0.3445497137131954,0.4301745821017753,acousticness_very_high|speechiness_very_low,mode_1
"frozenset({'loudness_very_low', 'tempo_very_low'})",frozenset({'acousticness_very_high'}),0.08793828387977815,0.24975143449250709,0.06323746091831478,0.7191118376243019,2.8793101392411673,1.0,0.04127474837253088,2.670986769830507,0.7156254609138328,0.23041333857099208,0.6256065319022689,0.48615671501340757,loudness_very_low|tempo_very_low,acousticness_very_high
"frozenset({'acousticness_very_high', 'liveness_low'})",frozenset({'mode_1'}),0.08808203260700295,0.6337522011523856,0.06294996346386517,0.7146742826057393,1.1276872590047162,1.0,0.007127781417200843,1.2836129956751714,0.12416612220317909,0.09554024325945858,0.2209489905686044,0.40700163426194724,acousticness_very_high|liveness_low,mode_1
"frozenset({'energy_very_low', 'speechiness_low'})",frozenset({'loudness_very_low'}),0.07803160076186826,0.25000299476515053,0.06260257070640521,0.802272029474977,3.209049676499358,1.0,0.04309443682961954,3.7930749162265607,0.7466430148802732,0.23585161115624156,0.7363616532533918,0.5263396563282887,energy_very_low|speechiness_low,loudness_very_low
"frozenset({'loudness_very_low', 'speechiness_low'})",frozenset({'energy_very_low'}),0.08105032403358929,0.25050611531043737,0.06260257070640521,0.7723913686077446,3.083323405700359,1.0,0.04229896888809857,3.2929062492270007,0.7352683711554563,0.23276322822020307,0.69631689325053,0.5111478648700544,loudness_very_low|speechiness_low,energy_very_low
"frozenset({'loudness_very_low', 'duration_ms_very_low'})",frozenset({'acousticness_very_high'}),0.08753099581930784,0.24975143449250709,0.06259059164580313,0.7150677432598878,2.863117662218436,1.0,0.04072959987737336,2.63307697798427,0.7131534148227118,0.22785748549997822,0.6202161925529646,0.4828396416908581,duration_ms_very_low|loudness_very_low,acousticness_very_high
"frozenset({'energy_very_low', 'speechiness_low'})",frozenset({'acousticness_very_high'}),0.07803160076186826,0.24975143449250709,0.062339031373159715,0.7988946883635246,3.1987591582281487,1.0,0.04285052714713651,3.7306253097067223,0.7455556802249922,0.23484814296674036,0.7319484223199533,0.5242494929658766,energy_very_low|speechiness_low,acousticness_very_high
"frozenset({'speechiness_low', 'acousticness_very_high'})",frozenset({'energy_very_low'}),0.07927742306448328,0.25050611531043737,0.062339031373159715,0.7863402840737383,3.139006339622781,1.0,0.042479552089453934,3.507885805428237,0.7401011624836276,0.23309146286840454,0.7149280063642433,0.5175963088310543,acousticness_very_high|speechiness_low,energy_very_low
"frozenset({'speechiness_very_low', 'key_very_low'})",frozenset({'mode_1'}),0.0807867847003438,0.6337522011523856,0.06213538734292457,0.7691281138790036,1.2136101657405791,1.0,0.010936584715057818,1.5863681152397635,0.19148133728319128,0.09524071829899747,0.3696292869269753,0.43358588852441815,key_very_low|speechiness_very_low,mode_1
"frozenset({'valence_very_high', 'acousticness_high'})",frozenset({'instrumentalness_low'}),0.08494351872926126,0.5000539057727093,0.061835910827872875,0.727965026089409,1.4557731030308017,1.0,0.0193595725172285,1.8378008056846646,0.34214255929530585,0.11819659744006596,0.4558713888323417,0.42581175796613036,acousticness_high|valence_very_high,instrumentalness_low
"frozenset({'acousticness_very_low', 'danceability_very_low'})",frozenset({'energy_very_high'}),0.08416487979012686,0.2486014446747086,0.06182393176727081,0.7345573583831482,2.9547590093223546,1.0,0.04090042106057208,2.830737935504287,0.7223602908406014,0.22818109470333361,0.6467352249540355,0.49162214760577927,acousticness_very_low|danceability_very_low,energy_very_high
"frozenset({'energy_very_high', 'danceability_very_low'})",frozenset({'acousticness_very_low'}),0.07848680506474683,0.2504581990680291,0.06182393176727081,0.7876984126984127,3.145029452537344,1.0,0.04216626792015085,3.5305520342963863,0.7401282559778367,0.23144535629400423,0.7167581754111455,0.5172708631312993,danceability_very_low|energy_very_high,acousticness_very_low
"frozenset({'speechiness_very_low', 'energy_low'})",frozenset({'mode_1'}),0.0860336132440494,0.6337522011523856,0.061680183040046,0.716931216931217,1.1312484842302442,1.0,0.007156191273536658,1.2938473641532546,0.12694221218527119,0.09372383414030361,0.2271113056257298,0.40712830575319947,energy_low|speechiness_very_low,mode_1
"frozenset({'duration_ms_very_low', 'key_very_low'})",frozenset({'mode_1'}),0.08055918254890451,0.6337522011523856,0.0612369577977695,0.7601486988847583,1.1994415127908655,1.0,0.010182398534364409,1.526978578580413,0.18084758103475754,0.09376719615539822,0.3451119655328299,0.42838736333520594,duration_ms_very_low|key_very_low,mode_1
"frozenset({'acousticness_very_low', 'key_very_low'})",frozenset({'mode_1'}),0.0798643970339846,0.6337522011523856,0.06100935564633021,0.7639118044097795,1.2053793312602585,1.0,0.010395118232334417,1.5513177096042214,0.18517449112088244,0.09348556324455294,0.3553867181371093,0.4300893489490538,acousticness_very_low|key_very_low,mode_1
"frozenset({'energy_very_low', 'key_very_low'})",frozenset({'mode_1'}),0.08169719330610094,0.6337522011523856,0.06087758597970747,0.7451612903225806,1.1757928240211455,1.0,0.009101809893994062,1.4371749068703854,0.16281125571619845,0.09300367842175578,0.3041904675488555,0.42061013197728125,energy_very_low|key_very_low,mode_1
"frozenset({'key_very_low', 'danceability_very_low'})",frozenset({'mode_1'}),0.08222427197259191,0.6337522011523856,0.060865606919105406,0.7402389277389277,1.1680258094455713,1.0,0.008755793568322873,1.409941049517681,0.15674257926119478,0.09290886483323581,0.29075048893562994,0.4181394997828936,danceability_very_low|key_very_low,mode_1
"frozenset({'loudness_very_low', 'key_very_low'})",frozenset({'mode_1'}),0.0812300099426203,0.6337522011523856,0.06044633979803304,0.7441380327385342,1.174178222001325,1.0,0.008966642197267255,1.4314272760724343,0.16145556941227157,0.09234992679355783,0.30139657339504466,0.419758270693055,key_very_low|loudness_very_low,mode_1
"frozenset({'liveness_very_high', 'key_very_low'})",frozenset({'mode_1'}),0.07962481582194324,0.6337522011523856,0.0603505073132165,0.757935910937265,1.1959499463024656,1.0,0.009888105019706668,1.5130199620510212,0.17801936385097586,0.09241662692152475,0.33907018738575073,0.42658160257193084,key_very_low|liveness_very_high,mode_1
"frozenset({'key_very_low', 'acousticness_very_high'})",frozenset({'mode_1'}),0.08005606200361767,0.6337522011523856,0.05976353334371519,0.7465210234924435,1.1779383521430054,1.0,0.009027827833330629,1.4448843209554942,0.1642047214011981,0.09137529991391784,0.3079030718952605,0.4204110646240216,acousticness_very_high|key_very_low,mode_1
"frozenset({'valence_very_high', 'key_very_low'})",frozenset({'mode_1'}),0.0776123336407959,0.6337522011523856,0.05976353334371519,0.7700262386170705,1.215027320168499,1.0,0.010576546062287445,1.5925634152575125,0.1918642728287948,0.09171798878573399,0.37208151937968315,0.4321636721863351,key_very_low|valence_very_high,mode_1
"frozenset({'speechiness_very_low', 'loudness_low'})",frozenset({'mode_1'}),0.08221229291198984,0.6337522011523856,0.05975155428311312,0.7267958618679878,1.1468139448611239,1.0,0.007649332688354889,1.3405646098619617,0.13948647737131512,0.09105512960934647,0.25404565162810744,0.41053903290923255,loudness_low|speechiness_very_low,mode_1
"frozenset({'key_very_low', 'tempo_very_high'})",frozenset({'mode_1'}),0.0790857580948502,0.6337522011523856,0.059535931192275904,0.7528021811572251,1.1878494146266703,1.0,0.009415157919859488,1.4815980196029106,0.1717233169952504,0.09113079193941727,0.32505309350506945,0.42337207630774965,key_very_low|tempo_very_high,mode_1
"frozenset({'acousticness_low', 'loudness_very_high'})",frozenset({'instrumentalness_low'}),0.0834101989721966,0.5000539057727093,0.05938020340444902,0.7119057877351715,1.4236580886916537,1.0,0.01767060762712329,1.7353562582774797,0.3246644837378337,0.11330285714285716,0.42374944900789235,0.41532669609065975,acousticness_low|loudness_very_high,instrumentalness_low
"frozenset({'liveness_very_high', 'loudness_very_high'})",frozenset({'energy_very_high'}),0.0816372980030906,0.2486014446747086,0.05915260125300974,0.7245781364636831,2.9146175615020384,1.0,0.038857451030101714,2.7281732309759517,0.7152967035421636,0.21820592134334957,0.6334543610919204,0.48125981944853313,liveness_very_high|loudness_very_high,energy_very_high
"frozenset({'tempo_low', 'key_very_low'})",frozenset({'mode_1'}),0.07992429233699493,0.6337522011523856,0.059080726889397334,0.7392086330935252,1.1664001036199678,1.0,0.008428530695280052,1.4043708700639561,0.15505382293413617,0.09025528410650563,0.28793738084694165,0.41621616797857436,key_very_low|tempo_low,mode_1
"frozenset({'liveness_very_low', 'key_very_low'})",frozenset({'mode_1'}),0.07996022951880113,0.6337522011523856,0.058984894404580795,0.7376779026217228,1.1639847582073302,1.0,0.008309922942390614,1.396175932214635,0.15312622969601464,0.09009074941451992,0.2837578868633087,0.4153751955221836,key_very_low|liveness_very_low,mode_1
"frozenset({'valence_very_low', 'key_very_low'})",frozenset({'mode_1'}),0.08247583224523533,0.6337522011523856,0.05890104098036632,0.714161220043573,1.1268776956434634,1.0,0.006631800753073527,1.2813089913952362,0.12271311680521194,0.08960691050243288,0.21954812873740526,0.4035506979151803,key_very_low|valence_very_low,mode_1
"frozenset({'loudness_low', 'key_very_low'})",frozenset({'mode_1'}),0.07846284694354269,0.6337522011523856,0.05888906191976425,0.7505343511450381,1.1842709970557912,1.0,0.009163059960611335,1.4681291814270951,0.1688468812148819,0.0901373329177286,0.3188610289539031,0.4217278125633517,key_very_low|loudness_low,mode_1
"frozenset({'duration_ms_low', 'key_very_low'})",frozenset({'mode_1'}),0.07938523460990189,0.6337522011523856,0.05884114567735598,0.74121020069413,1.1695583847225268,1.0,0.008530578504332115,1.4152327480834634,0.15747783219610234,0.08993042841450019,0.29340244468323673,0.41702793372765284,duration_ms_low|key_very_low,mode_1
"frozenset({'key_very_low', 'energy_very_high'})",frozenset({'mode_1'}),0.07745660585296901,0.6337522011523856,0.058733334131937376,0.7582740488710177,1.1964834954296133,1.0,0.00964503967882551,1.5151364474399713,0.1780051469414144,0.09001615627524419,0.3399934364395789,0.4254747996930459,energy_very_high|key_very_low,mode_1
"frozenset({'acousticness_very_low', 'speechiness_very_high'})",frozenset({'energy_very_high'}),0.0750248565507493,0.2486014446747086,0.058613543525916696,0.781254989621587,3.1426003603633434,1.0,0.03996225580088765,3.4350431766440135,0.7370924375078822,0.22117253537042897,0.7088828440936846,0.50851406542709,acousticness_very_low|speechiness_very_high,energy_very_high
"frozenset({'valence_low', 'key_very_low'})",frozenset({'mode_1'}),0.07854670036775716,0.6337522011523856,0.058409899495681546,0.7436327588836358,1.1733809484707878,1.0,0.008630755244358551,1.4286060779558638,0.16035740230469872,0.08932693364598981,0.3000169777865844,0.41789898033020273,key_very_low|valence_low,mode_1
"frozenset({'energy_very_low', 'key_very_low'})",frozenset({'loudness_very_low'}),0.08169719330610094,0.25000299476515053,0.058373962313875344,0.714516129032258,2.85803027961111,1.0,0.0379494193234427,2.627108153929981,0.7079458657417415,0.21356883025814086,0.6193533187797899,0.4740045906301683,energy_very_low|key_very_low,loudness_very_low
"frozenset({'loudness_very_low', 'key_very_low'})",frozenset({'energy_very_low'}),0.0812300099426203,0.25050611531043737,0.058373962313875344,0.7186255714496387,2.868694724514364,1.0,0.03802534807652133,2.6636886960586605,0.7090016134181732,0.21354075372480275,0.6245807546956764,0.47582483622214145,key_very_low|loudness_very_low,energy_very_low
"frozenset({'danceability_low', 'key_very_low'})",frozenset({'mode_1'}),0.07783993579223518,0.6337522011523856,0.05800261143521125,0.7451523545706371,1.1757787242642892,1.0,0.008671380789321843,1.4371245150433565,0.16211918076246207,0.0887447077582889,0.30416606944469865,0.41833744748662277,danceability_low|key_very_low,mode_1
"frozenset({'key_very_low', 'speechiness_very_high'})",frozenset({'mode_1'}),0.07715712933791732,0.6337522011523856,0.05790677895039471,0.7505045800341562,1.1842240211071038,1.0,0.009008278397890299,1.467953996501235,0.16857168575915063,0.08867772233636632,0.31877974215579663,0.4209379529978928,key_very_low|speechiness_very_high,mode_1
"frozenset({'key_very_low', 'instrumentalness_high'})",frozenset({'mode_1'}),0.07958887864013704,0.6337522011523856,0.057822925526180236,0.7265201685731487,1.1463789273663714,1.0,0.0073832985007432975,1.3392131951257842,0.13872940016629792,0.08820949526698586,0.25329290090658346,0.4088795909494607,instrumentalness_high|key_very_low,mode_1
"frozenset({'key_very_low', 'tempo_high'})",frozenset({'mode_1'}),0.07728889900454007,0.6337522011523856,0.05781094646557817,0.7479851208927464,1.1802485569795969,1.0,0.008828936596806475,1.453278473656093,0.16551317619957595,0.0885001191982542,0.31190063148445,0.4196026162066983,key_very_low|tempo_high,mode_1
"frozenset({'loudness_very_low', 'speechiness_very_low'})",frozenset({'energy_very_low'}),0.07123947340049594,0.25050611531043737,0.0577630302231699,0.8108289894064233,3.236763255865475,1.0,0.03991710648485043,3.9619912286656245,0.7440555070417615,0.21881381313245907,0.7476016623245292,0.5207071496381772,loudness_very_low|speechiness_very_low,energy_very_low
"frozenset({'key_very_low', 'liveness_low'})",frozenset({'mode_1'}),0.07813941230728687,0.6337522011523856,0.05775105116256783,0.7390771117583933,1.1661925756068219,1.0,0.008230026616070966,1.403662979954752,0.15458811382306462,0.08828538465764463,0.2875782760672112,0.4151013571267158,key_very_low|liveness_low,mode_1
"frozenset({'energy_very_low', 'loudness_very_low', 'danceability_very_low'})",frozenset({'valence_very_low'}),0.07985241797338252,0.2507217384012746,0.05771511398076163,0.7227722772277229,2.8827666952075046,1.0,0.03769437693092998,2.7027537293382604,0.7097894209902041,0.21151988761085255,0.6300069854145242,0.47648408414658955,danceability_very_low|energy_very_low|loudness_very_low,valence_very_low
"frozenset({'energy_very_low', 'valence_very_low', 'danceability_very_low'})",frozenset({'loudness_very_low'}),0.06764575521987566,0.25000299476515053,0.05771511398076163,0.8531963874623694,3.4127446683742755,1.0,0.0408034725926424,5.108845703933889,0.7582747863531766,0.22203788193004287,0.8042610683603177,0.5420270389635756,danceability_very_low|energy_very_low|valence_very_low,loudness_very_low
"frozenset({'loudness_very_low', 'valence_very_low', 'danceability_very_low'})",frozenset({'energy_very_low'}),0.06647180728087303,0.25050611531043737,0.05771511398076163,0.8682645521715625,3.4660413423264087,1.0,0.04106351976116608,5.689386547390404,0.7621477577481297,0.22261239199741253,0.8242341258287893,0.549329292153111,danceability_very_low|loudness_very_low|valence_very_low,energy_very_low
"frozenset({'danceability_high', 'key_very_low'})",frozenset({'mode_1'}),0.07756441739838763,0.6337522011523856,0.05760730243534302,0.7427027027027026,1.1719134092981554,1.0,0.008450682178012467,1.4234420753531223,0.15902967894369002,0.08812372872038263,0.29747755998295633,0.4168007417681361,danceability_high|key_very_low,mode_1
"frozenset({'energy_high', 'loudness_very_high'})",frozenset({'instrumentalness_low'}),0.07781597767103104,0.5000539057727093,0.05746355370811821,0.7384544334975369,1.4767496563324285,1.0,0.018551370142197203,1.911506667510583,0.3500788847547381,0.11042055106691526,0.47685246565091377,0.426684575890202,energy_high|loudness_very_high,instrumentalness_low
"frozenset({'speechiness_very_low', 'acousticness_high'})",frozenset({'mode_1'}),0.0782352447921034,0.6337522011523856,0.057439595586914076,0.7341907824222936,1.158482418029121,1.0,0.007857836992222832,1.3778596626000974,0.14841286313745303,0.08775461649676983,0.2742366823389367,0.4124124689920749,acousticness_high|speechiness_very_low,mode_1
"frozenset({'key_very_low', 'tempo_very_low'})",frozenset({'mode_1'}),0.07851076318595096,0.6337522011523856,0.05741563746570994,0.7313091241989624,1.1539354385975842,1.0,0.00765926848245984,1.3630823814010586,0.14476608687745468,0.08767789851095746,0.2663686262512326,0.4109527380752869,key_very_low|tempo_very_low,mode_1
"frozenset({'danceability_very_high', 'key_very_low'})",frozenset({'mode_1'}),0.07718108745912146,0.6337522011523856,0.057367721223301665,0.7432872885301878,1.1728358294908146,1.0,0.008454037158748658,1.4266835356560938,0.15969086260050552,0.08777653549368573,0.2990737083538806,0.4169040166306548,danceability_very_high|key_very_low,mode_1
"frozenset({'loudness_high', 'key_very_low'})",frozenset({'mode_1'}),0.07745660585296901,0.6337522011523856,0.05729584685968926,0.7397154345808846,1.1671997876075544,1.0,0.008207552406577397,1.4071053281929142,0.1552757794985665,0.08761998974133509,0.28932114749060206,0.41506138424063604,key_very_low|loudness_high,mode_1
"frozenset({'energy_high', 'key_very_low'})",frozenset({'mode_1'}),0.07817534948909306,0.6337522011523856,0.057235951556678925,0.7321483297578916,1.1552596242294495,1.0,0.007692151742109174,1.367353052219412,0.1457909675145578,0.08742429509816478,0.26865998625822696,0.41123057731633356,energy_high|key_very_low,mode_1
"frozenset({'energy_very_low', 'key_very_low'})",frozenset({'acousticness_very_high'}),0.08169719330610094,0.24975143449250709,0.05722397249607686,0.7004398826979472,2.8045479863658658,1.0,0.0368199812738665,2.504500840313804,0.7006798822249182,0.20867551983225582,0.6007188402960553,0.46478179083815774,energy_very_low|key_very_low,acousticness_very_high
"frozenset({'key_very_low', 'acousticness_very_high'})",frozenset({'energy_very_low'}),0.08005606200361767,0.25050611531043737,0.05722397249607686,0.7147987430794553,2.8534183374870814,1.0,0.03716943939649908,2.6279473407032254,0.706068189564379,0.20935226575510563,0.6194748713144286,0.4716160892137904,acousticness_very_high|key_very_low,energy_very_low
"frozenset({'key_very_low', 'loudness_very_high'})",frozenset({'mode_1'}),0.07766024988320416,0.6337522011523856,0.05721199343547479,0.7366959740860712,1.162435369449601,1.0,0.007994639129949854,1.390969232530219,0.1515028696263279,0.08745330696550209,0.2810768372058331,0.413485497675301,key_very_low|loudness_very_high,mode_1
"frozenset({'key_very_low', 'speechiness_low'})",frozenset({'mode_1'}),0.07967273206435152,0.6337522011523856,0.05710418189005618,0.7167343256653134,1.130937808755594,1.0,0.006611412572449148,1.292948041473186,0.12580098907851095,0.08700651590647757,0.22657371532068735,0.4034196153418713,key_very_low|speechiness_low,mode_1
"frozenset({'energy_low', 'key_very_low'})",frozenset({'mode_1'}),0.07748056397417315,0.6337522011523856,0.05699637034463757,0.735621521335807,1.1607399863829853,1.0,0.007892892379477108,1.385316235641152,0.15011132439556008,0.0871189233726998,0.2781431601881284,0.4127781550540674,energy_low|key_very_low,mode_1
"frozenset({'energy_very_low', 'loudness_very_low', 'liveness_low'})",frozenset({'acousticness_very_high'}),0.07145509649133315,0.24975143449250709,0.05699637034463757,0.7976529756915339,3.193787364274237,1.0,0.03915035749412661,3.707732140225513,0.7397511036067922,0.21572361262241568,0.7302933539478456,0.512932679989275,energy_very_low|liveness_low|loudness_very_low,acousticness_very_high
"frozenset({'energy_very_low', 'acousticness_very_high', 'liveness_low'})",frozenset({'loudness_very_low'}),0.07267696067274404,0.25000299476515053,0.05699637034463757,0.7842426240316467,3.13693291861705,1.0,0.038826912526022495,3.47611293411752,0.7346062307753339,0.21452725551197077,0.7123223500061945,0.5061126871955071,acousticness_very_high|energy_very_low|liveness_low,loudness_very_low
"frozenset({'loudness_very_low', 'acousticness_very_high', 'liveness_low'})",frozenset({'energy_very_low'}),0.0603145701314103,0.25050611531043737,0.05699637034463757,0.9449851042701092,3.772303534782156,1.0,0.04188720168439904,13.623471875133372,0.7820808557892797,0.22455047430270422,0.9265972720342104,0.5862549851878472,acousticness_very_high|liveness_low|loudness_very_low,energy_very_low
"frozenset({'duration_ms_high', 'key_very_low'})",frozenset({'mode_1'}),0.07758837551959176,0.6337522011523856,0.05696043316283137,0.7341361741547012,1.1583962514367319,1.0,0.0077886293934522205,1.377576651066201,0.1482391747455123,0.08704486792245593,0.27408758037091335,0.4120071287558309,duration_ms_high|key_very_low,mode_1
"frozenset({'duration_ms_very_high', 'key_very_low'})",frozenset({'mode_1'}),0.077276919943938,0.6337522011523856,0.05680470537500449,0.7350798325840955,1.1598852536487612,1.0,0.007830287262257096,1.3824836456208076,0.14939016243842554,0.08682755337459258,0.2766641376426934,0.4123560962372325,duration_ms_very_high|key_very_low,mode_1
"frozenset({'speechiness_very_low', 'danceability_low'})",frozenset({'mode_1'}),0.07732483618634627,0.6337522011523856,0.056780747253800355,0.7343144848954298,1.158677608630292,1.0,0.007775962116955769,1.3785011904147815,0.1484240240096133,0.08678139875503478,0.2745744385617056,0.41195452058777726,danceability_low|speechiness_very_low,mode_1
"frozenset({'valence_high', 'key_very_low'})",frozenset({'mode_1'}),0.07617484636854778,0.6337522011523856,0.05676876819319829,0.7452429627299889,1.1759216952223182,1.0,0.008492791634686324,1.4376356499209748,0.16193891138158772,0.08691425951398442,0.30441346522328594,0.41740930860249564,key_very_low|valence_high,mode_1
"frozenset({'acousticness_low', 'key_very_low'})",frozenset({'mode_1'}),0.07732483618634627,0.6337522011523856,0.05676876819319829,0.7341595662277305,1.1584331618774164,1.0,0.0077639830563537016,1.3776978680427454,0.1482266445996602,0.0867615019864155,0.27415144989614426,0.41186761035136643,acousticness_low|key_very_low,mode_1
"frozenset({'energy_very_low', 'loudness_very_low', 'tempo_very_low'})",frozenset({'acousticness_very_high'}),0.07105978749146492,0.24975143449250709,0.05675678913259622,0.7987188132164531,3.198054957479797,1.0,0.039009505271870144,3.7273655700087494,0.739886087029572,0.21494351948464369,0.7317139998163227,0.5129859594404966,energy_very_low|loudness_very_low|tempo_very_low,acousticness_very_high
"frozenset({'energy_very_low', 'acousticness_very_high', 'tempo_very_low'})",frozenset({'loudness_very_low'}),0.07104780843086285,0.25000299476515053,0.05675678913259622,0.798853481706289,3.1953756492266074,1.0,0.038994624253379795,3.728610425857412,0.739594304129897,0.2147486742510085,0.7318035713612947,0.5129389593485925,acousticness_very_high|energy_very_low|tempo_very_low,loudness_very_low
"frozenset({'loudness_very_low', 'acousticness_very_high', 'tempo_very_low'})",frozenset({'energy_very_low'}),0.06323746091831478,0.25050611531043737,0.05675678913259622,0.8975184694070847,3.5828205961951998,1.0,0.040915418455853586,7.3134532666842915,0.7695549990877479,0.22085489208968442,0.8632656881044962,0.562043473418156,acousticness_very_high|loudness_very_low|tempo_very_low,energy_very_low
"frozenset({'key_very_low', 'liveness_high'})",frozenset({'mode_1'}),0.07708525497430492,0.6337522011523856,0.05675678913259622,0.7362859362859362,1.1617883692508018,1.0,0.007903839116237592,1.3888064735323498,0.15088938504416086,0.08677337826453242,0.2799572733438107,0.41292134447790807,key_very_low|liveness_high,mode_1
"frozenset({'speechiness_very_low', 'liveness_low'})",frozenset({'mode_1'}),0.07770816612561243,0.6337522011523856,0.05674481007199415,0.7302296901495298,1.1522321955201322,1.0,0.007497088742372024,1.3576282692139852,0.1432511580453552,0.08667093587046017,0.26342134833494457,0.4098837705071437,liveness_low|speechiness_very_low,mode_1
"frozenset({'speechiness_high', 'key_very_low'})",frozenset({'mode_1'}),0.07719306651972352,0.6337522011523856,0.056696893829585884,0.734481688392303,1.1589414396616777,1.0,0.007775618009008584,1.3793692669631956,0.14861573769134864,0.08665958693423173,0.2750309696245523,0.4119719660182855,key_very_low|speechiness_high,mode_1
"frozenset({'loudness_high', 'energy_low'})",frozenset({'instrumentalness_low'}),0.07503683561135135,0.5000539057727093,0.056349501072125927,0.7509578544061304,1.5017538024139845,1.0,0.018827038347844965,2.0074758552818914,0.361216428551606,0.10862737853316093,0.5018620037850572,0.43182235380329514,energy_low|loudness_high,instrumentalness_low
"frozenset({'acousticness_high', 'key_very_low'})",frozenset({'mode_1'}),0.07756441739838763,0.6337522011523856,0.05630158482971765,0.7258687258687258,1.145351013454217,1.0,0.0071449645723871,1.3360307028384801,0.13757623256929447,0.08595464520848574,0.2515142070646745,0.4073536049719775,acousticness_high|key_very_low,mode_1
"frozenset({'energy_very_low', 'loudness_very_low', 'duration_ms_very_low'})",frozenset({'acousticness_very_high'}),0.06967021646162508,0.24975143449250709,0.05618179422369698,0.8063961485557084,3.228794862357043,1.0,0.038781557721002634,3.8751737628699634,0.7419808896603106,0.21342434584755404,0.7419470554890946,0.5156734927631532,duration_ms_very_low|energy_very_low|loudness_very_low,acousticness_very_high
"frozenset({'energy_very_low', 'duration_ms_very_low', 'acousticness_very_high'})",frozenset({'loudness_very_low'}),0.06975406988583956,0.25000299476515053,0.05618179422369698,0.8054267559677142,3.221668431309478,1.0,0.03874306785517949,3.854574193718029,0.7413113061310469,0.21315275189746852,0.7405679720396239,0.5150756204371393,acousticness_very_high|duration_ms_very_low|energy_very_low,loudness_very_low
"frozenset({'loudness_very_low', 'duration_ms_very_low', 'acousticness_very_high'})",frozenset({'energy_very_low'}),0.06259059164580313,0.25050611531043737,0.05618179422369698,0.8976076555023924,3.5831766198204003,1.0,0.04050246825552492,7.319823453276575,0.7690535434798377,0.21867860306802817,0.8633846831985587,0.5609404000541801,acousticness_very_high|duration_ms_very_low|loudness_very_low,energy_very_low
"frozenset({'energy_very_low', 'mode_0'})",frozenset({'loudness_very_low'}),0.07668994597443668,0.25000299476515053,0.056145857041890776,0.732114964073727,2.9284247765170415,1.0,0.036973140879904005,2.79969727551808,0.7132159802768477,0.20752711976975868,0.6428185258654612,0.47834785098751037,energy_very_low|mode_0,loudness_very_low
"frozenset({'valence_very_high', 'duration_ms_very_low'})",frozenset({'mode_1'}),0.07786389391343931,0.6337522011523856,0.05601408737526803,0.7193846153846153,1.13511971094778,1.0,0.006667673217330021,1.3051593708933622,0.1290868536008025,0.08543916388020976,0.23381004473383596,0.40388472806845355,duration_ms_very_low|valence_very_high,mode_1
"frozenset({'energy_very_low', 'mode_1', 'danceability_very_low'})",frozenset({'acousticness_very_high'}),0.06849626852262246,0.24975143449250709,0.055858359587441155,0.8154949282966072,3.2652262036199566,1.0,0.038751318266532234,4.066276111442506,0.744755475326123,0.21288349159970785,0.754074742444076,0.5195753695634314,danceability_very_low|energy_very_low|mode_1,acousticness_very_high
"frozenset({'mode_1', 'acousticness_very_high', 'danceability_very_low'})",frozenset({'energy_very_low'}),0.06490255034200218,0.25050611531043737,0.055858359587441155,0.8606496862310816,3.4356434179841457,1.0,0.03959987382752609,5.378487241388148,0.7581388500609604,0.21521207366040526,0.8140741150588082,0.541815853061983,acousticness_very_high|danceability_very_low|mode_1,energy_very_low
"frozenset({'loudness_very_low', 'instrumentalness_low'})",frozenset({'mode_1'}),0.07673786221684495,0.6337522011523856,0.055810443345032885,0.7272869185138934,1.1475887850037105,1.0,0.007177654253378914,1.342978477056565,0.13929708756808784,0.08524848129986094,0.25538642868520006,0.40767521428955233,instrumentalness_low|loudness_very_low,mode_1
"frozenset({'key_very_low', 'instrumentalness_medium'})",frozenset({'mode_1'}),0.07571964206566921,0.6337522011523856,0.05572658992081841,0.7359595000791014,1.1612732843229052,1.0,0.0077391000912297725,1.387089476642163,0.1502533873330727,0.08524205665701616,0.2790659745896286,0.41194534875422795,instrumentalness_medium|key_very_low,mode_1
"frozenset({'loudness_high', 'acousticness_high'})",frozenset({'instrumentalness_low'}),0.07129936870350627,0.5000539057727093,0.05529534373914398,0.7755376344086022,1.5509080630221281,1.0,0.019641815939827202,2.227304755120386,0.3824875770344359,0.10714948932219129,0.5510268643295965,0.4430582001096288,acousticness_high|loudness_high,instrumentalness_low
"frozenset({'speechiness_very_low', 'duration_ms_high'})",frozenset({'mode_1'}),0.07692952718647804,0.6337522011523856,0.05507972064830676,0.7159763313609467,1.129741766670078,1.0,0.006325463460264011,1.2894974584426422,0.124413000272311,0.08401395969230208,0.2245040938601581,0.4014434156568461,duration_ms_high|speechiness_very_low,mode_1
"frozenset({'speechiness_very_low', 'danceability_high'})",frozenset({'mode_1'}),0.07700140155009044,0.6337522011523856,0.05492399286047988,0.7132856253889235,1.1254960915195529,1.0,0.0061241851362913435,1.2773960124755646,0.12080507172188787,0.0837473515014247,0.21715741224052934,0.39997520093753897,danceability_high|speechiness_very_low,mode_1
"frozenset({'energy_very_low', 'valence_very_low', 'mode_1'})",frozenset({'loudness_very_low'}),0.0699936510978809,0.25000299476515053,0.054900034739275745,0.7843573506760226,3.1373918196973496,1.0,0.037401412350258456,3.477962302847005,0.7325368383270933,0.20709444193402618,0.7124753194761726,0.5019774295306323,energy_very_low|mode_1|valence_very_low,loudness_very_low
"frozenset({'loudness_very_low', 'valence_very_low', 'mode_1'})",frozenset({'energy_very_low'}),0.06590879143257586,0.25050611531043737,0.054900034739275745,0.8329698291530352,3.325147684002784,1.0,0.03838947943269533,4.487176663288326,0.7486008556359112,0.20993083230268883,0.7771427168933499,0.5260631471702437,loudness_very_low|mode_1|valence_very_low,energy_very_low
"frozenset({'energy_very_low', 'valence_very_low', 'acousticness_very_high'})",frozenset({'danceability_very_low'}),0.07800764264066412,0.2516321470070317,0.054900034739275745,0.7037776412776412,2.796851076655061,1.0,0.03527080413864816,2.526371932965375,0.6968116786811567,0.1998255940701984,0.6041754632595876,0.46097670029225296,acousticness_very_high|energy_very_low|valence_very_low,danceability_very_low
"frozenset({'energy_very_low', 'valence_very_low', 'danceability_very_low'})",frozenset({'acousticness_very_high'}),0.06764575521987566,0.24975143449250709,0.054900034739275745,0.8115813706392775,3.249556393093014,1.0,0.0380054103357828,3.981817339681214,0.742492129105479,0.20914525624058777,0.7488583943732438,0.5157000334898147,danceability_very_low|energy_very_low|valence_very_low,acousticness_very_high
"frozenset({'valence_very_low', 'acousticness_very_high', 'danceability_very_low'})",frozenset({'energy_very_low'}),0.05940416152565316,0.25050611531043737,0.054900034739275745,0.9241782617463198,3.6892443148585032,1.0,0.04001892900221063,9.884947271743457,0.7749787415651256,0.2152856069146937,0.8988360815177493,0.571667363466886,acousticness_very_high|danceability_very_low|valence_very_low,energy_very_low
"frozenset({'loudness_very_low', 'instrumentalness_low'})",frozenset({'energy_very_low'}),0.07673786221684495,0.25050611531043737,0.05486409755746954,0.7149547299406807,2.8540410243266106,1.0,0.03564079379630013,2.6293854465067574,0.7036134007134506,0.20142492743425106,0.6196829942416622,0.46698386841333955,instrumentalness_low|loudness_very_low,energy_very_low
"frozenset({'acousticness_very_low', 'mode_1', 'loudness_very_high'})",frozenset({'energy_very_high'}),0.06650774446267924,0.2486014446747086,0.054480767618203384,0.8191642651296831,3.2950905261292736,1.0,0.03794684626272497,4.155144202356594,0.7461424528079461,0.20903617226639704,0.7593344655925902,0.5191566519114421,acousticness_very_low|loudness_very_high|mode_1,energy_very_high
"frozenset({'energy_very_low', 'mode_1', 'danceability_very_low'})",frozenset({'loudness_very_low'}),0.06849626852262246,0.25000299476515053,0.054145353921345486,0.7904861839804127,3.1619068592477655,1.0,0.037021081660451954,3.579701899777019,0.734012249696796,0.20482146093891607,0.7206471298455633,0.5035325026274847,danceability_very_low|energy_very_low|mode_1,loudness_very_low
"frozenset({'loudness_very_low', 'mode_1', 'danceability_very_low'})",frozenset({'energy_very_low'}),0.06395620455443884,0.25050611531043737,0.054145353921345486,0.846600486982581,3.3795601593735114,1.0,0.03812393356841331,4.885894811181409,0.752212140224829,0.20799779117389902,0.7953291999427634,0.5313721639197526,danceability_very_low|loudness_very_low|mode_1,energy_very_low
"frozenset({'valence_very_high', 'loudness_very_high'})",frozenset({'instrumentalness_low'}),0.07379101330873633,0.5000539057727093,0.053857856466895865,0.7298701298701299,1.4595828998521603,1.0,0.016958372050936296,1.8507619834375668,0.3399586562836526,0.10357537781054184,0.459682007222441,0.4187871155291623,loudness_very_high|valence_very_high,instrumentalness_low
"frozenset({'energy_very_low', 'valence_very_low', 'instrumentalness_high'})",frozenset({'loudness_very_low'}),0.05699637034463757,0.25000299476515053,0.05379796116388553,0.9438839848675914,3.775490712638316,1.0,0.03954869788698252,13.365115171937873,0.7795662122804231,0.21247102237782087,0.9251783477257529,0.5795366258789323,energy_very_low|instrumentalness_high|valence_very_low,loudness_very_low
"frozenset({'loudness_very_low', 'valence_very_low', 'instrumentalness_high'})",frozenset({'energy_very_low'}),0.0687358497346638,0.25050611531043737,0.05379796116388553,0.7826768909027536,3.124382372593294,1.0,0.03657921046429294,3.448753737248365,0.730122320565604,0.2026716007040029,0.7100401837337728,0.49871698408947934,instrumentalness_high|loudness_very_low|valence_very_low,energy_very_low
"frozenset({'energy_very_high', 'instrumentalness_high'})",frozenset({'acousticness_very_low'}),0.07031708573413673,0.2504581990680291,0.05373806586087519,0.7642248722316866,3.0513070647134573,1.0,0.03612657520419111,3.1790537366117557,0.7231192311479978,0.20123811232729236,0.6854409887812078,0.4893919463511599,energy_very_high|instrumentalness_high,acousticness_very_low
"frozenset({'acousticness_very_low', 'liveness_very_high'})",frozenset({'energy_very_high'}),0.07551599803543406,0.2486014446747086,0.05351046370943591,0.7085977157360407,2.850336274848405,1.0,0.034737077501774544,2.5785609650357313,0.702190845018383,0.19774236387782207,0.6121867919511677,0.4619218521339096,acousticness_very_low|liveness_very_high,energy_very_high
"frozenset({'speechiness_very_low', 'valence_low'})",frozenset({'mode_1'}),0.07247331664250889,0.6337522011523856,0.05298338504294493,0.7310743801652894,1.1535650350972155,1.0,0.0070532610959411005,1.3618925525679582,0.14352377440928019,0.08110834005721412,0.26572768305809485,0.4073385321108084,speechiness_very_low|valence_low,mode_1
"frozenset({'energy_very_low', 'valence_very_low', 'mode_1'})",frozenset({'acousticness_very_high'}),0.0699936510978809,0.24975143449250709,0.05280369913391392,0.754406982714359,3.0206312297957685,1.0,0.03532268436685012,3.054844855930509,0.719289034176803,0.19781008795548374,0.6726511338018838,0.4829159955540235,energy_very_low|mode_1|valence_very_low,acousticness_very_high
"frozenset({'valence_very_low', 'acousticness_very_high', 'mode_1'})",frozenset({'energy_very_low'}),0.05900885252578493,0.25050611531043737,0.05280369913391392,0.8948436865611042,3.5721430810268946,1.0,0.03802162071875304,7.127426401507302,0.7652101810739499,0.20569295380307978,0.85969690268727,0.5528158754152116,acousticness_very_high|mode_1|valence_very_low,energy_very_low
"frozenset({'energy_very_low', 'mode_1', 'instrumentalness_high'})",frozenset({'loudness_very_low'}),0.057235951556678925,0.25000299476515053,0.05265995040668911,0.9200502302218502,3.680156836065636,1.0,0.0383507911092863,9.380852594272545,0.7724864470460577,0.20685111989459817,0.8933998813060395,0.5653437543059419,energy_very_low|instrumentalness_high|mode_1,loudness_very_low
"frozenset({'loudness_very_low', 'mode_1', 'instrumentalness_high'})",frozenset({'energy_very_low'}),0.07111968279447525,0.25050611531043737,0.05265995040668911,0.7404413003200271,2.9557813365252263,1.0,0.03484403494773457,2.8875698854003478,0.7123414804302598,0.19578675455395717,0.6536880353767247,0.47532776569176566,instrumentalness_high|loudness_very_low|mode_1,energy_very_low
"frozenset({'energy_very_low', 'mode_1', 'liveness_low'})",frozenset({'acousticness_very_high'}),0.06911917967392997,0.24975143449250709,0.052635992285484975,0.7615251299826691,3.0491321562580094,1.0,0.03537337801097563,3.1460277783272064,0.72193756156661,0.19770528683914515,0.6821388524001794,0.48613932167031193,energy_very_low|liveness_low|mode_1,acousticness_very_high
"frozenset({'energy_very_low', 'acousticness_very_high', 'liveness_low'})",frozenset({'mode_1'}),0.07267696067274404,0.6337522011523856,0.052635992285484975,0.7242459205538158,1.1427903827976937,1.0,0.006576808486068078,1.328168198211881,0.13474148548512063,0.08050862985085566,0.24708331268110115,0.40365022613079693,acousticness_very_high|energy_very_low|liveness_low,mode_1
"frozenset({'mode_1', 'acousticness_very_high', 'liveness_low'})",frozenset({'energy_very_low'}),0.06294996346386517,0.25050611531043737,0.052635992285484975,0.8361560418648906,3.3378667855221495,1.0,0.03686664147921815,4.574437124324798,0.7474600386663119,0.20180958067331098,0.7813938692735659,0.5231373170303795,acousticness_very_high|liveness_low|mode_1,energy_very_low
"frozenset({'energy_high', 'acousticness_high'})",frozenset({'instrumentalness_low'}),0.07191030079421172,0.5000539057727093,0.05250422261886223,0.7301349325337331,1.460112448087953,1.0,0.016545195841426302,1.852578026942238,0.3395374846425251,0.10107462411216679,0.4602116696533726,0.4175660289345553,acousticness_high|energy_high,instrumentalness_low
"frozenset({'energy_very_low', 'loudness_very_low', 'speechiness_low'})",frozenset({'acousticness_very_high'}),0.06260257070640521,0.24975143449250709,0.05237245295223949,0.8365862992728664,3.349675652405373,1.0,0.036737371115396183,4.591099535529459,0.7483097468039746,0.20144680458922729,0.7821872533450364,0.5231423030730489,energy_very_low|loudness_very_low|speechiness_low,acousticness_very_high
"frozenset({'energy_very_low', 'speechiness_low', 'acousticness_very_high'})",frozenset({'loudness_very_low'}),0.062339031373159715,0.25000299476515053,0.05237245295223949,0.8401229823212913,3.360451674230909,1.0,0.03678750841819089,4.69108703755067,0.7491203947889403,0.20145608699659018,0.786829791902108,0.5248051423345795,acousticness_very_high|energy_very_low|speechiness_low,loudness_very_low
"frozenset({'loudness_very_low', 'speechiness_low', 'acousticness_very_high'})",frozenset({'energy_very_low'}),0.055403155284562584,0.25050611531043737,0.05237245295223949,0.9452972972972974,3.773549783907856,1.0,0.03849362374596278,13.701222200352701,0.7781071233340753,0.20656744625561066,0.9270138104924494,0.5771819309745859,acousticness_very_high|loudness_very_low|speechiness_low,energy_very_low
"frozenset({'energy_very_low', 'instrumentalness_low', 'acousticness_very_high'})",frozenset({'mode_1'}),0.06792127361372322,0.6337522011523856,0.05232453670983121,0.7703703703703703,1.215570326966225,1.0,0.009279280052060676,1.5949500917557393,0.19026385616850724,0.08057999889313187,0.3730211339094701,0.4264667275724831,acousticness_very_high|energy_very_low|instrumentalness_low,mode_1
"frozenset({'energy_very_low', 'valence_low'})",frozenset({'mode_1'}),0.07185040549120138,0.6337522011523856,0.05190526958875885,0.7224074691563855,1.1398894833703035,1.0,0.006369916955018526,1.3193719504432382,0.13222218817651793,0.07940260216236028,0.24206361999430592,0.40215449537584896,energy_very_low|valence_low,mode_1
"frozenset({'loudness_very_low', 'valence_very_low', 'acousticness_very_high'})",frozenset({'danceability_very_low'}),0.07164676146096623,0.2516321470070317,0.051677667437319566,0.721284066209664,2.86642257274667,1.0,0.033649039024795976,2.6850558660773514,0.7013850525677346,0.19027036563313193,0.6275682705027219,0.4633269802627869,acousticness_very_high|loudness_very_low|valence_very_low,danceability_very_low
"frozenset({'loudness_very_low', 'valence_very_low', 'danceability_very_low'})",frozenset({'acousticness_very_high'}),0.06647180728087303,0.24975143449250709,0.051677667437319566,0.7774373761038026,3.1128444874943324,1.0,0.03507623821561205,3.3709548906891333,0.7270807890133086,0.1953450461872849,0.7033481513614777,0.4921768874859269,danceability_very_low|loudness_very_low|valence_very_low,acousticness_very_high
"frozenset({'loudness_very_low', 'acousticness_very_high', 'danceability_very_low'})",frozenset({'valence_very_low'}),0.07249727476371302,0.2507217384012746,0.051677667437319566,0.7128222075346994,2.8430809872331184,1.0,0.033501024679206584,2.609109343610753,0.6989401577230936,0.19031233456855476,0.6167274466864245,0.4594689155208136,acousticness_very_high|danceability_very_low|loudness_very_low,valence_very_low
"frozenset({'valence_very_low', 'acousticness_very_high', 'danceability_very_low'})",frozenset({'loudness_very_low'}),0.05940416152565316,0.25000299476515053,0.051677667437319566,0.8699334543254689,3.479692133858927,1.0,0.036826449154393544,5.766256044898634,0.7576242899765268,0.20051127120613524,0.8265772466200676,0.5383208239523847,acousticness_very_high|danceability_very_low|valence_very_low,loudness_very_low
"frozenset({'loudness_very_low', 'speechiness_very_low'})",frozenset({'mode_1'}),0.07123947340049594,0.6337522011523856,0.05154589777069682,0.7235580965192533,1.141705062646834,1.0,0.0063977246941956945,1.3248635399919475,0.13363729934383223,0.07888320592494821,0.24520528355238916,0.40244628198044696,loudness_very_low|speechiness_very_low,mode_1
"frozenset({'energy_very_low', 'valence_low'})",frozenset({'acousticness_very_high'}),0.07185040549120138,0.24975143449250709,0.05099486098300171,0.7097365788596198,2.8417717812183896,1.0,0.033050119142705864,2.584716195240633,0.6982784479626167,0.18844621513944224,0.6131103283829188,0.45695951682680735,energy_very_low|valence_low,acousticness_very_high
"frozenset({'valence_low', 'acousticness_very_high'})",frozenset({'energy_very_low'}),0.06672336755351645,0.25050611531043737,0.05099486098300171,0.7642728904847397,3.050915102561954,1.0,0.034280249376739826,3.179498048530742,0.7202896401185879,0.191541057367829,0.6854849461341533,0.4839201101237776,acousticness_very_high|valence_low,energy_very_low
"frozenset({'speechiness_very_low', 'tempo_very_low'})",frozenset({'mode_1'}),0.06982594424945196,0.6337522011523856,0.05082715413457277,0.7279121633213245,1.1485753611549163,1.0,0.006574808268938824,1.3460645772274558,0.13906667684466167,0.0778660696261768,0.2570935920030368,0.4040562612278109,speechiness_very_low|tempo_very_low,mode_1
"frozenset({'energy_very_low', 'mode_1', 'tempo_very_low'})",frozenset({'acousticness_very_high'}),0.06590879143257586,0.24975143449250709,0.05016830580145905,0.7611777535441657,3.0477412675962117,1.0,0.03370749059550576,3.141451756029091,0.7192960946937074,0.18896358796191853,0.6816758372682965,0.48102534854530943,energy_very_low|mode_1|tempo_very_low,acousticness_very_high
"frozenset({'energy_very_low', 'acousticness_very_high', 'tempo_very_low'})",frozenset({'mode_1'}),0.07104780843086285,0.6337522011523856,0.05016830580145905,0.7061203844208397,1.1141900306410977,1.0,0.005141600821346695,1.246251115872175,0.11032541191236321,0.07663592446201141,0.19759349679686258,0.3926405721367028,acousticness_very_high|energy_very_low|tempo_very_low,mode_1
"frozenset({'mode_1', 'acousticness_very_high', 'tempo_very_low'})",frozenset({'energy_very_low'}),0.06587285425076965,0.25050611531043737,0.05016830580145905,0.7615930169121659,3.040217265627902,1.0,0.03366675297868811,3.1437581021418044,0.718399141356501,0.18845340413085537,0.6819093684979414,0.48093040287077304,acousticness_very_high|mode_1|tempo_very_low,energy_very_low
"frozenset({'energy_very_low', 'mode_1', 'liveness_low'})",frozenset({'loudness_very_low'}),0.06911917967392997,0.25000299476515053,0.04995268271062183,0.7227036395147314,2.8907799292309657,1.0,0.03267268079642882,2.704676700128176,0.7026383834445011,0.18558077436582104,0.6302700430137881,0.4612559884205185,energy_very_low|liveness_low|mode_1,loudness_very_low
"frozenset({'loudness_very_low', 'mode_1', 'liveness_low'})",frozenset({'energy_very_low'}),0.05964374273769451,0.25050611531043737,0.04995268271062183,0.837517573810002,3.3433019101035364,1.0,0.035011560414826864,4.612768914548001,0.745349957995387,0.19198011141291832,0.7832104710803645,0.51846230641533,liveness_low|loudness_very_low|mode_1,energy_very_low
"frozenset({'energy_very_low', 'duration_ms_very_low', 'mode_1'})",frozenset({'acousticness_very_high'}),0.06425568106949053,0.24975143449250709,0.04940164592292672,0.7688292319164802,3.078377641668946,1.0,0.03335369740152843,3.2454300849856383,0.7215150037749934,0.1866992620761465,0.6918744284074062,0.4833162419355052,duration_ms_very_low|energy_very_low|mode_1,acousticness_very_high
"frozenset({'energy_very_low', 'duration_ms_very_low', 'acousticness_very_high'})",frozenset({'mode_1'}),0.06975406988583956,0.6337522011523856,0.04940164592292672,0.7082260003434655,1.1175124899852973,1.0,0.00519485059343857,1.2552448102940894,0.11304044650350316,0.0755256025199619,0.2033426533221743,0.39308852233409924,acousticness_very_high|duration_ms_very_low|energy_very_low,mode_1
"frozenset({'duration_ms_very_low', 'mode_1', 'acousticness_very_high'})",frozenset({'energy_very_low'}),0.06550150337210556,0.25050611531043737,0.04940164592292672,0.7542062911485004,3.01073005828164,1.0,0.032993118766187046,3.0492801796745006,0.7146663678370808,0.1852983465132998,0.6720537500405271,0.4757068181067674,acousticness_very_high|duration_ms_very_low|mode_1,energy_very_low
"frozenset({'loudness_very_low', 'mode_1', 'danceability_very_low'})",frozenset({'acousticness_very_high'}),0.06395620455443884,0.24975143449250709,0.049257897195701915,0.7701816819629144,3.0837928259668153,1.0,0.0332847433635346,3.2645290067192367,0.7218935738657244,0.18626562783112882,0.6936770976941102,0.4837046833719795,danceability_very_low|loudness_very_low|mode_1,acousticness_very_high
"frozenset({'mode_1', 'acousticness_very_high', 'danceability_very_low'})",frozenset({'loudness_very_low'}),0.06490255034200218,0.25000299476515053,0.049257897195701915,0.758951642672573,3.035770205015032,1.0,0.033032065242305425,3.1113964581641773,0.7171384151982908,0.18542568542568538,0.678600906877026,0.4779904356151557,acousticness_very_high|danceability_very_low|mode_1,loudness_very_low
"frozenset({'energy_very_low', 'speechiness_very_low', 'acousticness_very_high'})",frozenset({'mode_1'}),0.06429161825129673,0.6337522011523856,0.04919800189269158,0.7652319731693685,1.2074624305492054,1.0,0.008453047310283388,1.5600412193771014,0.1836222543778985,0.07582387150373858,0.3589912961406985,0.42143084340351045,acousticness_very_high|energy_very_low|speechiness_very_low,mode_1
"frozenset({'speechiness_very_low', 'mode_1', 'acousticness_very_high'})",frozenset({'energy_very_low'}),0.06363276991818302,0.25050611531043737,0.04919800189269158,0.7731551204819277,3.0863722409482994,1.0,0.033257603894044696,3.3039929588970596,0.7219336501448709,0.1856942623321427,0.6973359167406273,0.4847747675860289,acousticness_very_high|mode_1|speechiness_very_low,energy_very_low
"frozenset({'energy_very_low', 'loudness_very_low', 'duration_ms_very_low'})",frozenset({'mode_1'}),0.06967021646162508,0.6337522011523856,0.04917404377148744,0.7058115543328748,1.11370272647489,1.0,0.005020390734169371,1.2449428393323934,0.10973992807520627,0.07516112494507105,0.1967502696459101,0.3917017321801412,duration_ms_very_low|energy_very_low|loudness_very_low,mode_1
"frozenset({'energy_very_low', 'duration_ms_very_low', 'mode_1'})",frozenset({'loudness_very_low'}),0.06425568106949053,0.25000299476515053,0.04917404377148744,0.7652870991797166,3.061111727475973,1.0,0.033109931073440416,3.195380409912416,0.7195569198509054,0.1855031858647024,0.6870482159501599,0.480990459029245,duration_ms_very_low|energy_very_low|mode_1,loudness_very_low
"frozenset({'loudness_very_low', 'duration_ms_very_low', 'mode_1'})",frozenset({'energy_very_low'}),0.060997376585728146,0.25050611531043737,0.04917404377148744,0.8061665357423409,3.2181511207553015,1.0,0.03389382791886885,3.8666898286111975,0.7340368977573667,0.18745148180282203,0.7413808595143586,0.5012326557824176,duration_ms_very_low|loudness_very_low|mode_1,energy_very_low
"frozenset({'energy_very_low', 'loudness_very_low', 'acousticness_very_high', 'danceability_very_low'})",frozenset({'valence_very_low'}),0.06796918985613148,0.2507217384012746,0.049138106589681235,0.7229467747620726,2.883462676080413,1.0,0.03209675315122567,2.7044560154651194,0.700829565819686,0.18229490711936713,0.630239872905451,0.45946669841782556,acousticness_very_high|danceability_very_low|energy_very_low|loudness_very_low,valence_very_low
"frozenset({'energy_very_low', 'valence_very_low', 'acousticness_very_high', 'danceability_very_low'})",frozenset({'loudness_very_low'}),0.054900034739275745,0.25000299476515053,0.049138106589681235,0.8950469125027275,3.5801447632398267,1.0,0.0354129334921515,7.146021361728308,0.7625454578893262,0.19212214884548728,0.8600619912283408,0.545798492188115,acousticness_very_high|danceability_very_low|energy_very_low|valence_very_low,loudness_very_low
"frozenset({'energy_very_low', 'loudness_very_low', 'valence_very_low', 'acousticness_very_high'})",frozenset({'danceability_very_low'}),0.0672624252806095,0.2516321470070317,0.049138106589681235,0.7305431878895815,2.90321883184968,1.0,0.032212718103421425,2.7773202211206325,0.7028286903422303,0.18215728940006215,0.6399406908878136,0.4629103638200645,acousticness_very_high|energy_very_low|loudness_very_low|valence_very_low,danceability_very_low
"frozenset({'energy_very_low', 'loudness_very_low', 'valence_very_low', 'danceability_very_low'})",frozenset({'acousticness_very_high'}),0.05771511398076163,0.24975143449250709,0.049138106589681235,0.8513906185139062,3.40895186545745,1.0,0.034723674081087466,5.048460319294833,0.7499374262828431,0.190215627173661,0.8019198058905057,0.5240693319918565,danceability_very_low|energy_very_low|loudness_very_low|valence_very_low,acousticness_very_high
"frozenset({'loudness_very_low', 'valence_very_low', 'acousticness_very_high', 'danceability_very_low'})",frozenset({'energy_very_low'}),0.051677667437319566,0.25050611531043737,0.049138106589681235,0.9508576726935558,3.795746349406338,1.0,0.03619253487165362,15.251493483730046,0.7766844412716677,0.1941867070630562,0.9344326507389733,0.5735064951072981,acousticness_very_high|danceability_very_low|loudness_very_low|valence_very_low,energy_very_low
"frozenset({'energy_very_low', 'valence_very_low', 'danceability_very_low'})","frozenset({'loudness_very_low', 'acousticness_very_high'})",0.06764575521987566,0.15069658237401024,0.049138106589681235,0.7264034000354169,4.820304406324052,1.0,0.038944122465937106,3.104217734196739,0.8500462421931766,0.2904070796460177,0.6778576486488747,0.5262382659954509,danceability_very_low|energy_very_low|valence_very_low,acousticness_very_high|loudness_very_low
"frozenset({'valence_very_low', 'acousticness_very_high', 'danceability_very_low'})","frozenset({'energy_very_low', 'loudness_very_low'})",0.05940416152565316,0.17769738497107057,0.049138106589681235,0.827182899778181,4.655008850652742,1.0,0.03858214243017359,4.7582248167193235,0.8347662248923466,0.26142374609648844,0.7898375889078997,0.5518548987228508,acousticness_very_high|danceability_very_low|valence_very_low,energy_very_low|loudness_very_low
"frozenset({'loudness_very_low', 'valence_very_low', 'danceability_very_low'})","frozenset({'energy_very_low', 'acousticness_very_high'})",0.06647180728087303,0.17666718575929274,0.049138106589681235,0.7392322941070464,4.184321445603616,1.0,0.037394719465035337,3.1573419393377233,0.8152004733898699,0.25328805186786046,0.6832778903225928,0.508685851420217,danceability_very_low|loudness_very_low|valence_very_low,acousticness_very_high|energy_very_low
"frozenset({'energy_very_low', 'mode_1', 'tempo_very_low'})",frozenset({'loudness_very_low'}),0.06590879143257586,0.25000299476515053,0.049006336923058495,0.7435478007997092,2.974155575608956,1.0,0.03252894168356284,2.9245099382013757,0.7106052434649335,0.18360935326062564,0.6580623690357444,0.46978540016027626,energy_very_low|mode_1|tempo_very_low,loudness_very_low
"frozenset({'loudness_very_low', 'mode_1', 'tempo_very_low'})",frozenset({'energy_very_low'}),0.059655721798296577,0.25050611531043737,0.049006336923058495,0.8214859437751004,3.2793049493306046,1.0,0.03406221379932704,4.198514674638946,0.7391519768288545,0.18765194257144166,0.7618205299982674,0.508557623762072,loudness_very_low|mode_1|tempo_very_low,energy_very_low
"frozenset({'valence_very_high', 'speechiness_very_high'})",frozenset({'instrumentalness_low'}),0.0638603720696223,0.5000539057727093,0.04847925825656752,0.759144625773776,1.5181255800826239,1.0,0.016545629779054452,2.0757107697240547,0.3645748503352992,0.09405503393139351,0.5182373119676301,0.4280463450831318,speechiness_very_high|valence_very_high,instrumentalness_low
"frozenset({'speechiness_very_low', 'liveness_high'})",frozenset({'mode_1'}),0.0677415877046922,0.6337522011523856,0.04845530013536339,0.7152961980548188,1.1286685817487614,1.0,0.005523919817957322,1.2864169580641365,0.1222840368022575,0.07419976153352288,0.2226470634335782,0.3958769998874415,liveness_high|speechiness_very_low,mode_1
"frozenset({'valence_low', 'acousticness_very_high'})",frozenset({'mode_1'}),0.06672336755351645,0.6337522011523856,0.04837144671114891,0.7249551166965889,1.1439094260790954,1.0,0.006085365655808195,1.3315928456796422,0.1347991676272145,0.07417748957510516,0.2490196960395938,0.4006403028903982,acousticness_very_high|valence_low,mode_1
"frozenset({'valence_high', 'acousticness_high'})",frozenset({'instrumentalness_low'}),0.0672983624624157,0.5000539057727093,0.048347488589944775,0.7184051263794944,1.436655364723884,1.0,0.014694679588506322,1.7754090754544365,0.32586931077616416,0.09315422609980151,0.4367495278551291,0.40754483992412815,acousticness_high|valence_high,instrumentalness_low
"frozenset({'energy_very_low', 'danceability_very_low', 'instrumentalness_high'})",frozenset({'loudness_very_low'}),0.04988080834700943,0.25000299476515053,0.04805999113549515,0.9634966378482228,3.8539403848074647,1.0,0.03558963966743628,20.545970590775717,0.7794025350035753,0.19084768337931687,0.9513286561186378,0.5778671497818019,danceability_very_low|energy_very_low|instrumentalness_high,loudness_very_low
"frozenset({'loudness_very_low', 'danceability_very_low', 'instrumentalness_high'})",frozenset({'energy_very_low'}),0.057655218677751294,0.25050611531043737,0.04805999113549515,0.8335757323914398,3.3275664003588847,1.0,0.033617006277157906,4.503513192273238,0.7422761715108912,0.18477409846635653,0.7779511334138602,0.5127136504344345,danceability_very_low|instrumentalness_high|loudness_very_low,energy_very_low
"frozenset({'danceability_low', 'acousticness_very_high'})",frozenset({'mode_1'}),0.06684315815953713,0.6337522011523856,0.04800009583248482,0.7181003584229391,1.1330932770208588,1.0,0.005638097216901117,1.2992134250284095,0.12587393555776683,0.0735526267484122,0.2303035200100913,0.3969199457741763,acousticness_very_high|danceability_low,mode_1
"frozenset({'instrumentalness_low', 'energy_very_high', 'mode_1'})",frozenset({'loudness_very_high'}),0.0656332730387283,0.2499430994621402,0.047796451802249666,0.72823507939405,2.9136034599921348,1.0,0.03139186811110499,2.7599474533558985,0.7029171486408328,0.1784915451373356,0.6376742612312885,0.45973220540514864,energy_very_high|instrumentalness_low|mode_1,loudness_very_high
"frozenset({'acousticness_high', 'duration_ms_low'})",frozenset({'instrumentalness_low'}),0.06486661316019597,0.5000539057727093,0.04770061931743313,0.735364727608495,1.4705709106944607,1.0,0.015263816052429713,1.8891891836990793,0.34218860487071945,0.0922250272135628,0.4706723875890633,0.41537784099857483,acousticness_high|duration_ms_low,instrumentalness_low
"frozenset({'loudness_very_low', 'valence_very_low', 'mode_1'})",frozenset({'acousticness_very_high'}),0.06590879143257586,0.24975143449250709,0.04724541501455456,0.7168302435478008,2.8701746798948085,1.0,0.030784599808601276,2.649465730052776,0.6975648030712546,0.17601642343910387,0.622565414356169,0.45299999395002394,loudness_very_low|mode_1|valence_very_low,acousticness_very_high
"frozenset({'valence_very_low', 'acousticness_very_high', 'mode_1'})",frozenset({'loudness_very_low'}),0.05900885252578493,0.25000299476515053,0.04724541501455456,0.8006496142915144,3.2025600935046152,1.0,0.03249302516545321,3.762204936646505,0.7308780864970199,0.1804869119531393,0.7341984243709583,0.4948145052770461,acousticness_very_high|mode_1|valence_very_low,loudness_very_low
"frozenset({'loudness_very_high', 'instrumentalness_medium'})",frozenset({'energy_very_high'}),0.06526192216006421,0.2486014446747086,0.04713760346913595,0.7222834067547724,2.905387004889975,1.0,0.03091339533789561,2.7056307530814196,0.701599506025014,0.17672684810922487,0.6304004162943859,0.45594727365638205,instrumentalness_medium|loudness_very_high,energy_very_high
"frozenset({'acousticness_high', 'speechiness_very_high'})",frozenset({'instrumentalness_low'}),0.062255177948945244,0.5000539057727093,0.046874064135890466,0.7529343852222437,1.50570643790647,1.0,0.015743119247945355,2.0235357100461298,0.3581570467810022,0.09094078274611883,0.5058154916489201,0.4233362037264917,acousticness_high|speechiness_very_high,instrumentalness_low
"frozenset({'loudness_very_low', 'valence_low'})",frozenset({'energy_very_low'}),0.06080571161609507,0.25050611531043737,0.04685010601468633,0.7704885736800631,3.075727603396996,1.0,0.031617903409051615,3.2656059731195026,0.7185666345892417,0.1771526928477601,0.6937781201310274,0.478755189670942,loudness_very_low|valence_low,energy_very_low
"frozenset({'valence_very_low', 'acousticness_very_high', 'instrumentalness_high'})",frozenset({'loudness_very_low'}),0.04924591813509985,0.25000299476515053,0.046826147893482196,0.9508635368523474,3.8034085861474414,1.0,0.034514520879747795,15.263552913467656,0.7752561460918591,0.1855068337129841,0.934484454198232,0.5690829423600501,acousticness_very_high|instrumentalness_high|valence_very_low,loudness_very_low
"frozenset({'mode_1', 'acousticness_very_high', 'instrumentalness_high'})",frozenset({'loudness_very_low'}),0.05179745804334024,0.25000299476515053,0.04665844104505325,0.900786308973173,3.6031020741145907,1.0,0.03370892141299595,7.559410374441702,0.7619272694926166,0.18287243532560213,0.8677145504124248,0.5437089187414978,acousticness_very_high|instrumentalness_high|mode_1,loudness_very_low
"frozenset({'valence_very_low', 'energy_very_high'})",frozenset({'acousticness_very_low'}),0.06159632961583153,0.2504581990680291,0.04661052480264498,0.7567094515752625,3.021300378230885,1.0,0.031183219017863112,3.080850471936206,0.7129305980057358,0.17559456654181146,0.6754143022814295,0.47140523277060425,energy_very_high|valence_very_low,acousticness_very_low
"frozenset({'loudness_very_low', 'valence_very_low', 'danceability_very_low'})",frozenset({'instrumentalness_high'}),0.06647180728087303,0.24979935073491535,0.046550629499634635,0.7003063615065778,2.8034755072271427,1.0,0.029946015198696135,2.503225136964495,0.689106020361253,0.17258838159531,0.6005153570754576,0.4433292225698141,danceability_very_low|loudness_very_low|valence_very_low,instrumentalness_high
"frozenset({'loudness_very_low', 'danceability_very_low', 'instrumentalness_high'})",frozenset({'valence_very_low'}),0.057655218677751294,0.2507217384012746,0.046550629499634635,0.8073966341159359,3.2202897094775063,1.0,0.03209521284484319,3.8902656667472093,0.7316525188239575,0.1777920117124948,0.7429481465629219,0.49653157076078686,danceability_very_low|instrumentalness_high|loudness_very_low,valence_very_low
"frozenset({'energy_very_low', 'mode_1', 'acousticness_very_high', 'danceability_very_low'})",frozenset({'loudness_very_low'}),0.055858359587441155,0.25000299476515053,0.04653865043903257,0.8331546214883122,3.33257856479266,1.0,0.03257389325950362,4.495161999241777,0.7413422154972092,0.17946230598669619,0.7775386070249136,0.5096534966569496,acousticness_very_high|danceability_very_low|energy_very_low|mode_1,loudness_very_low
"frozenset({'energy_very_low', 'loudness_very_low', 'mode_1', 'danceability_very_low'})",frozenset({'acousticness_very_high'}),0.054145353921345486,0.24975143449250709,0.04653865043903257,0.8595132743362831,3.4414748250908236,1.0,0.03301577062607204,5.340351993848608,0.7500379740276395,0.18083224725377023,0.8127464254880822,0.5229265733761131,danceability_very_low|energy_very_low|loudness_very_low|mode_1,acousticness_very_high
"frozenset({'loudness_very_low', 'mode_1', 'acousticness_very_high', 'danceability_very_low'})",frozenset({'energy_very_low'}),0.049257897195701915,0.25050611531043737,0.04653865043903257,0.9447957198443578,3.7715475275864168,1.0,0.034199245964176395,13.576735038958036,0.77292974158674,0.1837835280760679,0.9263445889508389,0.5652871101134567,acousticness_very_high|danceability_very_low|loudness_very_low|mode_1,energy_very_low
"frozenset({'mode_1', 'acousticness_very_high', 'danceability_very_low'})","frozenset({'energy_very_low', 'loudness_very_low'})",0.06490255034200218,0.17769738497107057,0.04653865043903257,0.7170542635658914,4.035255013362346,1.0,0.03500563696530552,2.906220201061147,0.8043912297278256,0.23736787438137716,0.6559104504074157,0.4894763026067289,acousticness_very_high|danceability_very_low|mode_1,energy_very_low|loudness_very_low
"frozenset({'loudness_very_low', 'mode_1', 'danceability_very_low'})","frozenset({'energy_very_low', 'acousticness_very_high'})",0.06395620455443884,0.17666718575929274,0.04653865043903257,0.72766435662109,4.118842746567126,1.0,0.0352396877685542,3.0232282635702434,0.8089507793654197,0.23978521170225897,0.6692277549631458,0.4955449529240519,danceability_very_low|loudness_very_low|mode_1,acousticness_very_high|energy_very_low
"frozenset({'valence_very_high', 'liveness_very_high'})",frozenset({'instrumentalness_low'}),0.06581295894775932,0.5000539057727093,0.046215215802776745,0.7022206042955952,1.4042898099365657,1.0,0.013305188630490725,1.6789143286581512,0.30817841144166014,0.0889349930843707,0.40437699355437867,0.3973205359538535,liveness_very_high|valence_very_high,instrumentalness_low
"frozenset({'speechiness_very_low', 'tempo_high'})",frozenset({'mode_1'}),0.06472286443297116,0.6337522011523856,0.046131362378562274,0.7127521747177494,1.1246543576838297,1.0,0.005113104579279347,1.275023748178905,0.11850811151267711,0.07071634500615165,0.21570088288293993,0.3927715131220351,speechiness_very_low|tempo_high,mode_1
"frozenset({'loudness_very_high', 'danceability_very_low'})",frozenset({'energy_very_high'}),0.05910468501060147,0.2486014446747086,0.04581990680290852,0.7752330766112688,3.118377198594522,1.0,0.0311263967222294,3.3430121478584214,0.721993588455392,0.17496111975116643,0.7008685712851467,0.47977188933921994,danceability_very_low|loudness_very_high,energy_very_high
"frozenset({'energy_very_low', 'mode_1', 'instrumentalness_high'})",frozenset({'acousticness_very_high'}),0.057235951556678925,0.24975143449250709,0.045760011499898175,0.7994976977814985,3.201173596484326,1.0,0.03146525049407397,3.741845141956994,0.7293601916086273,0.1751731095519787,0.7327521684991491,0.4913599573371975,energy_very_low|instrumentalness_high|mode_1,acousticness_very_high
"frozenset({'mode_1', 'acousticness_very_high', 'instrumentalness_high'})",frozenset({'energy_very_low'}),0.05179745804334024,0.25050611531043737,0.045760011499898175,0.883441258094357,3.5266255157067152,1.0,0.032784431502505644,6.430181661503309,0.7555799361118304,0.17837131116921925,0.8444833983483118,0.5330557476393744,acousticness_very_high|instrumentalness_high|mode_1,energy_very_low
"frozenset({'energy_very_low', 'valence_very_low', 'instrumentalness_high'})",frozenset({'acousticness_very_high'}),0.05699637034463757,0.24975143449250709,0.045376681560632015,0.7961328289197142,3.187700725473108,1.0,0.03114175630619259,3.6800852316336607,0.7277747859264296,0.17361015628580598,0.7282671631069587,0.48891010000832463,energy_very_low|instrumentalness_high|valence_very_low,acousticness_very_high
"frozenset({'valence_very_low', 'acousticness_very_high', 'instrumentalness_high'})",frozenset({'energy_very_low'}),0.04924591813509985,0.25050611531043737,0.045376681560632015,0.9214303089272683,3.6782747111199035,1.0,0.033040277913712335,9.539224024640221,0.765848314142124,0.17838474217094416,0.8951696702565157,0.5512851621147435,acousticness_very_high|instrumentalness_high|valence_very_low,energy_very_low
"frozenset({'loudness_low', 'acousticness_very_high'})",frozenset({'mode_1'}),0.06335725152433547,0.6337522011523856,0.04531678625762168,0.7152580828133862,1.1286084395648552,1.0,0.0051639886451087386,1.2862447596978965,0.12166122924505558,0.06952638253294371,0.22254299388953583,0.39338180579569226,acousticness_very_high|loudness_low,mode_1
"frozenset({'energy_high', 'speechiness_very_high'})",frozenset({'instrumentalness_low'}),0.061368727464392245,0.5000539057727093,0.04528084907581548,0.7378489166504002,1.4755387531874944,1.0,0.014593177214945203,1.907091467406114,0.3433525483068595,0.08772947756864019,0.47564130137914845,0.41420042612895636,energy_high|speechiness_very_high,instrumentalness_low
"frozenset({'speechiness_very_low', 'danceability_very_low'})",frozenset({'mode_1'}),0.06207549203991423,0.6337522011523856,0.0451610584697948,0.727518332690081,1.1479539343093332,1.0,0.005820578751881765,1.3441190464789927,0.13741500981995075,0.06940736785904965,0.25601828006264393,0.3993890690007441,danceability_very_low|speechiness_very_low,mode_1
"frozenset({'energy_very_low', 'liveness_very_low'})",frozenset({'loudness_very_low'}),0.06309371219108997,0.25000299476515053,0.04493345631835551,0.7121701158154546,2.848646339154688,1.0,0.029159839319732532,2.605695400113424,0.6926584660360878,0.16756008219422852,0.616225288667098,0.4459508940361413,energy_very_low|liveness_very_low,loudness_very_low
"frozenset({'loudness_very_low', 'liveness_very_low'})",frozenset({'energy_very_low'}),0.06407599516045952,0.25050611531043737,0.04493345631835551,0.701252570573939,2.7993431206456507,1.0,0.028882027686058413,2.5087877279126842,0.6867794118334517,0.1666370501999111,0.6014011114316149,0.44031163341244767,liveness_very_low|loudness_very_low,energy_very_low
"frozenset({'energy_low', 'mode_1', 'acousticness_high'})",frozenset({'instrumentalness_low'}),0.06312964937289618,0.5000539057727093,0.044921477257753445,0.7115749525616697,1.4229964896726626,1.0,0.013353249518775041,1.7333657345906717,0.31728784837209695,0.08667714497041419,0.42308770731749434,0.4007041110067835,acousticness_high|energy_low|mode_1,instrumentalness_low
"frozenset({'energy_very_low', 'valence_very_low', 'mode_1', 'acousticness_very_high'})",frozenset({'loudness_very_low'}),0.05280369913391392,0.25000299476515053,0.04461002168209969,0.8448275862068966,3.3792698643490904,1.0,0.031408938763943225,4.8333140337356975,0.7433285868887146,0.1727753549225202,0.7931026221304528,0.511632767708144,acousticness_very_high|energy_very_low|mode_1|valence_very_low,loudness_very_low
"frozenset({'energy_very_low', 'loudness_very_low', 'mode_1', 'valence_very_low'})",frozenset({'acousticness_very_high'}),0.054900034739275745,0.24975143449250709,0.04461002168209969,0.8125681867772202,3.2535075861660303,1.0,0.030898659252277097,4.002781345425891,0.7328742343861944,0.1715496591118482,0.7501737132999453,0.4955929331411162,energy_very_low|loudness_very_low|mode_1|valence_very_low,acousticness_very_high
"frozenset({'loudness_very_low', 'valence_very_low', 'mode_1', 'acousticness_very_high'})",frozenset({'energy_very_low'}),0.04724541501455456,0.25050611531043737,0.04461002168209969,0.9442190669371197,3.769245576168889,1.0,0.03277475630057421,13.436381278252883,0.7711271416018605,0.17622562937724778,0.92557519920795,0.5611493192374963,acousticness_very_high|loudness_very_low|mode_1|valence_very_low,energy_very_low
"frozenset({'valence_very_low', 'mode_1', 'acousticness_very_high'})","frozenset({'energy_very_low', 'loudness_very_low'})",0.05900885252578493,0.17769738497107057,0.04461002168209969,0.7559886317498985,4.254359915723997,1.0,0.034124302898124154,3.3699356752350305,0.812916270737622,0.23222748815165878,0.7032584309104782,0.5035167643042333,acousticness_very_high|mode_1|valence_very_low,energy_very_low|loudness_very_low
"frozenset({'loudness_very_low', 'danceability_very_low', 'instrumentalness_high'})",frozenset({'acousticness_very_high'}),0.057655218677751294,0.24975143449250709,0.044454293894272814,0.7710367753999585,3.0872166038473376,1.0,0.03005482032352524,3.2767208219487878,0.717448265236453,0.16905835725023918,0.6948168445411645,0.47451546190018074,danceability_very_low|instrumentalness_high|loudness_very_low,acousticness_very_high
"frozenset({'danceability_very_low', 'acousticness_very_high', 'instrumentalness_high'})",frozenset({'loudness_very_low'}),0.046466776075420164,0.25000299476515053,0.044454293894272814,0.9566898685228152,3.8267136336567362,1.0,0.032837460718336126,17.316895138726107,0.7746758550228913,0.17639509459074057,0.9422529274451931,0.5672524570213501,acousticness_very_high|danceability_very_low|instrumentalness_high,loudness_very_low
"frozenset({'loudness_very_low', 'duration_ms_very_low', 'mode_1'})",frozenset({'acousticness_very_high'}),0.060997376585728146,0.24975143449250709,0.04432252422765007,0.7266300078554596,2.9094127500487272,1.0,0.029088341925084797,2.7444437468133294,0.6989203325565222,0.1663594262847894,0.6356274377417518,0.4520482765067504,duration_ms_very_low|loudness_very_low|mode_1,acousticness_very_high
"frozenset({'loudness_very_low', 'duration_ms_very_low', 'acousticness_very_high'})",frozenset({'mode_1'}),0.06259059164580313,0.6337522011523856,0.04432252422765007,0.7081339712918661,1.117367276996006,1.0,0.0046555990006922135,1.2548490157237937,0.11205255719593651,0.06797721844571009,0.2030913779509939,0.38903532512235306,acousticness_very_high|duration_ms_very_low|loudness_very_low,mode_1
"frozenset({'loudness_high', 'speechiness_very_low'})",frozenset({'mode_1'}),0.06291402628205896,0.6337522011523856,0.0442746079852418,0.7037319116527038,1.1104212504083935,1.0,0.004402705345627894,1.2362040099920764,0.10611712101926486,0.06786507776206828,0.1910720302497566,0.3867964916925271,loudness_high|speechiness_very_low,mode_1
"frozenset({'energy_very_low', 'danceability_low'})",frozenset({'acousticness_very_high'}),0.0591286431318056,0.24975143449250709,0.044130859258016984,0.7463533225283631,2.988384527379981,1.0,0.02936339581625301,2.957848977112608,0.7071859902104428,0.16668929007737204,0.661916477907476,0.46152622239421176,danceability_low|energy_very_low,acousticness_very_high
"frozenset({'energy_very_low', 'valence_very_low', 'acousticness_very_high', 'instrumentalness_high'})",frozenset({'loudness_very_low'}),0.045376681560632015,0.25000299476515053,0.04405898489440458,0.970960929250264,3.8837971927591175,1.0,0.032714678611741994,25.82716959845101,0.7778146748695576,0.17530981887511915,0.9612810843949399,0.5735973788560855,acousticness_very_high|energy_very_low|instrumentalness_high|valence_very_low,loudness_very_low
"frozenset({'energy_very_low', 'loudness_very_low', 'valence_very_low', 'instrumentalness_high'})",frozenset({'acousticness_very_high'}),0.05379796116388553,0.24975143449250709,0.04405898489440458,0.8189712758851035,3.2791454333355348,1.0,0.030622866920951983,4.144362002083826,0.7345603470360088,0.1697904163973779,0.7587083368930634,0.4976913072792106,energy_very_low|instrumentalness_high|loudness_very_low|valence_very_low,acousticness_very_high
"frozenset({'loudness_very_low', 'valence_very_low', 'acousticness_very_high', 'instrumentalness_high'})",frozenset({'energy_very_low'}),0.046826147893482196,0.25050611531043737,0.04405898489440458,0.940905602455871,3.7560184959551286,1.0,0.03232874849065634,12.682993918837642,0.7698077615798292,0.17395828406564817,0.9211542632284374,0.5583927400190601,acousticness_very_high|instrumentalness_high|loudness_very_low|valence_very_low,energy_very_low
"frozenset({'energy_very_low', 'valence_very_low', 'instrumentalness_high'})","frozenset({'loudness_very_low', 'acousticness_very_high'})",0.05699637034463757,0.15069658237401024,0.04405898489440458,0.7730138713745272,5.129604528495561,1.0,0.03546982667574431,3.7416533898744997,0.8537116638390029,0.2692532942898975,0.7327384725944533,0.532691355401095,energy_very_low|instrumentalness_high|valence_very_low,acousticness_very_high|loudness_very_low
"frozenset({'valence_very_low', 'acousticness_very_high', 'instrumentalness_high'})","frozenset({'energy_very_low', 'loudness_very_low'})",0.04924591813509985,0.17769738497107057,0.04405898489440458,0.8946728289953783,5.034811452858648,1.0,0.035308114021297916,7.807127137145333,0.8428918115976463,0.24091177048536055,0.8719119104334646,0.5713083708142592,acousticness_very_high|instrumentalness_high|valence_very_low,energy_very_low|loudness_very_low
"frozenset({'energy_very_low', 'loudness_very_low', 'key_very_low'})",frozenset({'acousticness_very_high'}),0.058373962313875344,0.24975143449250709,0.04398711053079218,0.7535399138107942,3.0171595023747564,1.0,0.02940812970589026,3.0440976350691202,0.710008440512754,0.16653061224489799,0.6714954249562717,0.46483173444868453,energy_very_low|key_very_low|loudness_very_low,acousticness_very_high
"frozenset({'energy_very_low', 'key_very_low', 'acousticness_very_high'})",frozenset({'loudness_very_low'}),0.05722397249607686,0.25000299476515053,0.04398711053079218,0.7686832740213524,3.0746962641125286,1.0,0.029680946034414356,3.2422947457075812,0.7157210226668436,0.167098976109215,0.6915764671537394,0.47231480423635896,acousticness_very_high|energy_very_low|key_very_low,loudness_very_low
"frozenset({'loudness_very_low', 'key_very_low', 'acousticness_very_high'})",frozenset({'energy_very_low'}),0.04901831598366056,0.25050611531043737,0.04398711053079218,0.8973607038123167,3.5821908087963075,1.0,0.03170772261466585,7.302211847975452,0.7579969588870142,0.1721357584849053,0.863055191931024,0.5364768323958293,acousticness_very_high|key_very_low|loudness_very_low,energy_very_low
"frozenset({'loudness_very_low', 'mode_1', 'tempo_very_low'})",frozenset({'acousticness_very_high'}),0.059655721798296577,0.24975143449250709,0.043915236167179766,0.736144578313253,2.947508909444676,1.0,0.029016134072369273,2.843407805348032,0.7026473947388783,0.16541081983485992,0.648309328644612,0.45599017490654253,loudness_very_low|mode_1|tempo_very_low,acousticness_very_high
"frozenset({'key_high', 'danceability_low'})",frozenset({'mode_1'}),0.06181195270666874,0.6337522011523856,0.04385534086416943,0.7094961240310077,1.1195166229654,1.0,0.004681879778790955,1.2607329166468912,0.11379098876463738,0.0672928461142563,0.20681058866960467,0.38934781629203724,danceability_low|key_high,mode_1
"frozenset({'energy_very_low', 'loudness_low'})",frozenset({'mode_1'}),0.060829669737299204,0.6337522011523856,0.04371159213694462,0.7185899960614415,1.1338658781062863,1.0,0.005160655045558592,1.3014739835886533,0.12570826746820488,0.06715868516950713,0.23164042262095483,0.39378134147651983,energy_very_low|loudness_low,mode_1
"frozenset({'speechiness_very_low', 'key_high'})",frozenset({'mode_1'}),0.05789479988979264,0.6337522011523856,0.04363971777333221,0.7537761224912063,1.1893862003486138,1.0,0.006948760907899233,1.4874584973365717,0.16901530542784135,0.06734448655143728,0.32771233497231017,0.41131769927603506,key_high|speechiness_very_low,mode_1
"frozenset({'tempo_low', 'acousticness_very_high'})",frozenset({'energy_very_low'}),0.062207261706536975,0.25050611531043737,0.04361575965212808,0.7011361448103215,2.7988783584841634,1.0,0.02803246017792377,2.5078104015418154,0.6853476176125957,0.1620815527065527,0.6012457722540768,0.43762335167065425,acousticness_very_high|tempo_low,energy_very_low
"frozenset({'energy_very_low', 'mode_1', 'acousticness_very_high', 'instrumentalness_high'})",frozenset({'loudness_very_low'}),0.045760011499898175,0.25000299476515053,0.043579822470321876,0.9523560209424085,3.8093784509943127,1.0,0.032139682554859605,15.741695384599613,0.7728558773415445,0.17281018430552916,0.9364744409310373,0.5633366113336863,acousticness_very_high|energy_very_low|instrumentalness_high|mode_1,loudness_very_low
"frozenset({'energy_very_low', 'loudness_very_low', 'mode_1', 'instrumentalness_high'})",frozenset({'acousticness_very_high'}),0.05265995040668911,0.24975143449250709,0.043579822470321876,0.8275705186533211,3.3135766380478966,1.0,0.03042792431594699,4.351045770410207,0.7370228842944577,0.1683713611329662,0.7701701952205108,0.5010316500408435,energy_very_low|instrumentalness_high|loudness_very_low|mode_1,acousticness_very_high
"frozenset({'loudness_very_low', 'mode_1', 'acousticness_very_high', 'instrumentalness_high'})",frozenset({'energy_very_low'}),0.04665844104505325,0.25050611531043737,0.043579822470321876,0.9340179717586649,3.7285236354457525,1.0,0.031891597657684526,11.359061015042188,0.7676129521118392,0.171855071094525,0.9119645542289317,0.553992535994099,acousticness_very_high|instrumentalness_high|loudness_very_low|mode_1,energy_very_low
"frozenset({'energy_very_low', 'mode_1', 'instrumentalness_high'})","frozenset({'loudness_very_low', 'acousticness_very_high'})",0.057235951556678925,0.15069658237401024,0.043579822470321876,0.7614064462118041,5.052579389770683,1.0,0.034954560181805955,3.5596243240499814,0.8507762788939613,0.2651603498542274,0.7190714780647851,0.5252978177004967,energy_very_low|instrumentalness_high|mode_1,acousticness_very_high|loudness_very_low
"frozenset({'mode_1', 'acousticness_very_high', 'instrumentalness_high'})","frozenset({'energy_very_low', 'loudness_very_low'})",0.05179745804334024,0.17769738497107057,0.043579822470321876,0.8413506012950972,4.734738226069396,1.0,0.034375549627871566,5.183143596771272,0.8318845888309895,0.23440721649484536,0.8070668926435053,0.543299002953063,acousticness_very_high|instrumentalness_high|mode_1,energy_very_low|loudness_very_low
"frozenset({'speechiness_very_low', 'duration_ms_low'})",frozenset({'mode_1'}),0.05899687346518286,0.6337522011523856,0.04317253440985158,0.7317766497461929,1.154673148930393,1.0,0.005783135990183173,1.365458296233536,0.14235240018269182,0.06646258252498802,0.26764515418860607,0.3999493777036418,duration_ms_low|speechiness_very_low,mode_1
"frozenset({'liveness_very_high', 'acousticness_high'})",frozenset({'instrumentalness_low'}),0.05872135507133531,0.5000539057727093,0.04314857628864745,0.7348021215830274,1.469445819941298,1.0,0.013784733332960139,1.8851813491555227,0.3394014494791683,0.08368181395781062,0.4695470542141978,0.4105449856669449,acousticness_high|liveness_very_high,instrumentalness_low
"frozenset({'loudness_very_low', 'mode_1', 'liveness_low'})",frozenset({'acousticness_very_high'}),0.05964374273769451,0.24975143449250709,0.04293295319781023,0.7198232576822655,2.8821586516407427,1.0,0.028036842890568972,2.6777688943812237,0.6944579056244313,0.16112210034166516,0.6265547777112861,0.44586299341497326,liveness_low|loudness_very_low|mode_1,acousticness_very_high
"frozenset({'loudness_very_low', 'acousticness_very_high', 'liveness_low'})",frozenset({'mode_1'}),0.0603145701314103,0.6337522011523856,0.04293295319781023,0.7118172790466732,1.1231791822613597,1.0,0.00470846161546902,1.270887434319599,0.11670938438453818,0.0659356832732357,0.21314825137493415,0.38978067430265806,acousticness_very_high|liveness_low|loudness_very_low,mode_1
"frozenset({'energy_very_low', 'danceability_low'})",frozenset({'mode_1'}),0.0591286431318056,0.6337522011523856,0.04292097413720816,0.7258914100486225,1.145386806907645,1.0,0.005448066401272475,1.3361412676362343,0.13490951299125908,0.06603634487080247,0.25157614376427534,0.39680828890107145,danceability_low|energy_very_low,mode_1
"frozenset({'energy_very_low', 'mode_1', 'speechiness_low'})",frozenset({'acousticness_very_high'}),0.052719845709699446,0.24975143449250709,0.042908995076606095,0.8139059304703476,3.258863886504588,1.0,0.029742137984385013,4.031555478386418,0.7317208020933724,0.16531290382130334,0.7519567806120735,0.4928563658778905,energy_very_low|mode_1|speechiness_low,acousticness_very_high
"frozenset({'mode_1', 'speechiness_low', 'acousticness_very_high'})",frozenset({'energy_very_low'}),0.05466045352723439,0.25050611531043737,0.042908995076606095,0.7850098619329389,3.133695402845247,1.0,0.02921621720239191,3.4861779774092505,0.720257542464209,0.16361394052893619,0.713152912306804,0.47814953693433476,acousticness_very_high|mode_1|speechiness_low,energy_very_low
"frozenset({'energy_very_low', 'loudness_very_low', 'key_very_low'})",frozenset({'mode_1'}),0.058373962313875344,0.6337522011523856,0.04282514165239162,0.7336343115124153,1.157604360471504,1.0,0.005830514545986716,1.374981143131298,0.14458712292465448,0.0659557589063336,0.27271729870952177,0.40060413241247833,energy_very_low|key_very_low|loudness_very_low,mode_1
"frozenset({'energy_very_low', 'mode_1', 'key_very_low'})",frozenset({'loudness_very_low'}),0.06087758597970747,0.25000299476515053,0.04282514165239162,0.7034632034632035,2.813819106943208,1.0,0.027605562843391808,2.5291869811569376,0.6863973405575763,0.15976225588774184,0.6046160258414087,0.43738085903874113,energy_very_low|key_very_low|mode_1,loudness_very_low
"frozenset({'loudness_very_low', 'mode_1', 'key_very_low'})",frozenset({'energy_very_low'}),0.06044633979803304,0.25050611531043737,0.04282514165239162,0.7084819659135949,2.8282022777592286,1.0,0.027682963884851676,2.5710034956788124,0.6880059422683064,0.15971942992449623,0.6110468143350486,0.43971822090630014,key_very_low|loudness_very_low|mode_1,energy_very_low
"frozenset({'energy_very_low', 'mode_1', 'key_very_low'})",frozenset({'acousticness_very_high'}),0.06087758597970747,0.24975143449250709,0.04282514165239162,0.7034632034632035,2.8166533052858536,1.0,0.027620877225518738,2.5300353084997202,0.6867781243591542,0.1599123277867239,0.6047485991043392,0.4374671286153851,energy_very_low|key_very_low|mode_1,acousticness_very_high
"frozenset({'energy_very_low', 'key_very_low', 'acousticness_very_high'})",frozenset({'mode_1'}),0.05722397249607686,0.6337522011523856,0.04282514165239162,0.7483776428720954,1.1808679188983962,1.0,0.0065593231243193315,1.4555455366847367,0.1624619592752549,0.06607278171031473,0.31297237029239394,0.4079757980923184,acousticness_very_high|energy_very_low|key_very_low,mode_1
"frozenset({'mode_1', 'key_very_low', 'acousticness_very_high'})",frozenset({'energy_very_low'}),0.05976353334371519,0.25050611531043737,0.04282514165239162,0.7165764682301061,2.860514871431763,1.0,0.027854011077231733,2.6444306865036964,0.6917542638276489,0.16012720594822177,0.6218467721223813,0.44376547206455574,acousticness_very_high|key_very_low|mode_1,energy_very_low
"frozenset({'energy_very_low', 'danceability_very_low', 'instrumentalness_high'})",frozenset({'acousticness_very_high'}),0.04988080834700943,0.24975143449250709,0.042789204470585415,0.8578290105667628,3.434731064948093,1.0,0.03033140103227399,5.27708619387365,0.7460710158277847,0.16659670724313233,0.8105014844819222,0.5145780862704791,danceability_very_low|energy_very_low|instrumentalness_high,acousticness_very_high
"frozenset({'danceability_very_low', 'acousticness_very_high', 'instrumentalness_high'})",frozenset({'energy_very_low'}),0.046466776075420164,0.25050611531043737,0.042789204470585415,0.9208558906934777,3.675981680336688,1.0,0.03114899290493194,9.469989507201351,0.7634383423275392,0.16833969555586972,0.8944032620902523,0.5458334541455147,acousticness_very_high|danceability_very_low|instrumentalness_high,energy_very_low
"frozenset({'valence_low', 'energy_very_high'})",frozenset({'acousticness_very_low'}),0.05935624528324489,0.2504581990680291,0.042789204470585415,0.7208879919273461,2.878276672953077,1.0,0.027922946173503705,2.685451643975355,0.6937481699734115,0.1602440446817101,0.6276231589410897,0.44586584406009544,energy_very_high|valence_low,acousticness_very_low
"frozenset({'energy_very_low', 'speechiness_very_low', 'loudness_very_low'})",frozenset({'mode_1'}),0.0577630302231699,0.6337522011523856,0.042657434803962675,0.7384902530070511,1.1652665689589947,1.0,0.006049987254796975,1.4005129944831063,0.15052186260076078,0.06574234759812429,0.2859759217235434,0.4028997905239395,energy_very_low|loudness_very_low|speechiness_very_low,mode_1
"frozenset({'loudness_very_low', 'speechiness_very_low', 'mode_1'})",frozenset({'energy_very_low'}),0.05154589777069682,0.25050611531043737,0.042657434803962675,0.827562165930746,3.3035607330591406,1.0,0.02974487219323648,4.346458471454433,0.7351924733488433,0.16444998614574677,0.7699276303759608,0.49892358487815036,loudness_very_low|mode_1|speechiness_very_low,energy_very_low
"frozenset({'danceability_very_low', 'mode_1', 'instrumentalness_high'})",frozenset({'valence_very_low'}),0.05989530301033793,0.2507217384012746,0.04262149762215647,0.7116,2.8382062302914473,1.0,0.027604443129333453,2.598052224683514,0.6889283586252198,0.15903808331843378,0.6150962669267294,0.4407976110845676,danceability_very_low|instrumentalness_high|mode_1,valence_very_low
"frozenset({'danceability_very_low', 'speechiness_very_high'})",frozenset({'energy_very_high'}),0.0555469040117874,0.2486014446747086,0.04251368607673786,0.765365538063403,3.0786849974459027,1.0,0.028704645492200146,3.2024219678707495,0.7148962708865376,0.16249255986447508,0.6877363414213375,0.46818847904953026,danceability_very_low|speechiness_very_high,energy_very_high
"frozenset({'duration_ms_very_low', 'key_high'})",frozenset({'mode_1'}),0.05991926113154206,0.6337522011523856,0.04227410486469651,0.7055177928828469,1.1132391991695902,1.0,0.004300141231157142,1.2437009435409145,0.10820395734922893,0.0648975688697635,0.19594818578096343,0.38611113157987914,duration_ms_very_low|key_high,mode_1
"frozenset({'key_high', 'danceability_very_low'})",frozenset({'mode_1'}),0.05930832904083662,0.6337522011523856,0.042250146743492374,0.7123813371036154,1.1240692116070827,1.0,0.0046633626671922085,1.2733798118641422,0.11733394458027699,0.06491928804137753,0.2146883508887522,0.389524001885141,danceability_very_low|key_high,mode_1
"frozenset({'energy_very_low', 'mode_1', 'speechiness_low'})",frozenset({'loudness_very_low'}),0.052719845709699446,0.25000299476515053,0.042034523652655156,0.7973187911838218,3.1892369606724604,1.0,0.02885440434167362,3.700377600940102,0.7246487447801716,0.16124437092179025,0.729757309160572,0.48272743584107236,energy_very_low|mode_1|speechiness_low,loudness_very_low
"frozenset({'loudness_very_low', 'mode_1', 'speechiness_low'})",frozenset({'energy_very_low'}),0.053103175648965606,0.25050611531043737,0.042034523652655156,0.7915632754342432,3.1598560955420423,1.0,0.028731853410184967,3.5957861372606406,0.7218631157747359,0.16069793002381386,0.721896697459926,0.47968083435063347,loudness_very_low|mode_1|speechiness_low,energy_very_low
"frozenset({'liveness_very_low', 'acousticness_very_high'})",frozenset({'energy_very_low'}),0.05438493513338684,0.25050611531043737,0.041998586470848955,0.7722466960352423,3.0827458845794755,1.0,0.028374827639174094,3.290814542060556,0.7144702928926895,0.15975576414836418,0.6961238662286189,0.4699508155004062,acousticness_very_high|liveness_very_low,energy_very_low
"frozenset({'loudness_very_high', 'danceability_very_low'})",frozenset({'acousticness_very_low'}),0.05910468501060147,0.2504581990680291,0.041902753986032416,0.7089582488852858,2.830644999937573,1.0,0.02709950102179404,2.5753755193581793,0.6873491835735569,0.15655209452201937,0.6117071112607242,0.43813131499171504,danceability_very_low|loudness_very_high,acousticness_very_low
"frozenset({'energy_very_low', 'danceability_very_low', 'acousticness_very_high', 'instrumentalness_high'})",frozenset({'loudness_very_low'}),0.042789204470585415,0.25000299476515053,0.041866816804226215,0.9784434490481524,3.9137269134207333,1.0,0.031169387542961495,34.7920688662194,0.7777691960323047,0.16684966821024488,0.9712578172960871,0.5729543550942726,acousticness_very_high|danceability_very_low|energy_very_low|instrumentalness_high,loudness_very_low
"frozenset({'energy_very_low', 'loudness_very_low', 'danceability_very_low', 'instrumentalness_high'})",frozenset({'acousticness_very_high'}),0.04805999113549515,0.24975143449250709,0.041866816804226215,0.8711365902293121,3.488014361156542,1.0,0.029863765076439126,5.822044960959502,0.7493160557032402,0.1635776467284471,0.828239045437534,0.5193852647534877,danceability_very_low|energy_very_low|instrumentalness_high|loudness_very_low,acousticness_very_high
"frozenset({'loudness_very_low', 'danceability_very_low', 'acousticness_very_high', 'instrumentalness_high'})",frozenset({'energy_very_low'}),0.044454293894272814,0.25050611531043737,0.041866816804226215,0.9417946645109134,3.7595675592342452,1.0,0.030730744331903436,12.876721324458165,0.7681599707822211,0.16542029534267325,0.9223404797849751,0.5544617928522433,acousticness_very_high|danceability_very_low|instrumentalness_high|loudness_very_low,energy_very_low
"frozenset({'energy_very_low', 'danceability_very_low', 'instrumentalness_high'})","frozenset({'loudness_very_low', 'acousticness_very_high'})",0.04988080834700943,0.15069658237401024,0.041866816804226215,0.8393371757925072,5.569716065022472,1.0,0.03434994946027889,5.286247281008403,0.8635312719235708,0.26379349384859235,0.8108298861476566,0.5585795576895763,danceability_very_low|energy_very_low|instrumentalness_high,acousticness_very_high|loudness_very_low
"frozenset({'danceability_very_low', 'acousticness_very_high', 'instrumentalness_high'})","frozenset({'energy_very_low', 'loudness_very_low'})",0.046466776075420164,0.17769738497107057,0.041866816804226215,0.9010054137664347,5.070448357544034,1.0,0.033609792207587745,8.306541259628176,0.8418991200638385,0.22966224208174532,0.8796129497531969,0.5683064010992076,acousticness_very_high|danceability_very_low|instrumentalness_high,energy_very_low|loudness_very_low
"frozenset({'loudness_very_low', 'danceability_very_low', 'instrumentalness_high'})","frozenset({'energy_very_low', 'acousticness_very_high'})",0.057655218677751294,0.17666718575929274,0.041866816804226215,0.7261583212133804,4.110318042892039,1.0,0.031681031576091284,3.0066015439609437,0.8030073907296881,0.217540146894062,0.6673985610069951,0.4815698034057138,danceability_very_low|instrumentalness_high|loudness_very_low,acousticness_very_high|energy_very_low
"frozenset({'speechiness_very_low', 'liveness_very_low'})",frozenset({'mode_1'}),0.059619784616490375,0.6337522011523856,0.04180692150121587,0.7012256379344987,1.1064665916101317,1.0,0.004022751768283955,1.2258340920407373,0.10232259882926703,0.06416384762465067,0.184228920950285,0.38359646890581844,liveness_very_low|speechiness_very_low,mode_1
"frozenset({'energy_very_low', 'speechiness_very_low', 'loudness_very_low'})",frozenset({'acousticness_very_high'}),0.0577630302231699,0.24975143449250709,0.041651193713389,0.7210700953961012,2.8871509661648584,1.0,0.027224794054518272,2.689738723328722,0.6937084907945339,0.15666396323330628,0.6282166772085445,0.44392034195676805,energy_very_low|loudness_very_low|speechiness_very_low,acousticness_very_high
"frozenset({'loudness_very_low', 'speechiness_very_low', 'acousticness_very_high'})",frozenset({'energy_very_low'}),0.04432252422765007,0.25050611531043737,0.041651193713389,0.9397297297297298,3.7513245078475568,1.0,0.030548130348367633,12.43554875942325,0.7674424749939149,0.16451383960255497,0.9195853742085782,0.5529989505572903,acousticness_very_high|loudness_very_low|speechiness_very_low,energy_very_low
"frozenset({'energy_very_low', 'key_low'})",frozenset({'acousticness_very_high'}),0.05505576252710263,0.24975143449250709,0.04160327747098073,0.7556570931244561,3.025636648133554,1.0,0.02785302180275803,3.070474093564058,0.7084979416697929,0.15806480975787368,0.6743173954484508,0.46111791295869786,energy_very_low|key_low,acousticness_very_high
"frozenset({'key_low', 'acousticness_very_high'})",frozenset({'energy_very_low'}),0.05737970028390374,0.25050611531043737,0.04160327747098073,0.7250521920668058,2.894349270349315,1.0,0.027229311655182803,2.7259496641328815,0.694340230296515,0.15623734760897925,0.6331553685096757,0.4455645428581925,acousticness_very_high|key_low,energy_very_low
"frozenset({'energy_very_low', 'key_high'})",frozenset({'mode_1'}),0.05746355370811821,0.6337522011523856,0.041447549683153846,0.7212841359182822,1.1381169715966786,1.0,0.005029896034595596,1.3140543687898325,0.1287543750044996,0.06378820839939531,0.23899648009165572,0.3933421908208744,energy_very_low|key_high,mode_1
"frozenset({'energy_very_low', 'loudness_very_low', 'instrumentalness_low'})",frozenset({'mode_1'}),0.05486409755746954,0.6337522011523856,0.041315780016531106,0.753056768558952,1.1882511290526936,1.0,0.006545537425245558,1.4831254807445393,0.16762357279842907,0.06382781849137613,0.3257482168683441,0.40912454721303615,energy_very_low|instrumentalness_low|loudness_very_low,mode_1
"frozenset({'loudness_very_low', 'instrumentalness_low', 'mode_1'})",frozenset({'energy_very_low'}),0.055810443345032885,0.25050611531043737,0.041315780016531106,0.7402876153681047,2.9551678387200657,1.0,0.027334922660413666,2.88586116427163,0.7007170751183612,0.15590814573727513,0.6534829837344608,0.45260842130302714,instrumentalness_low|loudness_very_low|mode_1,energy_very_low
"frozenset({'energy_very_low', 'danceability_very_low', 'tempo_very_low'})",frozenset({'acousticness_very_high'}),0.04899435786245643,0.24975143449250709,0.04130380095592904,0.8430317848410758,3.375483254196756,1.0,0.029067389797741303,4.779620923560195,0.7400020484174099,0.16043925364105907,0.790778386823378,0.5042057096779603,danceability_very_low|energy_very_low|tempo_very_low,acousticness_very_high
"frozenset({'danceability_very_low', 'acousticness_very_high', 'tempo_very_low'})",frozenset({'energy_very_low'}),0.046670420105655315,0.25050611531043737,0.04130380095592904,0.8850102669404518,3.532888871170714,1.0,0.029612575315355195,6.517920032925308,0.7520437228006904,0.16142322097378278,0.8465768228286793,0.5249458373722917,acousticness_very_high|danceability_very_low|tempo_very_low,energy_very_low
"frozenset({'energy_very_low', 'danceability_very_low', 'tempo_very_low'})",frozenset({'loudness_very_low'}),0.04899435786245643,0.25000299476515053,0.04108817786509182,0.8386308068459658,3.3544830438281923,1.0,0.028839441672882216,4.647708714258386,0.7380518491318553,0.15931258708778448,0.7848402166572598,0.5014907747694132,danceability_very_low|energy_very_low|tempo_very_low,loudness_very_low
"frozenset({'loudness_very_low', 'danceability_very_low', 'tempo_very_low'})",frozenset({'energy_very_low'}),0.04668239916625738,0.25050611531043737,0.04108817786509182,0.8801642288940211,3.5135438821654543,1.0,0.029393951396581484,6.25434190285916,0.7504184070221719,0.1604378128069601,0.8401110755485157,0.5220924434447152,danceability_very_low|loudness_very_low|tempo_very_low,energy_very_low
"frozenset({'energy_very_low', 'key_high'})",frozenset({'loudness_very_low'}),0.05746355370811821,0.25000299476515053,0.041028282562081485,0.7139879091098603,2.85591742523153,1.0,0.02666222204520386,2.6222562930842366,0.6894691687893817,0.15398795072385574,0.618649022737658,0.4390495367303015,energy_very_low|key_high,loudness_very_low
"frozenset({'loudness_very_low', 'key_high'})",frozenset({'energy_very_low'}),0.05843385761688569,0.25050611531043737,0.041028282562081485,0.7021320213202132,2.802853816363336,1.0,0.026390243887872242,2.5161948861085253,0.6831392405345412,0.15314106863402638,0.6025745042560787,0.4329567910732665,key_high|loudness_very_low,energy_very_low
"frozenset({'energy_very_low', 'valence_very_low', 'instrumentalness_high'})",frozenset({'danceability_very_low'}),0.05699637034463757,0.2516321470070317,0.04098036631967321,0.7189995796553174,2.8573438974600704,1.0,0.026638247278244147,2.6632268096787906,0.6893129626061523,0.15311283175938775,0.6245156453195179,0.44092890531847084,energy_very_low|instrumentalness_high|valence_very_low,danceability_very_low
"frozenset({'energy_very_low', 'danceability_very_low', 'instrumentalness_high'})",frozenset({'valence_very_low'}),0.04988080834700943,0.2507217384012746,0.04098036631967321,0.8215658021133525,3.2768032295566436,1.0,0.028474163338050196,4.199185304572129,0.7313024782888222,0.15784616804318735,0.7618585683963062,0.4925076979988645,danceability_very_low|energy_very_low|instrumentalness_high,valence_very_low
"frozenset({'energy_low', 'speechiness_very_high'})",frozenset({'instrumentalness_low'}),0.05788282082919057,0.5000539057727093,0.04096838725907114,0.7077814569536424,1.4154103163336795,1.0,0.012023856626292465,1.710863687893958,0.31152291492438977,0.0792473815923626,0.41549989804799603,0.39485469934688633,energy_low|speechiness_very_high,instrumentalness_low
"frozenset({'energy_very_low', 'loudness_very_low', 'acousticness_very_high', 'liveness_low'})",frozenset({'mode_1'}),0.05699637034463757,0.6337522011523856,0.04092047101666287,0.717948717948718,1.1328540029418963,1.0,0.004798895853052251,1.2985149231869964,0.1243618965351412,0.06297122421516398,0.22988948209724036,0.3912586421233997,acousticness_very_high|energy_very_low|liveness_low|loudness_very_low,mode_1
"frozenset({'energy_very_low', 'mode_1', 'acousticness_very_high', 'liveness_low'})",frozenset({'loudness_very_low'}),0.052635992285484975,0.25000299476515053,0.04092047101666287,0.7774237596722803,3.109657787910028,1.0,0.02776131531285627,3.369618446832236,0.7161146094403215,0.15635298425485167,0.7032304945564102,0.4705518415036054,acousticness_very_high|energy_very_low|liveness_low|mode_1,loudness_very_low
"frozenset({'energy_very_low', 'loudness_very_low', 'mode_1', 'liveness_low'})",frozenset({'acousticness_very_high'}),0.04995268271062183,0.24975143449250709,0.04092047101666287,0.8191846522781775,3.279999788360592,1.0,0.028444716852936015,4.149252676613058,0.7316708535431464,0.15812618617784568,0.7589927444919365,0.49151472049853046,energy_very_low|liveness_low|loudness_very_low|mode_1,acousticness_very_high
"frozenset({'loudness_very_low', 'mode_1', 'acousticness_very_high', 'liveness_low'})",frozenset({'energy_very_low'}),0.04293295319781023,0.25050611531043737,0.04092047101666287,0.9531249999999999,3.80479733526205,1.0,0.030165503692274612,15.9892028733773,0.7702427058465054,0.16204933586337758,0.9374577952434987,0.5582380929609793,acousticness_very_high|liveness_low|loudness_very_low|mode_1,energy_very_low
"frozenset({'mode_1', 'loudness_very_high', 'speechiness_very_high'})",frozenset({'energy_very_high'}),0.05442087231519304,0.2486014446747086,0.040860575713652536,0.7508254457407,3.0201974357918324,1.0,0.027331468235637695,3.0155509159388685,0.7073927489494772,0.15586017820424952,0.6683856357011111,0.4575936123803004,loudness_very_high|mode_1|speechiness_very_high,energy_very_high
"frozenset({'acousticness_high', 'danceability_low'})",frozenset({'instrumentalness_low'}),0.05705626564764791,0.5000539057727093,0.040704847925825655,0.7134159143397019,1.42667801631765,1.0,0.01217363943991406,1.7445005471095867,0.31716738317446463,0.07882344753995686,0.4267700278702282,0.3974084171161905,acousticness_high|danceability_low,instrumentalness_low
"frozenset({'valence_very_high', 'mode_1', 'acousticness_high'})",frozenset({'instrumentalness_low'}),0.05525940655733777,0.5000539057727093,0.04058505731980498,0.7344461305007588,1.4687339145283838,1.0,0.012952375240126168,1.8826541491187696,0.3378085812675671,0.0788475412506691,0.46883499528148664,0.40780374750411647,acousticness_high|mode_1|valence_very_high,instrumentalness_low
"frozenset({'key_high', 'acousticness_very_high'})",frozenset({'mode_1'}),0.05637345919333006,0.6337522011523856,0.04054912013799878,0.7192945176370591,1.1349775453704576,1.0,0.0048223162876516665,1.304740455243659,0.12603005014821028,0.062423929480323104,0.23356404257944846,0.39163856398817326,acousticness_very_high|key_high,mode_1
"frozenset({'energy_very_low', 'loudness_very_low', 'mode_0'})",frozenset({'acousticness_very_high'}),0.056145857041890776,0.24975143449250709,0.0404293295319781,0.7200768081928739,2.883173863069352,1.0,0.026406821194954647,2.6801943799798926,0.6920137107358144,0.15229457154460538,0.6268927330533758,0.4409775378678409,energy_very_low|loudness_very_low|mode_0,acousticness_very_high
"frozenset({'energy_very_low', 'mode_0', 'acousticness_very_high'})",frozenset({'loudness_very_low'}),0.05148600246768648,0.25000299476515053,0.0404293295319781,0.785248953001396,3.1409581862771216,1.0,0.02755767472657055,3.4924020893817795,0.718624941355647,0.15486624145367778,0.7136641273236042,0.47348216696547996,acousticness_very_high|energy_very_low|mode_0,loudness_very_low
"frozenset({'loudness_very_low', 'mode_0', 'acousticness_very_high'})",frozenset({'energy_very_low'}),0.04625115298458295,0.25050611531043737,0.0404293295319781,0.8741258741258742,3.4894392619622154,1.0,0.028843132869181484,5.954312528367083,0.7480176844432163,0.1577250210300028,0.8320544991154099,0.5177582316306494,acousticness_very_high|loudness_very_low|mode_0,energy_very_low
"frozenset({'energy_very_low', 'instrumentalness_medium'})",frozenset({'loudness_very_low'}),0.05583440146623702,0.25000299476515053,0.0403933923501719,0.7234499034541944,2.893764949231082,1.0,0.026434624772692934,2.711975206671554,0.6931299255515665,0.15217293199151585,0.631265065572884,0.44251076868924377,energy_very_low|instrumentalness_medium,loudness_very_low
"frozenset({'loudness_very_low', 'instrumentalness_medium'})",frozenset({'energy_very_low'}),0.05729584685968926,0.25050611531043737,0.0403933923501719,0.7049968638929542,2.8142900344739825,1.0,0.02604043232992942,2.5406302271227346,0.6838525046032053,0.15105496573041258,0.6063968737660416,0.4331219973634626,instrumentalness_medium|loudness_very_low,energy_very_low
"frozenset({'energy_very_low', 'loudness_very_low', 'duration_ms_very_low', 'acousticness_very_high'})",frozenset({'mode_1'}),0.05618179422369698,0.6337522011523856,0.04018974831993675,0.7153518123667377,1.128756335782306,1.0,0.004584412565978406,1.2866682970751395,0.12085929521166901,0.061854719764011794,0.22279891229681753,0.38938368427617676,acousticness_very_high|duration_ms_very_low|energy_very_low|loudness_very_low,mode_1
"frozenset({'energy_very_low', 'duration_ms_very_low', 'mode_1', 'acousticness_very_high'})",frozenset({'loudness_very_low'}),0.04940164592292672,0.25000299476515053,0.04018974831993675,0.8135305528612997,3.254083230584975,1.0,0.02783918889287748,4.022090571636566,0.7286923886427467,0.1550441332778779,0.7513730777094098,0.48714381021119607,acousticness_very_high|duration_ms_very_low|energy_very_low|mode_1,loudness_very_low
"frozenset({'energy_very_low', 'loudness_very_low', 'duration_ms_very_low', 'mode_1'})",frozenset({'acousticness_very_high'}),0.04917404377148744,0.24975143449250709,0.04018974831993675,0.8172959805115713,3.272437582479997,1.0,0.02790846034821043,4.106360481877678,0.7303307096359867,0.1553312653363582,0.7564753497864516,0.48910748471595156,duration_ms_very_low|energy_very_low|loudness_very_low|mode_1,acousticness_very_high
"frozenset({'loudness_very_low', 'duration_ms_very_low', 'mode_1', 'acousticness_very_high'})",frozenset({'energy_very_low'}),0.04432252422765007,0.25050611531043737,0.04018974831993675,0.9067567567567567,3.6196990865195717,1.0,0.029086684954915384,8.038050357540234,0.7572993606462293,0.15783036176318388,0.8755917224303114,0.5335954786079116,acousticness_very_high|duration_ms_very_low|loudness_very_low|mode_1,energy_very_low
"frozenset({'acousticness_very_low', 'loudness_very_high', 'speechiness_very_high'})",frozenset({'energy_very_high'}),0.04338815750068879,0.2486014446747086,0.04005797865331401,0.9232468249585866,3.7137629114208957,1.0,0.02927162001686898,9.78980419923817,0.7638744342234232,0.15900337596880798,0.8978529110850022,0.5421900775397664,acousticness_very_low|loudness_very_high|speechiness_very_high,energy_very_high
"frozenset({'energy_very_low', 'valence_very_low', 'tempo_very_low'})",frozenset({'loudness_very_low'}),0.04735322655997317,0.25000299476515053,0.040034020532109874,0.8454338477105995,3.381694881314477,1.0,0.028195572080323916,4.852271950398296,0.7392984612765405,0.15557934919230948,0.7939109740298221,0.5027840057910927,energy_very_low|tempo_very_low|valence_very_low,loudness_very_low
"frozenset({'loudness_very_low', 'valence_very_low', 'tempo_very_low'})",frozenset({'energy_very_low'}),0.045208974712203066,0.25050611531043737,0.040034020532109874,0.8855325914149444,3.5349739479116367,1.0,0.028708895899788082,6.547661853746324,0.7510674742376426,0.15657796101949023,0.8472737257456509,0.5226725696171891,loudness_very_low|tempo_very_low|valence_very_low,energy_very_low
"frozenset({'speechiness_very_low', 'valence_very_high'})",frozenset({'mode_1'}),0.05443285137579511,0.6337522011523856,0.040034020532109874,0.7354753521126761,1.1605093454118531,1.0,0.005537081157699061,1.3845507470578704,0.14627136228601614,0.061766499713530605,0.27774406093458787,0.3993225924158504,speechiness_very_low|valence_very_high,mode_1
"frozenset({'speechiness_very_low', 'energy_low', 'instrumentalness_low'})",frozenset({'mode_1'}),0.05171360461912577,0.6337522011523856,0.03997412522909954,0.772990502663887,1.2197046436419738,1.0,0.007200514472204406,1.613358926148114,0.18995251101860774,0.06192818038415143,0.3801751217334541,0.4180329131786499,energy_low|instrumentalness_low|speechiness_very_low,mode_1
"frozenset({'loudness_very_low', 'danceability_low'})",frozenset({'energy_very_low'}),0.05499586722409228,0.25050611531043737,0.039914229926089194,0.7257678065780876,2.8972059451669936,1.0,0.02613742886965323,2.7330630854724247,0.6929492058460135,0.1502864101754544,0.6341101655078902,0.4425510800296712,danceability_low|loudness_very_low,energy_very_low
"frozenset({'energy_very_low', 'loudness_very_low', 'acousticness_very_high', 'tempo_very_low'})",frozenset({'mode_1'}),0.05675678913259622,0.6337522011523856,0.03974652307766025,0.7002954833262981,1.104998897128741,1.0,0.0037767830345355954,1.2220296274225333,0.1007393640417885,0.06107685227795675,0.18168923440164975,0.38150583636119273,acousticness_very_high|energy_very_low|loudness_very_low|tempo_very_low,mode_1
"frozenset({'energy_very_low', 'mode_1', 'acousticness_very_high', 'tempo_very_low'})",frozenset({'loudness_very_low'}),0.05016830580145905,0.25000299476515053,0.03974652307766025,0.7922636103151863,3.1690164794202893,1.0,0.027204296385001617,3.6103304114063803,0.7205957509093418,0.15262189512419505,0.723017041088365,0.4756238990723033,acousticness_very_high|energy_very_low|mode_1|tempo_very_low,loudness_very_low
"frozenset({'energy_very_low', 'loudness_very_low', 'mode_1', 'tempo_very_low'})",frozenset({'acousticness_very_high'}),0.049006336923058495,0.24975143449250709,0.03974652307766025,0.8110486433634808,3.247423363199195,1.0,0.027507120131903276,3.970591049794506,0.7277267806070264,0.15345481454074555,0.7481483266699669,0.48509648341611616,energy_very_low|loudness_very_low|mode_1|tempo_very_low,acousticness_very_high
"frozenset({'loudness_very_low', 'mode_1', 'acousticness_very_high', 'tempo_very_low'})",frozenset({'energy_very_low'}),0.043915236167179766,0.25050611531043737,0.03974652307766025,0.9050736497545009,3.612980260513388,1.0,0.02874548786247963,7.895530405953847,0.756439402238356,0.15606773283160863,0.8733460643447182,0.5318692655811526,acousticness_very_high|loudness_very_low|mode_1|tempo_very_low,energy_very_low
"frozenset({'energy_very_low', 'loudness_very_low', 'danceability_very_low', 'instrumentalness_high'})",frozenset({'valence_very_low'}),0.04805999113549515,0.2507217384012746,0.03971058589585405,0.8262711864406781,3.2955705863775138,1.0,0.027660901370812858,4.3129187740804715,0.731729313215968,0.1532806214454155,0.768138457415488,0.49232813980419,danceability_very_low|energy_very_low|instrumentalness_high|loudness_very_low,valence_very_low
"frozenset({'energy_very_low', 'danceability_very_low', 'valence_very_low', 'instrumentalness_high'})",frozenset({'loudness_very_low'}),0.04098036631967321,0.25000299476515053,0.03971058589585405,0.9690149079216605,3.876013200689616,1.0,0.02946537158936284,24.205092027438017,0.7737098559803569,0.1580377574370709,0.9586863789294238,0.5639276743729049,danceability_very_low|energy_very_low|instrumentalness_high|valence_very_low,loudness_very_low
"frozenset({'energy_very_low', 'loudness_very_low', 'valence_very_low', 'instrumentalness_high'})",frozenset({'danceability_very_low'}),0.05379796116388553,0.2516321470070317,0.03971058589585405,0.7381429525718104,2.9334207149263145,1.0,0.026173289423584628,2.8579251937001886,0.6965754005362407,0.14944549634839063,0.6500958099937919,0.44797750313537676,energy_very_low|instrumentalness_high|loudness_very_low|valence_very_low,danceability_very_low
"frozenset({'loudness_very_low', 'danceability_very_low', 'valence_very_low', 'instrumentalness_high'})",frozenset({'energy_very_low'}),0.046550629499634635,0.25050611531043737,0.03971058589585405,0.853062274832733,3.4053550899369602,1.0,0.02804936853464513,5.100758731880285,0.740831017772753,0.15430805753386398,0.8039507350641987,0.5057918489695417,danceability_very_low|instrumentalness_high|loudness_very_low|valence_very_low,energy_very_low
"frozenset({'energy_very_low', 'danceability_very_low', 'instrumentalness_high'})","frozenset({'loudness_very_low', 'valence_very_low'})",0.04988080834700943,0.10355897890487428,0.03971058589585405,0.7961095100864554,7.687498645749821,1.0,0.034544980316488026,4.396678930318144,0.9155889954796772,0.34916789551295563,0.7725556002954166,0.5897840783514984,danceability_very_low|energy_very_low|instrumentalness_high,loudness_very_low|valence_very_low
"frozenset({'acousticness_high', 'loudness_very_high'})",frozenset({'instrumentalness_low'}),0.048012074893086884,0.5000539057727093,0.039614753411037505,0.8250998003992016,1.650021709407938,1.0,0.015606127836497577,2.858464972415095,0.4138155091211943,0.07791259276711038,0.6501618842104937,0.4521603831432574,acousticness_high|loudness_very_high,instrumentalness_low
"frozenset({'energy_very_low', 'speechiness_very_low', 'instrumentalness_low'})",frozenset({'mode_1'}),0.04828759328693444,0.6337522011523856,0.039530899986823034,0.8186554204911933,1.2917594905431307,1.0,0.008928531452877173,2.0196236349585965,0.23732178165707016,0.06152584085315833,0.5048582405699067,0.4405156886975388,energy_very_low|instrumentalness_low|speechiness_very_low,mode_1
"frozenset({'speechiness_very_low', 'valence_high'})",frozenset({'mode_1'}),0.05482816037566334,0.6337522011523856,0.03951892092622097,0.720777802053747,1.1373180254729183,1.0,0.004771453603008312,1.3116714986897737,0.12774233600790427,0.06088625583670156,0.23761399024153673,0.3915674285762545,speechiness_very_low|valence_high,mode_1
"frozenset({'energy_very_low', 'duration_ms_low'})",frozenset({'acousticness_very_high'}),0.05491201379987781,0.24975143449250709,0.03951892092622097,0.7196771378708552,2.881573590691214,1.0,0.02580456670882914,2.676373092829843,0.6909064562791287,0.1490467154603777,0.6263600158441821,0.4389550733241273,duration_ms_low|energy_very_low,acousticness_very_high
"frozenset({'energy_very_low', 'duration_ms_very_high'})",frozenset({'loudness_very_low'}),0.05341463122461936,0.25000299476515053,0.03944704656260856,0.7385063915676162,2.9539901802430775,1.0,0.026093228792177604,2.8681274839984527,0.6988010392722327,0.14943728444363769,0.6513404632189147,0.44814634384322355,duration_ms_very_high|energy_very_low,loudness_very_low
"frozenset({'energy_very_low', 'loudness_very_low', 'instrumentalness_low'})",frozenset({'acousticness_very_high'}),0.05486409755746954,0.24975143449250709,0.03914757004755687,0.71353711790393,2.8569890673654457,1.0,0.025445182980441995,2.6190079497136556,0.6877118497545233,0.14746626957267273,0.6181760348954524,0.4351416224082459,energy_very_low|instrumentalness_low|loudness_very_low,acousticness_very_high
"frozenset({'loudness_very_low', 'instrumentalness_low', 'acousticness_very_high'})",frozenset({'energy_very_low'}),0.04679021071167599,0.25050611531043737,0.03914757004755687,0.8366615463389657,3.3398847181919717,1.0,0.0274263361276181,4.588594221939549,0.7349782554962386,0.1516473317865429,0.7820683303791219,0.4964677280279373,acousticness_very_high|instrumentalness_low|loudness_very_low,energy_very_low
"frozenset({'energy_very_low', 'key_low'})",frozenset({'loudness_very_low'}),0.05505576252710263,0.25000299476515053,0.039111632865750666,0.7104003481288076,2.8415673532077013,1.0,0.02534752735489606,2.5897717776554225,0.6858410440926925,0.14706544750236472,0.6138655889959068,0.4334225027658892,energy_very_low|key_low,loudness_very_low
"frozenset({'loudness_very_low', 'key_low'})",frozenset({'energy_very_low'}),0.05183339522514645,0.25050611531043737,0.039111632865750666,0.7545643633002079,3.0121594531339926,1.0,0.026127050384548656,3.0537288503312023,0.7045304693766172,0.14858469099845267,0.672531501972894,0.4553474073578316,key_low|loudness_very_low,energy_very_low
"frozenset({'danceability_high', 'acousticness_very_high'})",frozenset({'mode_1'}),0.0552474274967357,0.6337522011523856,0.03903975850213826,0.7066348655680833,1.1150018323931203,1.0,0.004026579718075178,1.2484366949631913,0.10917195714033051,0.060064875225773154,0.19899823192117574,0.38411792423097485,acousticness_very_high|danceability_high,mode_1
"frozenset({'valence_very_high', 'instrumentalness_low', 'key_very_low'})",frozenset({'mode_1'}),0.04983289210460116,0.6337522011523856,0.03883611447190311,0.7793269230769231,1.229702905425545,1.0,0.007254409410822789,1.6596850143857036,0.1965922064566603,0.06023447225163964,0.39747603229994316,0.42030328764185443,instrumentalness_low|key_very_low|valence_very_high,mode_1
"frozenset({'acousticness_very_high', 'instrumentalness_medium'})",frozenset({'energy_very_low'}),0.05382191928508966,0.25050611531043737,0.038620491381065894,0.7175606498998441,2.8644436444619874,1.0,0.025137771462406172,2.6536454089126904,0.6879170847816168,0.14534962355168835,0.6231599004745166,0.43586525226438266,acousticness_very_high|instrumentalness_medium,energy_very_low
"frozenset({'instrumentalness_low', 'key_very_low', 'acousticness_high'})",frozenset({'mode_1'}),0.051929227709962986,0.6337522011523856,0.03858455419925969,0.7430219146482122,1.1724170950367283,1.0,0.005674291833927196,1.4252102405784635,0.15511629511840028,0.05962716821858975,0.29834913367299365,0.4019523144737139,acousticness_high|instrumentalness_low|key_very_low,mode_1
"frozenset({'speechiness_very_low', 'instrumentalness_low', 'acousticness_high'})",frozenset({'mode_1'}),0.04988080834700943,0.6337522011523856,0.038524658896249356,0.7723342939481268,1.2186692094224683,1.0,0.00691258681107184,1.6087086860774962,0.18885292067055504,0.059718121553116815,0.3783834148130987,0.4165612496108652,acousticness_high|instrumentalness_low|speechiness_very_low,mode_1
"frozenset({'energy_very_low', 'instrumentalness_high', 'liveness_low'})",frozenset({'loudness_very_low'}),0.04180692150121587,0.25000299476515053,0.038321014866014205,0.9166189111747851,3.666431724291322,1.0,0.027869159288798677,8.994809444225515,0.758986124424556,0.1511743301356268,0.8888247709747782,0.5349505672309,energy_very_low|instrumentalness_high|liveness_low,loudness_very_low
"frozenset({'loudness_very_low', 'instrumentalness_high', 'liveness_low'})",frozenset({'energy_very_low'}),0.048299572347536505,0.25050611531043737,0.038321014866014205,0.7934027777777778,3.1671992390068433,1.0,0.02622167662607741,3.627802332615026,0.7189905638480921,0.14711427914463093,0.7243510234806064,0.4731885732806257,instrumentalness_high|liveness_low|loudness_very_low,energy_very_low
"frozenset({'acousticness_very_low', 'mode_1', 'danceability_very_low'})",frozenset({'energy_very_high'}),0.05244432731585189,0.2486014446747086,0.0382491405024018,0.7293284604842394,2.933725753036372,1.0,0.025211404966687737,2.776053059252427,0.6956177126269165,0.14554654024979488,0.6397763376074327,0.44159286706571144,acousticness_very_low|danceability_very_low|mode_1,energy_very_high
"frozenset({'mode_1', 'energy_very_high', 'danceability_very_low'})",frozenset({'acousticness_very_low'}),0.049006336923058495,0.2504581990680291,0.0382491405024018,0.7804937668051821,3.116263590928343,1.0,0.025975101613731514,3.4146720574751597,0.7140982217376649,0.14642758873704484,0.707146108566745,0.46660521514163833,danceability_very_low|energy_very_high|mode_1,acousticness_very_low
"frozenset({'energy_very_low', 'speechiness_low', 'danceability_very_low'})",frozenset({'loudness_very_low'}),0.04252566513733993,0.25000299476515053,0.03811737083577906,0.8963380281690142,3.585309164040303,1.0,0.027485827197064123,7.2350254581079305,0.7531105524915147,0.14982578397212545,0.8617834856573517,0.5244028425464141,danceability_very_low|energy_very_low|speechiness_low,loudness_very_low
"frozenset({'loudness_very_low', 'speechiness_low', 'danceability_very_low'})",frozenset({'energy_very_low'}),0.04189077492543035,0.25050611531043737,0.03811737083577906,0.9099227909636832,3.632337637091493,1.0,0.02762347554186563,8.320571792886993,0.7563805643196182,0.1499034248834032,0.8798159519692058,0.5310421146861263,danceability_very_low|loudness_very_low|speechiness_low,energy_very_low
"frozenset({'valence_very_high', 'duration_ms_very_low', 'instrumentalness_low'})",frozenset({'mode_1'}),0.051809437103942306,0.6337522011523856,0.03811737083577906,0.7357225433526012,1.1608993894061392,1.0,0.005283026030689544,1.3858457830410609,0.146171998456271,0.05887359384251037,0.27841898987805974,0.3979340436260218,duration_ms_very_low|instrumentalness_low|valence_very_high,mode_1
"frozenset({'energy_very_low', 'valence_very_low', 'tempo_very_low'})",frozenset({'acousticness_very_high'}),0.04735322655997317,0.24975143449250709,0.03792570586614598,0.80091070073362,3.206831233466443,1.0,0.026099169604943993,3.76840226105606,0.7223723532555789,0.14633019042336848,0.7346355482443216,0.47638225333577733,energy_very_low|tempo_very_low|valence_very_low,acousticness_very_high
"frozenset({'valence_very_low', 'acousticness_very_high', 'tempo_very_low'})",frozenset({'energy_very_low'}),0.04201056553145102,0.25050611531043737,0.03792570586614598,0.9027658967778729,3.6037678986763604,1.0,0.027401802292867622,7.708137987115244,0.7541968889995895,0.14896720462993457,0.8702669825486287,0.5270811121226778,acousticness_very_high|tempo_very_low|valence_very_low,energy_very_low
"frozenset({'loudness_high', 'energy_low', 'mode_1'})",frozenset({'instrumentalness_low'}),0.04853915355957786,0.5000539057727093,0.03791372680554391,0.7810957551826259,1.5620231062401886,1.0,0.013641533485175699,2.283857467653869,0.3781601797121489,0.07424174896202296,0.5621443044660459,0.4284575173000136,energy_low|loudness_high|mode_1,instrumentalness_low
"frozenset({'loudness_very_low', 'mode_1', 'speechiness_low'})",frozenset({'acousticness_very_high'}),0.053103175648965606,0.24975143449250709,0.03788976868433978,0.7135122941574555,2.856889673556057,1.0,0.024627174389903046,2.618781016452533,0.6864200676852689,0.14299923142999235,0.6181429475326559,0.43261110415100945,loudness_very_low|mode_1|speechiness_low,acousticness_very_high
"frozenset({'loudness_very_low', 'danceability_very_low', 'tempo_very_low'})",frozenset({'acousticness_very_high'}),0.04668239916625738,0.24975143449250709,0.0378418524419315,0.810623556581986,3.2457213238000677,1.0,0.026182856284606905,3.961678400789564,0.7257833862845047,0.14633807384073746,0.7475817320758043,0.48107080750102704,danceability_very_low|loudness_very_low|tempo_very_low,acousticness_very_high
"frozenset({'danceability_very_low', 'acousticness_very_high', 'tempo_very_low'})",frozenset({'loudness_very_low'}),0.046670420105655315,0.25000299476515053,0.0378418524419315,0.8108316221765913,3.2432876371672097,1.0,0.026174107648569978,3.964706014104441,0.7255317591123535,0.14620261952145136,0.7477744890938949,0.4810986093633316,acousticness_very_high|danceability_very_low|tempo_very_low,loudness_very_low
"frozenset({'energy_very_low', 'valence_low', 'mode_1'})",frozenset({'acousticness_very_high'}),0.05190526958875885,0.24975143449250709,0.03775799901771703,0.7274405723517193,2.912658234896119,1.0,0.024794583480204205,2.7526054482167366,0.6926217311103132,0.1430776214253291,0.6367078323383232,0.43931144162696045,energy_very_low|mode_1|valence_low,acousticness_very_high
"frozenset({'energy_very_low', 'valence_low', 'acousticness_very_high'})",frozenset({'mode_1'}),0.05099486098300171,0.6337522011523856,0.03775799901771703,0.7404275311252055,1.1683234074435505,1.0,0.005439893622279791,1.4109655019857867,0.15181436663814493,0.05835956304388077,0.29126545008180266,0.40000301043548814,acousticness_very_high|energy_very_low|valence_low,mode_1
"frozenset({'valence_low', 'mode_1', 'acousticness_very_high'})",frozenset({'energy_very_low'}),0.04837144671114891,0.25050611531043737,0.03775799901771703,0.7805844477464091,3.1160295100144646,1.0,0.025640655810161284,3.4158649056167656,0.713596471077696,0.14460042205706944,0.7072483755561635,0.4656556515702206,acousticness_very_high|mode_1|valence_low,energy_very_low
"frozenset({'energy_very_low', 'mode_1', 'valence_very_low', 'danceability_very_low'})",frozenset({'loudness_very_low'}),0.04510116316678446,0.25000299476515053,0.037734040896512895,0.8366533864541833,3.346573457010482,1.0,0.02645861503742508,4.591445080827982,0.7343049019291586,0.14661391668606003,0.7822036456070016,0.4937938709942215,danceability_very_low|energy_very_low|mode_1|valence_very_low,loudness_very_low
"frozenset({'loudness_very_low', 'mode_1', 'valence_very_low', 'danceability_very_low'})",frozenset({'energy_very_low'}),0.04296889037961643,0.25050611531043737,0.037734040896512895,0.8781711736827432,3.505587768164772,1.0,0.02697007108831516,6.152024174785952,0.746831659247921,0.14754789451496556,0.8374518741167343,0.5144011951045697,danceability_very_low|loudness_very_low|mode_1|valence_very_low,energy_very_low
"frozenset({'energy_very_low', 'speechiness_low', 'danceability_very_low'})",frozenset({'acousticness_very_high'}),0.04252566513733993,0.24975143449250709,0.03762622935109429,0.8847887323943663,3.542677279080498,1.0,0.027005383480295644,6.511937426776532,0.7496050587940414,0.14775613886536834,0.8464358708534139,0.517721720027103,danceability_very_low|energy_very_low|speechiness_low,acousticness_very_high
"frozenset({'acousticness_very_high', 'speechiness_low', 'danceability_very_low'})",frozenset({'energy_very_low'}),0.04157931934977659,0.25050611531043737,0.03762622935109429,0.9049265341400173,3.612392986967985,1.0,0.027210355583529654,7.883312950780223,0.754548816847064,0.14786743244515582,0.8731497777338613,0.5275636878810263,acousticness_very_high|danceability_very_low|speechiness_low,energy_very_low
"frozenset({'energy_very_low', 'valence_very_low', 'liveness_low'})",frozenset({'loudness_very_low'}),0.04627511110578708,0.25000299476515053,0.03725487847243019,0.8050737768573648,3.2202565317813105,1.0,0.025685962112893344,3.847594198170285,0.7229188852472576,0.14382833094390232,0.7400973313465469,0.47704575282734074,energy_very_low|liveness_low|valence_very_low,loudness_very_low
"frozenset({'loudness_very_low', 'valence_very_low', 'liveness_low'})",frozenset({'energy_very_low'}),0.042657434803962675,0.25050611531043737,0.03725487847243019,0.8733501825329962,3.486342764330145,1.0,0.02656893019058125,5.9178441760078275,0.7449438648891641,0.1455788044750269,0.8310195452502435,0.5110343108533382,liveness_low|loudness_very_low|valence_very_low,energy_very_low
"frozenset({'energy_very_low', 'valence_very_low', 'speechiness_low'})",frozenset({'loudness_very_low'}),0.04096838725907114,0.25000299476515053,0.03707519256339918,0.9049707602339182,3.6198396786567923,1.0,0.02683297305793296,7.892276178163653,0.7546619545790957,0.14602500589761738,0.8732938410383053,0.5266348770024407,energy_very_low|speechiness_low|valence_very_low,loudness_very_low
"frozenset({'loudness_very_low', 'valence_very_low', 'speechiness_low'})",frozenset({'energy_very_low'}),0.04238191641011512,0.25050611531043737,0.03707519256339918,0.8747880158281516,3.4920824776835433,1.0,0.026458263324089563,5.985799918807391,0.7452218507110221,0.1449309295247015,0.8329379508897384,0.5113945817472816,loudness_very_low|speechiness_low|valence_very_low,energy_very_low
"frozenset({'valence_very_low', 'acousticness_very_high', 'instrumentalness_high'})",frozenset({'danceability_very_low'}),0.04924591813509985,0.2516321470070317,0.03701529726038884,0.7516419362685477,2.987066419011811,1.0,0.024623441148721146,3.013261746967768,0.6996797515909667,0.14028238071457755,0.6681337089264499,0.44937138230165463,acousticness_very_high|instrumentalness_high|valence_very_low,danceability_very_low
"frozenset({'danceability_very_low', 'acousticness_very_high', 'instrumentalness_high'})",frozenset({'valence_very_low'}),0.046466776075420164,0.2507217384012746,0.03701529726038884,0.7965970610982211,3.1772157698718777,1.0,0.02536506638485674,3.6837140389625542,0.718652485729619,0.14227174363460562,0.7285348456956691,0.4721160174100757,acousticness_very_high|danceability_very_low|instrumentalness_high,valence_very_low
"frozenset({'liveness_very_high', 'mode_1', 'loudness_very_high'})",frozenset({'energy_very_high'}),0.051342253740461676,0.2486014446747086,0.03696738101798057,0.7200186654223051,2.896277076605243,1.0,0.024203622565246337,2.6837451734368316,0.6901637278359122,0.1405730424087824,0.6273863815768359,0.434360028996027,liveness_very_high|loudness_very_high|mode_1,energy_very_high
"frozenset({'acousticness_very_low', 'loudness_very_high', 'danceability_very_low'})",frozenset({'energy_very_high'}),0.041902753986032416,0.2486014446747086,0.036943422896776434,0.8816466552315608,3.54642611343302,1.0,0.02652633771999987,6.348773300791952,0.7494291324150574,0.14569849293711912,0.84248925696004,0.515125838096193,acousticness_very_low|danceability_very_low|loudness_very_high,energy_very_high
"frozenset({'loudness_very_high', 'energy_very_high', 'danceability_very_low'})",frozenset({'acousticness_very_low'}),0.04581990680290852,0.2504581990680291,0.036943422896776434,0.8062745098039216,3.2191979052956556,1.0,0.025467451557455036,3.869092292260174,0.7224669848847237,0.14245461684142455,0.7415414457803385,0.4768889289023434,danceability_very_low|energy_very_high|loudness_very_high,acousticness_very_low
"frozenset({'energy_very_low', 'mode_1', 'valence_very_low', 'danceability_very_low'})",frozenset({'acousticness_very_high'}),0.04510116316678446,0.24975143449250709,0.036847590411959896,0.8169986719787518,3.271247164761582,1.0,0.025583510213774856,4.099689185973458,0.7270992130742568,0.14281734608598756,0.7560790697447585,0.48226786205777245,danceability_very_low|energy_very_low|mode_1|valence_very_low,acousticness_very_high
"frozenset({'valence_very_low', 'mode_1', 'acousticness_very_high', 'danceability_very_low'})",frozenset({'energy_very_low'}),0.039662669653445774,0.25050611531043737,0.036847590411959896,0.9290244639081849,3.7085899589992044,1.0,0.026911849114234027,10.559890434924023,0.7605199918921891,0.14545798458410175,0.9053020477662563,0.5380585211660283,acousticness_very_high|danceability_very_low|mode_1|valence_very_low,energy_very_low
"frozenset({'energy_very_low', 'instrumentalness_high', 'tempo_very_low'})",frozenset({'loudness_very_low'}),0.040321517986559495,0.25000299476515053,0.03682363229075576,0.9132501485442662,3.6529568351857593,1.0,0.026743132040639005,8.645513423357892,0.7567629932219763,0.1452603723655609,0.8843330695319651,0.5302714566391671,energy_very_low|instrumentalness_high|tempo_very_low,loudness_very_low
"frozenset({'loudness_very_low', 'instrumentalness_high', 'tempo_very_low'})",frozenset({'energy_very_low'}),0.042837120712993684,0.25050611531043737,0.03682363229075576,0.859619686800895,3.4315317441876387,1.0,0.02609267158985944,5.339024166633223,0.740297146725017,0.14355094797795834,0.8126998551065563,0.5033083131785653,instrumentalness_high|loudness_very_low|tempo_very_low,energy_very_low
"frozenset({'loudness_very_low', 'duration_ms_low'})",frozenset({'energy_very_low'}),0.048670923226200605,0.25050611531043737,0.03679967416955163,0.756091557962097,3.018255889781843,1.0,0.024607310263583572,3.072849297168208,0.7028932955365836,0.1402547596219696,0.6745691365594946,0.45149642932534845,duration_ms_low|loudness_very_low,energy_very_low
"frozenset({'acousticness_low', 'mode_1', 'loudness_very_high'})",frozenset({'instrumentalness_low'}),0.05020424298326525,0.5000539057727093,0.03675175792714335,0.73204485802911,1.463931887299063,1.0,0.011646930136999429,1.8657827968892036,0.33365921828129547,0.07157020551939722,0.46403193251256925,0.40277022510501115,acousticness_low|loudness_very_high|mode_1,instrumentalness_low
"frozenset({'acousticness_very_low', 'tempo_very_high', 'loudness_very_high'})",frozenset({'energy_very_high'}),0.0430168066220247,0.2486014446747086,0.036608009199918544,0.8510164299637984,3.4232159474267783,1.0,0.02591396892839063,5.043499462005837,0.7396964102164496,0.14355505449079295,0.8017249714145319,0.49913612419984366,acousticness_very_low|loudness_very_high|tempo_very_high,energy_very_high
"frozenset({'energy_very_low', 'duration_ms_high'})",frozenset({'mode_1'}),0.050347991710490064,0.6337522011523856,0.03650019765449993,0.7249583630739947,1.1439145485503073,1.0,0.004592047084374787,1.3316085627651584,0.1324788730859701,0.056362257449917685,0.2490285599219601,0.3912760816409573,duration_ms_high|energy_very_low,mode_1
"frozenset({'loudness_very_low', 'liveness_high'})",frozenset({'energy_very_low'}),0.05200110207357539,0.25050611531043737,0.03645228141209166,0.7009905551716195,2.798297176509737,1.0,0.02342568733977876,2.5065893323862802,0.6778908870254116,0.13701035569563258,0.6010515216515354,0.42325254613975005,liveness_high|loudness_very_low,energy_very_low
"frozenset({'liveness_very_high', 'acousticness_very_high'})",frozenset({'mode_1'}),0.05185735334635058,0.6337522011523856,0.03642832329088753,0.7024717024717024,1.1084327615657357,1.0,0.0035636114617008177,1.2309679512510268,0.10317571417621002,0.05611425829904231,0.1876311653900454,0.37997604592444395,acousticness_very_high|liveness_very_high,mode_1
"frozenset({'acousticness_very_low', 'mode_1', 'speechiness_very_high'})",frozenset({'energy_very_high'}),0.04581990680290852,0.2486014446747086,0.03638040704847926,0.7939869281045752,3.1938146181873384,1.0,0.024989512022415693,3.64733435801934,0.7198796054046692,0.1409869551088622,0.7258271653101079,0.4701636081278429,acousticness_very_low|mode_1|speechiness_very_high,energy_very_high
"frozenset({'energy_very_low', 'speechiness_low', 'instrumentalness_high'})",frozenset({'loudness_very_low'}),0.038321014866014205,0.25000299476515053,0.03629655362426479,0.9471709909346672,3.7886385794075266,1.0,0.026716185145321383,14.196688874238387,0.7653832049871655,0.14401825181805222,0.9295610399820327,0.5461777331290489,energy_very_low|instrumentalness_high|speechiness_low,loudness_very_low
"frozenset({'loudness_very_low', 'speechiness_low', 'instrumentalness_high'})",frozenset({'energy_very_low'}),0.04640688077240983,0.25050611531043737,0.03629655362426479,0.7821373257614869,3.122228472515453,1.0,0.024671346198293774,3.4402124517622825,0.7127945136703232,0.13927192498621072,0.7093202777381552,0.4635151051148674,instrumentalness_high|loudness_very_low|speechiness_low,energy_very_low
"frozenset({'loudness_very_low', 'key_very_low', 'acousticness_very_high'})",frozenset({'mode_1'}),0.04901831598366056,0.6337522011523856,0.036236658321254445,0.7392473118279569,1.1664611349416125,1.0,0.005171192669826397,1.4045791873331186,0.15006189472285933,0.05604758022678425,0.2880429889476684,0.3982126361615921,acousticness_very_high|key_very_low|loudness_very_low,mode_1
"frozenset({'loudness_high', 'mode_1', 'acousticness_high'})",frozenset({'instrumentalness_low'}),0.04536470250002995,0.5000539057727093,0.036009056169815166,0.7937681542117772,1.5873651721312034,1.0,0.013324259500458204,2.4241944415348917,0.3876090029113753,0.0706878306878307,0.5874918352808182,0.432889251502209,acousticness_high|loudness_high|mode_1,instrumentalness_low
"frozenset({'loudness_very_low', 'danceability_very_low', 'acousticness_very_high', 'instrumentalness_high'})",frozenset({'valence_very_low'}),0.044454293894272814,0.2507217384012746,0.035985098048611025,0.8094853139315548,3.2286203784850573,1.0,0.024839440204037777,3.93291602375229,0.7223832185909043,0.13883625271525624,0.7457357355304203,0.4765056765548839,acousticness_very_high|danceability_very_low|instrumentalness_high|loudness_very_low,valence_very_low
"frozenset({'danceability_very_low', 'valence_very_low', 'acousticness_very_high', 'instrumentalness_high'})",frozenset({'loudness_very_low'}),0.03701529726038884,0.25000299476515053,0.035985098048611025,0.972168284789644,3.8886265570653897,1.0,0.026731162881391546,26.947566815996332,0.7713931421247143,0.1433479671693071,0.9628908982087989,0.558053476367031,acousticness_very_high|danceability_very_low|instrumentalness_high|valence_very_low,loudness_very_low
"frozenset({'loudness_very_low', 'valence_very_low', 'acousticness_very_high', 'instrumentalness_high'})",frozenset({'danceability_very_low'}),0.046826147893482196,0.2516321470070317,0.035985098048611025,0.7684829879764644,3.0539936852940723,1.0,0.024202133918105308,3.2324529694469737,0.705600450289815,0.1371000867144357,0.6906374170167477,0.4557448739749027,acousticness_very_high|instrumentalness_high|loudness_very_low|valence_very_low,danceability_very_low
"frozenset({'loudness_very_low', 'danceability_very_low', 'valence_very_low', 'instrumentalness_high'})",frozenset({'acousticness_very_high'}),0.046550629499634635,0.24975143449250709,0.035985098048611025,0.773031394750386,3.095203021841214,1.0,0.02435901155454806,3.305516922406028,0.7099689159276917,0.1382357001518568,0.6974754558896291,0.4585575219231329,danceability_very_low|instrumentalness_high|loudness_very_low|valence_very_low,acousticness_very_high
"frozenset({'danceability_very_low', 'acousticness_very_high', 'instrumentalness_high'})","frozenset({'loudness_very_low', 'valence_very_low'})",0.046466776075420164,0.10355897890487428,0.035985098048611025,0.7744263985563289,7.478119297291356,1.0,0.031173046165239072,3.9740511095177045,0.9084911951568763,0.31554621848739495,0.7483676046327041,0.5609552467044223,acousticness_very_high|danceability_very_low|instrumentalness_high,loudness_very_low|valence_very_low
"frozenset({'valence_very_low', 'acousticness_very_high', 'instrumentalness_high'})","frozenset({'loudness_very_low', 'danceability_very_low'})",0.04924591813509985,0.09570071514991794,0.035985098048611025,0.730722451958161,7.635496253225099,1.0,0.03127222846486766,3.3582424209744235,0.9140457659786615,0.3302550571679859,0.7022251896544618,0.553369737682673,acousticness_very_high|instrumentalness_high|valence_very_low,danceability_very_low|loudness_very_low
"frozenset({'instrumentalness_low', 'duration_ms_low', 'key_very_low'})",frozenset({'mode_1'}),0.04811988643850549,0.6337522011523856,0.03594916086680482,0.747074931540951,1.1788123657519525,1.0,0.005453076917199141,1.4480486298925856,0.15935680446671985,0.055655496003412394,0.309415457908911,0.40189962435662047,duration_ms_low|instrumentalness_low|key_very_low,mode_1
"frozenset({'valence_very_high', 'tempo_very_low'})",frozenset({'instrumentalness_low'}),0.05095892380119551,0.5000539057727093,0.03592520274560069,0.7049835448989187,1.4098150954536421,1.0,0.010442993864839,1.694637995890753,0.3062956191034964,0.0697458080420475,0.4099034705790544,0.388413102460958,tempo_very_low|valence_very_high,instrumentalness_low
"frozenset({'energy_very_low', 'mode_1', 'speechiness_low', 'acousticness_very_high'})",frozenset({'loudness_very_low'}),0.042908995076606095,0.25000299476515053,0.03587728650319242,0.8361250697934115,3.344460215682041,1.0,0.025149909231677797,4.57664271337518,0.732425740210638,0.13958148855851235,0.7814992205798559,0.48981624836100857,acousticness_very_high|energy_very_low|mode_1|speechiness_low,loudness_very_low
"frozenset({'energy_very_low', 'loudness_very_low', 'mode_1', 'speechiness_low'})",frozenset({'acousticness_very_high'}),0.042034523652655156,0.24975143449250709,0.03587728650319242,0.8535195212311201,3.4174759515013995,1.0,0.025379103922732578,5.121833105770027,0.738425757739286,0.14019566540279926,0.8047574024086329,0.4985857474734429,energy_very_low|loudness_very_low|mode_1|speechiness_low,acousticness_very_high
"frozenset({'loudness_very_low', 'mode_1', 'speechiness_low', 'acousticness_very_high'})",frozenset({'energy_very_low'}),0.03788976868433978,0.25050611531043737,0.03587728650319242,0.9468858678469807,3.779891228098608,1.0,0.0263856677400674,14.111006888530275,0.7644052611549986,0.14207779886148006,0.9291333348570029,0.545052536065801,acousticness_very_high|loudness_very_low|mode_1|speechiness_low,energy_very_low
"frozenset({'energy_very_low', 'valence_very_low', 'tempo_very_low'})",frozenset({'danceability_very_low'}),0.04735322655997317,0.2516321470070317,0.035853328381988285,0.7571464710346572,3.0089417430973127,1.0,0.02393773431499184,3.0815605446679193,0.7008444890637906,0.13625603204953113,0.6754890953772372,0.4498147855506524,energy_very_low|tempo_very_low|valence_very_low,danceability_very_low
"frozenset({'energy_very_low', 'danceability_very_low', 'tempo_very_low'})",frozenset({'valence_very_low'}),0.04899435786245643,0.2507217384012746,0.035853328381988285,0.7317848410757946,2.9187131747809962,1.0,0.023569377806859054,2.79357164078285,0.6912506387480927,0.1358786943296863,0.6420353122858279,0.4373926594294405,danceability_very_low|energy_very_low|tempo_very_low,valence_very_low
"frozenset({'danceability_very_low', 'valence_very_low', 'tempo_very_low'})",frozenset({'energy_very_low'}),0.050347991710490064,0.25050611531043737,0.035853328381988285,0.7121103973352367,2.842686680334173,1.0,0.023240848564911314,2.6034072705373816,0.6825869971892469,0.13529518126751652,0.6158879898212831,0.4276169813761111,danceability_very_low|tempo_very_low|valence_very_low,energy_very_low
"frozenset({'duration_ms_high', 'acousticness_very_high'})",frozenset({'mode_1'}),0.049641227134968074,0.6337522011523856,0.03584134932138622,0.722007722007722,1.139258720829461,1.0,0.004381112356694666,1.317474720854613,0.1286211688133546,0.05534898348040032,0.2409721536430505,0.38928096146695523,acousticness_very_high|duration_ms_high,mode_1
"frozenset({'energy_very_low', 'tempo_very_low', 'acousticness_very_high', 'danceability_very_low'})",frozenset({'loudness_very_low'}),0.04130380095592904,0.25000299476515053,0.03582937026078415,0.8674593967517401,3.4697960221101347,1.0,0.025503296326618203,5.6586207309622765,0.7424652577684488,0.14024476016317342,0.8232784900164275,0.5053875805033258,acousticness_very_high|danceability_very_low|energy_very_low|tempo_very_low,loudness_very_low
"frozenset({'energy_very_low', 'loudness_very_low', 'tempo_very_low', 'danceability_very_low'})",frozenset({'acousticness_very_high'}),0.04108817786509182,0.24975143449250709,0.03582937026078415,0.8720116618075802,3.491518131135066,1.0,0.02556753889829419,5.861850978794306,0.7441681480290581,0.14050169109357385,0.8294054209809194,0.5077358898994253,danceability_very_low|energy_very_low|loudness_very_low|tempo_very_low,acousticness_very_high
"frozenset({'loudness_very_low', 'tempo_very_low', 'acousticness_very_high', 'danceability_very_low'})",frozenset({'energy_very_low'}),0.0378418524419315,0.25050611531043737,0.03582937026078415,0.9468186134852803,3.779622754166876,1.0,0.0263497548094051,14.093161796037707,0.7643476620099342,0.14188804554079695,0.9290436018210513,0.544923270017315,acousticness_very_high|danceability_very_low|loudness_very_low|tempo_very_low,energy_very_low
"frozenset({'energy_very_low', 'tempo_very_low', 'danceability_very_low'})","frozenset({'loudness_very_low', 'acousticness_very_high'})",0.04899435786245643,0.15069658237401024,0.03582937026078415,0.7312958435207824,4.852769930148759,1.0,0.02844608797530275,3.1607379236490423,0.8348342924788508,0.21865633452737773,0.68361818532379,0.4845270950513292,danceability_very_low|energy_very_low|tempo_very_low,acousticness_very_high|loudness_very_low
"frozenset({'tempo_very_low', 'acousticness_very_high', 'danceability_very_low'})","frozenset({'energy_very_low', 'loudness_very_low'})",0.046670420105655315,0.17769738497107057,0.03582937026078415,0.7677104722792608,4.320325098786599,1.0,0.027536158652507928,3.53999004215769,0.8061597514691603,0.1900374864985069,0.7175133296729611,0.4846709298163191,acousticness_very_high|danceability_very_low|tempo_very_low,energy_very_low|loudness_very_low
"frozenset({'loudness_very_low', 'tempo_very_low', 'danceability_very_low'})","frozenset({'energy_very_low', 'acousticness_very_high'})",0.04668239916625738,0.17666718575929274,0.03582937026078415,0.7675134719014627,4.344403113700991,1.0,0.027582122175589505,3.541421608273771,0.807515545051883,0.1910693752395554,0.7176275206364261,0.4851603160971919,danceability_very_low|loudness_very_low|tempo_very_low,acousticness_very_high|energy_very_low
"frozenset({'loudness_very_low', 'valence_very_low', 'tempo_very_low'})",frozenset({'acousticness_very_high'}),0.045208974712203066,0.24975143449250709,0.035733537775967605,0.7904080551139374,3.1647788398895096,1.0,0.024442531489659414,3.579567744911855,0.7164103308119324,0.13784658040665432,0.7206366602723356,0.46674223082810884,loudness_very_low|tempo_very_low|valence_very_low,acousticness_very_high
"frozenset({'valence_very_low', 'acousticness_very_high', 'tempo_very_low'})",frozenset({'loudness_very_low'}),0.04201056553145102,0.25000299476515053,0.035733537775967605,0.8505845451953236,3.40229742445426,1.0,0.025230770581327243,5.019541025493542,0.7370446191534117,0.13943161634103018,0.8007785980986826,0.49675849205142314,acousticness_very_high|tempo_very_low|valence_very_low,loudness_very_low
"frozenset({'speechiness_very_low', 'instrumentalness_low', 'key_very_low'})",frozenset({'mode_1'}),0.04419075456102733,0.6337522011523856,0.03572155871536554,0.8083491461100568,1.2754971811382938,1.0,0.0077155707417296444,1.9110157425019076,0.22597813980007364,0.05562187569947027,0.47671807313800724,0.4323571644925107,instrumentalness_low|key_very_low|speechiness_very_low,mode_1
"frozenset({'energy_very_low', 'valence_very_low', 'liveness_low'})",frozenset({'acousticness_very_high'}),0.04627511110578708,0.24975143449250709,0.0356616634123552,0.7706445767538183,3.0856462479175017,1.0,0.02410438803238473,3.2711176168797342,0.7087146283349193,0.13696802392454568,0.694294086265879,0.45671659985467783,energy_very_low|liveness_low|valence_very_low,acousticness_very_high
"frozenset({'valence_very_low', 'acousticness_very_high', 'liveness_low'})",frozenset({'energy_very_low'}),0.03840486829022868,0.25050611531043737,0.0356616634123552,0.9285714285714285,3.706781478850147,1.0,0.026041009047961014,10.492914385653865,0.7593883947950694,0.14081642306418807,0.9046975927519981,0.5354649415236638,acousticness_very_high|liveness_low|valence_very_low,energy_very_low
"frozenset({'energy_high', 'mode_1', 'loudness_very_high'})",frozenset({'instrumentalness_low'}),0.047005833802513206,0.5000539057727093,0.0355897890487428,0.7571355759429155,1.5141079135717384,1.0,0.01208433826169323,2.0585398465350364,0.3562929405724764,0.06958334309202052,0.5142187790616662,0.4141537404436693,energy_high|loudness_very_high|mode_1,instrumentalness_low
"frozenset({'loudness_very_high', 'key_very_low', 'energy_very_high'})",frozenset({'mode_1'}),0.047377184681177305,0.6337522011523856,0.03554187280633453,0.7501896333754741,1.1837270655807806,1.0,0.005516477730235326,1.4661032838484966,0.16292982172134512,0.055053531998589804,0.31791981437009226,0.4031356445868014,energy_very_high|key_very_low|loudness_very_high,mode_1
"frozenset({'speechiness_very_low', 'loudness_low', 'instrumentalness_low'})",frozenset({'mode_1'}),0.04513710034859066,0.6337522011523856,0.035517914685130395,0.7868895966029724,1.2416360766434087,1.0,0.00691217798557495,1.7185824483907983,0.20381044313476204,0.05520592835331795,0.4181250943553194,0.4214667243954282,instrumentalness_low|loudness_low|speechiness_very_low,mode_1
"frozenset({'loudness_very_low', 'valence_very_low', 'tempo_very_low'})",frozenset({'danceability_very_low'}),0.045208974712203066,0.2516321470070317,0.03548197750332419,0.7848436671966085,3.1190119248741164,1.0,0.024105946132505933,3.478251572900817,0.7115542834966939,0.13575946466220554,0.7124992315705294,0.46292549921765114,loudness_very_low|tempo_very_low|valence_very_low,danceability_very_low
"frozenset({'loudness_very_low', 'danceability_very_low', 'tempo_very_low'})",frozenset({'valence_very_low'}),0.04668239916625738,0.2507217384012746,0.03548197750332419,0.7600718501411343,3.0315354982289415,1.0,0.02377768523161793,3.122927684973513,0.7029495318304855,0.13546764235078895,0.6797876541260732,0.45079560017806836,danceability_very_low|loudness_very_low|tempo_very_low,valence_very_low
"frozenset({'danceability_very_low', 'valence_very_low', 'tempo_very_low'})",frozenset({'loudness_very_low'}),0.050347991710490064,0.25000299476515053,0.03548197750332419,0.7047347133000238,2.818905085365246,1.0,0.0228948287952907,2.54007849556976,0.6794618747333864,0.1339604721631767,0.6063113790600821,0.4233304615853257,danceability_very_low|tempo_very_low|valence_very_low,loudness_very_low
"frozenset({'loudness_very_low', 'speechiness_low', 'danceability_very_low'})",frozenset({'acousticness_very_high'}),0.04189077492543035,0.24975143449250709,0.03548197750332419,0.8470117243351445,3.391418856337164,1.0,0.025019696373695215,4.903961184261129,0.7359684499235151,0.13851477740366633,0.7960832146858299,0.4945404441619125,danceability_very_low|loudness_very_low|speechiness_low,acousticness_very_high
"frozenset({'acousticness_very_high', 'speechiness_low', 'danceability_very_low'})",frozenset({'loudness_very_low'}),0.04157931934977659,0.25000299476515053,0.03548197750332419,0.8533563814462691,3.4133846366436558,1.0,0.025087023145583472,5.114419656522914,0.7377090953970099,0.13854717245895506,0.8044743945239997,0.4976412956584484,acousticness_very_high|danceability_very_low|speechiness_low,loudness_very_low
"frozenset({'energy_very_low', 'loudness_very_low', 'valence_low'})",frozenset({'acousticness_very_high'}),0.04685010601468633,0.24975143449250709,0.03546999844272212,0.7570953720276143,3.031395489543538,1.0,0.023769117259428173,3.08865488389453,0.703057231780422,0.1358319188953622,0.6762344652960757,0.4495582860425855,energy_very_low|loudness_very_low|valence_low,acousticness_very_high
"frozenset({'loudness_very_low', 'valence_low', 'acousticness_very_high'})",frozenset({'energy_very_low'}),0.038620491381065894,0.25050611531043737,0.03546999844272212,0.918424317617866,3.666275038753913,1.0,0.025795329175471074,9.187712107373196,0.756458389525064,0.13983471074380166,0.8911589753451792,0.5300088305763393,acousticness_very_high|loudness_very_low|valence_low,energy_very_low
"frozenset({'energy_very_low', 'speechiness_high'})",frozenset({'loudness_very_low'}),0.04615532049976641,0.25000299476515053,0.03542208220031385,0.7674539320010381,3.069778954936016,1.0,0.023883113851026903,3.225154532555663,0.706869431127552,0.13585408435174123,0.6899373379149109,0.45457028176477393,energy_very_low|speechiness_high,loudness_very_low
"frozenset({'acousticness_very_low', 'key_very_low', 'energy_very_high'})",frozenset({'mode_1'}),0.046418859833011895,0.6337522011523856,0.03537416595790558,0.7620645161290323,1.2024644880811923,1.0,0.005956111363750231,1.5392735580634551,0.17657082545052458,0.05486094339272112,0.3503428972962479,0.40894077332772377,acousticness_very_low|energy_very_high|key_very_low,mode_1
"frozenset({'energy_very_low', 'tempo_high'})",frozenset({'mode_1'}),0.050252159225673526,0.6337522011523856,0.03525437535188491,0.7015494636471991,1.10697755742944,1.0,0.0034069588299541487,1.2271641502921264,0.10175260734439702,0.054342005650239125,0.18511309203259405,0.3785887380611952,energy_very_low|tempo_high,mode_1
"frozenset({'speechiness_very_low', 'duration_ms_very_low'})",frozenset({'mode_1'}),0.04728135219636076,0.6337522011523856,0.03520645910947663,0.744616164175323,1.174932667407462,1.0,0.005241798081571818,1.4341072044162038,0.15627635516016394,0.054513753640123896,0.3027020595666836,0.4000842847150124,duration_ms_very_low|speechiness_very_low,mode_1
"frozenset({'energy_very_low', 'duration_ms_very_low', 'instrumentalness_high'})",frozenset({'loudness_very_low'}),0.03971058589585405,0.25000299476515053,0.035194480048874564,0.8862745098039214,3.5450555727801416,1.0,0.025266714651032304,6.594801252927116,0.747604799541471,0.13827834517814275,0.8483654075919046,0.5135253718161916,duration_ms_very_low|energy_very_low|instrumentalness_high,loudness_very_low
"frozenset({'loudness_very_low', 'duration_ms_very_low', 'instrumentalness_high'})",frozenset({'energy_very_low'}),0.04296889037961643,0.25050611531043737,0.035194480048874564,0.8190688597713967,3.2696561469422543,1.0,0.024430510240676828,4.142426139262651,0.725323800813876,0.1362645517369324,0.7585955750612371,0.4797811781641987,duration_ms_very_low|instrumentalness_high|loudness_very_low,energy_very_low
"frozenset({'energy_low', 'instrumentalness_low', 'key_very_low'})",frozenset({'mode_1'}),0.04643083889361396,0.6337522011523856,0.03512260568526216,0.7564499484004128,1.193605240384048,1.0,0.005696959335082515,1.5037886317090607,0.1700999532142788,0.054448550576612374,0.3350129274062295,0.40593502050962893,energy_low|instrumentalness_low|key_very_low,mode_1
"frozenset({'loudness_very_low', 'instrumentalness_low', 'acousticness_very_high'})",frozenset({'mode_1'}),0.04679021071167599,0.6337522011523856,0.03491896165502701,0.7462877624167946,1.1775702886077233,1.0,0.0052655626241184215,1.4435559054478118,0.1581958066531743,0.054085646430161796,0.3072661777586053,0.40069326217427953,acousticness_very_high|instrumentalness_low|loudness_very_low,mode_1
"frozenset({'valence_very_high', 'mode_1', 'loudness_very_high'})",frozenset({'instrumentalness_low'}),0.04691000131769667,0.5000539057727093,0.03469135950358773,0.7395301327885598,1.478900822993872,1.0,0.011233830124870576,1.9194008872490893,0.3397602914206145,0.06772051258067535,0.47900409620357465,0.4044526861719725,loudness_very_high|mode_1|valence_very_high,instrumentalness_low
"frozenset({'speechiness_very_low', 'instrumentalness_low', 'acousticness_very_high'})",frozenset({'mode_1'}),0.04262149762215647,0.6337522011523856,0.03467938044298566,0.8136593591905563,1.2838761864827228,1.0,0.0076679125085328224,1.9654746128202274,0.2309522233516477,0.054043458781362005,0.4912170355814892,0.43419004250993654,acousticness_very_high|instrumentalness_low|speechiness_very_low,mode_1
"frozenset({'loudness_high', 'instrumentalness_low', 'key_very_low'})",frozenset({'mode_1'}),0.04620323674217468,0.6337522011523856,0.03465542232178152,0.7500648172154524,1.1835301176888526,1.0,0.005374019336063542,1.4653711204929962,0.16258189631456257,0.05370435686572983,0.31757901734574306,0.40237386971726213,instrumentalness_low|key_very_low|loudness_high,mode_1
"frozenset({'energy_very_low', 'danceability_very_low', 'acousticness_very_high', 'instrumentalness_high'})",frozenset({'valence_very_low'}),0.042789204470585415,0.2507217384012746,0.03463146420057739,0.8093505039193729,3.2280826907159734,1.0,0.023903280470904623,3.9301350226588068,0.721072720403086,0.13377446670676968,0.7455558157074507,0.4737387971101881,acousticness_very_high|danceability_very_low|energy_very_low|instrumentalness_high,valence_very_low
"frozenset({'energy_very_low', 'valence_very_low', 'acousticness_very_high', 'instrumentalness_high'})",frozenset({'danceability_very_low'}),0.045376681560632015,0.2516321470070317,0.03463146420057739,0.7631995776135163,3.0329971217556286,1.0,0.02321323239542117,3.160331579863281,0.7021545702982717,0.1319910514541387,0.6835775061162218,0.45041346109086744,acousticness_very_high|energy_very_low|instrumentalness_high|valence_very_low,danceability_very_low
"frozenset({'energy_very_low', 'danceability_very_low', 'valence_very_low', 'instrumentalness_high'})",frozenset({'acousticness_very_high'}),0.04098036631967321,0.24975143449250709,0.03463146420057739,0.8450745396083017,3.3836624054852233,1.0,0.02439655892621058,4.842642155851196,0.7345649844886324,0.1352261565087235,0.7935011574638579,0.4918691322435964,danceability_very_low|energy_very_low|instrumentalness_high|valence_very_low,acousticness_very_high
"frozenset({'danceability_very_low', 'valence_very_low', 'acousticness_very_high', 'instrumentalness_high'})",frozenset({'energy_very_low'}),0.03701529726038884,0.25050611531043737,0.03463146420057739,0.9355987055016182,3.7348337957426154,1.0,0.025358905876816308,11.637869867792714,0.7603967811325456,0.13694282601487376,0.9140736224618342,0.5369223443345887,acousticness_very_high|danceability_very_low|instrumentalness_high|valence_very_low,energy_very_low
"frozenset({'danceability_very_low', 'acousticness_very_high', 'instrumentalness_high'})","frozenset({'energy_very_low', 'valence_very_low'})",0.046466776075420164,0.10502042429832653,0.03463146420057739,0.7452951791698891,7.096668901782042,1.0,0.029751503661361436,3.5137912693793423,0.9009532094926378,0.29636084059456685,0.7154071134747186,0.5375272519551966,acousticness_very_high|danceability_very_low|instrumentalness_high,energy_very_low|valence_very_low
"frozenset({'valence_very_low', 'acousticness_very_high', 'instrumentalness_high'})","frozenset({'energy_very_low', 'danceability_very_low'})",0.04924591813509985,0.09933037051234442,0.03463146420057739,0.703235222573583,7.079760388955636,1.0,0.02973984890599734,3.0349613498555335,0.9032328109114931,0.30393187552565176,0.6705065123654372,0.5259422615521074,acousticness_very_high|instrumentalness_high|valence_very_low,danceability_very_low|energy_very_low
"frozenset({'energy_very_low', 'danceability_high'})",frozenset({'mode_1'}),0.04906623222606883,0.6337522011523856,0.03458354795816912,0.704833984375,1.112160215133553,1.0,0.0034877152826438794,1.2408196725226042,0.10605257283026724,0.05335033447906271,0.1940811206136137,0.37970174788166877,danceability_high|energy_very_low,mode_1
"frozenset({'speechiness_very_low', 'instrumentalness_low', 'danceability_low'})",frozenset({'mode_1'}),0.04396315240958804,0.6337522011523856,0.03454761077636292,0.7858310626702997,1.2399658119394,1.0,0.006685866167188689,1.7100883228635426,0.20242541098773453,0.053714775288223354,0.4152348819472083,0.420171934321635,danceability_low|instrumentalness_low|speechiness_very_low,mode_1
"frozenset({'energy_very_low', 'danceability_very_low', 'speechiness_low', 'acousticness_very_high'})",frozenset({'loudness_very_low'}),0.03762622935109429,0.25000299476515053,0.03446375735214845,0.9159503342884432,3.6637574487812623,1.0,0.02505708733265447,8.92325982364645,0.7554821105023143,0.1361313523232706,0.8879333315667867,0.5269018561715335,acousticness_very_high|danceability_very_low|energy_very_low|speechiness_low,loudness_very_low
"frozenset({'energy_very_low', 'loudness_very_low', 'speechiness_low', 'danceability_very_low'})",frozenset({'acousticness_very_high'}),0.03811737083577906,0.24975143449250709,0.03446375735214845,0.9041483343808925,3.620192757723753,1.0,0.024943889306829774,7.827183394901119,0.75245315045613,0.13600264725347455,0.8722401214399254,0.5210702821120252,danceability_very_low|energy_very_low|loudness_very_low|speechiness_low,acousticness_very_high
"frozenset({'loudness_very_low', 'danceability_very_low', 'speechiness_low', 'acousticness_very_high'})",frozenset({'energy_very_low'}),0.03548197750332419,0.25050611531043737,0.03446375735214845,0.9713031735313977,3.877363122763368,1.0,0.02557530500425837,26.117657487652778,0.7693923267667543,0.13701957422488928,0.9617117270002965,0.5544398423127532,acousticness_very_high|danceability_very_low|loudness_very_low|speechiness_low,energy_very_low
"frozenset({'energy_very_low', 'speechiness_low', 'danceability_very_low'})","frozenset({'loudness_very_low', 'acousticness_very_high'})",0.04252566513733993,0.15069658237401024,0.03446375735214845,0.8104225352112677,5.377842831232227,1.0,0.028055284952769724,4.479980880493708,0.8502074744968415,0.21708292462084056,0.7767847616595639,0.5195594393067468,danceability_very_low|energy_very_low|speechiness_low,acousticness_very_high|loudness_very_low
"frozenset({'danceability_very_low', 'speechiness_low', 'acousticness_very_high'})","frozenset({'energy_very_low', 'loudness_very_low'})",0.04157931934977659,0.17769738497107057,0.03446375735214845,0.8288677614520311,4.664490485253748,1.0,0.027075221034816112,4.805071341355916,0.8196967451325774,0.18647912885662435,0.7918865446609965,0.5114070504711956,acousticness_very_high|danceability_very_low|speechiness_low,energy_very_low|loudness_very_low
"frozenset({'loudness_very_low', 'speechiness_low', 'danceability_very_low'})","frozenset({'energy_very_low', 'acousticness_very_high'})",0.04189077492543035,0.17666718575929274,0.03446375735214845,0.8227051758650272,4.656808067265841,1.0,0.02706303203679672,4.643862663547991,0.8195940671635477,0.18720718375845916,0.78466202115547,0.5088912372408945,danceability_very_low|loudness_very_low|speechiness_low,acousticness_very_high|energy_very_low
"frozenset({'liveness_very_high', 'instrumentalness_low', 'key_very_low'})",frozenset({'mode_1'}),0.04484960289414104,0.6337522011523856,0.03443979923094431,0.7678952991452992,1.211664902700131,1.0,0.006016264675972022,1.5779421851386288,0.1828919382410758,0.053464499572284004,0.36626321964252084,0.4111189944360841,instrumentalness_low|key_very_low|liveness_very_high,mode_1
"frozenset({'energy_high', 'instrumentalness_low', 'key_very_low'})",frozenset({'mode_1'}),0.046957917560104936,0.6337522011523856,0.03434396674612777,0.7313775510204081,1.154043409538468,1.0,0.004584283130879004,1.3634296025476242,0.1400583157978903,0.05313391897401682,0.2665554582858851,0.392784513153149,energy_high|instrumentalness_low|key_very_low,mode_1
"frozenset({'acousticness_low', 'instrumentalness_low', 'key_very_low'})",frozenset({'mode_1'}),0.04595167646953126,0.6337522011523856,0.03428407144311743,0.7460896767466111,1.1772577284780332,1.0,0.005162095333909711,1.44242972934235,0.1578204424877041,0.05311902596558956,0.3067253262618678,0.40009332150344445,acousticness_low|instrumentalness_low|key_very_low,mode_1
"frozenset({'acousticness_very_low', 'danceability_very_low', 'speechiness_very_high'})",frozenset({'energy_very_high'}),0.0369194647755723,0.2486014446747086,0.03428407144311743,0.9286177806619078,3.735367595618725,1.0,0.02510583916329314,10.526410670511577,0.7603608462675532,0.13646116435416966,0.9050008562936486,0.5332627765160838,acousticness_very_low|danceability_very_low|speechiness_very_high,energy_very_high
"frozenset({'danceability_very_low', 'energy_very_high', 'speechiness_very_high'})",frozenset({'acousticness_very_low'}),0.04251368607673786,0.2504581990680291,0.03428407144311743,0.8064243448858833,3.2197961491643703,1.0,0.023636170192594126,3.8720871200983473,0.7200325704278457,0.13253067839777727,0.7417413480163119,0.4716548738012734,danceability_very_low|energy_very_high|speechiness_very_high,acousticness_very_low
"frozenset({'acousticness_very_low', 'mode_0', 'loudness_very_high'})",frozenset({'energy_very_high'}),0.04272930916757508,0.2486014446747086,0.03420021801890296,0.8003924866834876,3.2195809953187906,1.0,0.023577650029891525,3.7643801219737583,0.7201730747955852,0.1330072210575355,0.7343520134529679,0.46898147921125666,acousticness_very_low|loudness_very_high|mode_0,energy_very_high
"frozenset({'energy_very_low', 'valence_very_low', 'speechiness_low'})",frozenset({'acousticness_very_high'}),0.04096838725907114,0.24975143449250709,0.03418823895830089,0.8345029239766083,3.3413338572901954,1.0,0.023956325471503323,4.533304053066479,0.7306519553252041,0.13327107167872987,0.7794103399432109,0.4856959917019595,energy_very_low|speechiness_low|valence_very_low,acousticness_very_high
"frozenset({'valence_very_low', 'speechiness_low', 'acousticness_very_high'})",frozenset({'energy_very_low'}),0.036140825836437906,0.25050611531043737,0.03418823895830089,0.9459728206827975,3.776246418218212,1.0,0.025134741073903746,13.872534049744864,0.7627533074281588,0.1354211150652432,0.9279151165595163,0.5412247423995472,acousticness_very_high|speechiness_low|valence_very_low,energy_very_low
"frozenset({'instrumentalness_low', 'key_very_low', 'loudness_very_high'})",frozenset({'mode_1'}),0.047053750044921475,0.6337522011523856,0.03414032271589262,0.7255600814663951,1.1448640022820753,1.0,0.004319905052449467,1.3345281575820307,0.13278168457308745,0.05279439823648185,0.2506714869082617,0.38971511303260215,instrumentalness_low|key_very_low|loudness_very_high,mode_1
"frozenset({'acousticness_very_high', 'tempo_high'})",frozenset({'mode_1'}),0.04795217959007655,0.6337522011523856,0.034104385534086415,0.7112165875593305,1.1222313488869737,1.0,0.003714586168820904,1.2682438916842562,0.11440406209672299,0.05266273283883021,0.21150812824181822,0.38251501337138627,acousticness_very_high|tempo_high,mode_1
"frozenset({'speechiness_very_low', 'valence_low', 'instrumentalness_low'})",frozenset({'mode_1'}),0.043376178440086725,0.6337522011523856,0.03406844835228021,0.7854183927091963,1.2393146584438333,1.0,0.0065786997882965985,1.706799587679809,0.2018582588525012,0.052978652062143736,0.4141081312543665,0.4195875632386356,instrumentalness_low|speechiness_very_low|valence_low,mode_1
"frozenset({'energy_very_low', 'acousticness_very_high', 'instrumentalness_high', 'danceability_very_low', 'loudness_very_low'})",frozenset({'valence_very_low'}),0.041866816804226215,0.2507217384012746,0.03406844835228021,0.8137339055793991,3.245565824360375,1.0,0.02357152726179692,4.022622925172879,0.7221201888056936,0.1317825865344516,0.7514059809727198,0.47480770768697617,acousticness_very_high|danceability_very_low|energy_very_low|instrumentalness_high|loudness_very_low,valence_very_low
"frozenset({'energy_very_low', 'acousticness_very_high', 'instrumentalness_high', 'danceability_very_low', 'valence_very_low'})",frozenset({'loudness_very_low'}),0.03463146420057739,0.25000299476515053,0.03406844835228021,0.9837426496022138,3.9349234617222426,1.0,0.025410478589033766,46.1327945134884,0.7726224992437791,0.1359659607018215,0.9783234462480347,0.5600074052994298,acousticness_very_high|danceability_very_low|energy_very_low|instrumentalness_high|valence_very_low,loudness_very_low
"frozenset({'energy_very_low', 'acousticness_very_high', 'instrumentalness_high', 'loudness_very_low', 'valence_very_low'})",frozenset({'danceability_very_low'}),0.04405898489440458,0.2516321470070317,0.03406844835228021,0.7732463295269167,3.072923466751285,1.0,0.02298179138835081,3.3003560711128737,0.7056680073962464,0.13021978021978023,0.6970023905139417,0.4543181090650865,acousticness_very_high|energy_very_low|instrumentalness_high|loudness_very_low|valence_very_low,danceability_very_low
"frozenset({'energy_very_low', 'instrumentalness_high', 'danceability_very_low', 'loudness_very_low', 'valence_very_low'})",frozenset({'acousticness_very_high'}),0.03971058589585405,0.24975143449250709,0.03406844835228021,0.857918552036199,3.4350895872909906,1.0,0.024150672560252745,5.280411878253371,0.7382011786175892,0.13339587242026268,0.8106208335530874,0.4971639860761359,danceability_very_low|energy_very_low|instrumentalness_high|loudness_very_low|valence_very_low,acousticness_very_high
"frozenset({'acousticness_very_high', 'instrumentalness_high', 'danceability_very_low', 'loudness_very_low', 'valence_very_low'})",frozenset({'energy_very_low'}),0.035985098048611025,0.25050611531043737,0.03406844835228021,0.9467376830892145,3.779299686620339,1.0,0.025053961231057464,14.071747685046562,0.7628520183212457,0.13496583143507973,0.9289356217591468,0.5413680764336661,acousticness_very_high|danceability_very_low|instrumentalness_high|loudness_very_low|valence_very_low,energy_very_low
"frozenset({'energy_very_low', 'danceability_very_low', 'acousticness_very_high', 'instrumentalness_high'})","frozenset({'loudness_very_low', 'valence_very_low'})",0.042789204470585415,0.10355897890487428,0.03406844835228021,0.7961926091825308,7.688301078305203,1.0,0.029637242029154506,4.398471603505204,0.9088199349606084,0.3034247306091966,0.7726482991948644,0.5625844480267772,acousticness_very_high|danceability_very_low|energy_very_low|instrumentalness_high,loudness_very_low|valence_very_low
"frozenset({'energy_very_low', 'valence_very_low', 'acousticness_very_high', 'instrumentalness_high'})","frozenset({'loudness_very_low', 'danceability_very_low'})",0.045376681560632015,0.09570071514991794,0.03406844835228021,0.7507919746568109,7.845207566951548,1.0,0.029725867475797633,3.6286924692924893,0.9140083106865244,0.3183700884361356,0.7244186415733994,0.5533907300997161,acousticness_very_high|energy_very_low|instrumentalness_high|valence_very_low,danceability_very_low|loudness_very_low
"frozenset({'energy_very_low', 'loudness_very_low', 'danceability_very_low', 'instrumentalness_high'})","frozenset({'valence_very_low', 'acousticness_very_high'})",0.04805999113549515,0.08774661891014507,0.03406844835228021,0.7088733798604188,8.07864039281473,1.0,0.02985134662528897,3.1335278809353584,0.9204537962728012,0.3348640056517132,0.6808708784485109,0.5485663827629739,danceability_very_low|energy_very_low|instrumentalness_high|loudness_very_low,acousticness_very_high|valence_very_low
"frozenset({'energy_very_low', 'danceability_very_low', 'valence_very_low', 'instrumentalness_high'})","frozenset({'loudness_very_low', 'acousticness_very_high'})",0.04098036631967321,0.15069658237401024,0.03406844835228021,0.8313358667056416,5.516620573666157,1.0,0.027892847203470465,5.035471389425496,0.8537151633982382,0.21615869879151778,0.8014088607275174,0.5287044993305633,danceability_very_low|energy_very_low|instrumentalness_high|valence_very_low,acousticness_very_high|loudness_very_low
"frozenset({'loudness_very_low', 'danceability_very_low', 'acousticness_very_high', 'instrumentalness_high'})","frozenset({'energy_very_low', 'valence_very_low'})",0.044454293894272814,0.10502042429832653,0.03406844835228021,0.7663702506063055,7.297344832937581,1.0,0.029399839545621177,3.8307603292144274,0.9031110182609736,0.2952044841187461,0.738955216703659,0.5453842812287829,acousticness_very_high|danceability_very_low|instrumentalness_high|loudness_very_low,energy_very_low|valence_very_low
"frozenset({'danceability_very_low', 'valence_very_low', 'acousticness_very_high', 'instrumentalness_high'})","frozenset({'energy_very_low', 'loudness_very_low'})",0.03701529726038884,0.17769738497107057,0.03406844835228021,0.9203883495145632,5.1795266973928955,1.0,0.027490926825182282,10.328923091217048,0.8379491011874591,0.18859416445623342,0.9031844858201794,0.5560550349433406,acousticness_very_high|danceability_very_low|instrumentalness_high|valence_very_low,energy_very_low|loudness_very_low
"frozenset({'loudness_very_low', 'valence_very_low', 'acousticness_very_high', 'instrumentalness_high'})","frozenset({'energy_very_low', 'danceability_very_low'})",0.046826147893482196,0.09933037051234442,0.03406844835228021,0.7275518035303146,7.324565485637619,1.0,0.02941718973235479,3.305838104851873,0.9058925903948915,0.30394357165758257,0.697504848004404,0.5352664951081385,acousticness_very_high|instrumentalness_high|loudness_very_low|valence_very_low,danceability_very_low|energy_very_low
"frozenset({'loudness_very_low', 'danceability_very_low', 'valence_very_low', 'instrumentalness_high'})","frozenset({'energy_very_low', 'acousticness_very_high'})",0.046550629499634635,0.17666718575929274,0.03406844835228021,0.7318579516212044,4.142580007010206,1.0,0.02584447964325625,3.070509900325709,0.7956421861621845,0.18011399620012666,0.6743211933972519,0.46234882935006516,danceability_very_low|instrumentalness_high|loudness_very_low|valence_very_low,acousticness_very_high|energy_very_low
"frozenset({'danceability_very_low', 'acousticness_very_high', 'instrumentalness_high'})","frozenset({'energy_very_low', 'loudness_very_low', 'valence_very_low'})",0.046466776075420164,0.08420081697193306,0.03406844835228021,0.7331786542923434,8.70750048110265,1.0,0.030155907844677962,3.43225606856606,0.9282911789962471,0.3526785714285714,0.7086464471114524,0.5688940646621768,acousticness_very_high|danceability_very_low|instrumentalness_high,energy_very_low|loudness_very_low|valence_very_low
"frozenset({'speechiness_very_low', 'instrumentalness_low', 'duration_ms_high'})",frozenset({'mode_1'}),0.04415481737922112,0.6337522011523856,0.03386480432204506,0.766956049918611,1.2101828577857618,1.0,0.005881591616482069,1.5715825221796353,0.18170159521933504,0.052581653150807234,0.3636987012218136,0.4101957264998026,duration_ms_high|instrumentalness_low|speechiness_very_low,mode_1
"frozenset({'speechiness_very_low', 'instrumentalness_low', 'danceability_high'})",frozenset({'mode_1'}),0.0439032571065777,0.6337522011523856,0.03384084620084093,0.7708049113233288,1.216255990782727,1.0,0.006017060371788195,1.5979740271148895,0.1859693255846392,0.05256302911898781,0.3742076009799231,0.4121012553970391,danceability_high|instrumentalness_low|speechiness_very_low,mode_1
"frozenset({'energy_very_low', 'mode_1', 'valence_very_low', 'instrumentalness_high'})",frozenset({'loudness_very_low'}),0.035697600594161404,0.25000299476515053,0.03384084620084093,0.947986577181208,3.79190088531433,1.0,0.02491633914637036,14.419297261934522,0.7635364458438277,0.13436385255648037,0.9306484926529742,0.541674170238903,energy_very_low|instrumentalness_high|mode_1|valence_very_low,loudness_very_low
"frozenset({'loudness_very_low', 'mode_1', 'valence_very_low', 'instrumentalness_high'})",frozenset({'energy_very_low'}),0.041902753986032416,0.25050611531043737,0.03384084620084093,0.8076043453401943,3.223890739511002,1.0,0.023343950078991003,3.895586342710385,0.7199851513407,0.13087792448459576,0.7432992335361145,0.471347122937886,instrumentalness_high|loudness_very_low|mode_1|valence_very_low,energy_very_low
"frozenset({'valence_very_low', 'mode_1', 'acousticness_very_high', 'danceability_very_low'})",frozenset({'loudness_very_low'}),0.039662669653445774,0.25000299476515053,0.03382886714023886,0.852914527333132,3.4116172413628423,1.0,0.02391308094649656,5.099055614645969,0.7360787300634672,0.13222830921945963,0.8038852533540309,0.49411418748065317,acousticness_very_high|danceability_very_low|mode_1|valence_very_low,loudness_very_low
"frozenset({'loudness_very_low', 'valence_very_low', 'mode_1', 'acousticness_very_high'})",frozenset({'danceability_very_low'}),0.04724541501455456,0.2516321470070317,0.03382886714023886,0.716024340770791,2.8455201343999272,1.0,0.02194040192388825,2.635323939468095,0.6807318601695302,0.12763264937177982,0.6205400083748959,0.42523106022639334,acousticness_very_high|loudness_very_low|mode_1|valence_very_low,danceability_very_low
"frozenset({'loudness_very_low', 'mode_1', 'valence_very_low', 'danceability_very_low'})",frozenset({'acousticness_very_high'}),0.04296889037961643,0.24975143449250709,0.03382886714023886,0.7872874268190688,3.1522839034691854,1.0,0.02309732512937837,3.527053216874674,0.7134247602889965,0.13066814732555987,0.7164772010766254,0.4613687841563328,danceability_very_low|loudness_very_low|mode_1|valence_very_low,acousticness_very_high
"frozenset({'valence_high', 'instrumentalness_low', 'key_very_low'})",frozenset({'mode_1'}),0.04579594868170438,0.6337522011523856,0.03378095089783059,0.7376405963902694,1.163925892563336,1.0,0.004757667616938747,1.3959774027860712,0.1475981694691428,0.05231134525487869,0.2836560262335087,0.3954718434177034,instrumentalness_low|key_very_low|valence_high,mode_1
"frozenset({'acousticness_very_low', 'liveness_very_high', 'loudness_very_high'})",frozenset({'energy_very_high'}),0.03822518238119767,0.2486014446747086,0.03373303465542232,0.8824819805703541,3.5497862119227386,1.0,0.024230199092502364,6.393900773448012,0.7468410287241498,0.1332828474062855,0.8436009510574976,0.5090866029676808,acousticness_very_low|liveness_very_high|loudness_very_high,energy_very_high
"frozenset({'energy_very_low', 'valence_very_low', 'acousticness_very_high', 'tempo_very_low'})",frozenset({'loudness_very_low'}),0.03792570586614598,0.25000299476515053,0.033685118413014054,0.8881869867340493,3.552705388863042,1.0,0.024203578367895322,6.707600334953485,0.7468491475891471,0.13249151903505466,0.8509153870141944,0.5114629231705704,acousticness_very_high|energy_very_low|tempo_very_low|valence_very_low,loudness_very_low
"frozenset({'energy_very_low', 'loudness_very_low', 'valence_very_low', 'tempo_very_low'})",frozenset({'acousticness_very_high'}),0.040034020532109874,0.24975143449250709,0.033685118413014054,0.8414123279473369,3.368998979553731,1.0,0.023686564356617132,4.730812652690643,0.7325008820687603,0.1315309415781842,0.78861982635663,0.4881434511337241,energy_very_low|loudness_very_low|tempo_very_low|valence_very_low,acousticness_very_high
"frozenset({'loudness_very_low', 'valence_very_low', 'acousticness_very_high', 'tempo_very_low'})",frozenset({'energy_very_low'}),0.035733537775967605,0.25050611531043737,0.033685118413014054,0.9426751592356689,3.7630824224289596,1.0,0.02473364867845764,13.074504432917955,0.7614704373425304,0.13337760280794952,0.9235152655207122,0.5385717035658069,acousticness_very_high|loudness_very_low|tempo_very_low|valence_very_low,energy_very_low
"frozenset({'energy_very_low', 'valence_very_low', 'tempo_very_low'})","frozenset({'loudness_very_low', 'acousticness_very_high'})",0.04735322655997317,0.15069658237401024,0.033685118413014054,0.7113584619276498,4.720468445410038,1.0,0.02654914900604389,2.9424157842905667,0.8273335301132898,0.2049413308067925,0.6601432043224627,0.46744393684617785,energy_very_low|tempo_very_low|valence_very_low,acousticness_very_high|loudness_very_low
"frozenset({'valence_very_low', 'acousticness_very_high', 'tempo_very_low'})","frozenset({'energy_very_low', 'loudness_very_low'})",0.04201056553145102,0.17769738497107057,0.033685118413014054,0.8018249215854008,4.51230569158876,1.0,0.026219950776919413,4.149374490512888,0.8125181562480012,0.1810805589542147,0.7589998197833443,0.4956947177699149,acousticness_very_high|tempo_very_low|valence_very_low,energy_very_low|loudness_very_low
"frozenset({'loudness_very_low', 'valence_very_low', 'tempo_very_low'})","frozenset({'energy_very_low', 'acousticness_very_high'})",0.045208974712203066,0.17666718575929274,0.033685118413014054,0.7450980392156864,4.21752367885044,1.0,0.025698176079546105,3.229997963559699,0.7990167690727981,0.1789942711648632,0.6904022815859843,0.4678839802804768,loudness_very_low|tempo_very_low|valence_very_low,acousticness_very_high|energy_very_low
"frozenset({'danceability_high', 'instrumentalness_low', 'key_very_low'})",frozenset({'mode_1'}),0.044741791348722436,0.6337522011523856,0.033673139352411986,0.7526104417670683,1.1875468683162858,1.0,0.005317930601658378,1.4804497063807789,0.16532490415433979,0.05222092180794739,0.32452956983950715,0.40287170798305216,danceability_high|instrumentalness_low|key_very_low,mode_1
"frozenset({'acousticness_very_high', 'tempo_high'})",frozenset({'energy_very_low'}),0.04795217959007655,0.25050611531043737,0.03357730686759544,0.7002248313764676,2.7952404695139696,1.0,0.021564992637816922,2.5001866836769326,0.6745974439751259,0.12676374819102748,0.6000298671580248,0.4171313521840257,acousticness_very_high|tempo_high,energy_very_low
"frozenset({'instrumentalness_high', 'acousticness_very_high', 'liveness_low'})",frozenset({'loudness_very_low'}),0.03683561135135783,0.25000299476515053,0.03355334874639131,0.9108943089430893,3.6435335896626806,1.0,0.024344335594546677,8.416937193785252,0.7532890223542832,0.1324725690503216,0.8811919375211256,0.5225530480987608,acousticness_very_high|instrumentalness_high|liveness_low,loudness_very_low
"frozenset({'danceability_high', 'mode_1', 'acousticness_high'})",frozenset({'instrumentalness_low'}),0.04718551971154422,0.5000539057727093,0.03350543250398304,0.71007870017771,1.4200043074965278,1.0,0.009910129076310187,1.7244200220326602,0.31042431683287236,0.0652194189245908,0.4200948798882247,0.38854117070978256,acousticness_high|danceability_high|mode_1,instrumentalness_low
"frozenset({'instrumentalness_low', 'key_very_low', 'speechiness_very_high'})",frozenset({'mode_1'}),0.04535272343942788,0.6337522011523856,0.03349345344338097,0.7385103011093502,1.1652982029355912,1.0,0.004751065135388158,1.4006203701384525,0.1485894986818784,0.05187865293626496,0.28603066089839235,0.3956798741157752,instrumentalness_low|key_very_low|speechiness_very_high,mode_1
"frozenset({'energy_very_low', 'loudness_very_low', 'valence_low'})",frozenset({'mode_1'}),0.04685010601468633,0.6337522011523856,0.033433558140370634,0.7136282280746612,1.1260366855957782,1.0,0.0037422003293405524,1.2789242332973392,0.11743112737121558,0.0516612679315132,0.21809285181672802,0.38319158308562473,energy_very_low|loudness_very_low|valence_low,mode_1
"frozenset({'loudness_very_low', 'valence_low', 'mode_1'})",frozenset({'energy_very_low'}),0.04160327747098073,0.25050611531043737,0.033433558140370634,0.8036279873308378,3.2080174423484604,1.0,0.023011682716933015,3.816704195787171,0.7181587545391279,0.12924886542558117,0.737993842670913,0.4685460135583034,loudness_very_low|mode_1|valence_low,energy_very_low
"frozenset({'energy_very_low', 'instrumentalness_high', 'liveness_low'})",frozenset({'acousticness_very_high'}),0.04180692150121587,0.24975143449250709,0.03339762095856443,0.7988538681948425,3.1985957150480724,1.0,0.022956282341920133,3.7298682245315544,0.7173531285228909,0.12936754674957082,0.731894013460598,0.46628865408399134,energy_very_low|instrumentalness_high|liveness_low,acousticness_very_high
"frozenset({'instrumentalness_high', 'acousticness_very_high', 'liveness_low'})",frozenset({'energy_very_low'}),0.03683561135135783,0.25050611531043737,0.03339762095856443,0.9066666666666667,3.619339454220862,1.0,0.024170075053850732,8.030291621673891,0.7513841863296237,0.13151563753007217,0.8754715211959447,0.519993624075491,acousticness_very_high|instrumentalness_high|liveness_low,energy_very_low
"frozenset({'loudness_very_low', 'speechiness_very_low', 'acousticness_very_high'})",frozenset({'mode_1'}),0.04432252422765007,0.6337522011523856,0.03320595598893135,0.7491891891891892,1.1821484609077464,1.0,0.00511645869902818,1.4602552324743245,0.16122861916867867,0.051492578901417355,0.3151882097312856,0.400792496494226,acousticness_very_high|loudness_very_low|speechiness_very_low,mode_1
"frozenset({'energy_very_low', 'speechiness_high'})",frozenset({'acousticness_very_high'}),0.04615532049976641,0.24975143449250709,0.033134081625318945,0.7178821697378667,2.8743865723798443,1.0,0.021606724121040866,2.65934473127909,0.6836539500763321,0.12609409190371992,0.6239675179234772,0.4252752016131417,energy_very_low|speechiness_high,acousticness_very_high
"frozenset({'energy_very_low', 'danceability_very_low', 'liveness_low'})",frozenset({'acousticness_very_high'}),0.03924340253237341,0.24975143449250709,0.0330023119586962,0.8409645909645909,3.3672062491790054,1.0,0.023201215881869054,4.7174938591219675,0.7317336116229388,0.12891904539073468,0.7880230414998097,0.4865526106053229,danceability_very_low|energy_very_low|liveness_low,acousticness_very_high
"frozenset({'danceability_very_low', 'acousticness_very_high', 'liveness_low'})",frozenset({'energy_very_low'}),0.03584134932138622,0.25050611531043737,0.0330023119586962,0.9207887700534759,3.6757137402110804,1.0,0.024023834772711354,9.46196499152393,0.755004369160449,0.1302662064400208,0.8943137074702976,0.5262656551109002,acousticness_very_high|danceability_very_low|liveness_low,energy_very_low
"frozenset({'energy_high', 'mode_1', 'acousticness_high'})",frozenset({'instrumentalness_low'}),0.04435846140945627,0.5000539057727093,0.03289450041327759,0.7415608965703484,1.482961912725089,1.0,0.010712878531410987,1.9344831629296322,0.34079080383559046,0.06430762745603148,0.48306606169392874,0.40367140267382884,acousticness_high|energy_high|mode_1,instrumentalness_low
"frozenset({'instrumentalness_low', 'danceability_low', 'key_very_low'})",frozenset({'mode_1'}),0.043448052803699136,0.6337522011523856,0.032882521352675526,0.7568238213399504,1.1941951759122527,1.0,0.005347222252546118,1.506100642199884,0.17000220900469148,0.05103463662223215,0.33603374702811933,0.40435463820045436,danceability_low|instrumentalness_low|key_very_low,mode_1
"frozenset({'loudness_very_low', 'tempo_very_low', 'instrumentalness_high'})",frozenset({'acousticness_very_high'}),0.042837120712993684,0.24975143449250709,0.03287054229207346,0.7673378076062641,3.0724060070585315,1.0,0.0221719099444746,3.2246260459793223,0.704709927259105,0.12656242793229097,0.689886521493906,0.4494754173049787,instrumentalness_high|loudness_very_low|tempo_very_low,acousticness_very_high
"frozenset({'tempo_very_low', 'acousticness_very_high', 'instrumentalness_high'})",frozenset({'loudness_very_low'}),0.03620072113944824,0.25000299476515053,0.03287054229207346,0.9080079417604237,3.631988259234231,1.0,0.023820253594553305,8.152845143236393,0.7518875863321738,0.12975222243238133,0.87734343257708,0.5197442679573561,acousticness_very_high|instrumentalness_high|tempo_very_low,loudness_very_low
"frozenset({'acousticness_very_low', 'liveness_very_high', 'mode_1'})",frozenset({'energy_very_high'}),0.04586782304531679,0.2486014446747086,0.032846584170869324,0.7161138678506138,2.8805700175541555,1.0,0.021443777097719677,2.6468307896417125,0.6842306581080703,0.12554945054945058,0.6221896753228549,0.42411967184271643,acousticness_very_low|liveness_very_high|mode_1,energy_very_high
"frozenset({'loudness_very_low', 'valence_very_low', 'speechiness_low'})",frozenset({'acousticness_very_high'}),0.04238191641011512,0.24975143449250709,0.03279866792846105,0.7738835500282645,3.0986150353882436,1.0,0.02221372350849327,3.317974280956886,0.7072497742103062,0.1264723543812647,0.6986112864890548,0.45260439672260744,loudness_very_low|speechiness_low|valence_very_low,acousticness_very_high
"frozenset({'valence_very_low', 'speechiness_low', 'acousticness_very_high'})",frozenset({'loudness_very_low'}),0.036140825836437906,0.25000299476515053,0.03279866792846105,0.907524030493868,3.63005263735494,1.0,0.023763353236065845,8.110182669510891,0.7516885457629014,0.12946238592841267,0.876698214978639,0.5193585653188075,acousticness_very_high|speechiness_low|valence_very_low,loudness_very_low
"frozenset({'valence_very_low', 'acousticness_very_high', 'tempo_very_low'})",frozenset({'danceability_very_low'}),0.04201056553145102,0.2516321470070317,0.03277470980725691,0.7801539777587682,3.100374840965639,1.0,0.022203501005598293,3.4040545531080926,0.7071668340498123,0.12563714010194243,0.7062326750648155,0.4552012390936086,acousticness_very_high|tempo_very_low|valence_very_low,danceability_very_low
"frozenset({'danceability_very_low', 'acousticness_very_high', 'tempo_very_low'})",frozenset({'valence_very_low'}),0.046670420105655315,0.2507217384012746,0.03277470980725691,0.702258726899384,2.80094869865426,1.0,0.021073420946449213,2.5165414717143397,0.6744552177053299,0.1238569488456315,0.6026292388820552,0.4164900896799834,acousticness_very_high|danceability_very_low|tempo_very_low,valence_very_low
"frozenset({'energy_very_low', 'tempo_very_low', 'instrumentalness_high'})",frozenset({'acousticness_very_high'}),0.040321517986559495,0.24975143449250709,0.032762730746654846,0.8125371360665478,3.2533832597102665,1.0,0.022692373788596187,4.0021183383490015,0.7217288714973463,0.12732774674115457,0.7501323260689662,0.4718592438450634,energy_very_low|instrumentalness_high|tempo_very_low,acousticness_very_high
"frozenset({'tempo_very_low', 'acousticness_very_high', 'instrumentalness_high'})",frozenset({'energy_very_low'}),0.03620072113944824,0.25050611531043737,0.032762730746654846,0.9050297816015883,3.6128051424215277,1.0,0.023694228722575237,7.891883343316577,0.7503707329649033,0.12901551959998114,0.8732875339766807,0.5179079665467773,acousticness_very_high|instrumentalness_high|tempo_very_low,energy_very_low
"frozenset({'loudness_very_low', 'speechiness_low', 'instrumentalness_high'})",frozenset({'acousticness_very_high'}),0.04640688077240983,0.24975143449250709,0.03271481450424658,0.7049561177077955,2.82263090556521,1.0,0.021124629461014476,2.542837220276489,0.6771447708524038,0.12418152055292833,0.6067384919388323,0.41797280680343973,instrumentalness_high|loudness_very_low|speechiness_low,acousticness_very_high
"frozenset({'acousticness_very_high', 'speechiness_low', 'instrumentalness_high'})",frozenset({'loudness_very_low'}),0.035218438170078706,0.25000299476515053,0.03271481450424658,0.9289115646258502,3.7156017490848754,1.0,0.023910099490775612,10.550197107131359,0.7575441104518394,0.129560225817164,0.9052150410228778,0.5298846275453161,acousticness_very_high|instrumentalness_high|speechiness_low,loudness_very_low
"frozenset({'speechiness_very_low', 'liveness_very_high'})",frozenset({'mode_1'}),0.04536470250002995,0.6337522011523856,0.03271481450424658,0.7211513071032479,1.1379073805060398,1.0,0.003964834440229468,1.3134284225718897,0.1269530405352442,0.05061062619299123,0.23863380537947387,0.3863860684462464,liveness_very_high|speechiness_very_low,mode_1
"frozenset({'valence_very_high', 'mode_1', 'duration_ms_low'})",frozenset({'instrumentalness_low'}),0.04535272343942788,0.5000539057727093,0.032678877322440375,0.7205493924986793,1.4409434346588075,1.0,0.010000070829124963,1.7890320536337643,0.32054795468225156,0.06373533947011822,0.4410385224966396,0.3929500507913098,duration_ms_low|mode_1|valence_very_high,instrumentalness_low
"frozenset({'energy_very_low', 'loudness_very_low', 'liveness_very_low'})",frozenset({'acousticness_very_high'}),0.04493345631835551,0.24975143449250709,0.03264294014063417,0.726472940549187,2.9087838555377035,1.0,0.021420744968418476,2.742867806255952,0.6870869028090002,0.1245714285714286,0.6354180840508635,0.428587326430764,energy_very_low|liveness_very_low|loudness_very_low,acousticness_very_high
"frozenset({'energy_very_low', 'liveness_very_low', 'acousticness_very_high'})",frozenset({'loudness_very_low'}),0.041998586470848955,0.25000299476515053,0.03264294014063417,0.7772390188248717,3.1089188333723747,1.0,0.0221431677470188,3.3668239441144463,0.7080832670934698,0.12586023740242944,0.7029841724429629,0.4539046076395561,acousticness_very_high|energy_very_low|liveness_very_low,loudness_very_low
"frozenset({'loudness_very_low', 'liveness_very_low', 'acousticness_very_high'})",frozenset({'energy_very_low'}),0.03478719198840427,0.25050611531043737,0.03264294014063417,0.9383608815426997,3.7458601774245897,1.0,0.02392853581306065,12.159386822002732,0.7594580330024736,0.12920202930159785,0.9177590108252437,0.5343344193482436,acousticness_very_high|liveness_very_low|loudness_very_low,energy_very_low
"frozenset({'acousticness_very_low', 'instrumentalness_low', 'energy_very_high'})",frozenset({'loudness_very_high'}),0.04242983265252339,0.2499430994621402,0.032595023898225904,0.7682100508187465,3.073539747534059,1.0,0.02198998001539429,3.235933668337515,0.7045355687284002,0.1254726551692336,0.690970179708981,0.4493099139787478,acousticness_very_low|energy_very_high|instrumentalness_low,loudness_very_high
"frozenset({'acousticness_very_low', 'instrumentalness_low', 'loudness_very_high'})",frozenset({'energy_very_high'}),0.04307670192503504,0.2486014446747086,0.032595023898225904,0.7566740823136819,3.0437235926113746,1.0,0.021886093567840395,3.088033377085427,0.7016811655219225,0.1258091363047901,0.6761693032787657,0.44389382812739947,acousticness_very_low|instrumentalness_low|loudness_very_high,energy_very_high
"frozenset({'valence_very_low', 'loudness_very_high'})",frozenset({'energy_very_high'}),0.045077205045580326,0.2486014446747086,0.032523149534613494,0.7214988041456284,2.902230938720807,1.0,0.02131689123838416,2.6980083622987316,0.6863774595024122,0.12453557176276318,0.629356226624891,0.42616163162998666,loudness_very_high|valence_very_low,energy_very_high
"frozenset({'energy_very_low', 'loudness_very_low', 'tempo_low'})",frozenset({'acousticness_very_high'}),0.04415481737922112,0.24975143449250709,0.03249919141340936,0.7360282148670646,2.947042992416312,1.0,0.021471462433194203,2.8421543807406158,0.6911964740095629,0.12432407661992484,0.6481542287863274,0.4330771800029601,energy_very_low|loudness_very_low|tempo_low,acousticness_very_high
"frozenset({'energy_very_low', 'tempo_low', 'acousticness_very_high'})",frozenset({'loudness_very_low'}),0.04361575965212808,0.25000299476515053,0.03249919141340936,0.7451249656687723,2.9804641595143,1.0,0.02159512088142032,2.942606784547507,0.6947853821607628,0.12446095972107532,0.6601652639247303,0.43756008705096494,acousticness_very_high|energy_very_low|tempo_low,loudness_very_low
"frozenset({'loudness_very_low', 'tempo_low', 'acousticness_very_high'})",frozenset({'energy_very_low'}),0.03634446986667306,0.25050611531043737,0.03249919141340936,0.8941990771259063,3.5695698526871427,1.0,0.023394679454091842,7.0840013898695675,0.7470036523020206,0.12777280648047848,0.858836843054542,0.5119666005369393,acousticness_very_high|loudness_very_low|tempo_low,energy_very_low
"frozenset({'energy_very_low', 'loudness_very_low', 'key_very_low', 'acousticness_very_high'})",frozenset({'mode_1'}),0.04398711053079218,0.6337522011523856,0.03249919141340936,0.738834422657952,1.1658096355554894,1.0,0.004622263292186537,1.4023586208221475,0.1487710323048937,0.05036759245507203,0.28691563972863127,0.3950575099774969,acousticness_very_high|energy_very_low|key_very_low|loudness_very_low,mode_1
"frozenset({'energy_very_low', 'mode_1', 'key_very_low', 'acousticness_very_high'})",frozenset({'loudness_very_low'}),0.04282514165239162,0.25000299476515053,0.03249919141340936,0.7588811188811189,3.03548811322841,1.0,0.021792777749069667,3.1104864196224904,0.7005655081342727,0.12483894717467328,0.6785068747796151,0.44443816365713823,acousticness_very_high|energy_very_low|key_very_low|mode_1,loudness_very_low
"frozenset({'energy_very_low', 'loudness_very_low', 'mode_1', 'key_very_low'})",frozenset({'acousticness_very_high'}),0.04282514165239162,0.24975143449250709,0.03249919141340936,0.7588811188811189,3.0385455860270003,1.0,0.02180355085337974,3.1115297235374557,0.700911827698583,0.12495969784901663,0.6786146722509487,0.4445036320099872,energy_very_low|key_very_low|loudness_very_low|mode_1,acousticness_very_high
"frozenset({'loudness_very_low', 'mode_1', 'key_very_low', 'acousticness_very_high'})",frozenset({'energy_very_low'}),0.036236658321254445,0.25050611531043737,0.03249919141340936,0.8968595041322315,3.58019006051332,1.0,0.023421686905520274,7.266727567903618,0.7477823533899964,0.12782698831511494,0.8623864744266873,0.513296814040102,acousticness_very_high|key_very_low|loudness_very_low|mode_1,energy_very_low
"frozenset({'energy_very_low', 'acousticness_very_high', 'mode_1', 'danceability_very_low', 'valence_very_low'})",frozenset({'loudness_very_low'}),0.036847590411959896,0.25000299476515053,0.032427317049796955,0.8800390117035111,3.5201138791565594,1.0,0.023215309096927334,6.252007555833055,0.7433073669373537,0.12745421159188286,0.8400513769265984,0.5048733630630636,acousticness_very_high|danceability_very_low|energy_very_low|mode_1|valence_very_low,loudness_very_low
"frozenset({'energy_very_low', 'acousticness_very_high', 'mode_1', 'loudness_very_low', 'valence_very_low'})",frozenset({'danceability_very_low'}),0.04461002168209969,0.2516321470070317,0.032427317049796955,0.726906552094522,2.8887666410691524,1.0,0.021202001515899974,2.7403361696615676,0.6843608578979071,0.12291695046088182,0.635081268104599,0.42788724729357164,acousticness_very_high|energy_very_low|loudness_very_low|mode_1|valence_very_low,danceability_very_low
"frozenset({'energy_very_low', 'danceability_very_low', 'loudness_very_low', 'mode_1', 'valence_very_low'})",frozenset({'acousticness_very_high'}),0.037734040896512895,0.24975143449250709,0.032427317049796955,0.8593650793650793,3.440881455240897,1.0,0.02300318620669393,5.334724562863661,0.7371941065622154,0.1271369528461394,0.8125488976579508,0.4946017204585961,danceability_very_low|energy_very_low|loudness_very_low|mode_1|valence_very_low,acousticness_very_high
"frozenset({'acousticness_very_high', 'mode_1', 'danceability_very_low', 'loudness_very_low', 'valence_very_low'})",frozenset({'energy_very_low'}),0.03382886714023886,0.25050611531043737,0.032427317049796955,0.9585694050991502,3.8265309567842367,1.0,0.023952978957142816,18.0903481227635,0.7645298695797755,0.12872699605306956,0.9447219040112513,0.5440083062221076,acousticness_very_high|danceability_very_low|loudness_very_low|mode_1|valence_very_low,energy_very_low
"frozenset({'energy_very_low', 'mode_1', 'valence_very_low', 'danceability_very_low'})","frozenset({'loudness_very_low', 'acousticness_very_high'})",0.04510116316678446,0.15069658237401024,0.032427317049796955,0.7189907038512616,4.771114862225713,1.0,0.025630725899469943,3.0223321052569485,0.8277372962237302,0.19848951459158232,0.6691296769601754,0.46708676686998696,danceability_very_low|energy_very_low|mode_1|valence_very_low,acousticness_very_high|loudness_very_low
"frozenset({'valence_very_low', 'mode_1', 'acousticness_very_high', 'danceability_very_low'})","frozenset({'energy_very_low', 'loudness_very_low'})",0.039662669653445774,0.17769738497107057,0.032427317049796955,0.8175777710661433,4.600955558233152,1.0,0.025379364371408204,4.50768867278276,0.8149780501582068,0.17534654748024356,0.7781568176972915,0.500031975731265,acousticness_very_high|danceability_very_low|mode_1|valence_very_low,energy_very_low|loudness_very_low
"frozenset({'loudness_very_low', 'mode_1', 'valence_very_low', 'danceability_very_low'})","frozenset({'energy_very_low', 'acousticness_very_high'})",0.04296889037961643,0.17666718575929274,0.032427317049796955,0.7546696403679956,4.271702394106313,1.0,0.024836124111230574,3.3560168235016103,0.800288817128835,0.17321474276938828,0.7020277154163318,0.4691099761373474,danceability_very_low|loudness_very_low|mode_1|valence_very_low,acousticness_very_high|energy_very_low
"frozenset({'energy_very_low', 'danceability_very_low', 'liveness_low'})",frozenset({'loudness_very_low'}),0.03924340253237341,0.25000299476515053,0.03241533798919489,0.826007326007326,3.303989725336155,1.0,0.022604369831327242,4.310509103770817,0.7258192370120243,0.12621268656716417,0.7680088416643863,0.4778335623807593,danceability_very_low|energy_very_low|liveness_low,loudness_very_low
"frozenset({'loudness_very_low', 'danceability_very_low', 'liveness_low'})",frozenset({'energy_very_low'}),0.03545801938212005,0.25050611531043737,0.03241533798919489,0.9141891891891892,3.649368751163175,1.0,0.0235328872971778,8.734259443626405,0.7526681279735777,0.12784654634791645,0.8855083242655764,0.5217942885502181,danceability_very_low|liveness_low|loudness_very_low,energy_very_low
"frozenset({'instrumentalness_low', 'energy_very_high', 'speechiness_very_high'})",frozenset({'loudness_very_high'}),0.04411888019741492,0.2499430994621402,0.032379400807388686,0.7339125712734185,2.9363185975237815,1.0,0.021352191146047965,2.8188362904907533,0.6898739677409359,0.1237354085603113,0.6452436761320742,0.4317298298495058,energy_very_high|instrumentalness_low|speechiness_very_high,loudness_very_high
"frozenset({'energy_very_low', 'speechiness_low', 'instrumentalness_high'})",frozenset({'acousticness_very_high'}),0.038321014866014205,0.24975143449250709,0.03224763114076594,0.8415129728040013,3.3694019596481954,1.0,0.022676902706770204,4.733816885716903,0.7312330182030058,0.12605356808391086,0.7887539750392022,0.48531593769462855,energy_very_low|instrumentalness_high|speechiness_low,acousticness_very_high
"frozenset({'acousticness_very_high', 'speechiness_low', 'instrumentalness_high'})",frozenset({'energy_very_low'}),0.035218438170078706,0.25050611531043737,0.03224763114076594,0.9156462585034012,3.655185253137214,1.0,0.023425197007478693,8.885129116884315,0.7529331862091786,0.12722117202268432,0.8874523952499788,0.5221880871705988,acousticness_very_high|instrumentalness_high|speechiness_low,energy_very_low
"frozenset({'energy_very_low', 'mode_1', 'danceability_low'})",frozenset({'acousticness_very_high'}),0.04292097413720816,0.24975143449250709,0.03223565208016387,0.7510466089868825,3.007176357216939,1.0,0.021516077219580335,3.013610549566532,0.6973950100199006,0.12377535531944255,0.6681721199363878,0.4400587738205073,danceability_low|energy_very_low|mode_1,acousticness_very_high
"frozenset({'energy_very_low', 'danceability_low', 'acousticness_very_high'})",frozenset({'mode_1'}),0.044130859258016984,0.6337522011523856,0.03223565208016387,0.7304560260586319,1.1525893318088751,1.0,0.004267622886649475,1.3587682688364666,0.138500434118281,0.049927641099855286,0.26403933405339614,0.3906603918214906,acousticness_very_high|danceability_low|energy_very_low,mode_1
"frozenset({'acousticness_very_low', 'loudness_very_high', 'instrumentalness_medium'})",frozenset({'energy_very_high'}),0.03866840762347417,0.2486014446747086,0.032175756777153536,0.832094175960347,3.347101128270313,1.0,0.02256273477868734,4.475119071199337,0.7294402995263566,0.1261328950457854,0.7765422586326851,0.48076062337264686,acousticness_very_low|instrumentalness_medium|loudness_very_high,energy_very_high
"frozenset({'acousticness_very_low', 'danceability_low', 'loudness_very_high'})",frozenset({'energy_very_high'}),0.03850070077504522,0.2486014446747086,0.03216377771655147,0.8354075917859365,3.360429352609174,1.0,0.022592447882886554,4.565207857874265,0.730545491708622,0.1261629546095292,0.7809519235197238,0.48239323838321063,acousticness_very_low|danceability_low|loudness_very_high,energy_very_high
"frozenset({'speechiness_very_low', 'tempo_very_high'})",frozenset({'mode_1'}),0.04302878568262677,0.6337522011523856,0.032139819595347334,0.7469376391982183,1.1785957316440425,1.0,0.004870231956068366,1.4472630291096051,0.15834608744150416,0.04985691455755008,0.30904059601714096,0.39882559117079425,speechiness_very_low|tempo_very_high,mode_1
"frozenset({'energy_very_low', 'valence_very_low', 'speechiness_low', 'acousticness_very_high'})",frozenset({'loudness_very_low'}),0.03418823895830089,0.25000299476515053,0.03204398711053079,0.9372810091100209,3.7490791259940313,1.0,0.023496824985208976,11.958052809722098,0.7592243773092806,0.1270844220628058,0.916374344894431,0.5327277110715414,acousticness_very_high|energy_very_low|speechiness_low|valence_very_low,loudness_very_low
"frozenset({'energy_very_low', 'loudness_very_low', 'valence_very_low', 'speechiness_low'})",frozenset({'acousticness_very_high'}),0.03707519256339918,0.24975143449250709,0.03204398711053079,0.8642972536348948,3.4606297873369174,1.0,0.022784404583735915,5.528617405346876,0.7384120241532235,0.12576989985424797,0.8191229512404182,0.4963003846955231,energy_very_low|loudness_very_low|speechiness_low|valence_very_low,acousticness_very_high
"frozenset({'loudness_very_low', 'valence_very_low', 'speechiness_low', 'acousticness_very_high'})",frozenset({'energy_very_low'}),0.03279866792846105,0.25050611531043737,0.03204398711053079,0.976990504017531,3.9000664826357814,1.0,0.02382772022041498,32.57324216317484,0.7688100603672502,0.1275327771156138,0.9692999550063046,0.5524537447402116,acousticness_very_high|loudness_very_low|speechiness_low|valence_very_low,energy_very_low
"frozenset({'energy_very_low', 'valence_very_low', 'speechiness_low'})","frozenset({'loudness_very_low', 'acousticness_very_high'})",0.04096838725907114,0.15069658237401024,0.03204398711053079,0.7821637426900584,5.190321707156071,1.0,0.025870191165213823,3.898815688967629,0.8418217966119146,0.20075046904315194,0.7435118559644479,0.4974014261939958,energy_very_low|speechiness_low|valence_very_low,acousticness_very_high|loudness_very_low
"frozenset({'valence_very_low', 'speechiness_low', 'acousticness_very_high'})","frozenset({'energy_very_low', 'loudness_very_low'})",0.036140825836437906,0.17769738497107057,0.03204398711053079,0.8866423599602253,4.989619628361848,1.0,0.025621856868700867,7.2540555249774235,0.8295650887154719,0.17626515550869792,0.8621460786236383,0.5334856669694614,acousticness_very_high|speechiness_low|valence_very_low,energy_very_low|loudness_very_low
"frozenset({'loudness_very_low', 'valence_very_low', 'speechiness_low'})","frozenset({'energy_very_low', 'acousticness_very_high'})",0.04238191641011512,0.17666718575929274,0.03204398711053079,0.7560768795929903,4.279667875748796,1.0,0.024556493211270163,3.3753783276751115,0.8002532755757839,0.17135353276535775,0.7037369139332068,0.4687287028830154,loudness_very_low|speechiness_low|valence_very_low,acousticness_very_high|energy_very_low
"frozenset({'valence_very_high', 'acousticness_very_high'})",frozenset({'mode_1'}),0.04392721522778184,0.6337522011523856,0.03199607086812252,0.7283883283337877,1.149326703732658,1.0,0.004157101527021187,1.3484243758777124,0.13589485834579093,0.049553811617595214,0.25839370906575093,0.3894375249078446,acousticness_very_high|valence_very_high,mode_1
"frozenset({'valence_high', 'mode_1', 'loudness_very_high'})",frozenset({'instrumentalness_low'}),0.04500533068196792,0.5000539057727093,0.03194815462571425,0.7098749001863188,1.4195967514529924,1.0,0.009443063237603841,1.7232086935889275,0.3095039335556826,0.06226362235607228,0.4196872359567201,0.3868821607102541,loudness_very_high|mode_1|valence_high,instrumentalness_low
"frozenset({'instrumentalness_low', 'duration_ms_high', 'key_very_low'})",frozenset({'mode_1'}),0.043160555349249514,0.6337522011523856,0.03193617556511218,0.7399389397724119,1.1675524572963079,1.0,0.004583078609565933,1.4083146416733774,0.14998068367560116,0.04951524831915605,0.2899314042408966,0.3951655761143507,duration_ms_high|instrumentalness_low|key_very_low,mode_1
"frozenset({'loudness_very_low', 'duration_ms_very_low', 'instrumentalness_high'})",frozenset({'acousticness_very_high'}),0.04296889037961643,0.24975143449250709,0.03186430120149978,0.7415667688876498,2.9692192575170093,1.0,0.02113275919063929,2.9030653769960915,0.6929880573736951,0.12215282880235123,0.6555365208362146,0.4345754128384721,duration_ms_very_low|instrumentalness_high|loudness_very_low,acousticness_very_high
"frozenset({'duration_ms_very_low', 'acousticness_very_high', 'instrumentalness_high'})",frozenset({'loudness_very_low'}),0.03640436516968339,0.25000299476515053,0.03186430120149978,0.8752879236590985,3.5011097546304684,1.0,0.022763100886554796,6.013828229310578,0.7413652075240315,0.12518236152289522,0.8337165675723599,0.5013718008329033,acousticness_very_high|duration_ms_very_low|instrumentalness_high,loudness_very_low
"frozenset({'energy_very_low', 'duration_ms_very_low', 'instrumentalness_high'})",frozenset({'acousticness_very_high'}),0.03971058589585405,0.24975143449250709,0.031840343080295645,0.8018099547511313,3.2104318294723817,1.0,0.021922567288268177,3.785500752903104,0.7169874133872064,0.12359341579094209,0.7358341563574914,0.46464904183908906,duration_ms_very_low|energy_very_low|instrumentalness_high,acousticness_very_high
"frozenset({'duration_ms_very_low', 'acousticness_very_high', 'instrumentalness_high'})",frozenset({'energy_very_low'}),0.03640436516968339,0.25050611531043737,0.031840343080295645,0.8746298124383022,3.4914509426423597,1.0,0.02272082698129567,5.97824649756321,0.7405452011678433,0.12482975625792515,0.8327268705953141,0.500866933763145,acousticness_very_high|duration_ms_very_low|instrumentalness_high,energy_very_low
"frozenset({'valence_very_high', 'danceability_low'})",frozenset({'mode_1'}),0.04490949819715138,0.6337522011523856,0.03182836401969358,0.7087223259535878,1.11829564404649,1.0,0.003366870684599798,1.2573836976920394,0.11075608443457159,0.04920643739467008,0.20469781671614942,0.3794722110818879,danceability_low|valence_very_high,mode_1
"frozenset({'instrumentalness_low', 'key_very_low', 'tempo_very_high'})",frozenset({'mode_1'}),0.042489727955533727,0.6337522011523856,0.03180440589848944,0.7485198759515084,1.1810923490134386,1.0,0.00487644728030389,1.4563687696328347,0.16013003708519483,0.049352194360280315,0.31336072233126083,0.3993520842757258,instrumentalness_low|key_very_low|tempo_very_high,mode_1
"frozenset({'energy_very_low', 'loudness_very_low', 'tempo_very_low', 'danceability_very_low'})",frozenset({'valence_very_low'}),0.04108817786509182,0.2507217384012746,0.031768468716683235,0.7731778425655975,3.0838085580283567,1.0,0.02146676933460664,3.3033733127038905,0.7046796582191446,0.12216694306246544,0.6972791430643738,0.4499429585498795,danceability_very_low|energy_very_low|loudness_very_low|tempo_very_low,valence_very_low
"frozenset({'energy_very_low', 'tempo_very_low', 'valence_very_low', 'danceability_very_low'})",frozenset({'loudness_very_low'}),0.035853328381988285,0.25000299476515053,0.031768468716683235,0.8860674908118943,3.5442275067314863,1.0,0.022805029248887797,6.582818289348686,0.7445455040868054,0.12502946584319455,0.8480893811670227,0.5065699217356069,danceability_very_low|energy_very_low|tempo_very_low|valence_very_low,loudness_very_low
"frozenset({'energy_very_low', 'loudness_very_low', 'valence_very_low', 'tempo_very_low'})",frozenset({'danceability_very_low'}),0.040034020532109874,0.2516321470070317,0.031768468716683235,0.793536804308797,3.153558930157768,1.0,0.02169462217686484,3.6247034271050707,0.7113772415869046,0.1222345132743363,0.7241153600258363,0.4598932236339758,energy_very_low|loudness_very_low|tempo_very_low|valence_very_low,danceability_very_low
"frozenset({'loudness_very_low', 'tempo_very_low', 'valence_very_low', 'danceability_very_low'})",frozenset({'energy_very_low'}),0.03548197750332419,0.25050611531043737,0.031768468716683235,0.8953409858203915,3.5741282591478796,1.0,0.02288001636879316,7.161293182098325,0.7467061048591875,0.12496465931580433,0.8603604161187279,0.5110790621527359,danceability_very_low|loudness_very_low|tempo_very_low|valence_very_low,energy_very_low
"frozenset({'loudness_very_low', 'valence_very_low', 'tempo_very_low'})","frozenset({'energy_very_low', 'danceability_very_low'})",0.045208974712203066,0.09933037051234442,0.031768468716683235,0.7027027027027026,7.074399290752401,1.0,0.027277844508036893,3.029525117367568,0.8993017521340713,0.2817080943275972,0.669915263528521,0.5112645206711777,loudness_very_low|tempo_very_low|valence_very_low,danceability_very_low|energy_very_low
"frozenset({'mode_1', 'energy_very_high', 'instrumentalness_high'})",frozenset({'acousticness_very_low'}),0.041160052228704225,0.2504581990680291,0.031768468716683235,0.7718277066356227,3.0816627665121077,1.0,0.02145959616193596,3.2849816683702184,0.7044969927457355,0.12225705329153604,0.6955842981930151,0.44933455352825713,energy_very_high|instrumentalness_high|mode_1,acousticness_very_low
"frozenset({'loudness_very_low', 'valence_very_low', 'liveness_low'})",frozenset({'acousticness_very_high'}),0.042657434803962675,0.24975143449250709,0.03175648965608117,0.7444538051109238,2.98077889571945,1.0,0.02110273412202089,2.9358627931562435,0.6941268893410918,0.12183464313617354,0.6593846271252565,0.43580309326005207,liveness_low|loudness_very_low|valence_very_low,acousticness_very_high
"frozenset({'valence_very_low', 'acousticness_very_high', 'liveness_low'})",frozenset({'loudness_very_low'}),0.03840486829022868,0.25000299476515053,0.03175648965608117,0.8268870867124141,3.3075087260021854,1.0,0.02215515756996283,4.332415132942208,0.725521183668389,0.12373395565927653,0.7691818606217256,0.476955761851655,acousticness_very_high|liveness_low|valence_very_low,loudness_very_low
"frozenset({'valence_very_high', 'liveness_very_high', 'mode_1'})",frozenset({'instrumentalness_low'}),0.04356784340971981,0.5000539057727093,0.03175648965608117,0.7288974429474842,1.4576377357180201,1.0,0.009970219392956985,1.844121647773485,0.32826006863366536,0.06204072080505499,0.4577364236207747,0.3962017877826727,liveness_very_high|mode_1|valence_very_high,instrumentalness_low
"frozenset({'energy_very_low', 'danceability_very_low', 'mode_1', 'instrumentalness_high'})",frozenset({'loudness_very_low'}),0.03275075168605278,0.25000299476515053,0.031720552474274966,0.9685442574981712,3.874130621547189,1.0,0.023532766471951967,23.842928050140458,0.7669973111052867,0.12635999236495513,0.9580588425256725,0.5477124737418982,danceability_very_low|energy_very_low|instrumentalness_high|mode_1,loudness_very_low
"frozenset({'loudness_very_low', 'danceability_very_low', 'mode_1', 'instrumentalness_high'})",frozenset({'energy_very_low'}),0.03731477377544053,0.25050611531043737,0.031720552474274966,0.8500802568218299,3.3934511170251307,1.0,0.022372973452101576,4.999300751194835,0.7326535487098655,0.12385986248187474,0.799972026135655,0.48835305878581925,danceability_very_low|instrumentalness_high|loudness_very_low|mode_1,energy_very_low
"frozenset({'energy_very_low', 'liveness_low', 'acousticness_very_high', 'instrumentalness_high'})",frozenset({'loudness_very_low'}),0.03339762095856443,0.25000299476515053,0.03169659435307083,0.949067431850789,3.7962242522027796,1.0,0.023347089095398364,14.725293314047583,0.7620303682123286,0.12592804111936035,0.9320896379669379,0.5379261452497835,acousticness_very_high|energy_very_low|instrumentalness_high|liveness_low,loudness_very_low
"frozenset({'energy_very_low', 'loudness_very_low', 'liveness_low', 'instrumentalness_high'})",frozenset({'acousticness_very_high'}),0.038321014866014205,0.24975143449250709,0.03169659435307083,0.8271334792122539,3.311826740426867,1.0,0.022125865919075095,4.340045499201574,0.7258678290006143,0.12363330529857022,0.7695876690269798,0.4770230204829076,energy_very_low|instrumentalness_high|liveness_low|loudness_very_low,acousticness_very_high
"frozenset({'loudness_very_low', 'liveness_low', 'acousticness_very_high', 'instrumentalness_high'})",frozenset({'energy_very_low'}),0.03355334874639131,0.25050611531043737,0.03169659435307083,0.9446626204926812,3.771016205820033,1.0,0.02329127530295601,13.544079813003012,0.7603311462940393,0.12559927849242888,0.926167003310188,0.5355964211874271,acousticness_very_high|instrumentalness_high|liveness_low|loudness_very_low,energy_very_low
"frozenset({'energy_very_low', 'liveness_low', 'instrumentalness_high'})","frozenset({'loudness_very_low', 'acousticness_very_high'})",0.04180692150121587,0.15069658237401024,0.03169659435307083,0.7581661891117479,5.031077527890271,1.0,0.025396434163259075,3.511930008903679,0.8361941244623329,0.19710965435041716,0.7152562843038633,0.48425002619339386,energy_very_low|instrumentalness_high|liveness_low,acousticness_very_high|loudness_very_low
"frozenset({'liveness_low', 'acousticness_very_high', 'instrumentalness_high'})","frozenset({'energy_very_low', 'loudness_very_low'})",0.03683561135135783,0.17769738497107057,0.03169659435307083,0.8604878048780487,4.842433697142687,1.0,0.025151002542123862,5.894127135696866,0.8238388767111574,0.173360414073249,0.8303395944848805,0.5194309052703577,acousticness_very_high|instrumentalness_high|liveness_low,energy_very_low|loudness_very_low
"frozenset({'loudness_low', 'instrumentalness_low', 'key_very_low'})",frozenset({'mode_1'}),0.04117203128930629,0.6337522011523856,0.03166065717126463,0.7689845795752109,1.2133836824186568,1.0,0.0055677917157518735,1.5853824743567388,0.18340972578499581,0.04921879364606418,0.369237382035685,0.40947102525684276,instrumentalness_low|key_very_low|loudness_low,mode_1
"frozenset({'tempo_very_high', 'acousticness_very_high'})",frozenset({'mode_1'}),0.044502210136681083,0.6337522011523856,0.03166065717126463,0.7114401076716016,1.1225840421192257,1.0,0.0034572835409969853,1.2692262805213501,0.11428398793466832,0.04896530003520018,0.21211842573158993,0.3806987893050381,acousticness_very_high|tempo_very_high,mode_1
"frozenset({'energy_very_low', 'valence_very_low', 'speechiness_low'})",frozenset({'danceability_very_low'}),0.04096838725907114,0.2516321470070317,0.03164867811066256,0.7725146198830409,3.0700156123591538,1.0,0.021339714865246967,3.289740433465233,0.7030725040887947,0.12128167462357696,0.6960246499002191,0.4491441041907826,energy_very_low|speechiness_low|valence_very_low,danceability_very_low
"frozenset({'energy_very_low', 'speechiness_low', 'danceability_very_low'})",frozenset({'valence_very_low'}),0.04252566513733993,0.2507217384012746,0.03164867811066256,0.744225352112676,2.9683319717636922,1.0,0.020986569420758217,2.9294469478804794,0.6925621223885402,0.12098177488781024,0.6586386380120238,0.4352278217801794,danceability_very_low|energy_very_low|speechiness_low,valence_very_low
"frozenset({'valence_very_low', 'speechiness_low', 'danceability_very_low'})",frozenset({'energy_very_low'}),0.04268139292516681,0.25050611531043737,0.03164867811066256,0.7415099635138928,2.9600473529158497,1.0,0.020956728172940642,2.8995078296948007,0.6916898530739639,0.12100948106077955,0.655113881825503,0.433924453830397,danceability_very_low|speechiness_low|valence_very_low,energy_very_low
"frozenset({'energy_very_low', 'loudness_very_low', 'danceability_low'})",frozenset({'acousticness_very_high'}),0.039914229926089194,0.24975143449250709,0.031588782807652226,0.7914165666266507,3.1688169008310316,1.0,0.021620146626947695,3.596875137080528,0.7128788176337282,0.12240066839955442,0.7219808967815133,0.4589487265000489,danceability_low|energy_very_low|loudness_very_low,acousticness_very_high
"frozenset({'energy_very_low', 'danceability_low', 'acousticness_very_high'})",frozenset({'loudness_very_low'}),0.044130859258016984,0.25000299476515053,0.031588782807652226,0.715798045602606,2.8631578844686123,1.0,0.02055593583158861,2.638957943920904,0.6807786391764277,0.12031756171008806,0.6210625476985727,0.42107583161778595,acousticness_very_high|danceability_low|energy_very_low,loudness_very_low
"frozenset({'loudness_very_low', 'danceability_low', 'acousticness_very_high'})",frozenset({'energy_very_low'}),0.03661998826052061,0.25050611531043737,0.031588782807652226,0.8626104023552502,3.443470436984216,1.0,0.022415251805795386,5.455244774990459,0.7365684269177472,0.12361710106881679,0.8166901685906935,0.494355124666531,acousticness_very_high|danceability_low|loudness_very_low,energy_very_low
"frozenset({'loudness_very_low', 'valence_very_low', 'speechiness_low'})",frozenset({'danceability_very_low'}),0.04238191641011512,0.2516321470070317,0.03157680374705016,0.7450537026568683,2.9608844160760124,1.0,0.020912151126500342,2.935394084134282,0.6915732750475555,0.12032134380135111,0.6593302393688908,0.4352708292395072,loudness_very_low|speechiness_low|valence_very_low,danceability_very_low
"frozenset({'loudness_very_low', 'speechiness_low', 'danceability_very_low'})",frozenset({'valence_very_low'}),0.04189077492543035,0.2507217384012746,0.03157680374705016,0.7537889619674006,3.006476290304665,1.0,0.02107387583476974,3.043235866214568,0.6965643237103158,0.12096737185076406,0.6714024006151438,0.4398662917815981,danceability_very_low|loudness_very_low|speechiness_low,valence_very_low
"frozenset({'valence_very_low', 'speechiness_low', 'danceability_very_low'})",frozenset({'loudness_very_low'}),0.04268139292516681,0.25000299476515053,0.03157680374705016,0.7398259893348302,2.9592685080825247,1.0,0.020906327695010347,2.8826745735186288,0.6915969753825735,0.12093407349635273,0.6530999339341356,0.4330658456496863,danceability_very_low|speechiness_low|valence_very_low,loudness_very_low
"frozenset({'speechiness_high', 'mode_1', 'loudness_very_high'})",frozenset({'energy_very_high'}),0.04486158195474311,0.2486014446747086,0.03148097126223361,0.70173564753004,2.8227335864771463,1.0,0.020328317177891637,2.519236875284885,0.676062724960799,0.12016460905349792,0.6030543972222079,0.4141839708280952,loudness_very_high|mode_1|speechiness_high,energy_very_high
"frozenset({'acousticness_very_low', 'speechiness_high', 'loudness_very_high'})",frozenset({'energy_very_high'}),0.036643946381724746,0.2486014446747086,0.031385138777417075,0.8564890487087283,3.4452295714911547,1.0,0.02227540076833774,5.23582729097965,0.7367406658933727,0.12363155907889771,0.8090082150488782,0.49136792819959135,acousticness_very_low|loudness_very_high|speechiness_high,energy_very_high
"frozenset({'energy_very_low', 'loudness_very_low', 'key_low'})",frozenset({'acousticness_very_high'}),0.039111632865750666,0.24975143449250709,0.03137315971681501,0.8021439509954059,3.2117691440906277,1.0,0.021604973303249494,3.7918909696315253,0.7166754666281063,0.12184228890439637,0.7362793371410745,0.4638807433043124,energy_very_low|key_low|loudness_very_low,acousticness_very_high
"frozenset({'energy_very_low', 'key_low', 'acousticness_very_high'})",frozenset({'loudness_very_low'}),0.04160327747098073,0.25000299476515053,0.03137315971681501,0.7541030809098762,3.0163761902863224,1.0,0.020972215757024307,3.0500463690639723,0.6974944185409844,0.1205579083041797,0.6721361320461204,0.4397971082556089,acousticness_very_high|energy_very_low|key_low,loudness_very_low
"frozenset({'loudness_very_low', 'key_low', 'acousticness_very_high'})",frozenset({'energy_very_low'}),0.0347752129278022,0.25050611531043737,0.03137315971681501,0.902170168790906,3.6013898010948755,1.0,0.022661756217177975,7.661199814273944,0.7483535734388613,0.12356104925457631,0.8694721421915071,0.5137046329799977,acousticness_very_high|key_low|loudness_very_low,energy_very_low
"frozenset({'energy_very_low', 'speechiness_very_low', 'loudness_very_low', 'acousticness_very_high'})",frozenset({'mode_1'}),0.041651193713389,0.6337522011523856,0.0312653481713964,0.7506471095772218,1.1844489190132672,1.0,0.004868812474911721,1.468793075655312,0.1624935669711707,0.048538272706985054,0.3191689036566004,0.3999904104733288,acousticness_very_high|energy_very_low|loudness_very_low|speechiness_very_low,mode_1
"frozenset({'energy_very_low', 'speechiness_very_low', 'loudness_very_low', 'mode_1'})",frozenset({'acousticness_very_high'}),0.042657434803962675,0.24975143449250709,0.0312653481713964,0.7329401853411963,2.9346785808478932,1.0,0.020611592637336126,2.809290369897142,0.688622030109598,0.11972477064220187,0.6440382202155154,0.4290630227871505,energy_very_low|loudness_very_low|mode_1|speechiness_very_low,acousticness_very_high
"frozenset({'loudness_very_low', 'speechiness_very_low', 'mode_1', 'acousticness_very_high'})",frozenset({'energy_very_low'}),0.03320595598893135,0.25050611531043737,0.0312653481713964,0.9415584415584416,3.758624576456443,1.0,0.022947053131439858,12.824673138021414,0.7591536520141183,0.12384929296763787,0.9220253031607258,0.533183581911585,acousticness_very_high|loudness_very_low|mode_1|speechiness_very_low,energy_very_low
"frozenset({'loudness_very_low', 'speechiness_very_low', 'acousticness_very_high'})","frozenset({'energy_very_low', 'mode_1'})",0.04432252422765007,0.17381616933600066,0.0312653481713964,0.7054054054054055,4.058341684206606,1.0,0.023561376794844185,2.8044772233548616,0.7885442058591072,0.16730769230769232,0.6434273055697175,0.4426406765138675,acousticness_very_high|loudness_very_low|speechiness_very_low,energy_very_low|mode_1
"frozenset({'energy_very_low', 'speechiness_low', 'acousticness_very_high', 'instrumentalness_high'})",frozenset({'loudness_very_low'}),0.03224763114076594,0.25000299476515053,0.031181494747181925,0.9669390787518574,3.867709983475146,1.0,0.02311949038790851,22.68530267519343,0.7661557824821483,0.12419485662483894,0.9559185956512051,0.5458317818292109,acousticness_very_high|energy_very_low|instrumentalness_high|speechiness_low,loudness_very_low
"frozenset({'energy_very_low', 'loudness_very_low', 'speechiness_low', 'instrumentalness_high'})",frozenset({'acousticness_very_high'}),0.03629655362426479,0.24975143449250709,0.031181494747181925,0.859075907590759,3.439723616948965,1.0,0.02211637841238759,5.3237778770203805,0.7359929764538441,0.12234442564391801,0.8121634630331945,0.4919630101529986,energy_very_low|instrumentalness_high|loudness_very_low|speechiness_low,acousticness_very_high
"frozenset({'loudness_very_low', 'speechiness_low', 'acousticness_very_high', 'instrumentalness_high'})",frozenset({'energy_very_low'}),0.03271481450424658,0.25050611531043737,0.031181494747181925,0.9531307213474918,3.8048201744150374,1.0,0.022986233652621563,15.99115468036872,0.7621077015574756,0.12371673003802279,0.9374654288581403,0.5388023537877474,acousticness_very_high|instrumentalness_high|loudness_very_low|speechiness_low,energy_very_low
"frozenset({'energy_very_low', 'speechiness_low', 'instrumentalness_high'})","frozenset({'loudness_very_low', 'acousticness_very_high'})",0.038321014866014205,0.15069658237401024,0.031181494747181925,0.8136917786808378,5.399537042328907,1.0,0.025406648773769944,4.558593343935471,0.8472670710140326,0.19755616272009716,0.7806340850011658,0.5103037589747591,energy_very_low|instrumentalness_high|speechiness_low,acousticness_very_high|loudness_very_low
"frozenset({'speechiness_low', 'acousticness_very_high', 'instrumentalness_high'})","frozenset({'energy_very_low', 'loudness_very_low'})",0.035218438170078706,0.17769738497107057,0.031181494747181925,0.8853741496598638,4.982482718043398,1.0,0.0249232703815936,7.173797294317656,0.8284744204000842,0.17157735152593764,0.8606038114859899,0.5304247045993805,acousticness_very_high|instrumentalness_high|speechiness_low,energy_very_low|loudness_very_low
"frozenset({'speechiness_very_low', 'instrumentalness_low', 'loudness_high'})",frozenset({'mode_1'}),0.04088453383485667,0.6337522011523856,0.03115753662597779,0.762086141224729,1.2024986104016473,1.0,0.005246873315048188,1.5394134697868322,0.17557657377876626,0.048420425563601835,0.35040194228099525,0.4056248681740316,instrumentalness_low|loudness_high|speechiness_very_low,mode_1
"frozenset({'speechiness_very_low', 'loudness_high', 'mode_1'})",frozenset({'instrumentalness_low'}),0.0442746079852418,0.5000539057727093,0.03115753662597779,0.7037337662337662,1.4073158075754257,1.0,0.009017845976402046,1.687489282432937,0.30283535381533255,0.0607157029809286,0.40740364373855437,0.3830210609628011,loudness_high|mode_1|speechiness_very_low,instrumentalness_low
"frozenset({'speechiness_very_low', 'instrumentalness_low', 'liveness_low'})",frozenset({'mode_1'}),0.039411109380802355,0.6337522011523856,0.031133578504773655,0.789969604863222,1.2464960333499084,1.0,0.0061567011848327295,1.74378474415145,0.20586450601258688,0.048492424807821476,0.4265347237645355,0.41954769818815574,instrumentalness_low|liveness_low|speechiness_very_low,mode_1
"frozenset({'duration_ms_very_low', 'instrumentalness_low', 'key_very_low'})",frozenset({'mode_1'}),0.04014183207752848,0.6337522011523856,0.031121599444171588,0.7752909579230081,1.2233345407136338,1.0,0.0056816250067484725,1.6298756626007382,0.190196969490847,0.04841775690484177,0.3864562659925031,0.41219892381548756,duration_ms_very_low|instrumentalness_low|key_very_low,mode_1
"frozenset({'instrumentalness_low', 'key_very_low', 'danceability_very_high'})",frozenset({'mode_1'}),0.04183087962242001,0.6337522011523856,0.031121599444171588,0.7439862542955326,1.173938730220901,1.0,0.004611187407322432,1.430578650532292,0.154635318770478,0.04829086042491496,0.30098215877336176,0.3965465720017498,danceability_very_high|instrumentalness_low|key_very_low,mode_1
"frozenset({'energy_very_low', 'tempo_very_low', 'acousticness_very_high', 'instrumentalness_high'})",frozenset({'loudness_very_low'}),0.032762730746654846,0.25000299476515053,0.03107368320176332,0.9484460694698356,3.7937388324519596,1.0,0.022882902398415332,14.547814250477426,0.7613517532896262,0.12345914045024035,0.9312611514841701,0.5363696566802939,acousticness_very_high|energy_very_low|instrumentalness_high|tempo_very_low,loudness_very_low
"frozenset({'energy_very_low', 'loudness_very_low', 'tempo_very_low', 'instrumentalness_high'})",frozenset({'acousticness_very_high'}),0.03682363229075576,0.24975143449250709,0.03107368320176332,0.8438516590761223,3.3787660150614234,1.0,0.021876928213922463,4.804716854937567,0.7309502006922646,0.12161845374841765,0.7918711902924415,0.48413504820562314,energy_very_low|instrumentalness_high|loudness_very_low|tempo_very_low,acousticness_very_high
"frozenset({'loudness_very_low', 'tempo_very_low', 'acousticness_very_high', 'instrumentalness_high'})",frozenset({'energy_very_low'}),0.03287054229207346,0.25050611531043737,0.03107368320176332,0.94533527696793,3.7737013956582737,1.0,0.02283941134402856,13.71074146392105,0.7599894454663088,0.12316019371379733,0.9270644842489782,0.5346894441457859,acousticness_very_high|instrumentalness_high|loudness_very_low|tempo_very_low,energy_very_low
"frozenset({'energy_very_low', 'tempo_very_low', 'instrumentalness_high'})","frozenset({'loudness_very_low', 'acousticness_very_high'})",0.040321517986559495,0.15069658237401024,0.03107368320176332,0.7706476530005942,5.113902656982242,1.0,0.02499736824505662,3.7030509115661685,0.838254313892652,0.19427801078490115,0.7299524030640293,0.4884239854828091,energy_very_low|instrumentalness_high|tempo_very_low,acousticness_very_high|loudness_very_low
"frozenset({'tempo_very_low', 'acousticness_very_high', 'instrumentalness_high'})","frozenset({'energy_very_low', 'loudness_very_low'})",0.03620072113944824,0.17769738497107057,0.03107368320176332,0.8583719391131701,4.830526567697744,1.0,0.024640909721216412,5.806071267797723,0.8227680274657695,0.16996461800550386,0.8277664958151115,0.5166202421735461,acousticness_very_high|instrumentalness_high|tempo_very_low,energy_very_low|loudness_very_low
"frozenset({'loudness_very_low', 'tempo_very_low', 'instrumentalness_high'})","frozenset({'energy_very_low', 'acousticness_very_high'})",0.042837120712993684,0.17666718575929274,0.03107368320176332,0.7253914988814318,4.105977551879784,1.0,0.023505769639367617,2.998205849006894,0.7903071197805752,0.16490781945327404,0.6664671972635791,0.4506398774580742,instrumentalness_high|loudness_very_low|tempo_very_low,acousticness_very_high|energy_very_low
"frozenset({'loudness_very_low', 'valence_very_low', 'speechiness_low'})",frozenset({'instrumentalness_high'}),0.04238191641011512,0.24979935073491535,0.03104972508055918,0.7326172979084228,2.9328230668056023,1.0,0.02046274987841097,2.8057187072937304,0.6881987792385774,0.11890453690536265,0.6435850830660944,0.42845797998571766,loudness_very_low|speechiness_low|valence_very_low,instrumentalness_high
"frozenset({'valence_very_low', 'speechiness_low', 'instrumentalness_high'})",frozenset({'loudness_very_low'}),0.04405898489440458,0.25000299476515053,0.03104972508055918,0.7047308319738989,2.8188895602467223,1.0,0.020034846910645505,2.5400451061268656,0.6749897430042415,0.11805429039897977,0.6063062039379179,0.414464122263902,instrumentalness_high|speechiness_low|valence_very_low,loudness_very_low
"frozenset({'speechiness_very_low', 'instrumentalness_low', 'acousticness_very_high'})",frozenset({'energy_very_low'}),0.04262149762215647,0.25050611531043737,0.031037746019957114,0.7282181000562112,2.906987317071177,1.0,0.020360800221917653,2.757703455765732,0.685205746232104,0.1184240596005302,0.6373794296448999,0.42605912653919975,acousticness_very_high|instrumentalness_low|speechiness_very_low,energy_very_low
"frozenset({'tempo_very_high', 'loudness_very_high', 'speechiness_very_high'})",frozenset({'energy_very_high'}),0.03859653325986176,0.2486014446747086,0.030989829777548845,0.8029174425822471,3.229737637417405,1.0,0.02139467584971177,3.8126081027686443,0.7180932366099765,0.12095567608004489,0.7377123551529414,0.4637870593627276,loudness_very_high|speechiness_very_high|tempo_very_high,energy_very_high
"frozenset({'energy_very_high', 'tempo_very_high', 'speechiness_very_high'})",frozenset({'loudness_very_high'}),0.042657434803962675,0.2499430994621402,0.030989829777548845,0.7264813254703735,2.9065868473012846,1.0,0.02032789830754224,2.7422511527878015,0.6851819597499497,0.11845780484454414,0.6353361000565577,0.4252344322055917,energy_very_high|speechiness_very_high|tempo_very_high,loudness_very_high
"frozenset({'liveness_very_high', 'instrumentalness_low', 'energy_very_high'})",frozenset({'loudness_very_high'}),0.04405898489440458,0.2499430994621402,0.030917955413936438,0.7017400761283306,2.8075993201589697,1.0,0.01990571617027334,2.5147760074551027,0.6734974335447492,0.11752117293506964,0.6023502701491185,0.41272002608237757,energy_very_high|instrumentalness_low|liveness_very_high,loudness_very_high
"frozenset({'valence_very_low', 'key_very_low', 'danceability_very_low'})",frozenset({'mode_1'}),0.04325638783406605,0.6337522011523856,0.030846081050324034,0.7130988645804487,1.125201400932072,1.0,0.003432250046583398,1.2765644803462701,0.11630097427746072,0.04773734265215699,0.2166474820537475,0.38088550638530044,danceability_very_low|key_very_low|valence_very_low,mode_1
"frozenset({'loudness_low', 'instrumentalness_low', 'acousticness_very_high'})",frozenset({'mode_1'}),0.040764743228836,0.6337522011523856,0.030834101989721967,0.75639141933588,1.1935128871513077,1.0,0.004999356239035347,1.5034273335083612,0.1690276085038561,0.047902631480999,0.33485312012624885,0.4025223328604549,acousticness_very_high|instrumentalness_low|loudness_low,mode_1
"frozenset({'instrumentalness_low', 'key_very_low', 'liveness_high'})",frozenset({'mode_1'}),0.04135171719833731,0.6337522011523856,0.030774206686711627,0.7442062572421784,1.1742858737041832,1.0,0.004567464890834396,1.4318090618595294,0.1548207092795943,0.047761582509109834,0.3015828530228236,0.3963824973007981,instrumentalness_low|key_very_low|liveness_high,mode_1
"frozenset({'valence_low', 'instrumentalness_low', 'key_very_low'})",frozenset({'mode_1'}),0.04089651289545874,0.6337522011523856,0.030738269504905425,0.7516110134739309,1.185969866624899,1.0,0.004820014437951527,1.4744929071530137,0.16349461580782063,0.047736870500251154,0.3218007389870569,0.4000565227089908,instrumentalness_low|key_very_low|valence_low,mode_1
"frozenset({'energy_very_low', 'valence_very_low', 'acousticness_very_high', 'liveness_low'})",frozenset({'loudness_very_low'}),0.0356616634123552,0.25000299476515053,0.030726290444303358,0.861605643265032,3.446381288649813,1.0,0.021810767792907762,5.41927447714599,0.7360908011777753,0.12052438680575132,0.8154734542018177,0.4922546663857503,acousticness_very_high|energy_very_low|liveness_low|valence_very_low,loudness_very_low
"frozenset({'energy_very_low', 'loudness_very_low', 'valence_very_low', 'liveness_low'})",frozenset({'acousticness_very_high'}),0.03725487847243019,0.24975143449250709,0.030726290444303358,0.82475884244373,3.302318739908875,1.0,0.021421831103969897,4.281234933446429,0.7241610013384415,0.11989342806394317,0.7664225356595902,0.473893162888132,energy_very_low|liveness_low|loudness_very_low|valence_very_low,acousticness_very_high
"frozenset({'loudness_very_low', 'valence_very_low', 'acousticness_very_high', 'liveness_low'})",frozenset({'energy_very_low'}),0.03175648965608117,0.25050611531043737,0.030726290444303358,0.9675594115428141,3.862418329962824,1.0,0.02277109558466238,23.103584747814363,0.765401307963552,0.12215449090389559,0.9567166735848384,0.5451081296428684,acousticness_very_high|liveness_low|loudness_very_low|valence_very_low,energy_very_low
"frozenset({'valence_very_low', 'acousticness_very_high', 'liveness_low'})","frozenset({'energy_very_low', 'loudness_very_low'})",0.03840486829022868,0.17769738497107057,0.030726290444303358,0.8000623830318153,4.5023869268648316,1.0,0.02390184577897133,4.112795918537827,0.8089637338702534,0.16575121163166398,0.7568564013855766,0.4864879799748533,acousticness_very_high|liveness_low|valence_very_low,energy_very_low|loudness_very_low
"frozenset({'loudness_very_low', 'valence_very_low', 'liveness_low'})","frozenset({'energy_very_low', 'acousticness_very_high'})",0.042657434803962675,0.17666718575929274,0.030726290444303358,0.7203032855939343,4.0771764292172525,1.0,0.023190121485776764,2.943662802722047,0.7883617111047596,0.16291920731707318,0.6602871772285583,0.4471125866537613,liveness_low|loudness_very_low|valence_very_low,acousticness_very_high|energy_very_low
"frozenset({'valence_high', 'mode_1', 'acousticness_high'})",frozenset({'instrumentalness_low'}),0.04162723559218486,0.5000539057727093,0.03071431138370129,0.7378417266187051,1.4755243746742739,1.0,0.009898449639308513,1.9070391629416417,0.3362729484430615,0.06011018637908804,0.4756269197652542,0.39963186369264114,acousticness_high|mode_1|valence_high,instrumentalness_low
"frozenset({'mode_1', 'duration_ms_low', 'acousticness_high'})",frozenset({'instrumentalness_low'}),0.0408366175924484,0.5000539057727093,0.03061847889888475,0.7497799941331769,1.4993983358145717,1.0,0.010197968773234395,1.9980260670818688,0.3472461791550547,0.06000422564969364,0.4995060292378932,0.40550517529579505,acousticness_high|duration_ms_low|mode_1,instrumentalness_low
"frozenset({'energy_very_low', 'mode_1', 'tempo_low'})",frozenset({'acousticness_very_high'}),0.043124618167443306,0.24975143449250709,0.030594520777680614,0.7094444444444445,2.840602080568746,1.0,0.019824085528420014,2.5821174338690014,0.6771644128188677,0.11664763644667733,0.6127209448790961,0.4159721622673084,energy_very_low|mode_1|tempo_low,acousticness_very_high
"frozenset({'energy_very_low', 'tempo_low', 'acousticness_very_high'})",frozenset({'mode_1'}),0.04361575965212808,0.6337522011523856,0.030594520777680614,0.7014556440538314,1.1068295191375068,1.0,0.0029529370932110353,1.2267785056156064,0.10092020621319647,0.04730330419321382,0.1848569277807874,0.3748654271682067,acousticness_very_high|energy_very_low|tempo_low,mode_1
"frozenset({'mode_1', 'tempo_low', 'acousticness_very_high'})",frozenset({'energy_very_low'}),0.04325638783406605,0.25050611531043737,0.030594520777680614,0.7072833010246469,2.8234173051949356,1.0,0.019758531099007062,2.5604753241381366,0.675018116226935,0.11625472256361236,0.6094475152434429,0.4147070674977863,acousticness_very_high|mode_1|tempo_low,energy_very_low
"frozenset({'energy_very_low', 'loudness_low', 'instrumentalness_low'})",frozenset({'mode_1'}),0.03999808335030367,0.6337522011523856,0.030534625474670278,0.7634022162324049,1.204575250143936,1.0,0.005185752109538741,1.5479764561420055,0.1769078298932146,0.04747183164167986,0.35399534273778144,0.40579145874468747,energy_very_low|instrumentalness_low|loudness_low,mode_1
"frozenset({'instrumentalness_low', 'key_very_low', 'tempo_very_low'})",frozenset({'mode_1'}),0.04101630350147941,0.6337522011523856,0.030534625474670278,0.7444509345794393,1.1746719510019283,1.0,0.004540452847473401,1.4331799580048366,0.15505841793398284,0.0473968017850502,0.3022509180269843,0.3963158179182047,instrumentalness_low|key_very_low|tempo_very_low,mode_1
"frozenset({'energy_very_low', 'tempo_very_low', 'acousticness_very_high', 'danceability_very_low'})",frozenset({'valence_very_low'}),0.04130380095592904,0.2507217384012746,0.030522646414068207,0.7389791183294663,2.947407444769494,1.0,0.02016688563581745,2.870568273324894,0.6891847266327153,0.1167201099404489,0.6516369217577501,0.4303591243821244,acousticness_very_high|danceability_very_low|energy_very_low|tempo_very_low,valence_very_low
"frozenset({'energy_very_low', 'valence_very_low', 'acousticness_very_high', 'tempo_very_low'})",frozenset({'danceability_very_low'}),0.03792570586614598,0.2516321470070317,0.030522646414068207,0.8048010107391029,3.1983235064024367,1.0,0.020979319620212718,3.8338715575659177,0.7144315135478281,0.11783203847576768,0.73916705737662,0.4630498436538512,acousticness_very_high|energy_very_low|tempo_very_low|valence_very_low,danceability_very_low
"frozenset({'energy_very_low', 'tempo_very_low', 'valence_very_low', 'danceability_very_low'})",frozenset({'acousticness_very_high'}),0.035853328381988285,0.24975143449250709,0.030522646414068207,0.851319746074173,3.4086680935548896,1.0,0.021568226219335716,5.046053834975114,0.7329074528050571,0.11965811965811965,0.8018253406119414,0.48676592128880125,danceability_very_low|energy_very_low|tempo_very_low|valence_very_low,acousticness_very_high
"frozenset({'tempo_very_low', 'valence_very_low', 'acousticness_very_high', 'danceability_very_low'})",frozenset({'energy_very_low'}),0.03277470980725691,0.25050611531043737,0.030522646414068207,0.9312865497076024,3.7176200211859665,1.0,0.022312381179825383,10.907528023992791,0.7557812118225139,0.12075829383886257,0.9083201988754606,0.5265652335378104,acousticness_very_high|danceability_very_low|tempo_very_low|valence_very_low,energy_very_low
"frozenset({'valence_very_low', 'acousticness_very_high', 'tempo_very_low'})","frozenset({'energy_very_low', 'danceability_very_low'})",0.04201056553145102,0.09933037051234442,0.030522646414068207,0.7265469061876247,7.31444876768412,1.0,0.026349721374396052,3.2936896669585067,0.9011417732470101,0.2754296832774835,0.6963891255354878,0.5169155177344298,acousticness_very_high|tempo_very_low|valence_very_low,danceability_very_low|energy_very_low
"frozenset({'loudness_very_low', 'instrumentalness_high', 'tempo_very_low'})",frozenset({'valence_very_low'}),0.042837120712993684,0.2507217384012746,0.030450772050455804,0.7108501118568233,2.835215312360045,1.0,0.01971057467718878,2.5913143747360183,0.6762622279829005,0.11573483882717174,0.6140954529680052,0.41615128621985936,instrumentalness_high|loudness_very_low|tempo_very_low,valence_very_low
"frozenset({'valence_very_low', 'instrumentalness_high', 'tempo_very_low'})",frozenset({'loudness_very_low'}),0.03826111956300387,0.25000299476515053,0.030450772050455804,0.7958672510958047,3.183430869871906,1.0,0.02088537757663735,3.674065083926549,0.7131597911394237,0.11811169965616579,0.7278219146484799,0.45883444011426555,instrumentalness_high|tempo_very_low|valence_very_low,loudness_very_low
"frozenset({'liveness_very_high', 'loudness_very_high', 'speechiness_very_high'})",frozenset({'energy_very_high'}),0.03578145401837588,0.2486014446747086,0.03025910708082272,0.8456645463675928,3.4016879808326643,1.0,0.02136378591929282,4.868606257606603,0.732228499990301,0.11907231073819177,0.7946024083509275,0.48369094421930936,liveness_very_high|loudness_very_high|speechiness_very_high,energy_very_high
"frozenset({'energy_very_low', 'loudness_very_low', 'key_high'})",frozenset({'acousticness_very_high'}),0.041028282562081485,0.24975143449250709,0.030247128020220653,0.7372262773722627,2.951840011931465,1.0,0.020000255595576888,2.8551125965146245,0.6895179911975258,0.11609729182950942,0.6497511162184115,0.4291676017299224,energy_very_low|key_high|loudness_very_low,acousticness_very_high
"frozenset({'energy_very_low', 'key_high', 'acousticness_very_high'})",frozenset({'loudness_very_low'}),0.03893194695671966,0.25000299476515053,0.030247128020220653,0.7769230769230768,3.1076550809037626,1.0,0.02051402468900275,3.3620555407079444,0.7056877658001001,0.11692521416994675,0.7025629148918131,0.44895506984630124,acousticness_very_high|energy_very_low|key_high,loudness_very_low
"frozenset({'loudness_very_low', 'key_high', 'acousticness_very_high'})",frozenset({'energy_very_low'}),0.03384084620084093,0.25050611531043737,0.030247128020220653,0.8938053097345133,3.567997965346568,1.0,0.021769789099630017,7.0577340808267195,0.7449401882187375,0.11903639449368282,0.8583114653304048,0.5072746900623599,acousticness_very_high|key_high|loudness_very_low,energy_very_low
"frozenset({'energy_very_low', 'tempo_very_low', 'liveness_low'})",frozenset({'acousticness_very_high'}),0.038524658896249356,0.24975143449250709,0.03006744211118964,0.7804726368159204,3.12499761373477,1.0,0.02044585328851684,3.417562870640364,0.7072461732254416,0.11644630016237534,0.7073938248244648,0.4504310519683228,energy_very_low|liveness_low|tempo_very_low,acousticness_very_high
"frozenset({'tempo_very_low', 'acousticness_very_high', 'liveness_low'})",frozenset({'energy_very_low'}),0.03465542232178152,0.25050611531043737,0.03006744211118964,0.867611475976495,3.463434315371166,1.0,0.021386046890917533,5.661320648581998,0.7368034822218089,0.11786804414181733,0.8233627695597012,0.4938191274297165,acousticness_very_high|liveness_low|tempo_very_low,energy_very_low
"frozenset({'loudness_very_low', 'valence_very_low', 'liveness_low'})",frozenset({'instrumentalness_high'}),0.042657434803962675,0.24979935073491535,0.02995963056577103,0.7023308059533838,2.811579789487485,1.0,0.019303831047724172,2.5202495396537414,0.6730381547923887,0.11413316296262493,0.6032138943918266,0.41113279375979267,liveness_low|loudness_very_low|valence_very_low,instrumentalness_high
"frozenset({'valence_very_low', 'instrumentalness_high', 'liveness_low'})",frozenset({'loudness_very_low'}),0.04271733010697301,0.25000299476515053,0.02995963056577103,0.7013460459899047,2.8053505784950286,1.0,0.01928017011065625,2.5112575780915245,0.6722552629242998,0.11401869158878505,0.6017931379384953,0.41059156635863225,instrumentalness_high|liveness_low|valence_very_low,loudness_very_low
"frozenset({'valence_very_low', 'instrumentalness_high', 'tempo_very_low'})",frozenset({'danceability_very_low'}),0.03826111956300387,0.2516321470070317,0.02995963056577103,0.7830306825297433,3.111807024036011,1.0,0.020331902903239628,3.4491874782965954,0.7056419631810974,0.1152587676851468,0.710076646661765,0.4510459515666902,instrumentalness_high|tempo_very_low|valence_very_low,danceability_very_low
"frozenset({'danceability_very_low', 'instrumentalness_high', 'tempo_very_low'})",frozenset({'valence_very_low'}),0.037566334048083946,0.2507217384012746,0.02995963056577103,0.7975127551020409,3.180868002062268,1.0,0.020540933987872434,3.7003726431080377,0.7123819827208955,0.1159749594249942,0.7297569470840984,0.4585031525151867,danceability_very_low|instrumentalness_high|tempo_very_low,valence_very_low
"frozenset({'energy_high', 'mode_1', 'duration_ms_low'})",frozenset({'instrumentalness_low'}),0.041950670228440685,0.5000539057727093,0.029947651505168964,0.7138777841233581,1.427601656305908,1.0,0.008970055007654288,1.7473165888063598,0.3126399439838955,0.05848500444486034,0.4276938670380691,0.3868833152123115,duration_ms_low|energy_high|mode_1,instrumentalness_low
"frozenset({'loudness_very_low', 'mode_1', 'tempo_low'})",frozenset({'energy_very_low'}),0.04227410486469651,0.25050611531043737,0.029911714323362763,0.7075658826863135,2.8245453481623355,1.0,0.01932179253548158,2.5629495339820423,0.6744734832518222,0.11378964637258475,0.6098245452198565,0.41348550446480936,loudness_very_low|mode_1|tempo_low,energy_very_low
"frozenset({'energy_very_low', 'liveness_very_low', 'mode_1'})",frozenset({'loudness_very_low'}),0.042705351046370944,0.25000299476515053,0.029899735262760695,0.7001402524544179,2.8005274621294847,1.0,0.019223269608670907,2.5011593298991937,0.6716055597106634,0.11376999863257212,0.60018540680481,0.40986888041982994,energy_very_low|liveness_very_low|mode_1,loudness_very_low
"frozenset({'loudness_very_low', 'liveness_very_low', 'mode_1'})",frozenset({'energy_very_low'}),0.04112411504689802,0.25050611531043737,0.029899735262760695,0.727060879697058,2.902367787692746,1.0,0.019597892956782766,2.746011212528569,0.6835647227203332,0.11423863792393245,0.6358354272416882,0.4232090932532727,liveness_very_low|loudness_very_low|mode_1,energy_very_low
"frozenset({'instrumentalness_low', 'tempo_low', 'key_very_low'})",frozenset({'mode_1'}),0.039411109380802355,0.6337522011523856,0.029851819020352423,0.7574468085106383,1.1951781897298852,1.0,0.004874941700411497,1.5099689952489364,0.17000475421759917,0.04640336666480457,0.3377347461130233,0.40227505343781605,instrumentalness_low|key_very_low|tempo_low,mode_1
"frozenset({'energy_very_low', 'loudness_very_low', 'instrumentalness_low', 'acousticness_very_high'})",frozenset({'mode_1'}),0.03914757004755687,0.6337522011523856,0.029851819020352423,0.762545899632803,1.2032240649361452,1.0,0.005041960332946058,1.5423940807139225,0.17578100040437095,0.04642238408375402,0.35165726288502513,0.4048245989988984,acousticness_very_high|energy_very_low|instrumentalness_low|loudness_very_low,mode_1
"frozenset({'energy_very_low', 'loudness_very_low', 'instrumentalness_low', 'mode_1'})",frozenset({'acousticness_very_high'}),0.041315780016531106,0.24975143449250709,0.029851819020352423,0.7225282690634965,2.892989465832972,1.0,0.01953314369404692,2.7038738792427814,0.682536319145168,0.11428047326423922,0.6301602646200165,0.42102719271199673,energy_very_low|instrumentalness_low|loudness_very_low|mode_1,acousticness_very_high
"frozenset({'loudness_very_low', 'instrumentalness_low', 'acousticness_very_high', 'mode_1'})",frozenset({'energy_very_low'}),0.03491896165502701,0.25050611531043737,0.029851819020352423,0.8548885077186964,3.41264526280839,1.0,0.021104405585477486,5.164951947683393,0.7325521406348486,0.11680337473634872,0.8063873565273874,0.48702726839645605,acousticness_very_high|instrumentalness_low|loudness_very_low|mode_1,energy_very_low
"frozenset({'instrumentalness_low', 'danceability_low', 'tempo_very_high'})",frozenset({'mode_1'}),0.04241785359192132,0.6337522011523856,0.02981588183854622,0.7029087828297091,1.109122432319087,1.0,0.002933473756506457,1.2327789503036146,0.10274448233741135,0.04612932520340271,0.1888245660313106,0.3749776878896679,danceability_low|instrumentalness_low|tempo_very_high,mode_1
"frozenset({'energy_very_low', 'mode_0', 'instrumentalness_high'})",frozenset({'loudness_very_low'}),0.03370907653421819,0.25000299476515053,0.02977994465674002,0.8834399431414357,3.5337174419503548,1.0,0.02135257457241781,6.434425526618496,0.7420248688010198,0.11727521464289083,0.8445859702838875,0.5012791474212209,energy_very_low|instrumentalness_high|mode_0,loudness_very_low
"frozenset({'valence_very_high', 'mode_1', 'speechiness_very_high'})",frozenset({'instrumentalness_low'}),0.03856059607805556,0.5000539057727093,0.029755986535535885,0.7716682199440821,1.543170068338253,1.0,0.01047360985778039,2.1895598330852373,0.3661003309293108,0.05847595282374822,0.5432872009754889,0.41558688881450945,mode_1|speechiness_very_high|valence_very_high,instrumentalness_low
"frozenset({'duration_ms_high', 'instrumentalness_low', 'danceability_low'})",frozenset({'mode_1'}),0.04217827237987997,0.6337522011523856,0.029708070293127612,0.7043453564328316,1.1113892072517975,1.0,0.002977497331573809,1.238768971894765,0.10463868026681741,0.04597189782374968,0.19274697486937753,0.37561091656817835,danceability_low|duration_ms_high|instrumentalness_low,mode_1
"frozenset({'mode_1', 'duration_ms_high', 'acousticness_high'})",frozenset({'instrumentalness_low'}),0.04100432444087734,0.5000539057727093,0.02967213311132141,0.7236342389716623,1.4471124625123468,1.0,0.009167760521089332,1.8090015650528717,0.3221794552049336,0.05802295619583042,0.447208880678457,0.3914860539434778,acousticness_high|duration_ms_high|mode_1,instrumentalness_low
"frozenset({'valence_very_low', 'mode_1', 'acousticness_very_high', 'instrumentalness_high'})",frozenset({'loudness_very_low'}),0.03127732723199847,0.25000299476515053,0.02963619592951521,0.9475296821141325,3.79007332693846,1.0,0.021816770453265993,14.293738545023285,0.7599211649800153,0.11777026705383918,0.9300392967976755,0.5330365228970279,acousticness_very_high|instrumentalness_high|mode_1|valence_very_low,loudness_very_low
"frozenset({'loudness_very_low', 'mode_1', 'valence_very_low', 'instrumentalness_high'})",frozenset({'acousticness_very_high'}),0.041902753986032416,0.24975143449250709,0.02963619592951521,0.7072612921669525,2.831860780315844,1.0,0.019170923012316994,2.5628608224074316,0.6751666374442185,0.11310748411283318,0.6098110395785572,0.41296202888361055,instrumentalness_high|loudness_very_low|mode_1|valence_very_low,acousticness_very_high
"frozenset({'energy_very_low', 'loudness_very_low', 'speechiness_low', 'danceability_very_low'})",frozenset({'valence_very_low'}),0.03811737083577906,0.2507217384012746,0.02962421686891314,0.7771841609050911,3.0997877003438172,1.0,0.02006736338968057,3.362769292534759,0.7042410802020427,0.1142843939183881,0.7026260462708613,0.4476699590956416,danceability_very_low|energy_very_low|loudness_very_low|speechiness_low,valence_very_low
"frozenset({'energy_very_low', 'valence_very_low', 'speechiness_low', 'danceability_very_low'})",frozenset({'loudness_very_low'}),0.03164867811066256,0.25000299476515053,0.02962421686891314,0.9360333080999244,3.744088381738073,1.0,0.021711952560889234,11.724805253434758,0.7568660993934462,0.11754360948714292,0.9147107369048154,0.527264378055712,danceability_very_low|energy_very_low|speechiness_low|valence_very_low,loudness_very_low
"frozenset({'energy_very_low', 'loudness_very_low', 'valence_very_low', 'speechiness_low'})",frozenset({'danceability_very_low'}),0.03707519256339918,0.2516321470070317,0.02962421686891314,0.7990306946688206,3.175391952787703,1.0,0.02029490656348587,3.7237918087029516,0.7114556004610945,0.11434251895690772,0.7314565229820639,0.45837948139134643,energy_very_low|loudness_very_low|speechiness_low|valence_very_low,danceability_very_low
"frozenset({'loudness_very_low', 'valence_very_low', 'speechiness_low', 'danceability_very_low'})",frozenset({'energy_very_low'}),0.03157680374705016,0.25050611531043737,0.02962421686891314,0.9381638846737481,3.74507378197589,1.0,0.021714034428319543,12.120649570807899,0.7568824936667793,0.11734282325029657,0.9174961709636041,0.5282106722527119,danceability_very_low|loudness_very_low|speechiness_low|valence_very_low,energy_very_low
"frozenset({'energy_very_low', 'valence_very_low', 'speechiness_low'})","frozenset({'loudness_very_low', 'danceability_very_low'})",0.04096838725907114,0.09570071514991794,0.02962421686891314,0.7230994152046785,7.555841292010434,1.0,0.025703512909681245,3.265790447927436,0.9047168544173196,0.27674574753804837,0.6937954176960042,0.5163250236619211,energy_very_low|speechiness_low|valence_very_low,danceability_very_low|loudness_very_low
"frozenset({'loudness_very_low', 'speechiness_low', 'danceability_very_low'})","frozenset({'energy_very_low', 'valence_very_low'})",0.04189077492543035,0.10502042429832653,0.02962421686891314,0.7071775807835288,6.73371475604291,1.0,0.02522482991205875,3.056390211160891,0.888722849822771,0.2525788989888673,0.6728166461375441,0.4946290550204857,danceability_very_low|loudness_very_low|speechiness_low,energy_very_low|valence_very_low
"frozenset({'energy_very_low', 'duration_ms_very_low', 'acousticness_very_high', 'instrumentalness_high'})",frozenset({'loudness_very_low'}),0.031840343080295645,0.25000299476515053,0.0295643215659028,0.928517682468021,3.714026239326685,1.0,0.021604140441479052,10.492063367969624,0.754782970077521,0.11718898385565049,0.9046898627153912,0.5233867760687014,acousticness_very_high|duration_ms_very_low|energy_very_low|instrumentalness_high,loudness_very_low
"frozenset({'energy_very_low', 'loudness_very_low', 'duration_ms_very_low', 'instrumentalness_high'})",frozenset({'acousticness_very_high'}),0.035194480048874564,0.24975143449250709,0.0295643215659028,0.8400272294077604,3.3634530713094364,1.0,0.020774449687478456,4.689851671193648,0.7283193212223248,0.11576527979736388,0.7867736401681372,0.4792011057106431,duration_ms_very_low|energy_very_low|instrumentalness_high|loudness_very_low,acousticness_very_high
"frozenset({'loudness_very_low', 'duration_ms_very_low', 'acousticness_very_high', 'instrumentalness_high'})",frozenset({'energy_very_low'}),0.03186430120149978,0.25050611531043737,0.0295643215659028,0.9278195488721804,3.703780036357151,1.0,0.021582119254833387,10.383613194136647,0.7540322760969581,0.11694465504169825,0.9036944095178088,0.5229189557673832,acousticness_very_high|duration_ms_very_low|instrumentalness_high|loudness_very_low,energy_very_low
"frozenset({'energy_very_low', 'duration_ms_very_low', 'instrumentalness_high'})","frozenset({'loudness_very_low', 'acousticness_very_high'})",0.03971058589585405,0.15069658237401024,0.0295643215659028,0.7444947209653091,4.9403557083833896,1.0,0.023580071987328022,3.3240151469069126,0.8305677574909847,0.18380874357637594,0.6991590122775081,0.4703395703395703,duration_ms_very_low|energy_very_low|instrumentalness_high,acousticness_very_high|loudness_very_low
"frozenset({'duration_ms_very_low', 'acousticness_very_high', 'instrumentalness_high'})","frozenset({'energy_very_low', 'loudness_very_low'})",0.03640436516968339,0.17769738497107057,0.0295643215659028,0.8121092464626521,4.570181190876077,1.0,0.023095361073718138,4.37649325231684,0.8107034386240345,0.16020772476468678,0.7715065596249653,0.4892418957134617,acousticness_very_high|duration_ms_very_low|instrumentalness_high,energy_very_low|loudness_very_low
"frozenset({'loudness_very_low', 'danceability_very_low', 'liveness_low'})",frozenset({'acousticness_very_high'}),0.03545801938212005,0.24975143449250709,0.0295643215659028,0.8337837837837838,3.3384544336172715,1.0,0.0207086303609552,4.5136905567117465,0.7262101661661221,0.11564593974040581,0.7784518040313985,0.4760793828986548,danceability_very_low|liveness_low|loudness_very_low,acousticness_very_high
"frozenset({'danceability_very_low', 'acousticness_very_high', 'liveness_low'})",frozenset({'loudness_very_low'}),0.03584134932138622,0.25000299476515053,0.0295643215659028,0.8248663101604278,3.2994257166210996,1.0,0.020603876899132352,4.282425648211201,0.722823938125929,0.11535944657380572,0.766487481127032,0.4715610899149048,acousticness_very_high|danceability_very_low|liveness_low,loudness_very_low
"frozenset({'energy_very_low', 'key_low', 'mode_1'})",frozenset({'acousticness_very_high'}),0.03754237592687981,0.24975143449250709,0.029540363444698667,0.7868538608806638,3.1505479136868404,1.0,0.02016410120270347,3.5198787489528196,0.709220723262722,0.11460705488683368,0.7158993046855651,0.452566457515971,energy_very_low|key_low|mode_1,acousticness_very_high
"frozenset({'energy_very_low', 'key_low', 'acousticness_very_high'})",frozenset({'mode_1'}),0.04160327747098073,0.6337522011523856,0.029540363444698667,0.710048949035416,1.1203889276349588,1.0,0.003174194772311175,1.2631366488557743,0.11211724509956152,0.045741207894346346,0.2083200175484888,0.3783304002336139,acousticness_very_high|energy_very_low|key_low,mode_1
"frozenset({'key_low', 'mode_1', 'acousticness_very_high'})",frozenset({'energy_very_low'}),0.039315276895985816,0.25050611531043737,0.029540363444698667,0.7513711151736746,2.9994122668125085,1.0,0.019691646157131072,3.0145084920969913,0.6938814932219677,0.11349410898379972,0.6682709627053108,0.43464691948431244,acousticness_very_high|key_low|mode_1,energy_very_low
"frozenset({'acousticness_high', 'mode_1', 'liveness_high'})",frozenset({'instrumentalness_low'}),0.0416871308951952,0.5000539057727093,0.029540363444698667,0.7086206896551724,1.417088600798298,1.0,0.00869455082009813,1.7157913293007614,0.3071312418169218,0.057673417839936396,0.41717854442851665,0.38384752382337006,acousticness_high|liveness_high|mode_1,instrumentalness_low
"frozenset({'energy_very_low', 'tempo_very_high'})",frozenset({'mode_1'}),0.041866816804226215,0.6337522011523856,0.0295283843840966,0.7052932761087267,1.1128849333008297,1.0,0.0029951970791745504,1.2427534533712739,0.10586681230769483,0.04570316121257068,0.19533516701381562,0.37594311286770804,energy_very_low|tempo_very_high,mode_1
"frozenset({'acousticness_very_low', 'tempo_very_high', 'danceability_very_low'})",frozenset({'energy_very_high'}),0.038392889229626616,0.2486014446747086,0.0295283843840966,0.7691107644305771,3.0937501808846988,1.0,0.019983856656375365,3.2543680673210242,0.7037881563959868,0.11468850323361095,0.6927206820760156,0.44394438621471033,acousticness_very_low|danceability_very_low|tempo_very_high,energy_very_high
"frozenset({'tempo_very_high', 'energy_very_high', 'danceability_very_low'})",frozenset({'acousticness_very_low'}),0.038033517411564584,0.2504581990680291,0.0295283843840966,0.7763779527559056,3.0998304533245764,1.0,0.020002578108973608,3.3518242506464913,0.7041843176456848,0.11402534924599872,0.7016550018077103,0.447137704137662,danceability_very_low|energy_very_high|tempo_very_high,acousticness_very_low
"frozenset({'loudness_very_low', 'danceability_very_low', 'mode_1', 'instrumentalness_high'})",frozenset({'valence_very_low'}),0.03731477377544053,0.2507217384012746,0.029444530959882125,0.7890850722311397,3.1472543117431107,1.0,0.020088906010853384,3.5525141322374885,0.7087080067223831,0.11386482605271692,0.7185092126937809,0.4532620774438068,danceability_very_low|instrumentalness_high|loudness_very_low|mode_1,valence_very_low
"frozenset({'loudness_very_low', 'mode_1', 'valence_very_low', 'instrumentalness_high'})",frozenset({'danceability_very_low'}),0.041902753986032416,0.2516321470070317,0.029444530959882125,0.7026872498570611,2.792517801143369,1.0,0.018900451008869334,2.517106490162887,0.6699739784618701,0.1114941485983852,0.6027184372579771,0.40985071813999396,instrumentalness_high|loudness_very_low|mode_1|valence_very_low,danceability_very_low
"frozenset({'danceability_very_low', 'instrumentalness_high', 'tempo_very_low'})",frozenset({'loudness_very_low'}),0.037566334048083946,0.25000299476515053,0.029408593778075923,0.7828443877551021,3.1313400405082974,1.0,0.020016897763706895,3.4537307025205415,0.7072153954583673,0.1139158275718064,0.7104580275265244,0.45023867686748875,danceability_very_low|instrumentalness_high|tempo_very_low,loudness_very_low
"frozenset({'energy_very_low', 'tempo_very_low', 'liveness_low'})",frozenset({'loudness_very_low'}),0.038524658896249356,0.25000299476515053,0.029396614717473856,0.7630597014925373,3.052202243454505,1.0,0.01976533462110562,3.1653416913848766,0.6993083282717846,0.1134430473372781,0.6840783405084816,0.4403223759019946,energy_very_low|liveness_low|tempo_very_low,loudness_very_low
"frozenset({'loudness_very_low', 'tempo_very_low', 'liveness_low'})",frozenset({'energy_very_low'}),0.032762730746654846,0.25050611531043737,0.029396614717473856,0.8972577696526509,3.581779904018441,1.0,0.021189350311167525,7.294895995110163,0.7452247985341862,0.1157929505025244,0.8629178537061654,0.5073033301208931,liveness_low|loudness_very_low|tempo_very_low,energy_very_low
"frozenset({'danceability_very_low', 'mode_1', 'acousticness_very_high', 'instrumentalness_high'})",frozenset({'loudness_very_low'}),0.03065441608069095,0.25000299476515053,0.02938463565687179,0.9585775693630325,3.8342643465671578,1.0,0.02172093983392206,18.1060597773206,0.7625699129799398,0.11694317315026695,0.9447698719490264,0.5380573520030304,acousticness_very_high|danceability_very_low|instrumentalness_high|mode_1,loudness_very_low
"frozenset({'loudness_very_low', 'danceability_very_low', 'mode_1', 'instrumentalness_high'})",frozenset({'acousticness_very_high'}),0.03731477377544053,0.24975143449250709,0.02938463565687179,0.7874799357945427,3.153054705750522,1.0,0.020065217378692133,3.530248159449912,0.7093151760792918,0.114034679931198,0.7167337946701682,0.4525677294206058,danceability_very_low|instrumentalness_high|loudness_very_low|mode_1,acousticness_very_high
"frozenset({'energy_very_low', 'loudness_very_low', 'instrumentalness_medium'})",frozenset({'acousticness_very_high'}),0.0403933923501719,0.24975143449250709,0.029348698475065587,0.7265717674970344,2.909179556759794,1.0,0.019260390791591493,2.743859178840853,0.6838849059790694,0.11253502365532131,0.6355498096580703,0.422041699375166,energy_very_low|instrumentalness_medium|loudness_very_low,acousticness_very_high
"frozenset({'energy_very_low', 'acousticness_very_high', 'instrumentalness_medium'})",frozenset({'loudness_very_low'}),0.038620491381065894,0.25000299476515053,0.029348698475065587,0.7599255583126552,3.039665820909542,1.0,0.01969345997049743,3.1240185334330177,0.6979725085473726,0.11319534282018112,0.679899466248976,0.43865947297520635,acousticness_very_high|energy_very_low|instrumentalness_medium,loudness_very_low
"frozenset({'loudness_very_low', 'acousticness_very_high', 'instrumentalness_medium'})",frozenset({'energy_very_low'}),0.03240335892859282,0.25050611531043737,0.029348698475065587,0.9057301293900185,3.615600873725581,1.0,0.021231458906854024,7.950513561118696,0.7476470757664494,0.11574620872112251,0.8742219615987556,0.5114438711219411,acousticness_very_high|instrumentalness_medium|loudness_very_low,energy_very_low
"frozenset({'energy_very_low', 'loudness_very_low', 'key_high'})",frozenset({'mode_1'}),0.041028282562081485,0.6337522011523856,0.029336719414463516,0.7150364963503649,1.128258797445083,1.0,0.0033349550312423357,1.2852445809970072,0.11854210535287607,0.04545201462482136,0.2219379760198899,0.38066350854754805,energy_very_low|key_high|loudness_very_low,mode_1
"frozenset({'energy_very_low', 'key_high', 'mode_1'})",frozenset({'loudness_very_low'}),0.041447549683153846,0.25000299476515053,0.029336719414463516,0.7078034682080925,2.831179957956078,1.0,0.018974707867997688,2.566755329488209,0.6747574206944552,0.11192358667336959,0.6104030686090395,0.41257447008871323,energy_very_low|key_high|mode_1,loudness_very_low
"frozenset({'loudness_very_low', 'key_high', 'mode_1'})",frozenset({'energy_very_low'}),0.04084859665305047,0.25050611531043737,0.029336719414463516,0.7181818181818181,2.866923297628156,1.0,0.01910389615102491,2.659494429543609,0.6789272417097216,0.11196452247062588,0.6239886841306119,0.417645805800932,key_high|loudness_very_low|mode_1,energy_very_low
"frozenset({'liveness_very_high', 'mode_1', 'acousticness_high'})",frozenset({'instrumentalness_low'}),0.03851267983564729,0.5000539057727093,0.02932474035386145,0.7614307931570762,1.522697421951887,1.0,0.010066324380272159,2.095601946467718,0.3570205250777011,0.05758509562230952,0.5228101397378595,0.41003697572763737,acousticness_high|liveness_very_high|mode_1,instrumentalness_low
"frozenset({'energy_very_low', 'valence_very_low', 'mode_0'})",frozenset({'loudness_very_low'}),0.03502677320044562,0.25000299476515053,0.029300782232657314,0.8365253077975375,3.3460611485208736,1.0,0.020543984035586195,4.587847789344558,0.7265912945620057,0.11457747798388607,0.7820328733829104,0.4768635163808004,energy_very_low|mode_0|valence_very_low,loudness_very_low
"frozenset({'loudness_very_low', 'valence_very_low', 'mode_0'})",frozenset({'energy_very_low'}),0.037650187472298424,0.25050611531043737,0.029300782232657314,0.7782373528475978,3.1066600984298303,1.0,0.019869180028262143,3.3797120223519292,0.7046407643091168,0.11319357675042804,0.7041168024416162,0.447601843983095,loudness_very_low|mode_0|valence_very_low,energy_very_low
"frozenset({'speechiness_very_low', 'instrumentalness_low', 'liveness_high'})",frozenset({'mode_1'}),0.038141328956983196,0.6337522011523856,0.029240886929646978,0.766645728643216,1.2096932006692567,1.0,0.005068735748281653,1.56949258617874,0.180217866731136,0.04550029824038175,0.3628514025448757,0.406392517473484,instrumentalness_low|liveness_high|speechiness_very_low,mode_1
"frozenset({'duration_ms_very_low', 'instrumentalness_low', 'acousticness_very_high'})",frozenset({'mode_1'}),0.03924340253237341,0.6337522011523856,0.02922890786904491,0.7448107448107448,1.1752396969295185,1.0,0.0043583151334441565,1.4352007045751014,0.15520033897591423,0.04540295119182747,0.3032333409451223,0.39546557465468724,acousticness_very_high|duration_ms_very_low|instrumentalness_low,mode_1
"frozenset({'energy_very_low', 'mode_1', 'valence_very_low', 'instrumentalness_high'})",frozenset({'acousticness_very_high'}),0.035697600594161404,0.24975143449250709,0.029192970687238706,0.8177852348993289,3.2743965477558192,1.0,0.02027744373090632,4.117386234276848,0.720313685773172,0.11392109199700823,0.7571274728430636,0.46733666752400854,energy_very_low|instrumentalness_high|mode_1|valence_very_low,acousticness_very_high
"frozenset({'valence_very_low', 'mode_1', 'acousticness_very_high', 'instrumentalness_high'})",frozenset({'energy_very_low'}),0.03127732723199847,0.25050611531043737,0.029192970687238706,0.9333588663347375,3.725892540300189,1.0,0.021357808945057413,11.246715706462325,0.7552294930736023,0.11557431471118276,0.9110851535595049,0.5249474132744842,acousticness_very_high|instrumentalness_high|mode_1|valence_very_low,energy_very_low
"frozenset({'energy_very_low', 'duration_ms_very_low', 'liveness_low'})",frozenset({'acousticness_very_high'}),0.036488218593897864,0.24975143449250709,0.02918099162663664,0.7997373604727511,3.2021332013480164,1.0,0.020068006690734476,3.7463231648128246,0.7137517100842755,0.11351880329931495,0.7330716128836786,0.45828874834515776,duration_ms_very_low|energy_very_low|liveness_low,acousticness_very_high
"frozenset({'duration_ms_very_low', 'acousticness_very_high', 'liveness_low'})",frozenset({'energy_very_low'}),0.03387678338264713,0.25050611531043737,0.02918099162663664,0.8613861386138615,3.438583275886885,1.0,0.02069465022223653,5.40706302526042,0.7340498019207777,0.11434472399549378,0.8150567146474427,0.4889371396971373,acousticness_very_high|duration_ms_very_low|liveness_low,energy_very_low
"frozenset({'loudness_very_high', 'instrumentalness_high'})",frozenset({'energy_very_high'}),0.03513458474586423,0.2486014446747086,0.02916901256603457,0.8302079781793386,3.339513892470149,1.0,0.020434504040166744,4.425405547729076,0.7260652208838945,0.11458284316032184,0.7740320092215828,0.47377020602216097,instrumentalness_high|loudness_very_high,energy_very_high
"frozenset({'liveness_very_low', 'acousticness_very_high', 'mode_1'})",frozenset({'energy_very_low'}),0.03725487847243019,0.25050611531043737,0.02916901256603457,0.7829581993569132,3.1255053330200724,1.0,0.019836437683543644,3.4532236761252455,0.7063673681938771,0.11279936999119838,0.7104155149538217,0.4496992603517542,acousticness_very_high|liveness_very_low|mode_1,energy_very_low
"frozenset({'energy_very_low', 'duration_ms_very_low', 'liveness_low'})",frozenset({'loudness_very_low'}),0.036488218593897864,0.25000299476515053,0.029157033505432504,0.799080761654629,3.1962847581296967,1.0,0.02003486958331259,3.7328282319368493,0.7131586504151458,0.11330416162368497,0.7321066125024641,0.4578537492988047,duration_ms_very_low|energy_very_low|liveness_low,loudness_very_low
"frozenset({'loudness_very_low', 'duration_ms_very_low', 'liveness_low'})",frozenset({'energy_very_low'}),0.03278668886785898,0.25050611531043737,0.029157033505432504,0.8892948483741323,3.5499925711277824,1.0,0.020943767443253186,6.770180733978,0.7426585856607246,0.11473014376620318,0.8522934557741971,0.5028436751434548,duration_ms_very_low|liveness_low|loudness_very_low,energy_very_low
"frozenset({'loudness_very_low', 'tempo_very_low', 'acousticness_very_high', 'danceability_very_low'})",frozenset({'valence_very_low'}),0.0378418524419315,0.2507217384012746,0.029145054444830436,0.7701804368471036,3.0718534489994913,1.0,0.019657279416264852,3.260289295303546,0.7009904125790304,0.11234761728851127,0.6932787524590217,0.44321253089369034,acousticness_very_high|danceability_very_low|loudness_very_low|tempo_very_low,valence_very_low
"frozenset({'tempo_very_low', 'valence_very_low', 'acousticness_very_high', 'danceability_very_low'})",frozenset({'loudness_very_low'}),0.03277470980725691,0.25000299476515053,0.029145054444830436,0.8892543859649124,3.5569749346413473,1.0,0.020951278840457457,6.772250185883002,0.7432210857077959,0.1149104992207056,0.8523385916715635,0.5029166036197346,acousticness_very_high|danceability_very_low|tempo_very_low|valence_very_low,loudness_very_low
"frozenset({'loudness_very_low', 'valence_very_low', 'acousticness_very_high', 'tempo_very_low'})",frozenset({'danceability_very_low'}),0.035733537775967605,0.2516321470070317,0.029145054444830436,0.8156218571907476,3.241326145692965,1.0,0.020153347614106837,4.058875100869137,0.7171091483112961,0.1128688068287252,0.7536263188325584,0.4657229537310493,acousticness_very_high|loudness_very_low|tempo_very_low|valence_very_low,danceability_very_low
"frozenset({'loudness_very_low', 'tempo_very_low', 'valence_very_low', 'danceability_very_low'})",frozenset({'acousticness_very_high'}),0.03548197750332419,0.24975143449250709,0.029145054444830436,0.8214044564483456,3.2888878420956136,1.0,0.020283379664744354,4.20082467114025,0.7215477916831363,0.11380858826831322,0.7619515027918161,0.4690503504362693,danceability_very_low|loudness_very_low|tempo_very_low|valence_very_low,acousticness_very_high
"frozenset({'energy_very_low', 'speechiness_very_low', 'valence_very_low'})",frozenset({'mode_1'}),0.04094442913786701,0.6337522011523856,0.029109117263024235,0.7109420713867759,1.1217981887779354,1.0,0.0031604951719731433,1.2670394498594595,0.11320935687772646,0.04508934369955282,0.2107585915253701,0.3784367289170908,energy_very_low|speechiness_very_low|valence_very_low,mode_1
"frozenset({'valence_very_low', 'speechiness_low', 'acousticness_very_high'})",frozenset({'danceability_very_low'}),0.036140825836437906,0.2516321470070317,0.02907318008121803,0.804441498176997,3.1968947836959694,1.0,0.019978986481387958,3.8268234109826857,0.7129635532795634,0.11238192257825523,0.7386866618590036,0.4599899578859849,acousticness_very_high|speechiness_low|valence_very_low,danceability_very_low
"frozenset({'valence_very_high', 'danceability_very_high', 'acousticness_high'})",frozenset({'instrumentalness_low'}),0.04005797865331401,0.5000539057727093,0.029061201020615962,0.7254784688995215,1.4508005247523754,1.0,0.009030052337666482,1.8211543998867756,0.32369180593897845,0.056865594674417506,0.4508977382356094,0.39179730267513446,acousticness_high|danceability_very_high|valence_very_high,instrumentalness_low
"frozenset({'mode_1', 'danceability_low', 'acousticness_high'})",frozenset({'instrumentalness_low'}),0.03924340253237341,0.5000539057727093,0.029013284778207693,0.7393162393162392,1.4784730821646306,1.0,0.009389468066083737,1.917826000806328,0.3368454713793806,0.05685712944269684,0.47857626313358903,0.39866827680645234,acousticness_high|danceability_low|mode_1,instrumentalness_low
"frozenset({'instrumentalness_low', 'danceability_low', 'acousticness_high'})",frozenset({'mode_1'}),0.040704847925825655,0.6337522011523856,0.029013284778207693,0.7127722189523249,1.1246859855575302,1.0,0.003216497807642566,1.275112725905936,0.11556707174200827,0.04495091033945176,0.21575561149738767,0.37927619547937574,acousticness_high|danceability_low|instrumentalness_low,mode_1
"frozenset({'energy_very_low', 'loudness_very_low', 'key_very_high'})",frozenset({'acousticness_very_high'}),0.039183507229363077,0.24975143449250709,0.029001305717605626,0.7401406297768266,2.963509023604955,1.0,0.019215168578624674,2.887133009147069,0.6895824470585481,0.11157196184155951,0.6536356320156428,0.42813065351376706,energy_very_low|key_very_high|loudness_very_low,acousticness_very_high
"frozenset({'energy_very_low', 'key_very_high', 'acousticness_very_high'})",frozenset({'loudness_very_low'}),0.03890798883551552,0.25000299476515053,0.029001305717605626,0.7453817733990147,2.9814913781301553,1.0,0.019274191988437703,2.9455746952875335,0.6915023524261839,0.11158224639351062,0.6605076755989769,0.43069280332624427,acousticness_very_high|energy_very_low|key_very_high,loudness_very_low
"frozenset({'loudness_very_low', 'key_very_high', 'acousticness_very_high'})",frozenset({'energy_very_low'}),0.033062207261706535,0.25050611531043737,0.029001305717605626,0.8771739130434784,3.501606784953927,1.0,0.02071902061288699,6.102074105437152,0.7388446553453377,0.11392405063291138,0.8361212953626757,0.4964723811583115,acousticness_very_high|key_very_high|loudness_very_low,energy_very_low
"frozenset({'acousticness_low', 'instrumentalness_low', 'energy_very_high'})",frozenset({'loudness_very_high'}),0.03759029216928809,0.2499430994621402,0.028941410414595286,0.7699171446781389,3.080369677478378,1.0,0.019545976280116006,3.25994259541247,0.7017423394206038,0.11191921063603094,0.6932461321842776,0.4428545704219834,acousticness_low|energy_very_high|instrumentalness_low,loudness_very_high
"frozenset({'valence_very_low', 'key_very_low', 'instrumentalness_high'})",frozenset({'mode_1'}),0.0408006804106422,0.6337522011523856,0.028869536050982882,0.7075748678802114,1.1164850656038592,1.0,0.003012015032223366,1.252449802083308,0.10876983466279959,0.04471160089794252,0.20156480656022005,0.37656410911258464,instrumentalness_high|key_very_low|valence_very_low,mode_1
"frozenset({'energy_very_low', 'loudness_very_low', 'duration_ms_low'})",frozenset({'acousticness_very_high'}),0.03679967416955163,0.24975143449250709,0.028809640747972542,0.7828776041666665,3.134627057327889,1.0,0.019618869335270163,3.455417681018016,0.7070001585230358,0.11177728202268081,0.7105993855696815,0.4491154292596966,duration_ms_low|energy_very_low|loudness_very_low,acousticness_very_high
"frozenset({'energy_very_low', 'duration_ms_low', 'acousticness_very_high'})",frozenset({'loudness_very_low'}),0.03951892092622097,0.25000299476515053,0.028809640747972542,0.7290087905425886,2.9160002312268687,1.0,0.018929792166530124,2.7676063985120445,0.6840993678983203,0.11050358390001837,0.638676944619859,0.4221229865506426,acousticness_very_high|duration_ms_low|energy_very_low,loudness_very_low
"frozenset({'loudness_very_low', 'duration_ms_low', 'acousticness_very_high'})",frozenset({'energy_very_low'}),0.03181638495909151,0.25050611531043737,0.028809640747972542,0.9054969879518071,3.6146701921016113,1.0,0.0208394417486491,7.930899433209068,0.7471202529960557,0.11364173321362754,0.8739108964346846,0.5102513631419326,acousticness_very_high|duration_ms_low|loudness_very_low,energy_very_low
"frozenset({'instrumentalness_low', 'key_very_low', 'acousticness_very_high'})",frozenset({'mode_1'}),0.03676373698774542,0.6337522011523856,0.028797661687370475,0.7833170413815576,1.2359989282202257,1.0,0.0054985624487994406,1.6902473603959831,0.1982253130327703,0.044875863356356176,0.40837061874439207,0.4143784904478906,acousticness_very_high|instrumentalness_low|key_very_low,mode_1
"frozenset({'instrumentalness_low', 'acousticness_very_high', 'tempo_very_low'})",frozenset({'mode_1'}),0.039698606835251976,0.6337522011523856,0.028761724505564273,0.7245021122510562,1.1431946286476877,1.0,0.0036026450410401936,1.3294032917645064,0.13043645689844258,0.044613326396372964,0.24778281639974886,0.38494267317495634,acousticness_very_high|instrumentalness_low|tempo_very_low,mode_1
"frozenset({'energy_very_low', 'tempo_very_low', 'mode_1', 'danceability_very_low'})",frozenset({'acousticness_very_high'}),0.033804909019034726,0.24975143449250709,0.028713808263156004,0.8493975903614458,3.400971818590011,1.0,0.020270983742763392,4.981650474969753,0.7306665112058005,0.11267274607502117,0.7992633154364225,0.4821835666325911,danceability_very_low|energy_very_low|mode_1|tempo_very_low,acousticness_very_high
"frozenset({'tempo_very_low', 'mode_1', 'acousticness_very_high', 'danceability_very_low'})",frozenset({'energy_very_low'}),0.032223673019561805,0.25050611531043737,0.028713808263156004,0.8910780669144982,3.5571110342365815,1.0,0.020641581113991826,6.881018941347866,0.7428090220318917,0.11303937750530535,0.8546726860478431,0.5028506248880066,acousticness_very_high|danceability_very_low|mode_1|tempo_very_low,energy_very_low
"frozenset({'speechiness_very_low', 'instrumentalness_low', 'tempo_high'})",frozenset({'mode_1'}),0.03634446986667306,0.6337522011523856,0.028701829202553937,0.7897165458141068,1.2460967305172634,1.0,0.005668441424833335,1.7416862409148306,0.2049426131417778,0.04474908017854808,0.42584377340275464,0.4175026354436756,instrumentalness_low|speechiness_very_low|tempo_high,mode_1
"frozenset({'energy_very_low', 'loudness_very_low', 'danceability_low'})",frozenset({'mode_1'}),0.039914229926089194,0.6337522011523856,0.028641933899543597,0.7175870348139256,1.1322833017527965,1.0,0.0033462028265821495,1.2968519296070684,0.12168579695286706,0.044404412584035956,0.22890194541871187,0.38139062543077906,danceability_low|energy_very_low|loudness_very_low,mode_1
"frozenset({'loudness_very_low', 'mode_1', 'danceability_low'})",frozenset({'energy_very_low'}),0.03842882641143282,0.25050611531043737,0.028641933899543597,0.7453241895261845,2.9752734323573238,1.0,0.019015277879276427,2.9429331482057735,0.6904288062540298,0.110037277371255,0.660202950716134,0.429830227892396,danceability_low|loudness_very_low|mode_1,energy_very_low
"frozenset({'energy_very_low', 'danceability_very_low', 'mode_1', 'instrumentalness_high'})",frozenset({'acousticness_very_high'}),0.03275075168605278,0.24975143449250709,0.02862995483894153,0.8741770299926848,3.5001882242198348,1.0,0.020450407624641953,5.962731331678739,0.7384870858747165,0.11277308545274384,0.8322916220143595,0.4944054126892773,danceability_very_low|energy_very_low|instrumentalness_high|mode_1,acousticness_very_high
"frozenset({'danceability_very_low', 'mode_1', 'acousticness_very_high', 'instrumentalness_high'})",frozenset({'energy_very_low'}),0.03065441608069095,0.25050611531043737,0.02862995483894153,0.9339585775693631,3.7282865386817545,1.0,0.020950836149457835,11.34884527171948,0.7549219643555183,0.11337223091883686,0.9118853084998939,0.5241235121970763,acousticness_very_high|danceability_very_low|instrumentalness_high|mode_1,energy_very_low
"frozenset({'energy_very_low', 'speechiness_very_low', 'liveness_low'})",frozenset({'mode_1'}),0.03742258532085914,0.6337522011523856,0.028558080475329126,0.7631241997439181,1.2041365668731223,1.0,0.004841434655421691,1.5461596264864157,0.17612029087367762,0.04444030198527356,0.3532362487872879,0.404093051577847,energy_very_low|liveness_low|speechiness_very_low,mode_1
"frozenset({'instrumentalness_low', 'key_very_low', 'liveness_very_low'})",frozenset({'mode_1'}),0.03812934989638113,0.6337522011523856,0.028546101414727056,0.7486647816525289,1.1813209962682443,1.0,0.004381541989386027,1.457208429664945,0.15957450300025017,0.04437203239921794,0.3137563716743463,0.39685389162959117,instrumentalness_low|key_very_low|liveness_very_low,mode_1
"frozenset({'mode_1', 'tempo_very_high', 'acousticness_high'})",frozenset({'instrumentalness_low'}),0.03983037650187472,0.5000539057727093,0.028546101414727056,0.7166917293233083,1.4332289400196545,1.0,0.008628766076567061,1.7646717232545028,0.3148139213047197,0.05582626622311765,0.43332236425495274,0.386888888808837,acousticness_high|mode_1|tempo_very_high,instrumentalness_low
"frozenset({'energy_very_low', 'valence_very_low', 'key_very_low'})",frozenset({'loudness_very_low'}),0.03532624971549731,0.25000299476515053,0.028510164232920854,0.8070532383858935,3.228174283048203,1.0,0.019678496010224977,3.8870670798551332,0.7155034347030753,0.11101264051494938,0.7427366239233337,0.46054626461700043,energy_very_low|key_very_low|valence_very_low,loudness_very_low
"frozenset({'loudness_very_low', 'valence_very_low', 'key_very_low'})",frozenset({'energy_very_low'}),0.03512260568526216,0.25050611531043737,0.028510164232920854,0.8117326057298773,3.2403704185981455,1.0,0.019711736723125546,3.981007373024997,0.7165607887163953,0.11088333954528512,0.7488072976764816,0.4627714291082439,key_very_low|loudness_very_low|valence_very_low,energy_very_low
"frozenset({'energy_very_low', 'liveness_low', 'acousticness_very_high', 'danceability_very_low'})",frozenset({'loudness_very_low'}),0.0330023119586962,0.25000299476515053,0.028498185172318787,0.8635208711433757,3.454042108393764,1.0,0.020247508348470996,5.495323801654284,0.7347319859516854,0.11197401863880259,0.8180271015697083,0.4887561231615297,acousticness_very_high|danceability_very_low|energy_very_low|liveness_low,loudness_very_low
"frozenset({'energy_very_low', 'loudness_very_low', 'liveness_low', 'danceability_very_low'})",frozenset({'acousticness_very_high'}),0.03241533798919489,0.24975143449250709,0.028498185172318787,0.8791574279379157,3.5201296429962716,1.0,0.020402408009957903,6.208478954933565,0.7399037849740314,0.11234416320362675,0.8389299525280101,0.4966318100407119,danceability_very_low|energy_very_low|liveness_low|loudness_very_low,acousticness_very_high
"frozenset({'loudness_very_low', 'liveness_low', 'acousticness_very_high', 'danceability_very_low'})",frozenset({'energy_very_low'}),0.0295643215659028,0.25050611531043737,0.028498185172318787,0.9639384116693679,3.8479635935227217,1.0,0.02109214182505589,20.78371806082966,0.7626701056362805,0.11328031998476264,0.9518854135206605,0.5388504223610803,acousticness_very_high|danceability_very_low|liveness_low|loudness_very_low,energy_very_low
"frozenset({'energy_very_low', 'liveness_low', 'danceability_very_low'})","frozenset({'loudness_very_low', 'acousticness_very_high'})",0.03924340253237341,0.15069658237401024,0.028498185172318787,0.7261904761904762,4.818891475509123,1.0,0.022584338529962535,3.10180378611231,0.8248534507621337,0.17652296505156934,0.677606944553587,0.45765008706185173,danceability_very_low|energy_very_low|liveness_low,acousticness_very_high|loudness_very_low
"frozenset({'liveness_low', 'acousticness_very_high', 'danceability_very_low'})","frozenset({'energy_very_low', 'loudness_very_low'})",0.03584134932138622,0.17769738497107057,0.028498185172318787,0.7951203208556149,4.474575250418355,1.0,0.0221292711240738,4.013587967645279,0.805381043862281,0.15401048747329577,0.7508463728560839,0.4777475677353442,acousticness_very_high|danceability_very_low|liveness_low,energy_very_low|loudness_very_low
"frozenset({'loudness_very_low', 'liveness_low', 'danceability_very_low'})","frozenset({'energy_very_low', 'acousticness_very_high'})",0.03545801938212005,0.17666718575929274,0.028498185172318787,0.8037162162162163,4.549323705825436,1.0,0.02223391667548118,4.19460435482357,0.8088679640391598,0.155196033661687,0.7615984928709537,0.48251311217645637,danceability_very_low|liveness_low|loudness_very_low,acousticness_very_high|energy_very_low
"frozenset({'energy_very_low', 'duration_ms_very_low', 'tempo_very_low'})",frozenset({'acousticness_very_high'}),0.03624863738185651,0.24975143449250709,0.028450268929910517,0.7848645076007932,3.142582580939451,1.0,0.019397119745393137,3.4873305057230013,0.7074338976597647,0.11046511627906978,0.7132477124382343,0.44938942200990306,duration_ms_very_low|energy_very_low|tempo_very_low,acousticness_very_high
"frozenset({'duration_ms_very_low', 'acousticness_very_high', 'tempo_very_low'})",frozenset({'energy_very_low'}),0.036188742078846176,0.25050611531043737,0.028450268929910517,0.7861635220125787,3.138300719877967,1.0,0.019384767733767398,3.5049861078129556,0.7069394715255163,0.1101679191019575,0.7146921644651023,0.44986733866504985,acousticness_very_high|duration_ms_very_low|tempo_very_low,energy_very_low
"frozenset({'speechiness_very_low', 'instrumentalness_low', 'tempo_low'})",frozenset({'mode_1'}),0.037482480623869475,0.6337522011523856,0.028414331748104312,0.7580696708213487,1.1961610065304862,1.0,0.004659727148075388,1.5138564895563877,0.17037834579112668,0.04420260146845067,0.33943540428126406,0.4014523762858279,instrumentalness_low|speechiness_very_low|tempo_low,mode_1
"frozenset({'instrumentalness_high', 'speechiness_low', 'danceability_very_low'})",frozenset({'loudness_very_low'}),0.03463146420057739,0.25000299476515053,0.028402352687502245,0.8201314424074715,3.2804864724836276,1.0,0.019744382924255798,4.1696948887191345,0.7201054692129256,0.11084618980832163,0.7601742989144262,0.4668697461198833,danceability_very_low|instrumentalness_high|speechiness_low,loudness_very_low
"frozenset({'energy_very_low', 'danceability_very_low', 'liveness_low'})",frozenset({'valence_very_low'}),0.03924340253237341,0.2507217384012746,0.028402352687502245,0.7237484737484737,2.886660240805009,1.0,0.0185631785838046,2.712304513809309,0.6802752198077219,0.10858713075337759,0.6313098345305095,0.4185154217762913,danceability_very_low|energy_very_low|liveness_low,valence_very_low
"frozenset({'danceability_very_low', 'valence_very_low', 'liveness_low'})",frozenset({'energy_very_low'}),0.039782460259466454,0.25050611531043737,0.028402352687502245,0.713941583860283,2.8499966277291775,1.0,0.018436603110411447,2.62007283268846,0.676015970314386,0.10845302351111516,0.6183312205966812,0.4136607307212662,danceability_very_low|liveness_low|valence_very_low,energy_very_low
"frozenset({'mode_1', 'loudness_very_high', 'danceability_very_low'})",frozenset({'energy_very_high'}),0.037278836593634325,0.2486014446747086,0.028366415505696043,0.7609254498714654,3.0608247303917535,1.0,0.019098842872726157,3.142946645392887,0.699362073447519,0.11015490533562822,0.6818272427672745,0.4375147174187472,danceability_very_low|loudness_very_high|mode_1,energy_very_high
"frozenset({'energy_very_low', 'key_high', 'acousticness_very_high'})",frozenset({'mode_1'}),0.03893194695671966,0.6337522011523856,0.028318499263287774,0.7273846153846154,1.1477429412662756,1.0,0.00364529218431877,1.3434597587525359,0.13393928281309975,0.04394787232064844,0.25565317942344185,0.38603424134697173,acousticness_very_high|energy_very_low|key_high,mode_1
"frozenset({'loudness_very_low', 'valence_very_high'})",frozenset({'mode_1'}),0.04004599959271194,0.6337522011523856,0.028306520202685707,0.7068501346096321,1.1153415062296093,1.0,0.0029272798134569768,1.2493534607628316,0.10772768603995304,0.04385264916024868,0.19958600075480729,0.37575755005691885,loudness_very_low|valence_very_high,mode_1
"frozenset({'energy_very_high', 'instrumentalness_low', 'tempo_very_high'})",frozenset({'loudness_very_high'}),0.03666790450292888,0.2499430994621402,0.02829454114208364,0.7716432538386149,3.087275685942666,1.0,0.01912965143983983,3.2845839378346056,0.7018242521521073,0.10953440920051939,0.6955474364709766,0.4424235919324874,energy_very_high|instrumentalness_low|tempo_very_high,loudness_very_high
"frozenset({'energy_very_low', 'acousticness_very_high', 'instrumentalness_high', 'mode_1', 'valence_very_low'})",frozenset({'loudness_very_low'}),0.029192970687238706,0.25000299476515053,0.028246624899675367,0.9675830939679935,3.870286013481271,1.0,0.020948294801774438,23.135983566548482,0.7639223247816361,0.1125590720320779,0.9567772860348213,0.5402841200553911,acousticness_very_high|energy_very_low|instrumentalness_high|mode_1|valence_very_low,loudness_very_low
"frozenset({'energy_very_low', 'instrumentalness_high', 'loudness_very_low', 'mode_1', 'valence_very_low'})",frozenset({'acousticness_very_high'}),0.03384084620084093,0.24975143449250709,0.028246624899675367,0.8346902654867256,3.3420839691383937,1.0,0.019794825016575035,4.538441536528195,0.7253313208204017,0.11062112966785514,0.7796600458656613,0.473894607538317,energy_very_low|instrumentalness_high|loudness_very_low|mode_1|valence_very_low,acousticness_very_high
"frozenset({'acousticness_very_high', 'instrumentalness_high', 'mode_1', 'loudness_very_low', 'valence_very_low'})",frozenset({'energy_very_low'}),0.02963619592951521,0.25050611531043737,0.028246624899675367,0.9531123686337913,3.8047469118774035,1.0,0.020822576584793515,15.9848954372584,0.7596845899888167,0.11213619935324329,0.9374409420490076,0.532935296788204,acousticness_very_high|instrumentalness_high|loudness_very_low|mode_1|valence_very_low,energy_very_low
"frozenset({'energy_very_low', 'mode_1', 'valence_very_low', 'instrumentalness_high'})","frozenset({'loudness_very_low', 'acousticness_very_high'})",0.035697600594161404,0.15069658237401024,0.028246624899675367,0.7912751677852349,5.250783762443849,1.0,0.022867118491182805,4.06900994296696,0.8395211311345397,0.1786093016209665,0.7542399713894925,0.4893577746716318,energy_very_low|instrumentalness_high|mode_1|valence_very_low,acousticness_very_high|loudness_very_low
"frozenset({'valence_very_low', 'mode_1', 'acousticness_very_high', 'instrumentalness_high'})","frozenset({'energy_very_low', 'loudness_very_low'})",0.03127732723199847,0.17769738497107057,0.028246624899675367,0.9031022596706242,5.0822484518703,1.0,0.022688725641664784,8.486292995417125,0.8291709464607565,0.15629349771326306,0.8821629184215024,0.5310307037870446,acousticness_very_high|instrumentalness_high|mode_1|valence_very_low,energy_very_low|loudness_very_low
"frozenset({'energy_very_low', 'instrumentalness_high', 'tempo_very_low'})",frozenset({'valence_very_low'}),0.040321517986559495,0.2507217384012746,0.0282346458390733,0.700237670825906,2.792887745956799,1.0,0.01812516475450484,2.499574458415569,0.6689195073689427,0.10743424951000502,0.599931901755037,0.4064255721544724,energy_very_low|instrumentalness_high|tempo_very_low,valence_very_low
"frozenset({'valence_very_low', 'instrumentalness_high', 'tempo_very_low'})",frozenset({'energy_very_low'}),0.03826111956300387,0.25050611531043737,0.0282346458390733,0.7379461490294302,2.945820895888858,1.0,0.018650001409917023,2.860075827596731,0.6868143344553527,0.10837279874936778,0.650358920434539,0.4253282772691145,instrumentalness_high|tempo_very_low|valence_very_low,energy_very_low
"frozenset({'energy_very_low', 'duration_ms_very_low', 'tempo_very_low'})",frozenset({'loudness_very_low'}),0.03624863738185651,0.25000299476515053,0.028174750536062963,0.777263714474554,3.1090176147877955,1.0,0.01911248263444285,3.3671972371523085,0.7038692933576547,0.10917192721871517,0.7030171001073535,0.4449806833034006,duration_ms_very_low|energy_very_low|tempo_very_low,loudness_very_low
"frozenset({'loudness_very_low', 'duration_ms_very_low', 'tempo_very_low'})",frozenset({'energy_very_low'}),0.034056469291678146,0.25050611531043737,0.028174750536062963,0.8272951107984524,3.302494670731829,1.0,0.019643396712615467,4.339737503406166,0.7217798771872458,0.10989113675652944,0.7695713164183036,0.4698832095690808,duration_ms_very_low|loudness_very_low|tempo_very_low,energy_very_low
"frozenset({'energy_very_low', 'tempo_very_low', 'mode_1', 'danceability_very_low'})",frozenset({'loudness_very_low'}),0.033804909019034726,0.25000299476515053,0.028174750536062963,0.8334514528703049,3.333765876097756,1.0,0.019723422043540835,4.50317350802712,0.7245316503183592,0.11021555763823805,0.7779343837812484,0.47307455250127606,danceability_very_low|energy_very_low|mode_1|tempo_very_low,loudness_very_low
"frozenset({'loudness_very_low', 'tempo_very_low', 'mode_1', 'danceability_very_low'})",frozenset({'energy_very_low'}),0.03162471998945843,0.25050611531043737,0.028174750536062963,0.890909090909091,3.55643649579189,1.0,0.020252564783723396,6.8703606096543295,0.7422945229255125,0.11094339622641508,0.8544472325666884,0.5016901996244001,danceability_very_low|loudness_very_low|mode_1|tempo_very_low,energy_very_low
"frozenset({'energy_very_low', 'valence_low', 'instrumentalness_low'})",frozenset({'mode_1'}),0.03654811389690821,0.6337522011523856,0.028102876172450556,0.7689282202556538,1.2132947528347362,1.0,0.004940428542316886,1.5849957933107388,0.18246678543449826,0.04376049244543928,0.36908349900967236,0.4066359275363894,energy_very_low|instrumentalness_low|valence_low,mode_1
"frozenset({'instrumentalness_low', 'key_very_low', 'tempo_high'})",frozenset({'mode_1'}),0.03658405107871441,0.6337522011523856,0.028102876172450556,0.768172888015717,1.212102911230773,1.0,0.004917653274243993,1.5798316068935228,0.18163239249288668,0.043758043758043756,0.3670211460281299,0.406258261416421,instrumentalness_low|key_very_low|tempo_high,mode_1
"frozenset({'energy_very_low', 'acousticness_very_high', 'instrumentalness_high', 'danceability_very_low', 'mode_1'})",frozenset({'loudness_very_low'}),0.02862995483894153,0.25000299476515053,0.02804298086944022,0.9794979079497909,3.9179446985021844,1.0,0.020885406419713825,36.58148658186318,0.7667151563586725,0.11190783498255175,0.9726637681122616,0.5458342438646894,acousticness_very_high|danceability_very_low|energy_very_low|instrumentalness_high|mode_1,loudness_very_low
"frozenset({'energy_very_low', 'instrumentalness_high', 'danceability_very_low', 'loudness_very_low', 'mode_1'})",frozenset({'acousticness_very_high'}),0.031720552474274966,0.24975143449250709,0.02804298086944022,0.8840634441087614,3.5397732385608562,1.0,0.020120727386095202,6.471199353302416,0.7410009887099125,0.11065418793722823,0.8454691402004677,0.4981735034347826,danceability_very_low|energy_very_low|instrumentalness_high|loudness_very_low|mode_1,acousticness_very_high
"frozenset({'acousticness_very_high', 'instrumentalness_high', 'danceability_very_low', 'loudness_very_low', 'mode_1'})",frozenset({'energy_very_low'}),0.02938463565687179,0.25050611531043737,0.02804298086944022,0.9543416225030575,3.809653993158604,1.0,0.020681949941224707,16.41525445663839,0.7598364885339118,0.11134893455098936,0.9390810539890474,0.5331434585353849,acousticness_very_high|danceability_very_low|instrumentalness_high|loudness_very_low|mode_1,energy_very_low
"frozenset({'energy_very_low', 'danceability_very_low', 'mode_1', 'instrumentalness_high'})","frozenset({'loudness_very_low', 'acousticness_very_high'})",0.03275075168605278,0.15069658237401024,0.02804298086944022,0.8562545720555963,5.681977378428388,1.0,0.023107554520172213,5.908385607606762,0.8519054758350981,0.18045170739227626,0.8307490291912315,0.5211718011311368,danceability_very_low|energy_very_low|instrumentalness_high|mode_1,acousticness_very_high|loudness_very_low
"frozenset({'danceability_very_low', 'mode_1', 'acousticness_very_high', 'instrumentalness_high'})","frozenset({'energy_very_low', 'loudness_very_low'})",0.03065441608069095,0.17769738497107057,0.02804298086944022,0.9148104728409536,5.148136946359037,1.0,0.022595771294086305,9.652625650729512,0.8312360280946814,0.1555275046505448,0.8964012449892923,0.5363118024175106,acousticness_very_high|danceability_very_low|instrumentalness_high|mode_1,energy_very_low|loudness_very_low
"frozenset({'loudness_very_low', 'danceability_very_low', 'mode_1', 'instrumentalness_high'})","frozenset({'energy_very_low', 'acousticness_very_high'})",0.03731477377544053,0.17666718575929274,0.02804298086944022,0.7515248796147673,4.253901913843312,1.0,0.021450684799288484,3.313542269198713,0.794570942068352,0.1508181935317614,0.6982081655346374,0.455129133596372,danceability_very_low|instrumentalness_high|loudness_very_low|mode_1,acousticness_very_high|energy_very_low
"frozenset({'loudness_very_low', 'valence_low', 'acousticness_very_high'})",frozenset({'mode_1'}),0.038620491381065894,0.6337522011523856,0.028031001808838153,0.7258064516129034,1.1452527506699473,1.0,0.0035551803865009057,1.3357272663854178,0.13192532137146196,0.04350331852237446,0.25134417394497155,0.385018337799647,acousticness_very_high|loudness_very_low|valence_low,mode_1
"frozenset({'energy_very_low', 'danceability_very_low', 'speechiness_low', 'acousticness_very_high'})",frozenset({'valence_very_low'}),0.03762622935109429,0.2507217384012746,0.028019022748236082,0.7446673034065583,2.9700946880590573,1.0,0.01858530911584466,2.934517480899745,0.6892440522588558,0.10762930241119086,0.6592284740135905,0.4282103836669676,acousticness_very_high|danceability_very_low|energy_very_low|speechiness_low,valence_very_low
"frozenset({'energy_very_low', 'valence_very_low', 'speechiness_low', 'acousticness_very_high'})",frozenset({'danceability_very_low'}),0.03418823895830089,0.2516321470070317,0.028019022748236082,0.8195515066573229,3.256942788929195,1.0,0.019416162776769386,4.147265732896951,0.7174934335550541,0.10868454068119512,0.7588772785722897,0.46545032249937457,acousticness_very_high|energy_very_low|speechiness_low|valence_very_low,danceability_very_low
"frozenset({'energy_very_low', 'valence_very_low', 'speechiness_low', 'danceability_very_low'})",frozenset({'acousticness_very_high'}),0.03164867811066256,0.24975143449250709,0.028019022748236082,0.8853141559424678,3.5447810649873506,1.0,0.0201147199903065,6.54177132036566,0.7413581354205185,0.11058055975794251,0.8471362034795029,0.49875089542051204,danceability_very_low|energy_very_low|speechiness_low|valence_very_low,acousticness_very_high
"frozenset({'danceability_very_low', 'valence_very_low', 'speechiness_low', 'acousticness_very_high'})",frozenset({'energy_very_low'}),0.02907318008121803,0.25050611531043737,0.028019022748236082,0.9637412443345694,3.8471765175882515,1.0,0.02073601334636937,20.67070066069964,0.7622295512176487,0.11138095238095239,0.9516223462177429,0.537795450017323,acousticness_very_high|danceability_very_low|speechiness_low|valence_very_low,energy_very_low
"frozenset({'valence_very_low', 'speechiness_low', 'acousticness_very_high'})","frozenset({'energy_very_low', 'danceability_very_low'})",0.036140825836437906,0.09933037051234442,0.028019022748236082,0.7752734504474643,7.804999079824394,1.0,0.024429141127280594,4.007847009091823,0.9045688521596672,0.26075808249721294,0.7504894778339856,0.5286762814224779,acousticness_very_high|speechiness_low|valence_very_low,danceability_very_low|energy_very_low
"frozenset({'energy_very_low', 'speechiness_very_low', 'danceability_very_low'})",frozenset({'mode_1'}),0.038392889229626616,0.6337522011523856,0.027995064627031947,0.729173166926677,1.1505651035227686,1.0,0.0036634865691563614,1.3523320222426312,0.13608663114455574,0.04346047272794897,0.2605366259525109,0.38667334274885024,danceability_very_low|energy_very_low|speechiness_very_low,mode_1
"frozenset({'acousticness_very_low', 'key_very_low', 'loudness_very_high'})",frozenset({'energy_very_high'}),0.03454761077636292,0.2486014446747086,0.02798308556642988,0.8099861303744799,3.2581714536467596,1.0,0.01939449961736653,3.954440572186387,0.7178804346440473,0.10966621285385664,0.747119729897191,0.46127408479886234,acousticness_very_low|key_very_low|loudness_very_high,energy_very_high
"frozenset({'mode_1', 'loudness_very_high', 'instrumentalness_medium'})",frozenset({'energy_very_high'}),0.038440805472034885,0.2486014446747086,0.027947148384623678,0.7270177625428482,2.9244309641649124,1.0,0.018390708609816363,2.7525547534690182,0.6843605040446701,0.10786444125942023,0.636701141461506,0.4197176221763535,instrumentalness_medium|loudness_very_high|mode_1,energy_very_high
"frozenset({'speechiness_very_low', 'instrumentalness_low', 'tempo_very_low'})",frozenset({'mode_1'}),0.03624863738185651,0.6337522011523856,0.02793516932402161,0.7706543291473894,1.216018386596634,1.0,0.004962515594495398,1.596924840508475,0.18432556395550856,0.04350827440810463,0.3737964526360607,0.4073666693464005,instrumentalness_low|speechiness_very_low|tempo_very_low,mode_1
"frozenset({'energy_very_low', 'acousticness_very_high', 'tempo_very_low', 'danceability_very_low', 'loudness_very_low'})",frozenset({'valence_very_low'}),0.03582937026078415,0.2507217384012746,0.027815378718000935,0.7763289869608826,3.0963768515292647,1.0,0.0188321767203942,3.3499122278651527,0.7022013264307362,0.10750497708227233,0.7014847160227583,0.4436351098206228,acousticness_very_high|danceability_very_low|energy_very_low|loudness_very_low|tempo_very_low,valence_very_low
"frozenset({'energy_very_low', 'acousticness_very_high', 'tempo_very_low', 'danceability_very_low', 'valence_very_low'})",frozenset({'loudness_very_low'}),0.030522646414068207,0.25000299476515053,0.027815378718000935,0.9113029827315542,3.6451682652346626,1.0,0.0201846257063261,8.455718448399987,0.7485107713591179,0.11006825938566553,0.8817368380815443,0.5112815824055471,acousticness_very_high|danceability_very_low|energy_very_low|tempo_very_low|valence_very_low,loudness_very_low
"frozenset({'energy_very_low', 'acousticness_very_high', 'tempo_very_low', 'loudness_very_low', 'valence_very_low'})",frozenset({'danceability_very_low'}),0.033685118413014054,0.2516321470070317,0.027815378718000935,0.8257467994310099,3.2815632233505325,1.0,0.019339120049548113,4.294715107380054,0.7195037537323266,0.10802009676218832,0.7671556843708687,0.46814332259468233,acousticness_very_high|energy_very_low|loudness_very_low|tempo_very_low|valence_very_low,danceability_very_low
"frozenset({'energy_very_low', 'tempo_very_low', 'danceability_very_low', 'loudness_very_low', 'valence_very_low'})",frozenset({'acousticness_very_high'}),0.031768468716683235,0.24975143449250709,0.027815378718000935,0.8755656108597286,3.505748075637167,1.0,0.01988115808437896,6.0292702900784025,0.7382058448821484,0.1096369044808537,0.8341424497678316,0.4934689294645902,danceability_very_low|energy_very_low|loudness_very_low|tempo_very_low|valence_very_low,acousticness_very_high
"frozenset({'acousticness_very_high', 'tempo_very_low', 'danceability_very_low', 'loudness_very_low', 'valence_very_low'})",frozenset({'energy_very_low'}),0.029145054444830436,0.25050611531043737,0.027815378718000935,0.9543773119605425,3.8097964625647536,1.0,0.020514364348515265,16.42809568873609,0.7596590917423932,0.11045045902107214,0.9391286720660114,0.5327070186428573,acousticness_very_high|danceability_very_low|loudness_very_low|tempo_very_low|valence_very_low,energy_very_low
"frozenset({'energy_very_low', 'valence_very_low', 'acousticness_very_high', 'tempo_very_low'})","frozenset({'loudness_very_low', 'danceability_very_low'})",0.03792570586614598,0.09570071514991794,0.027815378718000935,0.7334175615919141,7.663658107914807,1.0,0.024185861544045326,3.3921937628381036,0.903790920607104,0.2628778444469603,0.7052055189314002,0.512033602425698,acousticness_very_high|energy_very_low|tempo_very_low|valence_very_low,danceability_very_low|loudness_very_low
"frozenset({'energy_very_low', 'tempo_very_low', 'valence_very_low', 'danceability_very_low'})","frozenset({'loudness_very_low', 'acousticness_very_high'})",0.035853328381988285,0.15069658237401024,0.027815378718000935,0.7758102238556632,5.148160705663506,1.0,0.022412404664102197,3.7883235900962555,0.8357191838221906,0.17523205795788996,0.7360309972954049,0.4801944600995327,danceability_very_low|energy_very_low|tempo_very_low|valence_very_low,acousticness_very_high|loudness_very_low
"frozenset({'loudness_very_low', 'tempo_very_low', 'acousticness_very_high', 'danceability_very_low'})","frozenset({'energy_very_low', 'valence_very_low'})",0.0378418524419315,0.10502042429832653,0.027815378718000935,0.7350427350427351,6.999045566172292,1.0,0.023841211318314626,3.377826140551478,0.8908341923005652,0.24177426072469804,0.7039516072201585,0.49994979229609093,acousticness_very_high|danceability_very_low|loudness_very_low|tempo_very_low,energy_very_low|valence_very_low
"frozenset({'tempo_very_low', 'valence_very_low', 'acousticness_very_high', 'danceability_very_low'})","frozenset({'energy_very_low', 'loudness_very_low'})",0.03277470980725691,0.17769738497107057,0.027815378718000935,0.8486842105263158,4.776008440779717,1.0,0.021991398492065682,5.434347716712926,0.8174105283996588,0.1522822665267576,0.815985275118746,0.5026082506049403,acousticness_very_high|danceability_very_low|tempo_very_low|valence_very_low,energy_very_low|loudness_very_low
"frozenset({'loudness_very_low', 'valence_very_low', 'acousticness_very_high', 'tempo_very_low'})","frozenset({'energy_very_low', 'danceability_very_low'})",0.035733537775967605,0.09933037051234442,0.027815378718000935,0.7784109956419712,7.836586047418732,1.0,0.024265953170997216,4.064595317339906,0.9047223429209187,0.25935440634424217,0.7539730472714182,0.5292199696010146,acousticness_very_high|loudness_very_low|tempo_very_low|valence_very_low,danceability_very_low|energy_very_low
"frozenset({'loudness_very_low', 'tempo_very_low', 'valence_very_low', 'danceability_very_low'})","frozenset({'energy_very_low', 'acousticness_very_high'})",0.03548197750332419,0.17666718575929274,0.027815378718000935,0.7839297771775826,4.437325323366384,1.0,0.021546877607314115,3.8104871809077716,0.8031358649636287,0.15089680270340528,0.7375663655265807,0.4706874272380997,danceability_very_low|loudness_very_low|tempo_very_low|valence_very_low,acousticness_very_high|energy_very_low
"frozenset({'instrumentalness_low', 'danceability_low', 'acousticness_very_high'})",frozenset({'mode_1'}),0.03741060626025707,0.6337522011523856,0.027767462475592666,0.7422350304194685,1.1711754674300503,1.0,0.0040584084117095305,1.4208594730448445,0.15183730393708317,0.04315769875256005,0.29620063139879665,0.3930247073465833,acousticness_very_high|danceability_low|instrumentalness_low,mode_1
"frozenset({'energy_very_low', 'mode_1', 'duration_ms_low'})",frozenset({'acousticness_very_high'}),0.037781957138921164,0.24975143449250709,0.027743504354388528,0.7343056436271401,2.9401458498896846,1.0,0.018307406361008548,2.8237278945234277,0.6857913581859534,0.1067920874256467,0.6458582280752041,0.4226950540549246,duration_ms_low|energy_very_low|mode_1,acousticness_very_high
"frozenset({'energy_very_low', 'duration_ms_low', 'acousticness_very_high'})",frozenset({'mode_1'}),0.03951892092622097,0.6337522011523856,0.027743504354388528,0.7020309184601394,1.107737246803402,1.0,0.002698301230228916,1.2291469871803458,0.10126055429687343,0.04297802850356294,0.186427652323346,0.3729037495617964,acousticness_very_high|duration_ms_low|energy_very_low,mode_1
"frozenset({'energy_very_low', 'key_very_low', 'instrumentalness_high'})",frozenset({'loudness_very_low'}),0.030474730171659938,0.25000299476515053,0.02773152529378646,0.9099842767295597,3.6398935044133642,1.0,0.020112751486211587,8.331844459901557,0.748063727645348,0.10972083985022987,0.8799785563913641,0.5104545245650673,energy_very_low|instrumentalness_high|key_very_low,loudness_very_low
"frozenset({'loudness_very_low', 'key_very_low', 'instrumentalness_high'})",frozenset({'energy_very_low'}),0.03853663795685142,0.25050611531043737,0.02773152529378646,0.7196145477152627,2.8726426371806815,1.0,0.01807786182209086,2.6730840654615555,0.6780169728157562,0.1061245071972128,0.6259002801592278,0.4151582685018547,instrumentalness_high|key_very_low|loudness_very_low,energy_very_low
"frozenset({'acousticness_very_low', 'duration_ms_high', 'loudness_very_high'})",frozenset({'energy_very_high'}),0.03461948513997532,0.2486014446747086,0.02773152529378646,0.8010380622837371,3.22217782495948,1.0,0.01912507127409399,3.7765944780697267,0.7143824488531482,0.10854276069017255,0.7352111787996061,0.45629409980663993,acousticness_very_low|duration_ms_high|loudness_very_high,energy_very_high
"frozenset({'energy_very_low', 'speechiness_very_low', 'danceability_very_low'})",frozenset({'acousticness_very_high'}),0.038392889229626616,0.24975143449250709,0.02768360905137819,0.7210608424336973,2.8871139174791414,1.0,0.018094929891967017,2.6896494993864812,0.6797301457997487,0.10628708089959986,0.6282043440128152,0.41595274363039364,danceability_very_low|energy_very_low|speechiness_very_low,acousticness_very_high
"frozenset({'speechiness_very_low', 'acousticness_very_high', 'danceability_very_low'})",frozenset({'energy_very_low'}),0.030798164807915765,0.25050611531043737,0.02768360905137819,0.8988720342279268,3.588223916665699,1.0,0.01996848042665659,7.411341452064865,0.7442315579274327,0.10915359909314187,0.8650716599055909,0.504691372890551,acousticness_very_high|danceability_very_low|speechiness_very_low,energy_very_low
"frozenset({'energy_very_low', 'mode_1', 'instrumentalness_medium'})",frozenset({'loudness_very_low'}),0.03788976868433978,0.25000299476515053,0.027575797505959582,0.7277900727157761,2.911125418315298,1.0,0.01810324186391582,2.755215479161241,0.6823440978941175,0.10593161842529103,0.6370519810289299,0.4190459707134223,energy_very_low|instrumentalness_medium|mode_1,loudness_very_low
"frozenset({'loudness_very_low', 'mode_1', 'instrumentalness_medium'})",frozenset({'energy_very_low'}),0.03834497298721834,0.25050611531043737,0.027575797505959582,0.7191502655420181,2.870789260576804,1.0,0.017970147281247857,2.6686650999903114,0.6776481375352708,0.10554307459538763,0.6252808192366923,0.4146153010954161,instrumentalness_medium|loudness_very_low|mode_1,energy_very_low
"frozenset({'energy_very_low', 'danceability_very_low', 'liveness_low'})",frozenset({'mode_1'}),0.03924340253237341,0.6337522011523856,0.027563818445357515,0.7023809523809523,1.1082895666536154,1.0,0.002693225709756761,1.230592604127984,0.10169977580195338,0.04270601336302895,0.18738338208312685,0.3729370029837849,danceability_very_low|energy_very_low|liveness_low,mode_1
"frozenset({'speechiness_very_low', 'valence_very_low', 'acousticness_very_high'})",frozenset({'energy_very_low'}),0.03022316989901652,0.25050611531043737,0.027551839384755448,0.9116131589377725,3.639085448305581,1.0,0.019980750500985477,8.479699870276981,0.7478067742649255,0.10882422521883132,0.8820712978881249,0.5107989283594754,acousticness_very_high|speechiness_very_low|valence_very_low,energy_very_low
"frozenset({'valence_very_high', 'instrumentalness_low', 'energy_very_high'})",frozenset({'loudness_very_high'}),0.038572575138657625,0.2499430994621402,0.02750392314234718,0.7130434782608697,2.8528232217464238,1.0,0.0178629741579548,2.6138346533895125,0.6755268537621645,0.10537427142135941,0.6174203296665145,0.41154210816949544,energy_very_high|instrumentalness_low|valence_very_high,loudness_very_high
"frozenset({'loudness_very_high', 'instrumentalness_high'})",frozenset({'acousticness_very_low'}),0.03513458474586423,0.2504581990680291,0.027491944081745108,0.7824752812819639,3.1241751485621325,1.0,0.018692199261292907,3.445777589550895,0.7046739391452898,0.10651629072681704,0.7097897429502015,0.4461209389000215,instrumentalness_high|loudness_very_high,acousticness_very_low
"frozenset({'instrumentalness_low', 'mode_0', 'energy_very_high'})",frozenset({'loudness_very_high'}),0.036608009199918544,0.2499430994621402,0.02747996502114304,0.75065445026178,3.0033013588978257,1.0,0.018330045736576858,3.0081022152804446,0.6923797244215933,0.10607111481019095,0.6675644880282865,0.43029966701921973,energy_very_high|instrumentalness_low|mode_0,loudness_very_high
"frozenset({'loudness_very_low', 'key_very_low', 'instrumentalness_high'})",frozenset({'mode_1'}),0.03853663795685142,0.6337522011523856,0.027420069718132704,0.7115324836804476,1.1227298025736714,1.0,0.0029973905879655434,1.2696327250999737,0.11369517778162502,0.04252038712314008,0.21237064843200396,0.37739935780279826,instrumentalness_high|key_very_low|loudness_very_low,mode_1
"frozenset({'acousticness_very_low', 'key_high', 'energy_very_high'})",frozenset({'mode_1'}),0.0390996538051486,0.6337522011523856,0.027420069718132704,0.7012867647058824,1.106563043774357,1.0,0.0026405780548235287,1.2260849389113984,0.10021947078824613,0.04248329621380847,0.18439582098784438,0.3722764983155156,acousticness_very_low|energy_very_high|key_high,mode_1
"frozenset({'energy_very_low', 'loudness_very_low', 'speechiness_high'})",frozenset({'acousticness_very_high'}),0.03542208220031385,0.24975143449250709,0.027300279112112028,0.7707135610415963,3.0859224596954973,1.0,0.018453563269872145,3.2721017820142433,0.7007705393653494,0.10586705068054073,0.6943860348425901,0.44001168003636243,energy_very_low|loudness_very_low|speechiness_high,acousticness_very_high
"frozenset({'energy_very_low', 'speechiness_high', 'acousticness_very_high'})",frozenset({'loudness_very_low'}),0.033134081625318945,0.25000299476515053,0.027300279112112028,0.8239334779464931,3.2956944324626396,1.0,0.019016659476989346,4.259736584147008,0.7204450982222521,0.10670974387788547,0.7652436998753421,0.4665666431419097,acousticness_very_high|energy_very_low|speechiness_high,loudness_very_low
"frozenset({'loudness_very_low', 'speechiness_high', 'acousticness_very_high'})",frozenset({'energy_very_low'}),0.030750248565507492,0.25050611531043737,0.027300279112112028,0.8878067783404753,3.5440523168077913,1.0,0.019597153799136395,6.680384729160096,0.7406110977680245,0.10749999999999998,0.8503080225851413,0.4983936340057388,acousticness_very_high|loudness_very_low|speechiness_high,energy_very_low
"frozenset({'speechiness_very_low', 'energy_low', 'acousticness_high'})",frozenset({'mode_1'}),0.03729081565423639,0.6337522011523856,0.02728830005150996,0.7317699967876647,1.1546626512019178,1.0,0.003655163547869808,1.3654244285181125,0.13913462349610067,0.0423892817268329,0.2676269890049541,0.3874141544282337,acousticness_high|energy_low|speechiness_very_low,mode_1
"frozenset({'energy_very_low', 'loudness_very_low', 'liveness_high'})",frozenset({'acousticness_very_high'}),0.03645228141209166,0.24975143449250709,0.027276320990907894,0.7482747288859678,2.9960778019411825,1.0,0.01817231141771345,2.980426089868539,0.6914346674480036,0.10534351145038168,0.6644775042738578,0.4287443000274244,energy_very_low|liveness_high|loudness_very_low,acousticness_very_high
"frozenset({'energy_very_low', 'acousticness_very_high', 'liveness_high'})",frozenset({'loudness_very_low'}),0.038321014866014205,0.25000299476515053,0.027276320990907894,0.7117849327914973,2.8471056255151606,1.0,0.01769595251196449,2.6022130366011753,0.6746181568287892,0.10448788546255507,0.6157117092510886,0.41044445489598824,acousticness_very_high|energy_very_low|liveness_high,loudness_very_low
"frozenset({'loudness_very_low', 'acousticness_very_high', 'liveness_high'})",frozenset({'energy_very_low'}),0.030330981444435128,0.25050611531043737,0.027276320990907894,0.8992890995260664,3.589888807351592,1.0,0.01967822465570949,7.442033396211661,0.7440062808545997,0.10757310908489628,0.865628122482083,0.5040869751647165,acousticness_very_high|liveness_high|loudness_very_low,energy_very_low
"frozenset({'energy_very_low', 'speechiness_low', 'instrumentalness_high'})",frozenset({'valence_very_low'}),0.038321014866014205,0.2507217384012746,0.027264341930305826,0.7114723351047203,2.837697040717006,1.0,0.017656430465797658,2.5969026639808486,0.6734072114033222,0.10415045989109047,0.6149258831029584,0.41010788279364063,energy_very_low|instrumentalness_high|speechiness_low,valence_very_low
"frozenset({'loudness_very_low', 'danceability_very_low', 'speechiness_low', 'acousticness_very_high'})",frozenset({'valence_very_low'}),0.03548197750332419,0.2507217384012746,0.02719246756669342,0.7663740715732612,3.056671816572588,1.0,0.01829636448514506,3.2071708249355835,0.6975989802465442,0.10498566275090183,0.6881987101450746,0.43741541610196744,acousticness_very_high|danceability_very_low|loudness_very_low|speechiness_low,valence_very_low
"frozenset({'danceability_very_low', 'valence_very_low', 'speechiness_low', 'acousticness_very_high'})",frozenset({'loudness_very_low'}),0.02907318008121803,0.25000299476515053,0.02719246756669342,0.9353110836423568,3.74119951851367,1.0,0.01992408547904239,11.593902749713246,0.7546460085122925,0.10795643696200123,0.9137477671162342,0.5220398254819355,acousticness_very_high|danceability_very_low|speechiness_low|valence_very_low,loudness_very_low
"frozenset({'loudness_very_low', 'valence_very_low', 'speechiness_low', 'acousticness_very_high'})",frozenset({'danceability_very_low'}),0.03279866792846105,0.2516321470070317,0.02719246756669342,0.8290723155588021,3.2947790074518353,1.0,0.018939268336884092,4.378271755330658,0.7201080934976346,0.10570922976622894,0.7715993762190586,0.46856833906093964,acousticness_very_high|loudness_very_low|speechiness_low|valence_very_low,danceability_very_low
"frozenset({'loudness_very_low', 'valence_very_low', 'speechiness_low', 'danceability_very_low'})",frozenset({'acousticness_very_high'}),0.03157680374705016,0.24975143449250709,0.02719246756669342,0.8611532625189681,3.448041306624823,1.0,0.01930611553417927,5.403429559228826,0.733130180371908,0.10699976431769975,0.8149323519371059,0.48501569308499126,danceability_very_low|loudness_very_low|speechiness_low|valence_very_low,acousticness_very_high
"frozenset({'valence_very_low', 'speechiness_low', 'acousticness_very_high'})","frozenset({'loudness_very_low', 'danceability_very_low'})",0.036140825836437906,0.09570071514991794,0.02719246756669342,0.752403049386808,7.862042077827181,1.0,0.02373376468803768,3.652303805077238,0.9055333039800877,0.2598443223443223,0.7262002140649271,0.5182718714201533,acousticness_very_high|speechiness_low|valence_very_low,danceability_very_low|loudness_very_low
"frozenset({'energy_very_low', 'instrumentalness_low', 'liveness_low'})",frozenset({'mode_1'}),0.03502677320044562,0.6337522011523856,0.027168509445489285,0.7756497948016415,1.2239007507843538,1.0,0.00497021483044148,1.632482566814671,0.18958068347926205,0.042344243012639796,0.3874360312764517,0.4092595444096101,energy_very_low|instrumentalness_low|liveness_low,mode_1
"frozenset({'danceability_very_low', 'loudness_very_high', 'speechiness_very_high'})",frozenset({'energy_very_high'}),0.028570059535931194,0.2486014446747086,0.02714455132428515,0.950104821802935,3.821799278142303,1.0,0.020041993249210223,15.05954247437663,0.7600580431966208,0.10856650057493294,0.9335969202449895,0.5296469273569198,danceability_very_low|loudness_very_high|speechiness_very_high,energy_very_high
"frozenset({'valence_low', 'instrumentalness_low', 'acousticness_very_high'})",frozenset({'mode_1'}),0.035985098048611025,0.6337522011523856,0.02714455132428515,0.7543275632490014,1.1902563208101955,1.0,0.004338916227293498,1.4907972733580406,0.1658115771674528,0.042242231045989224,0.3292179843155423,0.39857952682816766,acousticness_very_high|instrumentalness_low|valence_low,mode_1
"frozenset({'energy_very_low', 'mode_1', 'instrumentalness_medium'})",frozenset({'acousticness_very_high'}),0.03788976868433978,0.24975143449250709,0.027096635081876878,0.715143850774581,2.8634223952617033,1.0,0.017633611000373743,2.633780480244394,0.6763960461834462,0.10399999999999998,0.6203176356188926,0.4118191314883025,energy_very_low|instrumentalness_medium|mode_1,acousticness_very_high
"frozenset({'energy_very_low', 'acousticness_very_high', 'instrumentalness_medium'})",frozenset({'mode_1'}),0.038620491381065894,0.6337522011523856,0.027096635081876878,0.7016129032258065,1.1070776589809488,1.0,0.002620813659539631,1.2274250555974104,0.1006064720427775,0.04199231440399502,0.18528630694011583,0.3721843932063254,acousticness_very_high|energy_very_low|instrumentalness_medium,mode_1
"frozenset({'mode_1', 'acousticness_very_high', 'instrumentalness_medium'})",frozenset({'energy_very_low'}),0.03708717162400125,0.25050611531043737,0.027096635081876878,0.7306201550387595,2.9165761248317046,1.0,0.01780607179049684,2.7822938453224038,0.682442059304211,0.10401912995493422,0.6405843323554047,0.4193938571674287,acousticness_very_high|instrumentalness_medium|mode_1,energy_very_low
"frozenset({'energy_very_low', 'speechiness_very_low', 'tempo_very_low'})",frozenset({'mode_1'}),0.036188742078846176,0.6337522011523856,0.027096635081876878,0.7487586891757696,1.1814691733050575,1.0,0.004161940132472154,1.4577530965990027,0.15936335764221976,0.04215116279069767,0.31401277600916044,0.39575728618130696,energy_very_low|speechiness_very_low|tempo_very_low,mode_1
"frozenset({'acousticness_very_low', 'valence_low', 'loudness_very_high'})",frozenset({'energy_very_high'}),0.03279866792846105,0.2486014446747086,0.02703673977886654,0.8243243243243243,3.31584687853661,1.0,0.018882943548445094,4.277191776467044,0.7221019000036751,0.10629179617594425,0.7662017388366908,0.4665398424975354,acousticness_very_low|loudness_very_high|valence_low,energy_very_high
"frozenset({'valence_low', 'loudness_very_high', 'energy_very_high'})",frozenset({'acousticness_very_low'}),0.03729081565423639,0.2504581990680291,0.02703673977886654,0.7250240925152587,2.894790808259101,1.0,0.01769694924832863,2.7258453578285353,0.6799061495695299,0.10370336335232497,0.6331413309533375,0.4164866014518134,energy_very_high|loudness_very_high|valence_low,acousticness_very_low
"frozenset({'valence_very_low', 'energy_very_high', 'mode_1'})",frozenset({'acousticness_very_low'}),0.03543406126091592,0.2504581990680291,0.02703673977886654,0.7630155510480054,3.0464786295167614,1.0,0.018161988609791326,3.1628311657015273,0.6964294951591209,0.10444722106529689,0.6838275748499536,0.43548233071818676,energy_very_high|mode_1|valence_very_low,acousticness_very_low
"frozenset({'energy_very_low', 'duration_ms_very_low', 'danceability_very_low'})",frozenset({'loudness_very_low'}),0.030474730171659938,0.25000299476515053,0.027024760718264474,0.8867924528301887,3.547127320067624,1.0,0.0194059869106896,6.624973546241172,0.7406529274214008,0.10662633519236224,0.849056001051148,0.4974451003968864,danceability_very_low|duration_ms_very_low|energy_very_low,loudness_very_low
"frozenset({'loudness_very_low', 'duration_ms_very_low', 'danceability_very_low'})",frozenset({'energy_very_low'}),0.03261898201943004,0.25050611531043737,0.027024760718264474,0.8284979801689313,3.3072964272437937,1.0,0.018853506247196047,4.370175263404023,0.7211617940954433,0.10552411244679358,0.7711762252708649,0.4681893114310609,danceability_very_low|duration_ms_very_low|loudness_very_low,energy_very_low
"frozenset({'valence_very_high', 'key_high', 'instrumentalness_low'})",frozenset({'mode_1'}),0.0382491405024018,0.6337522011523856,0.026964865415254134,0.7049796429689946,1.1123900503810358,1.0,0.002724388429670127,1.241432294819992,0.10505293420535129,0.041803628800118856,0.19447882564952912,0.37376380314974633,instrumentalness_low|key_high|valence_very_high,mode_1
"frozenset({'energy_very_low', 'key_very_low', 'danceability_very_low'})",frozenset({'loudness_very_low'}),0.03325387223133962,0.25000299476515053,0.026952886354652067,0.8105187319884726,3.242036091407077,1.0,0.018639318709279484,3.9581590998706115,0.7153396748296565,0.10515984296130115,0.7473573005105608,0.4591644929707576,danceability_very_low|energy_very_low|key_very_low,loudness_very_low
"frozenset({'loudness_very_low', 'key_very_low', 'danceability_very_low'})",frozenset({'energy_very_low'}),0.03275075168605278,0.25050611531043737,0.026952886354652067,0.8229700073152889,3.2852292100551357,1.0,0.01874862277628223,4.233711323845586,0.7191602754900545,0.10515984296130115,0.7638006175887128,0.465281866702786,danceability_very_low|key_very_low|loudness_very_low,energy_very_low
"frozenset({'energy_very_low', 'key_very_low', 'danceability_very_low'})",frozenset({'acousticness_very_high'}),0.03325387223133962,0.24975143449250709,0.026952886354652067,0.8105187319884726,3.2453016081186488,1.0,0.01864768406244445,3.959486725948288,0.7156607203091719,0.10526315789473685,0.7474420122571563,0.45921878850850556,danceability_very_low|energy_very_low|key_very_low,acousticness_very_high
"frozenset({'key_very_low', 'acousticness_very_high', 'danceability_very_low'})",frozenset({'energy_very_low'}),0.03131326441380467,0.25050611531043737,0.026952886354652067,0.8607498087222646,3.4360430988105355,1.0,0.0191087221286613,5.382354435655261,0.7318852793063885,0.1057529610829103,0.8142077018608199,0.4841717674062738,acousticness_very_high|danceability_very_low|key_very_low,energy_very_low
"frozenset({'loudness_very_low', 'speechiness_very_low', 'valence_very_low'})",frozenset({'energy_very_low'}),0.029444530959882125,0.25050611531043737,0.026928928233447932,0.9145646867371847,3.6508677067776127,1.0,0.019552893165549957,8.772647469366406,0.7481205720532628,0.10642931540573808,0.8860093257489321,0.511031386979916,loudness_very_low|speechiness_very_low|valence_very_low,energy_very_low
"frozenset({'danceability_very_low', 'instrumentalness_high', 'tempo_very_low'})",frozenset({'energy_very_low'}),0.037566334048083946,0.25050611531043737,0.026928928233447932,0.7168367346938775,2.8615538339475037,1.0,0.017518331824608206,2.6468612864712484,0.6759317911996798,0.10311926605504586,0.6221940284097079,0.4121674109582624,danceability_very_low|instrumentalness_high|tempo_very_low,energy_very_low
"frozenset({'energy_very_low', 'speechiness_very_low', 'liveness_low'})",frozenset({'acousticness_very_high'}),0.03742258532085914,0.24975143449250709,0.02689299105164173,0.7186299615877081,2.877380716743263,1.0,0.017546646685338924,2.6664124216671308,0.6778277684534345,0.10332290132547865,0.6249642433878378,0.41315449348031386,energy_very_low|liveness_low|speechiness_very_low,acousticness_very_high
"frozenset({'speechiness_very_low', 'acousticness_very_high', 'liveness_low'})",frozenset({'energy_very_low'}),0.03229554738317421,0.25050611531043737,0.02689299105164173,0.8327151335311573,3.324130959833946,1.0,0.018802758934858596,4.480344818454682,0.7225031275875122,0.10508823667087956,0.7768028934110232,0.4700348812261754,acousticness_very_high|liveness_low|speechiness_very_low,energy_very_low
"frozenset({'energy_very_low', 'loudness_very_low', 'tempo_very_low', 'instrumentalness_high'})",frozenset({'valence_very_low'}),0.03682363229075576,0.2507217384012746,0.026881011991039663,0.7299934938191281,2.9115684123519823,1.0,0.01764852688885207,2.775037802595761,0.6816430767545895,0.103125,0.6396445486023277,0.41860400921247853,energy_very_low|instrumentalness_high|loudness_very_low|tempo_very_low,valence_very_low
"frozenset({'energy_very_low', 'tempo_very_low', 'valence_very_low', 'instrumentalness_high'})",frozenset({'loudness_very_low'}),0.0282346458390733,0.25000299476515053,0.026881011991039663,0.952057700466695,3.8081851833856843,1.0,0.01982226597513794,15.643742843703919,0.7588331120385963,0.10694371634180048,0.9360766787084801,0.5297902302045981,energy_very_low|instrumentalness_high|tempo_very_low|valence_very_low,loudness_very_low
"frozenset({'loudness_very_low', 'tempo_very_low', 'valence_very_low', 'instrumentalness_high'})",frozenset({'energy_very_low'}),0.030450772050455804,0.25050611531043737,0.026881011991039663,0.8827694728560189,3.5239438037752295,1.0,0.01925290737647634,6.39333374121097,0.7387216751428132,0.10579915134370578,0.8435870798431698,0.4950381411716973,instrumentalness_high|loudness_very_low|tempo_very_low|valence_very_low,energy_very_low
"frozenset({'tempo_very_low', 'valence_very_low', 'instrumentalness_high'})","frozenset({'energy_very_low', 'loudness_very_low'})",0.03826111956300387,0.17769738497107057,0.026881011991039663,0.7025673137132123,3.953729053624461,1.0,0.020082111098628404,2.7646679498972646,0.7767952782295069,0.14216928535225543,0.6382929096287457,0.42692070687683,instrumentalness_high|tempo_very_low|valence_very_low,energy_very_low|loudness_very_low
"frozenset({'energy_very_low', 'speechiness_low', 'liveness_low'})",frozenset({'loudness_very_low'}),0.03223565208016387,0.25000299476515053,0.026881011991039663,0.8338907469342253,3.335523031304369,1.0,0.01882200243279124,4.515082642252754,0.7235200851823443,0.10526809588591264,0.7785201115386317,0.4707067534383632,energy_very_low|liveness_low|speechiness_low,loudness_very_low
"frozenset({'loudness_very_low', 'speechiness_low', 'liveness_low'})",frozenset({'energy_very_low'}),0.03228356832257214,0.25050611531043737,0.026881011991039663,0.8326530612244899,3.323883172243649,1.0,0.018793780702193022,4.478682969486414,0.7224710095961537,0.10504142676590367,0.7767200744475392,0.4699799353559328,liveness_low|loudness_very_low|speechiness_low,energy_very_low
"frozenset({'loudness_very_low', 'valence_very_low', 'mode_0'})",frozenset({'instrumentalness_high'}),0.037650187472298424,0.24979935073491535,0.02683309574863139,0.7126948775055678,2.8530693751156813,1.0,0.0174281033630034,2.6111635001552163,0.6749108043094004,0.10296010296010298,0.6170289604842605,0.4100567371750733,loudness_very_low|mode_0|valence_very_low,instrumentalness_high
"frozenset({'energy_very_low', 'instrumentalness_low', 'key_very_low'})",frozenset({'mode_1'}),0.03357730686759544,0.6337522011523856,0.02679715856682519,0.7980734926864075,1.2592831886583236,1.0,0.005517466430717464,1.8137678094873912,0.2130511261201808,0.04183576144078099,0.4486615129184474,0.42017841537259604,energy_very_low|instrumentalness_low|key_very_low,mode_1
"frozenset({'acousticness_very_low', 'valence_very_low', 'danceability_very_low'})",frozenset({'energy_very_high'}),0.038069454593370786,0.2486014446747086,0.02679715856682519,0.7039018250471996,2.831447041541713,1.0,0.01733303715693499,2.537666959430156,0.6724224524092651,0.10311606895915922,0.6059372581244648,0.4058467348143529,acousticness_very_low|danceability_very_low|valence_very_low,energy_very_high
"frozenset({'valence_very_low', 'energy_very_high', 'danceability_very_low'})",frozenset({'acousticness_very_low'}),0.0330741863223086,0.2504581990680291,0.02679715856682519,0.8102136906917784,3.234925802815141,1.0,0.018513457424899335,3.949398687735062,0.7145055901557992,0.10437663307204181,0.7467968976883694,0.45860311471646503,danceability_very_low|energy_very_high|valence_very_low,acousticness_very_low
"frozenset({'speechiness_very_low', 'instrumentalness_low', 'duration_ms_low'})",frozenset({'mode_1'}),0.03454761077636292,0.6337522011523856,0.026737263263814853,0.7739251040221914,1.2211793546672056,1.0,0.004842638889738977,1.6200286071725765,0.18760062091954538,0.041675224527139315,0.3827269496522704,0.40805696652768203,duration_ms_low|instrumentalness_low|speechiness_very_low,mode_1
"frozenset({'energy_low', 'instrumentalness_low', 'danceability_low'})",frozenset({'mode_1'}),0.03718300410881779,0.6337522011523856,0.026737263263814853,0.7190721649484536,1.1346266942204322,1.0,0.003172452564393382,1.3037077610355448,0.12323510426595768,0.041504732506461875,0.23295693261372274,0.38063049699081314,danceability_low|energy_low|instrumentalness_low,mode_1
"frozenset({'valence_very_high', 'energy_high', 'acousticness_high'})",frozenset({'instrumentalness_low'}),0.03537416595790558,0.5000539057727093,0.026713305142610718,0.7551642397561802,1.5101656662180474,1.0,0.00902431529190802,2.041965167708423,0.3502093577775454,0.052511361763251475,0.5102756815767622,0.4042925453284542,acousticness_high|energy_high|valence_very_high,instrumentalness_low
"frozenset({'energy_very_low', 'speechiness_low', 'acousticness_very_high', 'danceability_very_low', 'loudness_very_low'})",frozenset({'valence_very_low'}),0.03446375735214845,0.2507217384012746,0.026713305142610718,0.7751129648939867,3.091526765235791,1.0,0.01807249198744035,3.3317983904475,0.7006834111428095,0.10335079019326134,0.6998617914976277,0.44082929658937275,acousticness_very_high|danceability_very_low|energy_very_low|loudness_very_low|speechiness_low,valence_very_low
"frozenset({'energy_very_low', 'speechiness_low', 'acousticness_very_high', 'danceability_very_low', 'valence_very_low'})",frozenset({'loudness_very_low'}),0.028019022748236082,0.25000299476515053,0.026713305142610718,0.9533988884138522,3.813549870910396,1.0,0.01970846554515882,16.093972433434118,0.7590448220481458,0.10629677296343963,0.937864936445239,0.5301254144992117,acousticness_very_high|danceability_very_low|energy_very_low|speechiness_low|valence_very_low,loudness_very_low
"frozenset({'energy_very_low', 'speechiness_low', 'acousticness_very_high', 'loudness_very_low', 'valence_very_low'})",frozenset({'danceability_very_low'}),0.03204398711053079,0.2516321470070317,0.026713305142610718,0.8336448598130842,3.3129505499541305,1.0,0.018650007867322207,4.4986157455195315,0.7212665181295693,0.10395785744254349,0.7777093984975344,0.4699025022668201,acousticness_very_high|energy_very_low|loudness_very_low|speechiness_low|valence_very_low,danceability_very_low
"frozenset({'energy_very_low', 'speechiness_low', 'danceability_very_low', 'loudness_very_low', 'valence_very_low'})",frozenset({'acousticness_very_high'}),0.02962421686891314,0.24975143449250709,0.026713305142610718,0.9017387788111606,3.6105449429889624,1.0,0.019314614483882536,7.63524568930054,0.7451067013914378,0.1057272899677603,0.8690284450962299,0.5043491726086117,danceability_very_low|energy_very_low|loudness_very_low|speechiness_low|valence_very_low,acousticness_very_high
"frozenset({'speechiness_low', 'acousticness_very_high', 'danceability_very_low', 'loudness_very_low', 'valence_very_low'})",frozenset({'energy_very_low'}),0.02719246756669342,0.25050611531043737,0.026713305142610718,0.9823788546255507,3.921576339196937,1.0,0.019901425726773288,42.53377795613289,0.7658251777633828,0.10643375334096984,0.976489273982872,0.5445080960197379,acousticness_very_high|danceability_very_low|loudness_very_low|speechiness_low|valence_very_low,energy_very_low
"frozenset({'energy_very_low', 'danceability_very_low', 'speechiness_low', 'acousticness_very_high'})","frozenset({'loudness_very_low', 'valence_very_low'})",0.03762622935109429,0.10355897890487428,0.026713305142610718,0.7099649793059535,6.855658358297477,1.0,0.022816771250970782,3.090802686344445,0.8875294760801532,0.23336123901213895,0.6764594503498635,0.48395877652400043,acousticness_very_high|danceability_very_low|energy_very_low|speechiness_low,loudness_very_low|valence_very_low
"frozenset({'energy_very_low', 'valence_very_low', 'speechiness_low', 'acousticness_very_high'})","frozenset({'loudness_very_low', 'danceability_very_low'})",0.03418823895830089,0.09570071514991794,0.026713305142610718,0.7813594954449895,8.164615010671207,1.0,0.023441466224585036,4.136009870131626,0.9085831070323634,0.258910948566121,0.7582210798814715,0.5302466522161735,acousticness_very_high|energy_very_low|speechiness_low|valence_very_low,danceability_very_low|loudness_very_low
"frozenset({'energy_very_low', 'loudness_very_low', 'speechiness_low', 'danceability_very_low'})","frozenset({'valence_very_low', 'acousticness_very_high'})",0.03811737083577906,0.08774661891014507,0.026713305142610718,0.7008170961659334,7.986827354380334,1.0,0.023368634730026934,3.049149431331847,0.9094600644881661,0.2694212879062462,0.6720396876176687,0.5026269781170963,danceability_very_low|energy_very_low|loudness_very_low|speechiness_low,acousticness_very_high|valence_very_low
"frozenset({'energy_very_low', 'valence_very_low', 'speechiness_low', 'danceability_very_low'})","frozenset({'loudness_very_low', 'acousticness_very_high'})",0.03164867811066256,0.15069658237401024,0.026713305142610718,0.8440575321725966,5.601039644533878,1.0,0.021943957514678723,5.4462612363297715,0.8483095944998325,0.17164408866995073,0.8163878013545495,0.5106615164837546,danceability_very_low|energy_very_low|speechiness_low|valence_very_low,acousticness_very_high|loudness_very_low
"frozenset({'energy_very_low', 'loudness_very_low', 'valence_very_low', 'speechiness_low'})","frozenset({'acousticness_very_high', 'danceability_very_low'})",0.03707519256339918,0.09410750008984295,0.026713305142610718,0.7205169628432956,7.656318169704108,1.0,0.023224251455119686,3.2413147829155324,0.9028627275177802,0.2557046210296985,0.691483219935674,0.5021882166558637,energy_very_low|loudness_very_low|speechiness_low|valence_very_low,acousticness_very_high|danceability_very_low
"frozenset({'loudness_very_low', 'danceability_very_low', 'speechiness_low', 'acousticness_very_high'})","frozenset({'energy_very_low', 'valence_very_low'})",0.03548197750332419,0.10502042429832653,0.026713305142610718,0.7528696826468602,7.1687930007616325,1.0,0.022986972810267934,3.621488392388464,0.8921621821668053,0.23476155384777347,0.7238704389880773,0.5036163173129362,acousticness_very_high|danceability_very_low|loudness_very_low|speechiness_low,energy_very_low|valence_very_low
"frozenset({'danceability_very_low', 'valence_very_low', 'speechiness_low', 'acousticness_very_high'})","frozenset({'energy_very_low', 'loudness_very_low'})",0.02907318008121803,0.17769738497107057,0.026713305142610718,0.9188298310671612,5.170756064962623,1.0,0.02154707706938526,10.130601252158447,0.8307574454222934,0.14836005588450535,0.9012891757251883,0.5345800766499349,acousticness_very_high|danceability_very_low|speechiness_low|valence_very_low,energy_very_low|loudness_very_low
"frozenset({'loudness_very_low', 'valence_very_low', 'speechiness_low', 'acousticness_very_high'})","frozenset({'energy_very_low', 'danceability_very_low'})",0.03279866792846105,0.09933037051234442,0.026713305142610718,0.8144631117604092,8.199537639489533,1.0,0.023455401304965335,4.854396546333077,0.9078170952760817,0.2534090909090909,0.7940011718335244,0.5416985119824719,acousticness_very_high|loudness_very_low|speechiness_low|valence_very_low,danceability_very_low|energy_very_low
"frozenset({'loudness_very_low', 'valence_very_low', 'speechiness_low', 'danceability_very_low'})","frozenset({'energy_very_low', 'acousticness_very_high'})",0.03157680374705016,0.17666718575929274,0.026713305142610718,0.84597875569044,4.788544924483472,1.0,0.021134720089345877,5.345579552557891,0.8169654529964491,0.1471558664379042,0.8129295448383151,0.49859284950239385,danceability_very_low|loudness_very_low|speechiness_low|valence_very_low,acousticness_very_high|energy_very_low
"frozenset({'valence_very_low', 'speechiness_low', 'acousticness_very_high'})","frozenset({'energy_very_low', 'loudness_very_low', 'danceability_very_low'})",0.036140825836437906,0.07985241797338252,0.026713305142610718,0.7391448458733842,9.256386526952332,1.0,0.023827372812016256,3.527427261720846,0.9254116223205607,0.2992083724674628,0.7165072655496367,0.5368391496093594,acousticness_very_high|speechiness_low|valence_very_low,danceability_very_low|energy_very_low|loudness_very_low
"frozenset({'instrumentalness_high', 'speechiness_low', 'danceability_very_low'})",frozenset({'valence_very_low'}),0.03463146420057739,0.2507217384012746,0.026617472657794176,0.7685921826357662,3.0655187202222227,1.0,0.017934611750043905,3.2379124877158683,0.6979623931520069,0.10287513310801426,0.6911590403403912,0.43737779222567097,danceability_very_low|instrumentalness_high|speechiness_low,valence_very_low
"frozenset({'energy_very_low', 'duration_ms_very_low', 'valence_very_low'})",frozenset({'loudness_very_low'}),0.029851819020352423,0.25000299476515053,0.026617472657794176,0.8916532905296951,3.566570437955362,1.0,0.01915442850351879,6.922194581649061,0.7417615346184007,0.10510879848628192,0.8555371438631574,0.4990609528834388,duration_ms_very_low|energy_very_low|valence_very_low,loudness_very_low
"frozenset({'loudness_very_low', 'duration_ms_very_low', 'valence_very_low'})",frozenset({'energy_very_low'}),0.03185232214089771,0.25050611531043737,0.026617472657794176,0.835652500940203,3.3358566911814846,1.0,0.018638271174661256,4.560421600433745,0.7232645870377683,0.10407981638484237,0.7807220280017774,0.4709536414417924,duration_ms_very_low|loudness_very_low|valence_very_low,energy_very_low
"frozenset({'instrumentalness_high', 'speechiness_low', 'danceability_very_low'})",frozenset({'energy_very_low'}),0.03463146420057739,0.25050611531043737,0.026557577354783837,0.7668626772742996,3.061253320398874,1.0,0.017882183790384712,3.2148172413019673,0.6974915639781479,0.10270545724080421,0.6889403269484112,0.4364391810242959,danceability_very_low|instrumentalness_high|speechiness_low,energy_very_low
"frozenset({'instrumentalness_low', 'key_very_low', 'liveness_low'})",frozenset({'mode_1'}),0.03517052192767043,0.6337522011523856,0.026533619233579702,0.7544277929155314,1.1904144735808648,1.0,0.004244223546240322,1.4914057384418808,0.16578727530229428,0.04130459105657703,0.32949165057878094,0.39814764563081173,instrumentalness_low|key_very_low|liveness_low,mode_1
"frozenset({'energy_very_low', 'mode_1', 'valence_very_low', 'tempo_very_low'})",frozenset({'loudness_very_low'}),0.031684615292468764,0.25000299476515053,0.026533619233579702,0.8374291115311909,3.3496763201491273,1.0,0.018612370522480826,4.613353671735295,0.7244165522509107,0.1039906103286385,0.7832379498396762,0.4717811585447042,energy_very_low|mode_1|tempo_very_low|valence_very_low,loudness_very_low
"frozenset({'loudness_very_low', 'mode_1', 'valence_very_low', 'tempo_very_low'})",frozenset({'energy_very_low'}),0.029660154050719343,0.25050611531043737,0.026533619233579702,0.8945880452342487,3.5711225816808456,1.0,0.019103569262824867,7.110141220273396,0.7419833487760075,0.10461436735464978,0.8593558174134903,0.5002540455704526,loudness_very_low|mode_1|tempo_very_low|valence_very_low,energy_very_low
"frozenset({'energy_very_low', 'speechiness_low', 'liveness_low'})",frozenset({'acousticness_very_high'}),0.03223565208016387,0.24975143449250709,0.026509661112375568,0.8223708658491268,3.292757326980635,1.0,0.01845876076355327,4.2236796857336065,0.7194966005988773,0.10376518028789797,0.7632396217502676,0.46425752271304244,energy_very_low|liveness_low|speechiness_low,acousticness_very_high
"frozenset({'acousticness_very_high', 'speechiness_low', 'liveness_low'})",frozenset({'energy_very_low'}),0.030414834868649602,0.25050611531043737,0.026509661112375568,0.8716029933044506,3.4793681272983084,1.0,0.01889055898162172,5.837315868793864,0.734944714784294,0.10420001883416517,0.8286883864986689,0.4887137001717356,acousticness_very_high|liveness_low|speechiness_low,energy_very_low
"frozenset({'energy_very_low', 'mode_1', 'liveness_high'})",frozenset({'acousticness_very_high'}),0.03771008277530876,0.24975143449250709,0.026485702991171433,0.7023506988564168,2.812198857970877,1.0,0.01706755572320689,2.5205789586100185,0.6696592768271571,0.10148719361057561,0.6032657510751208,0.40419947528556366,energy_very_low|liveness_high|mode_1,acousticness_very_high
"frozenset({'energy_very_low', 'duration_ms_very_high', 'acousticness_very_high'})",frozenset({'loudness_very_low'}),0.033313767534349954,0.25000299476515053,0.0264617448699673,0.7943185904350953,3.177236301434179,1.0,0.018133203219469766,3.6464015237030014,0.708876399049798,0.10302210614681466,0.7257570255223901,0.4500821509913857,acousticness_very_high|duration_ms_very_high|energy_very_low,loudness_very_low
"frozenset({'loudness_very_low', 'duration_ms_very_high', 'acousticness_very_high'})",frozenset({'energy_very_low'}),0.030438792989853736,0.25050611531043737,0.0264617448699673,0.8693427784336876,3.4703455337062836,1.0,0.018836641083340468,5.736337231916203,0.7341921795378343,0.10398230088495573,0.8256727316455289,0.4874879538687183,acousticness_very_high|duration_ms_very_high|loudness_very_low,energy_very_low
"frozenset({'danceability_very_low', 'mode_1', 'speechiness_very_high'})",frozenset({'energy_very_high'}),0.03459552701877119,0.2486014446747086,0.0264617448699673,0.7648891966759004,3.0767689128948823,1.0,0.017861246873817866,3.1959337669800334,0.6991719372546809,0.10307017543859649,0.6871024017043569,0.4356658193662353,danceability_very_low|mode_1|speechiness_very_high,energy_very_high
"frozenset({'energy_very_low', 'loudness_very_low', 'speechiness_low', 'instrumentalness_high'})",frozenset({'valence_very_low'}),0.03629655362426479,0.2507217384012746,0.0264617448699673,0.7290429042904291,2.907776999869122,1.0,0.017361409847316545,2.765302232209669,0.6808055688309479,0.10155854903222838,0.6383758750301479,0.4172925940467912,energy_very_low|instrumentalness_high|loudness_very_low|speechiness_low,valence_very_low
"frozenset({'energy_very_low', 'valence_very_low', 'speechiness_low', 'instrumentalness_high'})",frozenset({'loudness_very_low'}),0.027264341930305826,0.25000299476515053,0.0264617448699673,0.9705623901581723,3.8822030554870177,1.0,0.019645577737089776,25.47751020767938,0.7632230726556245,0.10550699718202225,0.9607496968169762,0.5382040508529242,energy_very_low|instrumentalness_high|speechiness_low|valence_very_low,loudness_very_low
"frozenset({'energy_very_low', 'loudness_very_low', 'valence_very_low', 'speechiness_low'})",frozenset({'instrumentalness_high'}),0.03707519256339918,0.24979935073491535,0.0264617448699673,0.7137318255250403,2.8572204988732963,1.0,0.01720038583925822,2.620621906857152,0.6750366236631845,0.10161460968765813,0.6184111880529627,0.4098319128584296,energy_very_low|loudness_very_low|speechiness_low|valence_very_low,instrumentalness_high
"frozenset({'loudness_very_low', 'valence_very_low', 'speechiness_low', 'instrumentalness_high'})",frozenset({'energy_very_low'}),0.03104972508055918,0.25050611531043737,0.0264617448699673,0.8522376543209877,3.402063272047711,1.0,0.018683598858579363,5.072292817533545,0.7286862357253607,0.10373327072082647,0.802850498586503,0.4789353918123684,instrumentalness_high|loudness_very_low|speechiness_low|valence_very_low,energy_very_low
"frozenset({'speechiness_very_low', 'loudness_low', 'energy_low'})",frozenset({'mode_1'}),0.037099150684603316,0.6337522011523856,0.026413828627559026,0.7119793348401678,1.123434890712076,1.0,0.002902160220307641,1.271602503398051,0.11410599421774627,0.04098741565514805,0.21359072719050082,0.376828907567518,energy_low|loudness_low|speechiness_very_low,mode_1
"frozenset({'energy_very_low', 'duration_ms_very_low', 'danceability_very_low'})",frozenset({'acousticness_very_high'}),0.030474730171659938,0.24975143449250709,0.02638987050635489,0.8659591194968553,3.4672838666831978,1.0,0.018778762930210736,5.5971623186248145,0.7339569496444487,0.10396413402548373,0.8213380382640587,0.48581182988128774,danceability_very_low|duration_ms_very_low|energy_very_low,acousticness_very_high
"frozenset({'duration_ms_very_low', 'acousticness_very_high', 'danceability_very_low'})",frozenset({'energy_very_low'}),0.030103379292995842,0.25050611531043737,0.02638987050635489,0.876641464385197,3.499481293296282,1.0,0.018848789901949842,6.075735910402809,0.7364118498365106,0.1038073697106776,0.8354108844184931,0.4909938385430193,acousticness_very_high|danceability_very_low|duration_ms_very_low,energy_very_low
"frozenset({'energy_very_low', 'key_low', 'mode_1'})",frozenset({'loudness_very_low'}),0.03754237592687981,0.25000299476515053,0.026377891445752824,0.7026164645820039,2.8104321919904693,1.0,0.016992185033433777,2.5219856377746983,0.6693103407540449,0.10099990826529676,0.6034870361583974,0.40406338322535745,energy_very_low|key_low|mode_1,loudness_very_low
"frozenset({'loudness_very_low', 'mode_1', 'key_low'})",frozenset({'energy_very_low'}),0.032379400807388686,0.25050611531043737,0.026377891445752824,0.8146503884572697,3.2520179694923685,1.0,0.018266653533414244,4.043676587456861,0.7156716431000764,0.1028347265679727,0.7527003017249414,0.4599743908621467,key_low|loudness_very_low|mode_1,energy_very_low
"frozenset({'loudness_very_low', 'duration_ms_very_low', 'tempo_very_low'})",frozenset({'acousticness_very_high'}),0.034056469291678146,0.24975143449250709,0.026341954263946622,0.7734787196623286,3.09699410229227,1.0,0.017836302204599988,3.3120445213319925,0.7009791371872378,0.1023123807751361,0.6980716915007431,0.43947570210177683,duration_ms_very_low|loudness_very_low|tempo_very_low,acousticness_very_high
"frozenset({'duration_ms_very_low', 'acousticness_very_high', 'tempo_very_low'})",frozenset({'loudness_very_low'}),0.036188742078846176,0.25000299476515053,0.026341954263946622,0.7279046673286992,2.911583791276113,1.0,0.01729466036745146,2.756375855005451,0.6811959410953465,0.10137377835146599,0.6372047744562679,0.4166356110960698,acousticness_very_high|duration_ms_very_low|tempo_very_low,loudness_very_low
"frozenset({'energy_very_low', 'speechiness_low', 'tempo_very_low'})",frozenset({'acousticness_very_high'}),0.03104972508055918,0.24975143449250709,0.02629403802153835,0.8468364197530864,3.390716940120289,1.0,0.01853932464207072,4.898348316865042,0.7276711094441969,0.1033135649063353,0.7958495526835048,0.47605862428490814,energy_very_low|speechiness_low|tempo_very_low,acousticness_very_high
"frozenset({'acousticness_very_high', 'speechiness_low', 'tempo_very_low'})",frozenset({'energy_very_low'}),0.03101378789875298,0.25050611531043737,0.02629403802153835,0.8478176902278872,3.384419135545801,1.0,0.018524894493959887,4.924973775282431,0.7270777576680386,0.1030226227353797,0.796953233534192,0.47639067372909283,acousticness_very_high|speechiness_low|tempo_very_low,energy_very_low
"frozenset({'energy_very_low', 'danceability_very_low', 'mode_1', 'instrumentalness_high'})",frozenset({'valence_very_low'}),0.03275075168605278,0.2507217384012746,0.02629403802153835,0.8028529626920263,3.2021673422153683,1.0,0.01808271262486272,3.800606247144555,0.7109972041400899,0.10224043970375889,0.7368840824404492,0.4538631750870547,danceability_very_low|energy_very_low|instrumentalness_high|mode_1,valence_very_low
"frozenset({'energy_very_low', 'mode_1', 'valence_very_low', 'instrumentalness_high'})",frozenset({'danceability_very_low'}),0.035697600594161404,0.2516321470070317,0.02629403802153835,0.7365771812080537,2.9271982533593794,1.0,0.017311374141030025,2.8409378368395486,0.6827488992987109,0.10072965903354597,0.6480035616997282,0.4205355676582019,energy_very_low|instrumentalness_high|mode_1|valence_very_low,danceability_very_low
"frozenset({'loudness_very_low', 'danceability_low', 'acousticness_very_high'})",frozenset({'mode_1'}),0.03661998826052061,0.6337522011523856,0.02624612177913008,0.7167157343801112,1.1309084734962158,1.0,0.003038123612850621,1.2928631883108048,0.12015522727380293,0.040746870989938816,0.22652295382734677,0.37906479470163296,acousticness_very_high|danceability_low|loudness_very_low,mode_1
"frozenset({'mode_0', 'loudness_very_high', 'speechiness_very_high'})",frozenset({'energy_very_high'}),0.037278836593634325,0.2486014446747086,0.026234142718528013,0.7037275064267353,2.830745844407914,1.0,0.016966570085558127,2.536173865696646,0.6717793651305004,0.10103806228373705,0.6057052659024558,0.4046272090992637,loudness_very_high|mode_0|speechiness_very_high,energy_very_high
"frozenset({'energy_very_low', 'loudness_low', 'acousticness_very_high'})",frozenset({'mode_1'}),0.03549395656392626,0.6337522011523856,0.02615028929431354,0.7367532905838676,1.1625258093686928,1.0,0.0036559161943181054,1.3912720871608732,0.1449488522347395,0.04066312750302691,0.28123333370349596,0.3890079655830216,acousticness_very_high|energy_very_low|loudness_low,mode_1
"frozenset({'energy_very_low', 'speechiness_low', 'tempo_very_low'})",frozenset({'loudness_very_low'}),0.03104972508055918,0.25000299476515053,0.02613831023371147,0.841820987654321,3.3672436142019673,1.0,0.01837578597693707,4.741444481874951,0.7255492966463937,0.1025375939849624,0.7890938080530765,0.4731864880772803,energy_very_low|speechiness_low|tempo_very_low,loudness_very_low
"frozenset({'loudness_very_low', 'speechiness_low', 'tempo_very_low'})",frozenset({'energy_very_low'}),0.029648174990117276,0.25050611531043737,0.02613831023371147,0.8816161616161615,3.5193398792824953,1.0,0.018711261090893126,6.331049025961318,0.7377280958073338,0.10290025937278943,0.8420482931186656,0.4929790831034136,loudness_very_low|speechiness_low|tempo_very_low,energy_very_low
"frozenset({'loudness_very_low', 'danceability_very_low', 'liveness_low'})",frozenset({'valence_very_low'}),0.03545801938212005,0.2507217384012746,0.026114352112507337,0.7364864864864865,2.937465618987358,1.0,0.01722425585275611,2.8434149414515737,0.6838172903745665,0.10041455550437585,0.6483102112808423,0.4203215996694258,danceability_very_low|liveness_low|loudness_very_low,valence_very_low
"frozenset({'loudness_high', 'energy_low', 'acousticness_high'})",frozenset({'instrumentalness_low'}),0.031684615292468764,0.5000539057727093,0.02610237305190527,0.8238185255198488,1.6474594358918997,1.0,0.010258357422000552,2.8376768653029703,0.405864440309362,0.05162283819000238,0.6475990581495498,0.4380088219780156,acousticness_high|energy_low|loudness_high,instrumentalness_low
"frozenset({'energy_very_low', 'duration_ms_very_low', 'instrumentalness_low'})",frozenset({'mode_1'}),0.034391882988536036,0.6337522011523856,0.02610237305190527,0.7589690003483107,1.1975800619993693,1.0,0.004306441506145269,1.5195049573576604,0.17085891829712363,0.04065526055562811,0.34189092627973544,0.4000780168549984,duration_ms_very_low|energy_very_low|instrumentalness_low,mode_1
"frozenset({'danceability_very_low', 'mode_0', 'instrumentalness_high'})",frozenset({'valence_very_low'}),0.035194480048874564,0.2507217384012746,0.02610237305190527,0.7416609938733834,2.958104066295087,1.0,0.017278351831922466,2.9003682906153574,0.6860922937501599,0.100465673843884,0.6552162002199262,0.42288496420855026,danceability_very_low|instrumentalness_high|mode_0,valence_very_low
"frozenset({'energy_very_low', 'danceability_very_low', 'speechiness_low', 'instrumentalness_high'})",frozenset({'loudness_very_low'}),0.026557577354783837,0.25000299476515053,0.026090393991303203,0.9824086603518268,3.9295875686396813,1.0,0.019450920118900098,42.63444514373501,0.7658597470630826,0.10416567028552298,0.9765447868119623,0.543384493089186,danceability_very_low|energy_very_low|instrumentalness_high|speechiness_low,loudness_very_low
"frozenset({'energy_very_low', 'loudness_very_low', 'speechiness_low', 'instrumentalness_high'})",frozenset({'danceability_very_low'}),0.03629655362426479,0.2516321470070317,0.026090393991303203,0.7188118811881188,2.856597973422021,1.0,0.016957014273873597,2.661449054658091,0.6744120729841779,0.09964315124897062,0.6242648348839174,0.41124827135669867,energy_very_low|instrumentalness_high|loudness_very_low|speechiness_low,danceability_very_low
"frozenset({'loudness_very_low', 'danceability_very_low', 'speechiness_low', 'instrumentalness_high'})",frozenset({'energy_very_low'}),0.028402352687502245,0.25050611531043737,0.026090393991303203,0.9185997469422186,3.6669753383219903,1.0,0.018975430953880053,9.207512956471271,0.7485564486499267,0.10319829424307035,0.8913930390619569,0.5113752368988063,danceability_very_low|instrumentalness_high|loudness_very_low|speechiness_low,energy_very_low
"frozenset({'danceability_very_low', 'speechiness_low', 'instrumentalness_high'})","frozenset({'energy_very_low', 'loudness_very_low'})",0.03463146420057739,0.17769738497107057,0.026090393991303203,0.7533725354548599,4.239637716545521,1.0,0.019936473365141354,3.3341891445282403,0.7915430857759289,0.1400913359490577,0.7000770032374718,0.4500986986294119,danceability_very_low|instrumentalness_high|speechiness_low,energy_very_low|loudness_very_low
"frozenset({'instrumentalness_low', 'duration_ms_low', 'energy_very_high'})",frozenset({'loudness_very_high'}),0.033313767534349954,0.2499430994621402,0.026078414930701135,0.7828119381517441,3.1319605935762973,1.0,0.017751868618404488,3.453490464231439,0.7041697273056478,0.10140202151940005,0.7104378858557103,0.4435746726464448,duration_ms_low|energy_very_high|instrumentalness_low,loudness_very_high
"frozenset({'acousticness_very_low', 'tempo_very_high', 'speechiness_very_high'})",frozenset({'energy_very_high'}),0.030690353262497156,0.2486014446747086,0.026054456809497,0.8489461358313818,3.414888183543002,1.0,0.01842479065086305,4.974374932153482,0.7295549419946279,0.10288552507095552,0.7989697170721538,0.4768751302681219,acousticness_very_low|speechiness_very_high|tempo_very_high,energy_very_high
"frozenset({'energy_very_low', 'valence_low', 'loudness_very_low', 'acousticness_very_high'})",frozenset({'mode_1'}),0.03546999844272212,0.6337522011523856,0.026030498688292863,0.7338736913204998,1.157982078777885,1.0,0.003551309100346029,1.3762179345022667,0.1414458614708145,0.0404708248747509,0.2733708993832671,0.3874736569257258,acousticness_very_high|energy_very_low|loudness_very_low|valence_low,mode_1
"frozenset({'energy_very_low', 'valence_low', 'loudness_very_low', 'mode_1'})",frozenset({'acousticness_very_high'}),0.033433558140370634,0.24975143449250709,0.026030498688292863,0.7785739878179863,3.117395459209443,1.0,0.01768041958254666,3.3882584892094036,0.7027136118565792,0.1012251362556482,0.7048631315512961,0.4413998050749963,energy_very_low|loudness_very_low|mode_1|valence_low,acousticness_very_high
"frozenset({'loudness_very_low', 'valence_low', 'mode_1', 'acousticness_very_high'})",frozenset({'energy_very_low'}),0.028031001808838153,0.25050611531043737,0.026030498688292863,0.9286324786324786,3.7070251857192362,1.0,0.019008561316900974,10.501890360320807,0.7513016571977545,0.10308838180179325,0.9047790478009281,0.5162720541593915,acousticness_very_high|loudness_very_low|mode_1|valence_low,energy_very_low
"frozenset({'energy_very_low', 'tempo_very_low', 'danceability_very_low', 'instrumentalness_high'})",frozenset({'loudness_very_low'}),0.026928928233447932,0.25000299476515053,0.026030498688292863,0.9666370106761566,3.8665017256461365,1.0,0.019298185984115066,22.479910236905894,0.7618850250105993,0.10374791119598949,0.9555158366087124,0.535378879080292,danceability_very_low|energy_very_low|instrumentalness_high|tempo_very_low,loudness_very_low
"frozenset({'energy_very_low', 'loudness_very_low', 'tempo_very_low', 'instrumentalness_high'})",frozenset({'danceability_very_low'}),0.03682363229075576,0.2516321470070317,0.026030498688292863,0.7068965517241378,2.809245798408993,1.0,0.01676448903437253,2.553255027858361,0.6686548737261516,0.09919203907426852,0.6083430800726602,0.4051715930095506,energy_very_low|instrumentalness_high|loudness_very_low|tempo_very_low,danceability_very_low
"frozenset({'danceability_very_low', 'loudness_very_low', 'tempo_very_low', 'instrumentalness_high'})",frozenset({'energy_very_low'}),0.029408593778075923,0.25050611531043737,0.026030498688292863,0.885132382892057,3.533376348098987,1.0,0.018663466104204364,6.524849244371899,0.7387089695069242,0.10252901764650373,0.8467397540467982,0.49452200628918075,danceability_very_low|instrumentalness_high|loudness_very_low|tempo_very_low,energy_very_low
"frozenset({'acousticness_very_low', 'key_very_low', 'loudness_very_high'})",frozenset({'mode_1'}),0.03454761077636292,0.6337522011523856,0.02600654056708873,0.7527739251040222,1.1878048292932364,1.0,0.004111916193012852,1.4814286842587936,0.163768664477799,0.040490133910254016,0.324975943408081,0.3969048720123646,acousticness_very_low|key_very_low|loudness_very_high,mode_1
"frozenset({'tempo_very_low', 'mode_1', 'acousticness_very_high', 'danceability_very_low'})",frozenset({'loudness_very_low'}),0.032223673019561805,0.25000299476515053,0.025982582445884594,0.8063197026022305,3.2252401750614084,1.0,0.01792656768866116,3.8723453821146743,0.7129184213684696,0.10139778411481463,0.7417585723064033,0.45512439370648183,acousticness_very_high|danceability_very_low|mode_1|tempo_very_low,loudness_very_low
"frozenset({'loudness_very_low', 'tempo_very_low', 'mode_1', 'danceability_very_low'})",frozenset({'acousticness_very_high'}),0.03162471998945843,0.24975143449250709,0.025982582445884594,0.821590909090909,3.2896343949350086,1.0,0.018084263263093488,4.205214889468748,0.7187449596081702,0.10173545966228893,0.7622000239501835,0.4628123378492101,danceability_very_low|loudness_very_low|mode_1|tempo_very_low,acousticness_very_high
"frozenset({'valence_high', 'key_high', 'instrumentalness_low'})",frozenset({'mode_1'}),0.03696738101798057,0.6337522011523856,0.025886749961068052,0.7002592352559948,1.104941701161236,1.0,0.0024585908700839494,1.2218818456689058,0.098620622213736,0.04014490061304106,0.1815902629664155,0.3705530180627389,instrumentalness_low|key_high|valence_high,mode_1
"frozenset({'energy_very_low', 'valence_very_low', 'key_very_low'})",frozenset({'acousticness_very_high'}),0.03532624971549731,0.24975143449250709,0.025886749961068052,0.7327907765344184,2.934080350823383,1.0,0.017063968419382076,2.8077195681238525,0.683316721766883,0.09987521375421732,0.6438390744741612,0.4182204158464696,energy_very_low|key_very_low|valence_very_low,acousticness_very_high
"frozenset({'valence_very_low', 'key_very_low', 'acousticness_very_high'})",frozenset({'energy_very_low'}),0.029264845050851113,0.25050611531043737,0.025886749961068052,0.8845681539091281,3.5311239919749475,1.0,0.01855572731221746,6.492955887576602,0.7384136138076235,0.10196281966594319,0.8459869407224273,0.4939529751948089,acousticness_very_high|key_very_low|valence_very_low,energy_very_low
"frozenset({'acousticness_very_low', 'valence_very_low', 'speechiness_very_high'})",frozenset({'energy_very_high'}),0.02942057283867799,0.2486014446747086,0.025862791839863918,0.879071661237785,3.536068192958563,1.0,0.018548794929011077,6.2135853598616695,0.7389400640056364,0.10256532066508314,0.839062321979228,0.49155240653562743,acousticness_very_low|speechiness_very_high|valence_very_low,energy_very_high
"frozenset({'valence_very_low', 'energy_very_high', 'speechiness_very_high'})",frozenset({'acousticness_very_low'}),0.03364918123120785,0.2504581990680291,0.025862791839863918,0.7686009255962976,3.0687792552063002,1.0,0.017435078508581874,3.2391737212583167,0.6976115847287077,0.10014843677521106,0.6912792934083414,0.4359314174566527,energy_very_high|speechiness_very_high|valence_very_low,acousticness_very_low
"frozenset({'loudness_very_low', 'duration_ms_very_low', 'liveness_low'})",frozenset({'acousticness_very_high'}),0.03278668886785898,0.24975143449250709,0.025862791839863918,0.7888198757763976,3.1584197999874286,1.0,0.017674269262856625,3.552647619020776,0.7065514596214598,0.10076072245297989,0.7185197893970604,0.4461870015363354,duration_ms_very_low|liveness_low|loudness_very_low,acousticness_very_high
"frozenset({'duration_ms_very_low', 'acousticness_very_high', 'liveness_low'})",frozenset({'loudness_very_low'}),0.03387678338264713,0.25000299476515053,0.025862791839863918,0.7634370579915135,3.0537116513691207,1.0,0.01739349454119185,3.170390927958378,0.6961116822923401,0.10023677979479084,0.6845814845161807,0.4334434930590054,acousticness_very_high|duration_ms_very_low|liveness_low,loudness_very_low
"frozenset({'valence_very_high', 'loudness_low', 'instrumentalness_low'})",frozenset({'mode_1'}),0.036739778866541284,0.6337522011523856,0.02585081277926185,0.703619171829149,1.1102433578135438,1.0,0.002566897052739412,1.2357337723494317,0.1030838482556263,0.04010108893596462,0.19076420635590802,0.3722046336416324,instrumentalness_low|loudness_low|valence_very_high,mode_1
"frozenset({'acousticness_very_low', 'valence_very_low', 'loudness_very_high'})",frozenset({'energy_very_high'}),0.030917955413936438,0.2486014446747086,0.025838833718659783,0.8357225881441303,3.361696426332764,1.0,0.018152585336366957,4.573961488902307,0.724944956928941,0.10185578693865988,0.7813711369397675,0.46982968418433807,acousticness_very_low|loudness_very_high|valence_very_low,energy_very_high
"frozenset({'loudness_very_high', 'valence_very_low', 'energy_very_high'})",frozenset({'acousticness_very_low'}),0.032523149534613494,0.2504581990680291,0.025838833718659783,0.794475138121547,3.172086763690866,1.0,0.01769314425820028,3.646964138943193,0.7077689876698393,0.10048448709587256,0.7257993328418695,0.44882069513691664,energy_very_high|loudness_very_high|valence_very_low,acousticness_very_low
"frozenset({'valence_very_low', 'energy_very_high', 'instrumentalness_high'})",frozenset({'acousticness_very_low'}),0.032523149534613494,0.2504581990680291,0.025790917476251514,0.7930018416206263,3.1662043589366875,1.0,0.017645228015792012,3.621007098808367,0.707163604529829,0.10027945971122497,0.7238337366615245,0.4479883897217346,energy_very_high|instrumentalness_high|valence_very_low,acousticness_very_low
"frozenset({'energy_very_low', 'mode_1', 'valence_very_low', 'tempo_very_low'})",frozenset({'acousticness_very_high'}),0.031684615292468764,0.24975143449250709,0.025766959355047376,0.8132325141776937,3.25616754045948,1.0,0.017853681234410074,4.0170191412293885,0.7155628284110717,0.10078245794874198,0.7510591897020548,0.45820146501248826,energy_very_low|mode_1|tempo_very_low|valence_very_low,acousticness_very_high
"frozenset({'valence_very_low', 'mode_1', 'acousticness_very_high', 'tempo_very_low'})",frozenset({'energy_very_low'}),0.028366415505696043,0.25050611531043737,0.025766959355047376,0.9083614864864864,3.62610503684035,1.0,0.018660998801433702,8.178808843063976,0.7453653415619683,0.10180320885986084,0.8777328069174708,0.5056105443143986,acousticness_very_high|mode_1|tempo_very_low|valence_very_low,energy_very_low
"frozenset({'valence_very_high', 'danceability_very_high', 'speechiness_very_high'})",frozenset({'instrumentalness_low'}),0.03454761077636292,0.5000539057727093,0.02575498029444531,0.7454923717059639,1.4908240153708838,1.0,0.008479312590609692,1.9643658525224885,0.3410111366479253,0.05061443570789586,0.49092985977338366,0.3984983897625259,danceability_very_high|speechiness_very_high|valence_very_high,instrumentalness_low
"frozenset({'speechiness_high', 'instrumentalness_low', 'energy_very_high'})",frozenset({'loudness_very_high'}),0.03449969453395465,0.2499430994621402,0.025731022173241174,0.7458333333333332,2.9840125009984817,1.0,0.017108061590927495,2.9510435430997752,0.6886385811931487,0.09945825809140159,0.6611368197740652,0.42439042655164144,energy_very_high|instrumentalness_low|speechiness_high,loudness_very_high
"frozenset({'energy_high', 'mode_1', 'speechiness_very_high'})",frozenset({'instrumentalness_low'}),0.03466740138238359,0.5000539057727093,0.025731022173241174,0.7422252937111266,1.4842905637627237,1.0,0.008395452708990038,1.939469164468874,0.3379948696848893,0.05055307131089669,0.4843949992502968,0.39684089522658667,energy_high|mode_1|speechiness_very_high,instrumentalness_low
"frozenset({'energy_very_low', 'mode_0', 'danceability_very_low'})",frozenset({'loudness_very_low'}),0.030834101989721967,0.25000299476515053,0.02570706405203704,0.8337218337218337,3.3348473865483927,1.0,0.017998446213712462,4.510496008117997,0.7224111004743462,0.10076063480138979,0.7782948930228075,0.4682744290794123,danceability_very_low|energy_very_low|mode_0,loudness_very_low
"frozenset({'loudness_very_low', 'mode_0', 'danceability_very_low'})",frozenset({'energy_very_low'}),0.0317445105954791,0.25050611531043737,0.02570706405203704,0.8098113207547171,3.2327008055318966,1.0,0.01775487002033255,3.940791258784409,0.713304641140801,0.1002054538662682,0.7462438545124911,0.4562159128639691,danceability_very_low|loudness_very_low|mode_0,energy_very_low
"frozenset({'valence_very_high', 'danceability_very_high', 'key_very_low'})",frozenset({'mode_1'}),0.03384084620084093,0.6337522011523856,0.025683105930832905,0.7589380530973452,1.1975312302147865,1.0,0.004236395162190619,1.5193098850873874,0.1707262288903883,0.040010450490799834,0.3418064281583463,0.3997317616398738,danceability_very_high|key_very_low|valence_very_high,mode_1
"frozenset({'energy_very_low', 'instrumentalness_low', 'tempo_very_low'})",frozenset({'mode_1'}),0.034559589836964985,0.6337522011523856,0.025671126870230838,0.7428076256499134,1.1720789676141976,1.0,0.003768910740130662,1.424022775842814,0.15207066532396862,0.03994631573060936,0.297764040741451,0.39165709701359674,energy_very_low|instrumentalness_low|tempo_very_low,mode_1
"frozenset({'acousticness_high', 'mode_1', 'speechiness_very_high'})",frozenset({'instrumentalness_low'}),0.033721055594820255,0.5000539057727093,0.025623210627822565,0.7598579040852574,1.5195519829228923,1.0,0.008760865070854027,2.081876117233466,0.35384326105479735,0.050424328147100426,0.5196640224064504,0.40554940049030985,acousticness_high|mode_1|speechiness_very_high,instrumentalness_low
"frozenset({'energy_very_low', 'speechiness_very_low', 'instrumentalness_low', 'acousticness_very_high'})",frozenset({'mode_1'}),0.031037746019957114,0.6337522011523856,0.025587273446016363,0.8243921265920494,1.3008114608407086,1.0,0.005917033587059847,2.085600102888283,0.23865644367187153,0.04002998500749626,0.5205216960743669,0.43238319116673635,acousticness_very_high|energy_very_low|instrumentalness_low|speechiness_very_low,mode_1
"frozenset({'speechiness_very_low', 'instrumentalness_low', 'acousticness_very_high', 'mode_1'})",frozenset({'energy_very_low'}),0.03467938044298566,0.25050611531043737,0.025587273446016363,0.7378238341968912,2.9453326250441028,1.0,0.01689987656987127,2.858741496938451,0.6842076716374956,0.09856490240413456,0.6501957238627756,0.41998307241596666,acousticness_very_high|instrumentalness_low|mode_1|speechiness_very_low,energy_very_low
"frozenset({'speechiness_high', 'instrumentalness_low', 'key_very_low'})",frozenset({'mode_1'}),0.035098647564058026,0.6337522011523856,0.025587273446016363,0.7290102389078499,1.1503080187843946,1.0,0.003343428294822773,1.3515189554452272,0.13542071048664503,0.03977727704426526,0.26009176862001704,0.3846922473246366,instrumentalness_low|key_very_low|speechiness_high,mode_1
"frozenset({'loudness_very_low', 'duration_ms_very_low', 'danceability_very_low'})",frozenset({'acousticness_very_high'}),0.03261898201943004,0.24975143449250709,0.02555133626421016,0.7833272126331252,3.1364272810878537,1.0,0.017404698713172212,3.4625878709778015,0.704134025349802,0.0994915807640282,0.7111986649113948,0.4428171388600899,danceability_very_low|duration_ms_very_low|loudness_very_low,acousticness_very_high
"frozenset({'duration_ms_very_low', 'acousticness_very_high', 'danceability_very_low'})",frozenset({'loudness_very_low'}),0.030103379292995842,0.25000299476515053,0.02555133626421016,0.8487863111818544,3.3951045745639683,1.0,0.01802540128840998,4.959848616197836,0.7273540783135528,0.1003764705882353,0.7983809431735058,0.4754952159646694,acousticness_very_high|danceability_very_low|duration_ms_very_low,loudness_very_low
"frozenset({'energy_very_low', 'instrumentalness_high', 'danceability_very_low', 'loudness_very_low', 'mode_1'})",frozenset({'valence_very_low'}),0.031720552474274966,0.2507217384012746,0.025539357203608094,0.8051359516616315,3.2112730104520466,1.0,0.017586325144209023,3.8451334044833843,0.7111552528597004,0.09941247785134757,0.7399309998363096,0.4534996528494493,danceability_very_low|energy_very_low|instrumentalness_high|loudness_very_low|mode_1,valence_very_low
"frozenset({'energy_very_low', 'instrumentalness_high', 'danceability_very_low', 'mode_1', 'valence_very_low'})",frozenset({'loudness_very_low'}),0.02629403802153835,0.25000299476515053,0.025539357203608094,0.9712984054669704,3.885147081455545,1.0,0.018965768953754774,26.130848039531706,0.7626629763958264,0.10184875555343238,0.9617310544806214,0.5367273052730156,danceability_very_low|energy_very_low|instrumentalness_high|mode_1|valence_very_low,loudness_very_low
"frozenset({'energy_very_low', 'instrumentalness_high', 'loudness_very_low', 'mode_1', 'valence_very_low'})",frozenset({'danceability_very_low'}),0.03384084620084093,0.2516321470070317,0.025539357203608094,0.7546902654867258,2.9991806470801863,1.0,0.017023912417555742,3.0507058942354064,0.6899231870453417,0.09825337573160056,0.6722070121903283,0.42809253824655247,energy_very_low|instrumentalness_high|loudness_very_low|mode_1|valence_very_low,danceability_very_low
"frozenset({'instrumentalness_high', 'danceability_very_low', 'loudness_very_low', 'mode_1', 'valence_very_low'})",frozenset({'energy_very_low'}),0.029444530959882125,0.25050611531043737,0.025539357203608094,0.8673718470301058,3.462477736143181,1.0,0.01816332213571012,5.651091928119466,0.7327654125665842,0.1003861003861004,0.8230430485435805,0.48466143996493816,danceability_very_low|instrumentalness_high|loudness_very_low|mode_1|valence_very_low,energy_very_low
"frozenset({'energy_very_low', 'danceability_very_low', 'mode_1', 'instrumentalness_high'})","frozenset({'loudness_very_low', 'valence_very_low'})",0.03275075168605278,0.10355897890487428,0.025539357203608094,0.7798098024871983,7.5301032390779445,1.0,0.02214772280063338,4.07121221208318,0.8965628015930912,0.2305612631123608,0.7543729120697654,0.5132131719202909,danceability_very_low|energy_very_low|instrumentalness_high|mode_1,loudness_very_low|valence_very_low
"frozenset({'energy_very_low', 'mode_1', 'valence_very_low', 'instrumentalness_high'})","frozenset({'loudness_very_low', 'danceability_very_low'})",0.035697600594161404,0.09570071514991794,0.025539357203608094,0.7154362416107384,7.475766931208265,1.0,0.02212307129761071,3.1778441849684502,0.8983016744500829,0.24125834559239562,0.685321261271994,0.49115159182802537,energy_very_low|instrumentalness_high|mode_1|valence_very_low,danceability_very_low|loudness_very_low
"frozenset({'acousticness_very_low', 'liveness_very_high', 'danceability_very_low'})",frozenset({'energy_very_high'}),0.032091903352939065,0.2486014446747086,0.025527378143006027,0.7954460619634192,3.1996839881773367,1.0,0.01754928460710425,3.6733516965628747,0.7102628222700262,0.10004225153748651,0.727769055999813,0.44906500563597646,acousticness_very_low|danceability_very_low|liveness_very_high,energy_very_high
"frozenset({'liveness_very_high', 'energy_very_high', 'danceability_very_low'})",frozenset({'acousticness_very_low'}),0.034859066352016674,0.2504581990680291,0.025527378143006027,0.7323024054982818,2.9238507991482243,1.0,0.016796639163287,2.7999571767805342,0.6817504690754209,0.09826163139207822,0.6428516806282634,0.4171125572545934,danceability_very_low|energy_very_high|liveness_very_high,acousticness_very_low
"frozenset({'energy_very_low', 'duration_ms_very_high', 'valence_very_low'})",frozenset({'loudness_very_low'}),0.03190023838330598,0.25000299476515053,0.025515399082403956,0.7998497934660157,3.1993608485265703,1.0,0.017540243952855257,3.747170778499819,0.7100895978391301,0.09951875905246928,0.7331319923453421,0.4509550836041147,duration_ms_very_high|energy_very_low|valence_very_low,loudness_very_low
"frozenset({'loudness_very_low', 'duration_ms_very_high', 'valence_very_low'})",frozenset({'energy_very_low'}),0.03484708729141461,0.25050611531043737,0.025515399082403956,0.7322103815744242,2.9229241795835574,1.0,0.01678599061514797,2.798816059771422,0.6816296679585185,0.09819740906366695,0.6427060661922636,0.4170328878032794,duration_ms_very_high|loudness_very_low|valence_very_low,energy_very_low
"frozenset({'mode_1', 'loudness_very_high', 'acousticness_high'})",frozenset({'instrumentalness_low'}),0.03057056265647648,0.5000539057727093,0.025515399082403956,0.8346394984326018,1.6690990487173047,1.0,0.010228469824363562,3.0233706930522395,0.41351579186505016,0.05051463264241332,0.6692433374782596,0.4428323977406397,acousticness_high|loudness_very_high|mode_1,instrumentalness_low
"frozenset({'energy_very_low', 'mode_1', 'speechiness_low', 'danceability_very_low'})",frozenset({'acousticness_very_high'}),0.02848620611171672,0.24975143449250709,0.025491440961199822,0.8948696383515559,3.583041035059213,1.0,0.01837697012154935,7.1363643551072675,0.7420455283966442,0.10085786056211195,0.8598726255779904,0.4984684418914957,danceability_very_low|energy_very_low|mode_1|speechiness_low,acousticness_very_high
"frozenset({'danceability_very_low', 'mode_1', 'speechiness_low', 'acousticness_very_high'})",frozenset({'energy_very_low'}),0.028162771475460896,0.25050611531043737,0.025491440961199822,0.9051467460655039,3.6132720550307096,1.0,0.01843649448250652,7.901614900919999,0.7442013103956023,0.10068606576768391,0.8734435919063115,0.5034532506150013,acousticness_very_high|danceability_very_low|mode_1|speechiness_low,energy_very_low
"frozenset({'speechiness_very_low', 'instrumentalness_low', 'duration_ms_very_high'})",frozenset({'mode_1'}),0.03278668886785898,0.6337522011523856,0.025491440961199822,0.7774936061381075,1.2268101076798616,1.0,0.004712804722695776,1.646010222407095,0.19114493500415233,0.039765295062974174,0.39247035869703256,0.40885832371927583,duration_ms_very_high|instrumentalness_low|speechiness_very_low,mode_1
"frozenset({'instrumentalness_low', 'key_very_low', 'speechiness_low'})",frozenset({'mode_1'}),0.034859066352016674,0.6337522011523856,0.025491440961199822,0.7312714776632302,1.1538760359861788,1.0,0.003399430930492192,1.3628914253792297,0.1381723361949039,0.039637156108555144,0.2662658364574081,0.3857472594818372,instrumentalness_low|key_very_low|speechiness_low,mode_1
"frozenset({'loudness_very_low', 'tempo_very_low', 'liveness_low'})",frozenset({'acousticness_very_high'}),0.032762730746654846,0.24975143449250709,0.025443524718791553,0.776599634369287,3.1094901855011616,1.0,0.017260985716922736,3.358313955258581,0.7013830988100682,0.0989748369058714,0.7022315324527179,0.43923751203811373,liveness_low|loudness_very_low|tempo_very_low,acousticness_very_high
"frozenset({'tempo_very_low', 'acousticness_very_high', 'liveness_low'})",frozenset({'loudness_very_low'}),0.03465542232178152,0.25000299476515053,0.025443524718791553,0.7341859661251297,2.9367086854892044,1.0,0.016779565353495125,2.821510190044759,0.6831578625363937,0.09815610702897547,0.6455798729601128,0.41797942292840096,acousticness_very_high|liveness_low|tempo_very_low,loudness_very_low
"frozenset({'valence_low', 'mode_1', 'acousticness_high'})",frozenset({'instrumentalness_low'}),0.036104888654631705,0.5000539057727093,0.025443524718791553,0.7047113470471135,1.4092707584358468,1.0,0.007389134129554192,1.693075874158488,0.3012912352787465,0.049819392972744764,0.40935901617697346,0.37779645543233403,acousticness_high|mode_1|valence_low,instrumentalness_low
"frozenset({'tempo_very_low', 'acousticness_very_high', 'instrumentalness_high'})",frozenset({'valence_very_low'}),0.03620072113944824,0.2507217384012746,0.025419566597587418,0.7021839841164792,2.8006505881538253,1.0,0.016343258862125183,2.515909896168165,0.6670892175010104,0.09720568025652772,0.6025294858440513,0.4017847775336338,acousticness_very_high|instrumentalness_high|tempo_very_low,valence_very_low
"frozenset({'instrumentalness_low', 'danceability_low', 'liveness_high'})",frozenset({'mode_1'}),0.03627259550306065,0.6337522011523856,0.025395608476383284,0.7001321003963011,1.1047410945843081,1.0,0.002407771234808471,1.2213638049675948,0.09837899689556728,0.03939568505751399,0.18124313498341152,0.3701019636278831,danceability_low|instrumentalness_low|liveness_high,mode_1
"frozenset({'energy_very_low', 'mode_1', 'speechiness_low', 'danceability_very_low'})",frozenset({'loudness_very_low'}),0.02848620611171672,0.25000299476515053,0.025383629415781213,0.8910849453322118,3.5642970843980692,1.0,0.0182619925783547,6.886072889762433,0.7405347996825123,0.10028870273084385,0.8547793472406158,0.4963091233608831,danceability_very_low|energy_very_low|mode_1|speechiness_low,loudness_very_low
"frozenset({'loudness_very_low', 'mode_1', 'speechiness_low', 'danceability_very_low'})",frozenset({'energy_very_low'}),0.027803399657398867,0.25050611531043737,0.025383629415781213,0.912968548039638,3.644496051157275,1.0,0.018418707775182678,8.611758942398383,0.7463651294980382,0.10035995074358245,0.8838797037064416,0.5071489641498879,danceability_very_low|loudness_very_low|mode_1|speechiness_low,energy_very_low
"frozenset({'energy_very_low', 'speechiness_very_low', 'tempo_very_low'})",frozenset({'acousticness_very_high'}),0.036188742078846176,0.24975143449250709,0.025335713173372944,0.7000993048659384,2.8031843191953416,1.0,0.01629752292670176,2.501656640616044,0.667415782235355,0.09721903010802115,0.6002648869695622,0.4007715095963823,energy_very_low|speechiness_very_low|tempo_very_low,acousticness_very_high
"frozenset({'speechiness_very_low', 'acousticness_very_high', 'tempo_very_low'})",frozenset({'energy_very_low'}),0.03046275111105787,0.25050611531043737,0.025335713173372944,0.831694848604011,3.3200580655419962,1.0,0.017704607730873127,4.453184459732611,0.72075667994161,0.09910965323336457,0.7754415948761205,0.46641647556443855,acousticness_very_high|speechiness_very_low|tempo_very_low,energy_very_low
"frozenset({'energy_very_low', 'liveness_low', 'mode_1', 'instrumentalness_high'})",frozenset({'loudness_very_low'}),0.02714455132428515,0.25000299476515053,0.025299775991566742,0.9320388349514563,3.7281106805420516,1.0,0.018513556868939123,11.035670219884219,0.7521853541510185,0.1004566210045662,0.9093847514400905,0.5166183633310228,energy_very_low|instrumentalness_high|liveness_low|mode_1,loudness_very_low
"frozenset({'loudness_very_low', 'liveness_low', 'mode_1', 'instrumentalness_high'})",frozenset({'energy_very_low'}),0.03060649983828268,0.25050611531043737,0.025299775991566742,0.826614481409002,3.2997776536697625,1.0,0.017632660613829017,4.322701750297591,0.7189539418204586,0.09889955513931163,0.7686631977486866,0.4638045628162072,instrumentalness_high|liveness_low|loudness_very_low|mode_1,energy_very_low
"frozenset({'valence_low', 'instrumentalness_low', 'acousticness_very_high'})",frozenset({'energy_very_low'}),0.035985098048611025,0.25050611531043737,0.025275817870362607,0.7023968042609855,2.803910808287242,1.0,0.01626133074913986,2.51843359016493,0.667370673827938,0.09676235898376594,0.602927786579232,0.40164790480838103,acousticness_very_high|instrumentalness_low|valence_low,energy_very_low
"frozenset({'energy_high', 'loudness_very_high', 'acousticness_low'})",frozenset({'instrumentalness_low'}),0.03249919141340936,0.5000539057727093,0.02525185974915847,0.7769996314043495,1.5538317418072944,1.0,0.009000512148428223,2.2419070308076696,0.368402456347644,0.049776854235046866,0.5539511735953921,0.413748953302788,acousticness_low|energy_high|loudness_very_high,instrumentalness_low
"frozenset({'energy_very_low', 'liveness_low', 'valence_very_low', 'instrumentalness_high'})",frozenset({'loudness_very_low'}),0.026593514536590042,0.25000299476515053,0.025239880688556402,0.949099099099099,3.796350919678662,1.0,0.01859142241307833,14.734454439127088,0.75671280905408,0.1004146213601487,0.9321318611332825,0.5250287062337852,energy_very_low|instrumentalness_high|liveness_low|valence_very_low,loudness_very_low
"frozenset({'loudness_very_low', 'liveness_low', 'valence_very_low', 'instrumentalness_high'})",frozenset({'energy_very_low'}),0.02995963056577103,0.25050611531043737,0.025239880688556402,0.8424630147940824,3.363043707536113,1.0,0.01773481001938926,4.757574125910143,0.7243516180333768,0.098892330798836,0.7898088451099654,0.4716092809242026,instrumentalness_high|liveness_low|loudness_very_low|valence_very_low,energy_very_low
"frozenset({'loudness_very_low', 'tempo_very_low', 'danceability_very_low', 'instrumentalness_high'})",frozenset({'valence_very_low'}),0.029408593778075923,0.2507217384012746,0.025227901627954335,0.8578411405295315,3.4214868882114073,1.0,0.01785452787197823,5.270710980587022,0.729173370974977,0.09897081629775835,0.8102722756601185,0.47923112927097694,danceability_very_low|instrumentalness_high|loudness_very_low|tempo_very_low,valence_very_low
"frozenset({'tempo_very_low', 'danceability_very_low', 'valence_very_low', 'instrumentalness_high'})",frozenset({'loudness_very_low'}),0.02995963056577103,0.25000299476515053,0.025227901627954335,0.8420631747301079,3.3682123509005595,1.0,0.017737904264454034,4.748715215423692,0.7248220044617418,0.09903597460616034,0.7894167254435414,0.47148678621507795,danceability_very_low|instrumentalness_high|tempo_very_low|valence_very_low,loudness_very_low
"frozenset({'loudness_very_low', 'tempo_very_low', 'valence_very_low', 'instrumentalness_high'})",frozenset({'danceability_very_low'}),0.030450772050455804,0.2516321470070317,0.025227901627954335,0.8284815106215578,3.292431116118111,1.0,0.01756550847887643,4.363190555752581,0.718141016928963,0.09821844977147655,0.7708099182875328,0.4643692900151491,instrumentalness_high|loudness_very_low|tempo_very_low|valence_very_low,danceability_very_low
"frozenset({'loudness_very_low', 'tempo_very_low', 'valence_very_low', 'danceability_very_low'})",frozenset({'instrumentalness_high'}),0.03548197750332419,0.24979935073491535,0.025227901627954335,0.7110060769750168,2.846308746933172,1.0,0.016364526684833076,2.595904583087828,0.6725304811671664,0.09701045649269889,0.6147778286941116,0.40599936995060726,danceability_very_low|loudness_very_low|tempo_very_low|valence_very_low,instrumentalness_high
"frozenset({'valence_high', 'instrumentalness_low', 'energy_very_high'})",frozenset({'loudness_very_high'}),0.03261898201943004,0.2499430994621402,0.025215922567352268,0.7730444362835107,3.092881691661212,1.0,0.0170630331001161,3.3048623627258755,0.699493703739566,0.09798445282316248,0.6974155380028618,0.4369655442860161,energy_very_high|instrumentalness_low|valence_high,loudness_very_high
"frozenset({'energy_very_low', 'valence_very_low', 'key_very_low'})",frozenset({'mode_1'}),0.03532624971549731,0.6337522011523856,0.025215922567352268,0.7138012885723974,1.1263097584110229,1.0,0.002827834051697009,1.279697581518501,0.11625150834156013,0.0391635193212897,0.2185653747869159,0.3767947941775133,energy_very_low|key_very_low|valence_very_low,mode_1
"frozenset({'valence_low', 'mode_1', 'energy_very_high'})",frozenset({'acousticness_very_low'}),0.03488302447322081,0.2504581990680291,0.0252039435067502,0.7225274725274725,2.8848225980065467,1.0,0.016467204019141334,2.701318965735024,0.6769731033203312,0.09688708786148462,0.6298104693727266,0.41157940490731765,energy_very_high|mode_1|valence_low,acousticness_very_low
"frozenset({'energy_very_low', 'valence_very_low', 'mode_0'})",frozenset({'acousticness_very_high'}),0.03502677320044562,0.24975143449250709,0.0252039435067502,0.7195622435020519,2.881113555820797,1.0,0.016455956654295202,2.6752765921267176,0.676611497281337,0.09709723568231114,0.6262068741067826,0.4102391772932582,energy_very_low|mode_0|valence_very_low,acousticness_very_high
"frozenset({'valence_very_low', 'mode_0', 'acousticness_very_high'})",frozenset({'energy_very_low'}),0.02873776638436014,0.25050611531043737,0.0252039435067502,0.8770320967069613,3.501040665694358,1.0,0.01800495728710527,6.0950367097296985,0.7355074835725313,0.09921252416654877,0.8359320792270751,0.4888220927299152,acousticness_very_high|mode_0|valence_very_low,energy_very_low
"frozenset({'speechiness_very_low', 'key_high', 'instrumentalness_low'})",frozenset({'mode_1'}),0.03152888750464189,0.6337522011523856,0.0252039435067502,0.7993920972644376,1.2613638198192607,1.0,0.005222441650797455,1.8256897851646225,0.21395302331620986,0.039376415323863524,0.4522618200934777,0.41958074762097225,instrumentalness_low|key_high|speechiness_very_low,mode_1
"frozenset({'loudness_very_low', 'mode_1', 'duration_ms_low'})",frozenset({'energy_very_low'}),0.03282262604966518,0.25050611531043737,0.0252039435067502,0.7678832116788322,3.065327210584221,1.0,0.01698167496076141,3.2289516415871113,0.6966359753676554,0.0976424726192686,0.6903019583444504,0.4342476502158507,duration_ms_low|loudness_very_low|mode_1,energy_very_low
"frozenset({'energy_very_low', 'duration_ms_high', 'acousticness_very_high'})",frozenset({'mode_1'}),0.03408042741288228,0.6337522011523856,0.0252039435067502,0.7395430579964851,1.1669277939417557,1.0,0.0036053976176219533,1.4061740724986007,0.14809612787291898,0.03922007232598888,0.2888504918718055,0.389656227986996,acousticness_very_high|duration_ms_high|energy_very_low,mode_1
"frozenset({'duration_ms_high', 'acousticness_very_high', 'mode_1'})",frozenset({'energy_very_low'}),0.03584134932138622,0.25050611531043737,0.0252039435067502,0.7032085561497325,2.8071512556820735,1.0,0.01622546632076536,2.52532173760267,0.6676981725457306,0.0965137614678899,0.6040108533064318,0.40191032245130087,acousticness_very_high|duration_ms_high|mode_1,energy_very_low
"frozenset({'danceability_very_low', 'acousticness_very_high', 'liveness_low'})",frozenset({'mode_1'}),0.03584134932138622,0.6337522011523856,0.025144048203739864,0.7015374331550802,1.1069585744703325,1.0,0.002429514179039787,1.2271146855006296,0.10021569327968975,0.039016320309305186,0.1850802440751273,0.37060616105348754,acousticness_very_high|danceability_very_low|liveness_low,mode_1
"frozenset({'loudness_very_low', 'speechiness_very_low', 'danceability_very_low'})",frozenset({'energy_very_low'}),0.027216425687897554,0.25050611531043737,0.025120090082535726,0.922975352112676,3.6844423976192653,1.0,0.018302209010825313,9.730572034369631,0.7489728748503613,0.09944515578318394,0.8972311189447165,0.5116263524144099,danceability_very_low|loudness_very_low|speechiness_very_low,energy_very_low
"frozenset({'instrumentalness_low', 'danceability_low', 'energy_very_high'})",frozenset({'loudness_very_high'}),0.03369709747361612,0.2499430994621402,0.025084152900729524,0.7444009953785993,2.978281844869882,1.0,0.016661795915296058,2.9345063438289274,0.6873993026677552,0.09701630837657522,0.6592271807137395,0.4223802245045405,danceability_low|energy_very_high|instrumentalness_low,loudness_very_high
"frozenset({'valence_low', 'instrumentalness_low', 'liveness_low'})",frozenset({'mode_1'}),0.03567364247295727,0.6337522011523856,0.025072173840127457,0.7028206850235057,1.1089834224568043,1.0,0.002463924399767555,1.232413497139204,0.10190872090670264,0.03891057817438186,0.18858402450046552,0.37119108157233316,instrumentalness_low|liveness_low|valence_low,mode_1
"frozenset({'speechiness_very_low', 'acousticness_very_high', 'liveness_low'})",frozenset({'mode_1'}),0.03229554738317421,0.6337522011523856,0.025036236658321255,0.7752225519287834,1.2232266026361007,1.0,0.004568862416813434,1.6293796463583639,0.18858028718558276,0.03905739006933154,0.386269490824325,0.40736366231728843,acousticness_very_high|liveness_low|speechiness_very_low,mode_1
"frozenset({'loudness_very_low', 'duration_ms_very_high', 'valence_very_low'})",frozenset({'instrumentalness_high'}),0.03484708729141461,0.24979935073491535,0.025024257597719188,0.7181161911309729,2.8747720481188552,1.0,0.016319477817320897,2.661382547209917,0.6756922389915366,0.09638720989249298,0.6242554453329686,0.4091468118173447,duration_ms_very_high|loudness_very_low|valence_very_low,instrumentalness_high
"frozenset({'energy_very_low', 'mode_1', 'valence_very_low', 'liveness_low'})",frozenset({'loudness_very_low'}),0.03149295032283568,0.25000299476515053,0.02501227853711712,0.794218333967288,3.1768352803668054,1.0,0.017138946642418086,3.644625003257708,0.707502671566711,0.0975199663724254,0.7256233496982101,0.4471331248178558,energy_very_low|liveness_low|mode_1|valence_very_low,loudness_very_low
"frozenset({'loudness_very_low', 'mode_1', 'valence_very_low', 'liveness_low'})",frozenset({'energy_very_low'}),0.027827357778603002,0.25050611531043737,0.02501227853711712,0.8988377098579423,3.5880868965776185,1.0,0.018041355240645603,7.4088267835483155,0.7419463559987303,0.09873740956163994,0.8650258631743757,0.49934234383486253,liveness_low|loudness_very_low|mode_1|valence_very_low,energy_very_low
"frozenset({'instrumentalness_low', 'acousticness_very_high', 'liveness_low'})",frozenset({'mode_1'}),0.03245127517100109,0.6337522011523856,0.024976341355310915,0.769656699889258,1.214444223609401,1.0,0.004410274285487216,1.5900084728817103,0.18250044758052664,0.03895084907246539,0.37107253385410377,0.4045334817847197,acousticness_very_high|instrumentalness_low|liveness_low,mode_1
"frozenset({'energy_very_low', 'speechiness_very_low', 'valence_low'})",frozenset({'mode_1'}),0.03181638495909151,0.6337522011523856,0.02495238323410678,0.784262048192771,1.2374900580490376,1.0,0.004788679233570882,1.697651228166254,0.1982193220845924,0.03895059650697483,0.4109508576268834,0.41181725413135384,energy_very_low|speechiness_very_low|valence_low,mode_1
"frozenset({'acousticness_very_low', 'mode_1', 'loudness_very_high', 'speechiness_very_high'})",frozenset({'energy_very_high'}),0.02684507480923346,0.2486014446747086,0.024940404173504713,0.9290495314591699,3.737104314396957,1.0,0.018266679793528647,10.590466430716827,0.7526172076454049,0.0995600612088753,0.9055754525504582,0.5146861881745327,acousticness_very_low|loudness_very_high|mode_1|speechiness_very_high,energy_very_high
"frozenset({'energy_very_low', 'duration_ms_very_high', 'mode_1'})",frozenset({'loudness_very_low'}),0.03527833347308904,0.25000299476515053,0.02491644605230058,0.7062818336162988,2.825093492499042,1.0,0.016096757033704664,2.553458012042349,0.6696536794779463,0.09569818265470438,0.608374214385392,0.40297321196866687,duration_ms_very_high|energy_very_low|mode_1,loudness_very_low
"frozenset({'instrumentalness_low', 'duration_ms_very_low', 'danceability_high'})",frozenset({'mode_1'}),0.03557780998814073,0.6337522011523856,0.02490446699169851,0.7,1.1045326528683488,1.0,0.002356951599532992,1.2208259961587145,0.09813099866385833,0.03864599598483158,0.18088244913979187,0.36964842642472356,danceability_high|duration_ms_very_low|instrumentalness_low,mode_1
"frozenset({'tempo_very_high', 'loudness_very_high', 'danceability_very_low'})",frozenset({'energy_very_high'}),0.031085662262365386,0.2486014446747086,0.02486852980989231,0.8,3.2180022165470055,1.0,0.017140589262798205,3.756992776626458,0.7113613322783245,0.09759308010530275,0.7338296719063866,0.45001686503156174,danceability_very_low|loudness_very_high|tempo_very_high,energy_very_high
"frozenset({'energy_very_low', 'liveness_very_high'})",frozenset({'loudness_very_low'}),0.03479917104900634,0.25000299476515053,0.02485655074929024,0.7142857142857142,2.8571086316654113,1.0,0.01615665377169393,2.6249895183219722,0.6734306351924938,0.09562211981566819,0.6190460978909923,0.40685536313231563,energy_very_low|liveness_very_high,loudness_very_low
"frozenset({'mode_0', 'acousticness_very_high', 'instrumentalness_high'})",frozenset({'loudness_very_low'}),0.02862995483894153,0.25000299476515053,0.024844571688688172,0.8677824267782427,3.4710881267379454,1.0,0.017686997238961777,5.672445704149653,0.7328884665494809,0.09789483621259322,0.8237091984382584,0.4835797615443681,acousticness_very_high|instrumentalness_high|mode_0,loudness_very_low
"frozenset({'speechiness_low', 'acousticness_very_high', 'instrumentalness_high'})",frozenset({'danceability_very_low'}),0.035218438170078706,0.2516321470070317,0.024832592628086105,0.7051020408163264,2.8021143133060136,1.0,0.015970501417114806,2.5377179790072963,0.666603351094217,0.0947743793718283,0.605945180562901,0.4018940652524934,acousticness_very_high|instrumentalness_high|speechiness_low,danceability_very_low
"frozenset({'instrumentalness_high', 'speechiness_low', 'danceability_very_low'})",frozenset({'acousticness_very_high'}),0.03463146420057739,0.24975143449250709,0.024832592628086105,0.7170529228640609,2.871066283647606,1.0,0.016183334765415995,2.6515508592691464,0.6750762263978187,0.09567545114690544,0.6228622217430775,0.40824107604184384,danceability_very_low|instrumentalness_high|speechiness_low,acousticness_very_high
"frozenset({'energy_very_low', 'mode_0', 'danceability_very_low'})",frozenset({'acousticness_very_high'}),0.030834101989721967,0.24975143449250709,0.0247607182644737,0.8030303030303031,3.2153180808032364,1.0,0.017059857061252372,3.8089542556534264,0.7109090209458332,0.09678778797527626,0.7374607483101817,0.4510858743315936,danceability_very_low|energy_very_low|mode_0,acousticness_very_high
"frozenset({'mode_0', 'acousticness_very_high', 'danceability_very_low'})",frozenset({'energy_very_low'}),0.029204949747840773,0.25050611531043737,0.0247607182644737,0.8478260869565218,3.384452654602309,1.0,0.017444699755305573,4.925245527959986,0.7257260411713097,0.097119766950148,0.7969644367325184,0.4733344283290643,acousticness_very_high|danceability_very_low|mode_0,energy_very_low
"frozenset({'acousticness_very_low', 'liveness_very_high', 'speechiness_very_high'})",frozenset({'energy_very_high'}),0.028869536050982882,0.2486014446747086,0.0247607182644737,0.8576763485477179,3.450005488383123,1.0,0.017583709895110773,5.279505884355548,0.7312564222931981,0.0979806598407281,0.810588334987325,0.4786382031853416,acousticness_very_low|liveness_very_high|speechiness_very_high,energy_very_high
"frozenset({'energy_very_low', 'acousticness_very_high', 'tempo_very_low', 'danceability_very_low', 'mode_1'})",frozenset({'loudness_very_low'}),0.028713808263156004,0.25000299476515053,0.024736760143269566,0.8614935335836462,3.4459328552960806,1.0,0.01755822208636824,5.414888016710645,0.7307864820792725,0.09739647203094048,0.8153239740297593,0.4802196944391638,acousticness_very_high|danceability_very_low|energy_very_low|mode_1|tempo_very_low,loudness_very_low
"frozenset({'energy_very_low', 'tempo_very_low', 'danceability_very_low', 'loudness_very_low', 'mode_1'})",frozenset({'acousticness_very_high'}),0.028174750536062963,0.24975143449250709,0.024736760143269566,0.8779761904761905,3.5153999906356135,1.0,0.017700075780419308,6.148378488061405,0.7362819082781485,0.09770060560181683,0.8373554910547965,0.4885108541234135,danceability_very_low|energy_very_low|loudness_very_low|mode_1|tempo_very_low,acousticness_very_high
"frozenset({'acousticness_very_high', 'tempo_very_low', 'danceability_very_low', 'loudness_very_low', 'mode_1'})",frozenset({'energy_very_low'}),0.025982582445884594,0.25050611531043737,0.024736760143269566,0.9520516366989397,3.800512556426491,1.0,0.018227964349017856,15.631271498958302,0.7565343111870005,0.098258469737343,0.9360256777533008,0.5253993837664553,acousticness_very_high|danceability_very_low|loudness_very_low|mode_1|tempo_very_low,energy_very_low
"frozenset({'energy_very_low', 'tempo_very_low', 'mode_1', 'danceability_very_low'})","frozenset({'loudness_very_low', 'acousticness_very_high'})",0.033804909019034726,0.15069658237401024,0.024736760143269566,0.7317505315379165,4.855787171880264,1.0,0.01964247588663668,3.1660954353243644,0.8218424770110577,0.15483242108420187,0.6841535511397019,0.4479499875495624,danceability_very_low|energy_very_low|mode_1|tempo_very_low,acousticness_very_high|loudness_very_low
"frozenset({'tempo_very_low', 'mode_1', 'acousticness_very_high', 'danceability_very_low'})","frozenset({'energy_very_low', 'loudness_very_low'})",0.032223673019561805,0.17769738497107057,0.024736760143269566,0.7676579925650558,4.320029766842274,1.0,0.019010697713530592,3.5391904550845137,0.7941092296835054,0.1335791448347241,0.7174495092335683,0.4534326096032776,acousticness_very_high|danceability_very_low|mode_1|tempo_very_low,energy_very_low|loudness_very_low
"frozenset({'loudness_very_low', 'tempo_very_low', 'mode_1', 'danceability_very_low'})","frozenset({'energy_very_low', 'acousticness_very_high'})",0.03162471998945843,0.17666718575929274,0.024736760143269566,0.7821969696969697,4.427517007955881,1.0,0.019149709862306297,3.7801715297312475,0.799421245235388,0.1347647327546825,0.7354617397292827,0.46110797766106965,danceability_very_low|loudness_very_low|mode_1|tempo_very_low,acousticness_very_high|energy_very_low
"frozenset({'energy_very_low', 'speechiness_very_low', 'key_very_low'})",frozenset({'mode_1'}),0.03131326441380467,0.6337522011523856,0.02471280202206543,0.7892119357306808,1.2453005043542482,1.0,0.004867951774550051,1.737516780739861,0.20334847709264747,0.0385924872792577,0.42446599015050385,0.41410317984908485,energy_very_low|key_very_low|speechiness_very_low,mode_1
"frozenset({'speechiness_very_low', 'valence_high', 'instrumentalness_low'})",frozenset({'mode_1'}),0.032271589261970074,0.6337522011523856,0.02470082296146336,0.7654046028210839,1.2077348235308811,1.0,0.004248632232004133,1.56118919318904,0.17773961095979451,0.038515419242766684,0.35946264273242834,0.40219006249172523,instrumentalness_low|speechiness_very_low|valence_high,mode_1
"frozenset({'energy_very_low', 'mode_1', 'valence_very_low', 'liveness_low'})",frozenset({'acousticness_very_high'}),0.03149295032283568,0.24975143449250709,0.02466488577965716,0.7831875237732979,3.135867969546316,1.0,0.016799476260127684,3.460356980209122,0.7032566499159159,0.096129604556702,0.7110124748055426,0.4409726289785958,energy_very_low|liveness_low|mode_1|valence_very_low,acousticness_very_high
"frozenset({'valence_very_low', 'mode_1', 'acousticness_very_high', 'liveness_low'})",frozenset({'energy_very_low'}),0.026258100839732148,0.25050611531043737,0.02466488577965716,0.9393248175182481,3.7497081312933163,1.0,0.018087070942866126,12.35256086646256,0.7530872166866435,0.09783796626277025,0.9190451266898817,0.5188925158746558,acousticness_very_high|liveness_low|mode_1|valence_very_low,energy_very_low
"frozenset({'danceability_very_low', 'duration_ms_very_high', 'instrumentalness_high'})",frozenset({'valence_very_low'}),0.0308221229291199,0.2507217384012746,0.02466488577965716,0.8002331908278274,3.1917184203113327,1.0,0.016937109537650433,3.7507645274193,0.7085274744336322,0.0960175340421563,0.7333876886459607,0.44930436416689984,danceability_very_low|duration_ms_very_high|instrumentalness_high,valence_very_low
"frozenset({'loudness_low', 'instrumentalness_low', 'danceability_low'})",frozenset({'mode_1'}),0.03387678338264713,0.6337522011523856,0.024652906719055092,0.7277227722772278,1.1482765203086798,1.0,0.003183420682339913,1.345128279403966,0.13365751503264642,0.03834187238006521,0.2565764802423857,0.3833113436095524,danceability_low|instrumentalness_low|loudness_low,mode_1
"frozenset({'energy_very_low', 'speechiness_very_low', 'loudness_low'})",frozenset({'mode_1'}),0.031468992201631546,0.6337522011523856,0.02461696953724889,0.7822611343738105,1.2343328085510128,1.0,0.0046734264614176416,1.6820506426095863,0.1960140922532693,0.03842773528806777,0.40548757887065245,0.41055217195016014,energy_very_low|loudness_low|speechiness_very_low,mode_1
"frozenset({'acousticness_low', 'danceability_very_high', 'speechiness_very_high'})",frozenset({'instrumentalness_low'}),0.034942919776231145,0.5000539057727093,0.02461696953724889,0.7044909153239631,1.4088299425145918,1.0,0.007143626024042064,1.6918129429942086,0.3006984027233021,0.048232643289677524,0.40891810519537847,0.37685977349180144,acousticness_low|danceability_very_high|speechiness_very_high,instrumentalness_low
"frozenset({'energy_very_low', 'duration_ms_very_low', 'acousticness_very_high', 'liveness_low'})",frozenset({'loudness_very_low'}),0.02918099162663664,0.25000299476515053,0.024604990476646823,0.8431855500821018,3.3727017985291696,1.0,0.017309655179770882,4.7827034155813966,0.7246477434094666,0.0966497270845097,0.790913231888447,0.4708021665120619,acousticness_very_high|duration_ms_very_low|energy_very_low|liveness_low,loudness_very_low
"frozenset({'energy_very_low', 'loudness_very_low', 'duration_ms_very_low', 'liveness_low'})",frozenset({'acousticness_very_high'}),0.029157033505432504,0.24975143449250709,0.024604990476646823,0.8438783894823336,3.378873043100184,1.0,0.01732297953311896,4.805539495908521,0.7251876549524129,0.09675443968156767,0.7919068190259576,0.4711981520053042,duration_ms_very_low|energy_very_low|liveness_low|loudness_very_low,acousticness_very_high
"frozenset({'loudness_very_low', 'duration_ms_very_low', 'acousticness_very_high', 'liveness_low'})",frozenset({'energy_very_low'}),0.025862791839863918,0.25050611531043737,0.024604990476646823,0.9513663733209821,3.797777040859901,1.0,0.018126202961760034,15.411021876616857,0.7562467221708413,0.09773040871675312,0.9351113762600454,0.524793745191478,acousticness_very_high|duration_ms_very_low|liveness_low|loudness_very_low,energy_very_low
"frozenset({'duration_ms_very_low', 'acousticness_very_high', 'liveness_low'})","frozenset({'energy_very_low', 'loudness_very_low'})",0.03387678338264713,0.17769738497107057,0.024604990476646823,0.7263083451202265,4.087332772164715,1.0,0.01858517465831901,3.004485523645754,0.7818274724193318,0.13159917990773964,0.6671643141130655,0.43238701602782253,acousticness_very_high|duration_ms_very_low|liveness_low,energy_very_low|loudness_very_low
"frozenset({'loudness_very_low', 'duration_ms_very_low', 'liveness_low'})","frozenset({'energy_very_low', 'acousticness_very_high'})",0.03278668886785898,0.17666718575929274,0.024604990476646823,0.7504567044208988,4.247855656926514,1.0,0.018812658423996646,3.299358583567813,0.7905051508987346,0.13310867733782647,0.6969107859386916,0.4448649131000616,duration_ms_very_low|liveness_low|loudness_very_low,acousticness_very_high|energy_very_low
"frozenset({'key_high', 'instrumentalness_low', 'danceability_low'})",frozenset({'mode_1'}),0.033433558140370634,0.6337522011523856,0.024593011416044752,0.7355786456467215,1.1606723326706865,1.0,0.003404420352228602,1.3850916078369802,0.14321870877815607,0.03827153589471133,0.27802609275667767,0.38719202578149325,danceability_low|instrumentalness_low|key_high,mode_1
"frozenset({'energy_very_low', 'loudness_very_low', 'liveness_low', 'danceability_very_low'})",frozenset({'valence_very_low'}),0.03241533798919489,0.2507217384012746,0.024593011416044752,0.7586844050258684,3.0260016936050866,1.0,0.016465781524528933,3.10497239798798,0.6919610705783327,0.09512116017235786,0.6779359453732987,0.42838663633997676,danceability_very_low|energy_very_low|liveness_low|loudness_very_low,valence_very_low
"frozenset({'energy_very_low', 'liveness_low', 'valence_very_low', 'danceability_very_low'})",frozenset({'loudness_very_low'}),0.028402352687502245,0.25000299476515053,0.024593011416044752,0.8658793757908055,3.463476013974157,1.0,0.01749233818579317,5.591958803181848,0.7320650935349116,0.09689446856711345,0.8211717869897404,0.482125121532202,danceability_very_low|energy_very_low|liveness_low|valence_very_low,loudness_very_low
"frozenset({'loudness_very_low', 'liveness_low', 'valence_very_low', 'danceability_very_low'})",frozenset({'energy_very_low'}),0.026114352112507337,0.25050611531043737,0.024593011416044752,0.941743119266055,3.7593617948168996,1.0,0.018051206514491627,12.865328099395638,0.7536792484013554,0.09758068349256142,0.9222717063821345,0.5199582084471055,danceability_very_low|liveness_low|loudness_very_low|valence_very_low,energy_very_low
"frozenset({'energy_very_low', 'duration_ms_very_low', 'instrumentalness_low'})",frozenset({'acousticness_very_high'}),0.034391882988536036,0.24975143449250709,0.024545095173636483,0.7136886102403345,2.8575956398030065,1.0,0.015955673062351156,2.620393712374711,0.6732083602396312,0.09455032070508977,0.6183779577559139,0.4059833525564951,duration_ms_very_low|energy_very_low|instrumentalness_low,acousticness_very_high
"frozenset({'energy_very_low', 'loudness_very_low', 'tempo_high'})",frozenset({'acousticness_very_high'}),0.0338887624432492,0.24975143449250709,0.024545095173636483,0.7242841993637328,2.900020177403475,1.0,0.0160813281402592,2.7210938356675607,0.6781567044483922,0.09473392204910075,0.6325007293419296,0.4112811471181943,energy_very_low|loudness_very_low|tempo_high,acousticness_very_high
"frozenset({'energy_very_low', 'acousticness_very_high', 'tempo_high'})",frozenset({'loudness_very_low'}),0.03357730686759544,0.25000299476515053,0.024545095173636483,0.7310024973242955,2.923974962823903,1.0,0.016150667900589166,2.7881188404154953,0.6808612962293896,0.0947558268590455,0.6413352309433925,0.4145908509620998,acousticness_very_high|energy_very_low|tempo_high,loudness_very_low
"frozenset({'loudness_very_low', 'acousticness_very_high', 'tempo_high'})",frozenset({'energy_very_low'}),0.027300279112112028,0.25050611531043737,0.024545095173636483,0.8990785432207108,3.589048283737649,1.0,0.017706208306370624,7.426506796554403,0.7416210659050313,0.09691609119288618,0.8653471911634202,0.4985302815567976,acousticness_very_high|loudness_very_low|tempo_high,energy_very_low
"frozenset({'loudness_very_low', 'key_very_low', 'danceability_very_low'})",frozenset({'acousticness_very_high'}),0.03275075168605278,0.24975143449250709,0.024533116113034416,0.7490855888807608,2.9993244699590886,1.0,0.01635356889873484,2.9900576940196584,0.6891621699679548,0.0951009983747388,0.6655582927379377,0.4236578599111464,danceability_very_low|key_very_low|loudness_very_low,acousticness_very_high
"frozenset({'key_very_low', 'acousticness_very_high', 'danceability_very_low'})",frozenset({'loudness_very_low'}),0.03131326441380467,0.25000299476515053,0.024533116113034416,0.7834736036725325,3.1338568740287176,1.0,0.01670470623371023,3.4637670877807354,0.7029149421489519,0.0955402127262549,0.7112969854330742,0.44080244630200655,acousticness_very_high|danceability_very_low|key_very_low,loudness_very_low
"frozenset({'energy_very_low', 'mode_1', 'key_very_high'})",frozenset({'acousticness_very_high'}),0.03394865774625954,0.24975143449250709,0.024497178931228214,0.7215949188426253,2.889252349276393,1.0,0.01601845296000473,2.694809169389398,0.6768684753017428,0.09450965893335798,0.6289162099642905,0.40984057899539295,energy_very_low|key_very_high|mode_1,acousticness_very_high
"frozenset({'loudness_very_low', 'mode_1', 'liveness_high'})",frozenset({'energy_very_low'}),0.03420021801890296,0.25050611531043737,0.024437283628217874,0.7145359019264448,2.8523690970216946,1.0,0.01586991986953247,2.625527657409449,0.6724108327593787,0.09389239195471073,0.619124179789948,0.40604377345748405,liveness_high|loudness_very_low|mode_1,energy_very_low
"frozenset({'energy_very_low', 'liveness_low', 'acousticness_very_high', 'tempo_very_low'})",frozenset({'loudness_very_low'}),0.03006744211118964,0.25000299476515053,0.02441332550701374,0.8119521912350598,3.247769859708268,1.0,0.016896374934288527,3.988331532075154,0.7135510651279555,0.09549245618967295,0.7492685871378165,0.4548021617411523,acousticness_very_high|energy_very_low|liveness_low|tempo_very_low,loudness_very_low
"frozenset({'energy_very_low', 'loudness_very_low', 'liveness_low', 'tempo_very_low'})",frozenset({'acousticness_very_high'}),0.029396614717473856,0.24975143449250709,0.02441332550701374,0.830480847595762,3.3252295398554663,1.0,0.0170714788121011,4.425745143642758,0.7204476017076352,0.09583823183635082,0.7740493481789338,0.464115669613028,energy_very_low|liveness_low|loudness_very_low|tempo_very_low,acousticness_very_high
"frozenset({'loudness_very_low', 'liveness_low', 'acousticness_very_high', 'tempo_very_low'})",frozenset({'energy_very_low'}),0.025443524718791553,0.25050611531043737,0.02441332550701374,0.9595103578154426,3.830287163354788,1.0,0.018039566969904178,18.510755942798045,0.7582146215935694,0.09705686255833888,0.9459773548368201,0.528483181968165,acousticness_very_high|liveness_low|loudness_very_low|tempo_very_low,energy_very_low
"frozenset({'liveness_low', 'acousticness_very_high', 'tempo_very_low'})","frozenset({'energy_very_low', 'loudness_very_low'})",0.03465542232178152,0.17769738497107057,0.02441332550701374,0.7044590390597996,3.9643748228173794,1.0,0.018255147585365096,2.7823642868756644,0.7745974183658187,0.1298999298871821,0.6405934317382622,0.4209230613931868,acousticness_very_high|liveness_low|tempo_very_low,energy_very_low|loudness_very_low
"frozenset({'loudness_very_low', 'liveness_low', 'tempo_very_low'})","frozenset({'energy_very_low', 'acousticness_very_high'})",0.032762730746654846,0.17666718575929274,0.02441332550701374,0.7451553930530165,4.217848322258799,1.0,0.018625226068212777,3.2307248880176966,0.7887540257353425,0.13195208805438655,0.6904719421610738,0.4416718109827057,liveness_low|loudness_very_low|tempo_very_low,acousticness_very_high|energy_very_low
"frozenset({'valence_very_low', 'mode_0', 'acousticness_very_high'})",frozenset({'loudness_very_low'}),0.02873776638436014,0.25000299476515053,0.024401346446411672,0.8491037932471863,3.3963744876129307,1.0,0.017216818787460366,4.970284020879569,0.7264447932779833,0.09594009042954031,0.7988042542842382,0.4733540049130038,acousticness_very_high|mode_0|valence_very_low,loudness_very_low
"frozenset({'speechiness_very_low', 'valence_very_low', 'danceability_very_low'})",frozenset({'energy_very_low'}),0.033924699625055406,0.25050611531043737,0.024377388325207538,0.7185734463276836,2.8684866452748996,1.0,0.015879043609061456,2.6631953343046946,0.6742581229344531,0.09373992353401814,0.6245112076012705,0.4079429970735587,danceability_very_low|speechiness_very_low|valence_very_low,energy_very_low
"frozenset({'energy_very_low', 'mode_0', 'instrumentalness_high'})",frozenset({'acousticness_very_high'}),0.03370907653421819,0.24975143449250709,0.02436540926460547,0.7228144989339019,2.894135524797506,1.0,0.01594651904476677,2.7066659786385703,0.6773050053875538,0.09404040871052755,0.6305417780057991,0.4101865674198504,energy_very_low|instrumentalness_high|mode_0,acousticness_very_high
"frozenset({'mode_0', 'acousticness_very_high', 'instrumentalness_high'})",frozenset({'energy_very_low'}),0.02862995483894153,0.25050611531043737,0.02436540926460547,0.8510460251046026,3.3973063853149923,1.0,0.017193430496388967,5.031714562943977,0.7264473102274831,0.09563663720142937,0.8012605867263433,0.47415537674510927,acousticness_very_high|instrumentalness_high|mode_0,energy_very_low
"frozenset({'tempo_very_low', 'acousticness_very_high', 'liveness_low'})",frozenset({'mode_1'}),0.03465542232178152,0.6337522011523856,0.024341451143401336,0.7023850674040789,1.108296059764202,1.0,0.002378500965106778,1.2306096191244469,0.10122190461757408,0.03779340103411078,0.18739461770867744,0.37039676770638685,acousticness_very_high|liveness_low|tempo_very_low,mode_1
"frozenset({'danceability_high', 'instrumentalness_low', 'acousticness_very_high'})",frozenset({'mode_1'}),0.03249919141340936,0.6337522011523856,0.024329472082799265,0.7486177663103575,1.1812468105816527,1.0,0.003733037988878373,1.4569358918967412,0.15859094517118236,0.03790098344747793,0.3136280013679052,0.393503666256965,acousticness_very_high|danceability_high|instrumentalness_low,mode_1
"frozenset({'loudness_very_low', 'tempo_very_low', 'acousticness_very_high', 'instrumentalness_high'})",frozenset({'valence_very_low'}),0.03287054229207346,0.2507217384012746,0.02430551396159513,0.7394314868804663,2.9492117101430693,1.0,0.016064154455933857,2.8755518179397224,0.6833897340974279,0.09373989373989372,0.6522406608146325,0.41818683756350117,acousticness_very_high|instrumentalness_high|loudness_very_low|tempo_very_low,valence_very_low
"frozenset({'tempo_very_low', 'valence_very_low', 'acousticness_very_high', 'instrumentalness_high'})",frozenset({'loudness_very_low'}),0.025419566597587418,0.25000299476515053,0.02430551396159513,0.9561734213006596,3.824647869514028,1.0,0.017950546186566087,17.11283489363813,0.7578009940829152,0.09678958164384867,0.9415643283993957,0.5266971562660462,acousticness_very_high|instrumentalness_high|tempo_very_low|valence_very_low,loudness_very_low
"frozenset({'loudness_very_low', 'tempo_very_low', 'valence_very_low', 'instrumentalness_high'})",frozenset({'acousticness_very_high'}),0.030450772050455804,0.24975143449250709,0.02430551396159513,0.7981904012588512,3.1959392060380662,1.0,0.01670038996058945,3.7176059522807914,0.708682874893361,0.09498174328246418,0.7310096839643564,0.44775460875451556,instrumentalness_high|loudness_very_low|tempo_very_low|valence_very_low,acousticness_very_high
"frozenset({'valence_very_low', 'key_very_low', 'acousticness_very_high'})",frozenset({'loudness_very_low'}),0.029264845050851113,0.25000299476515053,0.02426957677978893,0.8293082275890299,3.3171931734980653,1.0,0.016953277875738058,4.393867347215197,0.7195992791669694,0.09517545920045095,0.772410061347484,0.46319268590759594,acousticness_very_high|key_very_low|valence_very_low,loudness_very_low
"frozenset({'speechiness_very_low', 'valence_very_high', 'instrumentalness_low'})",frozenset({'mode_1'}),0.03128930629260054,0.6337522011523856,0.024233639597982727,0.7745022970903522,1.22209010979691,1.0,0.004403972862515947,1.624175298115397,0.18759959453510563,0.03781732530751113,0.3843029128934884,0.4063703244264728,instrumentalness_low|speechiness_very_low|valence_very_high,mode_1
"frozenset({'instrumentalness_low', 'acousticness_very_high', 'liveness_low'})",frozenset({'energy_very_low'}),0.03245127517100109,0.25050611531043737,0.024233639597982727,0.7467700258397933,2.981045093108268,1.0,0.016104396718025195,2.9597360548455187,0.6868358742604165,0.09366608019261043,0.662132034252563,0.42175437022670614,acousticness_very_high|instrumentalness_low|liveness_low,energy_very_low
"frozenset({'liveness_very_high', 'instrumentalness_low', 'acousticness_very_high'})",frozenset({'mode_1'}),0.03322991411013548,0.6337522011523856,0.02422166053738066,0.7289113193943764,1.1501519333091985,1.0,0.0031621293259775814,1.3510257898979818,0.13503691596147244,0.03768380639991055,0.259821679587988,0.38356538467592366,acousticness_very_high|instrumentalness_low|liveness_very_high,mode_1
"frozenset({'danceability_very_low', 'instrumentalness_high', 'speechiness_low', 'acousticness_very_high'})",frozenset({'loudness_very_low'}),0.024832592628086105,0.25000299476515053,0.024209681476778593,0.9749155812831646,3.8996156114009244,1.0,0.018001458951974067,29.898919074074,0.7624993035865714,0.09659688366312971,0.9665539748268986,0.5358765735836043,acousticness_very_high|danceability_very_low|instrumentalness_high|speechiness_low,loudness_very_low
"frozenset({'loudness_very_low', 'instrumentalness_high', 'speechiness_low', 'acousticness_very_high'})",frozenset({'danceability_very_low'}),0.03271481450424658,0.2516321470070317,0.024209681476778593,0.7400219699743684,2.94088803348997,1.0,0.015977582464138246,2.8785811359490094,0.6822875645127755,0.09306502118253825,0.6526066305682504,0.41811628823387564,acousticness_very_high|instrumentalness_high|loudness_very_low|speechiness_low,danceability_very_low
"frozenset({'loudness_very_low', 'danceability_very_low', 'speechiness_low', 'instrumentalness_high'})",frozenset({'acousticness_very_high'}),0.028402352687502245,0.24975143449250709,0.024209681476778593,0.8523829607760439,3.412925185026782,1.0,0.017116153150112792,5.082398139480761,0.7276635715576768,0.0953346855983773,0.8032424905416474,0.4746590327886167,danceability_very_low|instrumentalness_high|loudness_very_low|speechiness_low,acousticness_very_high
"frozenset({'energy_very_low', 'tempo_very_low', 'mode_1', 'instrumentalness_high'})",frozenset({'loudness_very_low'}),0.026126331173109404,0.25000299476515053,0.024185723355574455,0.9257221458046767,3.702844226623316,1.0,0.017654062320070996,10.097181903809911,0.7495195249060222,0.09599657664511219,0.9009624656140268,0.5112319401759369,energy_very_low|instrumentalness_high|mode_1|tempo_very_low,loudness_very_low
"frozenset({'loudness_very_low', 'tempo_very_low', 'mode_1', 'instrumentalness_high'})",frozenset({'energy_very_low'}),0.02762371374836785,0.25050611531043737,0.024185723355574455,0.8755420641803989,3.4950925772626014,1.0,0.017265814134023304,6.0220658470178785,0.7341649070991876,0.09524034152554364,0.8339440276138461,0.4860447505293731,instrumentalness_high|loudness_very_low|mode_1|tempo_very_low,energy_very_low
"frozenset({'liveness_very_high', 'key_high', 'instrumentalness_low'})",frozenset({'mode_1'}),0.03357730686759544,0.6337522011523856,0.02416176523437032,0.7195861576881912,1.1354377253124,1.0,0.002882073098262595,1.3060974302415562,0.1234267268551489,0.037566817529939844,0.2343603341941688,0.37885554931002513,instrumentalness_low|key_high|liveness_very_high,mode_1
"frozenset({'speechiness_very_low', 'loudness_very_high'})",frozenset({'mode_1'}),0.03406844835228021,0.6337522011523856,0.024149786173768253,0.7088607594936709,1.1185140788540242,1.0,0.0025588320406643023,1.2579815699548493,0.10969381427774186,0.037518843169002294,0.20507579452384878,0.37348339931020375,loudness_very_high|speechiness_very_low,mode_1
"frozenset({'energy_very_low', 'tempo_very_low', 'mode_1', 'danceability_very_low'})",frozenset({'valence_very_low'}),0.033804909019034726,0.2507217384012746,0.024149786173768253,0.7143869596031184,2.849321978055839,1.0,0.01567416061801894,2.623403541230277,0.6717476818847439,0.09274935590725063,0.6188157924300742,0.40535401491861606,danceability_very_low|energy_very_low|mode_1|tempo_very_low,valence_very_low
"frozenset({'energy_very_low', 'mode_1', 'valence_very_low', 'tempo_very_low'})",frozenset({'danceability_very_low'}),0.031684615292468764,0.2516321470070317,0.024149786173768253,0.7621928166351607,3.028996198223678,1.0,0.01617691840063251,3.146952259406043,0.6917762902102722,0.09318234342500578,0.6822322305617881,0.4290826979491142,energy_very_low|mode_1|tempo_very_low|valence_very_low,danceability_very_low
"frozenset({'tempo_very_low', 'mode_1', 'valence_very_low', 'danceability_very_low'})",frozenset({'energy_very_low'}),0.03287054229207346,0.25050611531043737,0.024149786173768253,0.7346938775510203,2.9328380931561604,1.0,0.01591551431603349,2.825015411522197,0.6814323954226102,0.09316081330868758,0.6460196302217083,0.415548928063957,danceability_very_low|mode_1|tempo_very_low|valence_very_low,energy_very_low
"frozenset({'tempo_very_low', 'danceability_very_low', 'acousticness_very_high', 'instrumentalness_high'})",frozenset({'loudness_very_low'}),0.025084152900729524,0.25000299476515053,0.024137807113166185,0.9622731614135626,3.849046537692515,1.0,0.017866693766836868,19.87966745521234,0.7592402987302183,0.09618597546422264,0.9496973476919099,0.5294116166435326,acousticness_very_high|danceability_very_low|instrumentalness_high|tempo_very_low,loudness_very_low
"frozenset({'loudness_very_low', 'tempo_very_low', 'acousticness_very_high', 'instrumentalness_high'})",frozenset({'danceability_very_low'}),0.03287054229207346,0.2516321470070317,0.024137807113166185,0.7343294460641399,2.91826563020034,1.0,0.015866521982926304,2.816901767644313,0.679671897813528,0.09270761444674488,0.6450000452673689,0.4151272099405723,acousticness_very_high|instrumentalness_high|loudness_very_low|tempo_very_low,danceability_very_low
"frozenset({'loudness_very_low', 'tempo_very_low', 'danceability_very_low', 'instrumentalness_high'})",frozenset({'acousticness_very_high'}),0.029408593778075923,0.24975143449250709,0.024137807113166185,0.8207739307535642,3.2863632291897353,1.0,0.016792968630684305,4.18604597345658,0.7167921204120754,0.0946498191554324,0.761111080398799,0.45871062598400547,danceability_very_low|instrumentalness_high|loudness_very_low|tempo_very_low,acousticness_very_high
"frozenset({'mode_1', 'key_very_high', 'acousticness_high'})",frozenset({'instrumentalness_low'}),0.033469495322176836,0.5000539057727093,0.024125828052564118,0.7208303507516106,1.4415052905901138,1.0,0.00738927619246817,1.790832547783398,0.3168867687604628,0.04736148998212775,0.4416004995901211,0.3845384026659548,acousticness_high|key_very_high|mode_1,instrumentalness_low
"frozenset({'energy_very_low', 'key_very_low', 'danceability_very_low'})",frozenset({'mode_1'}),0.03325387223133962,0.6337522011523856,0.024089890870757916,0.7244236311239194,1.14307079297975,1.0,0.0030151761473062415,1.3290246922888598,0.12946888713195115,0.03746972237749209,0.24756853217091868,0.38121758061252203,danceability_very_low|energy_very_low|key_very_low,mode_1
"frozenset({'loudness_very_low', 'key_high', 'acousticness_very_high'})",frozenset({'mode_1'}),0.03384084620084093,0.6337522011523856,0.024089890870757916,0.7118584070796461,1.1232440783404551,1.0,0.0026431801021156304,1.2710688350669668,0.11356467195939239,0.03743554422085296,0.2132605470204022,0.3749349685903854,acousticness_very_high|key_high|loudness_very_low,mode_1
"frozenset({'speechiness_very_low', 'valence_very_low', 'danceability_very_low'})",frozenset({'mode_1'}),0.033924699625055406,0.6337522011523856,0.02407791181015585,0.7097457627118644,1.1199105287860076,1.0,0.002578058749343474,1.2618172339859415,0.11083144916236205,0.03741135741805796,0.2074922000858157,0.3738691955039333,danceability_very_low|speechiness_very_low|valence_very_low,mode_1
"frozenset({'key_high', 'instrumentalness_low', 'duration_ms_high'})",frozenset({'mode_1'}),0.03364918123120785,0.6337522011523856,0.02407791181015585,0.7155571377714489,1.1290803195165444,1.0,0.002752669137902331,1.2875970800537533,0.11830425781098224,0.03742737971100849,0.22335953110560558,0.3767748830337256,duration_ms_high|instrumentalness_low|key_high,mode_1
"frozenset({'loudness_very_low', 'speechiness_low', 'liveness_low'})",frozenset({'acousticness_very_high'}),0.03228356832257214,0.24975143449250709,0.02406593274955378,0.7454545454545455,2.9847858410475325,1.0,0.016003065250454526,2.9474050787794366,0.6871512832775387,0.09328999303459484,0.6607185055085423,0.42090704154112474,liveness_low|loudness_very_low|speechiness_low,acousticness_very_high
"frozenset({'acousticness_very_high', 'speechiness_low', 'liveness_low'})",frozenset({'loudness_very_low'}),0.030414834868649602,0.25000299476515053,0.02406593274955378,0.7912564001575423,3.164987687050861,1.0,0.016462132947103855,3.5929101816816646,0.7055006916614301,0.09387850467289718,0.7216740888490708,0.44375948901025175,acousticness_very_high|liveness_low|speechiness_low,loudness_very_low
"frozenset({'acousticness_high', 'mode_1', 'tempo_high'})",frozenset({'instrumentalness_low'}),0.033637202170605784,0.5000539057727093,0.024041974628349644,0.7147435897435896,1.429333080878812,1.0,0.007221560303671968,1.7526200157181422,0.31082840878410356,0.04717358091432601,0.4294256649863453,0.3814111777771225,acousticness_high|mode_1|tempo_high,instrumentalness_low
"frozenset({'loudness_very_low', 'speechiness_low', 'tempo_very_low'})",frozenset({'acousticness_very_high'}),0.029648174990117276,0.24975143449250709,0.024041974628349644,0.8109090909090908,3.2468645978224373,1.0,0.01663730039448298,3.9676606829723156,0.7131542859091496,0.09415020875357694,0.747962318377774,0.45358635033727357,loudness_very_low|speechiness_low|tempo_very_low,acousticness_very_high
"frozenset({'acousticness_very_high', 'speechiness_low', 'tempo_very_low'})",frozenset({'loudness_very_low'}),0.03101378789875298,0.25000299476515053,0.024041974628349644,0.7752027809965237,3.1007739796266796,1.0,0.016288434774650213,3.336326884111727,0.6991842249739953,0.09355771023680776,0.700269177830804,0.43568476376131887,acousticness_very_high|speechiness_low|tempo_very_low,loudness_very_low
"frozenset({'instrumentalness_low', 'key_very_low', 'energy_very_high'})",frozenset({'loudness_very_high'}),0.03253512859521556,0.2499430994621402,0.024029995567747577,0.7385861561119293,2.95501719271832,1.0,0.01589806468526009,2.869231749099757,0.6838413600376143,0.09297798377752028,0.6514746498557471,0.4173640102390464,energy_very_high|instrumentalness_low|key_very_low,loudness_very_high
"frozenset({'energy_very_low', 'duration_ms_very_low', 'valence_very_low'})",frozenset({'acousticness_very_high'}),0.029851819020352423,0.24975143449250709,0.024029995567747577,0.8049759229534511,3.2231083060209675,1.0,0.016574460945203852,3.846953549886158,0.710964061647155,0.09402390438247012,0.740054048734331,0.45059578439389186,duration_ms_very_low|energy_very_low|valence_very_low,acousticness_very_high
"frozenset({'duration_ms_very_low', 'valence_very_low', 'acousticness_very_high'})",frozenset({'energy_very_low'}),0.02689299105164173,0.25050611531043737,0.024029995567747577,0.8935412026726057,3.5669436714760163,1.0,0.017293136850322452,7.040224983799445,0.7395362844180362,0.09484185144910406,0.857959084787611,0.49473349345566014,acousticness_very_high|duration_ms_very_low|valence_very_low,energy_very_low
"frozenset({'instrumentalness_low', 'key_very_low', 'energy_very_high'})",frozenset({'mode_1'}),0.03253512859521556,0.6337522011523856,0.024029995567747577,0.7385861561119293,1.165417894831637,1.0,0.0034107862057537915,1.4010267910846772,0.14671198815178604,0.03741490254592931,0.28623777477816936,0.38825158859372105,energy_very_high|instrumentalness_low|key_very_low,mode_1
"frozenset({'key_very_low', 'acousticness_very_high', 'instrumentalness_high'})",frozenset({'loudness_very_low'}),0.026557577354783837,0.25000299476515053,0.024006037446543442,0.9039242219215156,3.6156535755527646,1.0,0.017366563574140337,7.806306857303574,0.7431613969275399,0.09505288621163972,0.871898451049948,0.4999736107211794,acousticness_very_high|instrumentalness_high|key_very_low,loudness_very_low
"frozenset({'loudness_very_low', 'duration_ms_very_low', 'valence_very_low'})",frozenset({'acousticness_very_high'}),0.03185232214089771,0.24975143449250709,0.023994058385941375,0.7532907107935314,3.0161616982269273,1.0,0.016038895239334727,3.041022767811621,0.6904450673655441,0.09314112996977447,0.6711632643514802,0.4246812324172463,duration_ms_very_low|loudness_very_low|valence_very_low,acousticness_very_high
"frozenset({'duration_ms_very_low', 'valence_very_low', 'acousticness_very_high'})",frozenset({'loudness_very_low'}),0.02689299105164173,0.25000299476515053,0.023994058385941375,0.8922048997772829,3.5687768485149878,1.0,0.017270730084838547,6.957616846083627,0.739684272984865,0.09487495263357332,0.8562726257967352,0.4940899918148513,acousticness_very_high|duration_ms_very_low|valence_very_low,loudness_very_low
"frozenset({'energy_very_low', 'liveness_low', 'acousticness_very_high', 'danceability_very_low'})",frozenset({'valence_very_low'}),0.0330023119586962,0.2507217384012746,0.023946142143533106,0.7255898366606172,2.894004489947045,1.0,0.01567174511798762,2.7305047760641394,0.6767937943006486,0.09217928617541273,0.6337673499910735,0.4105493378238585,acousticness_very_high|danceability_very_low|energy_very_low|liveness_low,valence_very_low
"frozenset({'energy_very_low', 'liveness_low', 'valence_very_low', 'danceability_very_low'})",frozenset({'acousticness_very_high'}),0.028402352687502245,0.24975143449250709,0.023946142143533106,0.8431041754533953,3.3757731048335167,1.0,0.016852613816867305,4.781826206500718,0.7243446524761616,0.09419914235898405,0.7908748756614082,0.4694920368849307,danceability_very_low|energy_very_low|liveness_low|valence_very_low,acousticness_very_high
"frozenset({'liveness_low', 'valence_very_low', 'acousticness_very_high', 'danceability_very_low'})",frozenset({'energy_very_low'}),0.025036236658321255,0.25050611531043737,0.023946142143533106,0.9564593301435407,3.818107709499456,1.0,0.01767441175626428,17.213650758254794,0.7570436792933566,0.09517687949340568,0.941906570892845,0.526025189172765,acousticness_very_high|danceability_very_low|liveness_low|valence_very_low,energy_very_low
"frozenset({'danceability_very_low', 'mode_1', 'speechiness_low', 'acousticness_very_high'})",frozenset({'loudness_very_low'}),0.028162771475460896,0.25000299476515053,0.023922184022328968,0.8494257762654189,3.3976624042578294,1.0,0.016881406812577188,4.980912314426923,0.7261298280622788,0.09409159442140973,0.7992335666894681,0.4725566830536486,acousticness_very_high|danceability_very_low|mode_1|speechiness_low,loudness_very_low
"frozenset({'loudness_very_low', 'mode_1', 'speechiness_low', 'danceability_very_low'})",frozenset({'acousticness_very_high'}),0.027803399657398867,0.24975143449250709,0.023922184022328968,0.8604049978457561,3.4450452690856097,1.0,0.01697824507412512,5.374465804144723,0.7300252357392145,0.09431823548859397,0.8139349962504532,0.47809448414998723,danceability_very_low|loudness_very_low|mode_1|speechiness_low,acousticness_very_high
"frozenset({'acousticness_very_low', 'loudness_very_high', 'instrumentalness_high'})",frozenset({'energy_very_high'}),0.027491944081745108,0.2486014446747086,0.0239102049617269,0.8697167755991285,3.4984381395576376,1.0,0.017075667946088762,5.767423693884761,0.7343467791416496,0.09481284438533155,0.8266123570806309,0.48294782065264574,acousticness_very_low|instrumentalness_high|loudness_very_high,energy_very_high
"frozenset({'loudness_very_high', 'energy_very_high', 'instrumentalness_high'})",frozenset({'acousticness_very_low'}),0.02916901256603457,0.2504581990680291,0.0239102049617269,0.8197125256673511,3.2728516323983547,1.0,0.01660458660584517,4.157481287629496,0.7153212698532645,0.09350259989694104,0.7594697532432724,0.4575891880297727,energy_very_high|instrumentalness_high|loudness_very_high,acousticness_very_low
"frozenset({'danceability_very_low', 'instrumentalness_high', 'liveness_low'})",frozenset({'loudness_very_low'}),0.030139316474802048,0.25000299476515053,0.023886246840522766,0.7925278219395866,3.1700733132580137,1.0,0.016351327461647615,3.6149280941970896,0.7058229020522531,0.0932124158563949,0.7233693246609073,0.4440358323880971,danceability_very_low|instrumentalness_high|liveness_low,loudness_very_low
"frozenset({'loudness_high', 'mode_1', 'tempo_very_low'})",frozenset({'instrumentalness_low'}),0.033265851291941685,0.5000539057727093,0.023886246840522766,0.7180410514944184,1.4359272934482217,1.0,0.0072515279731332,1.773116607495768,0.31403246690829606,0.04688785947750841,0.4360212995735608,0.38290419765215367,loudness_high|mode_1|tempo_very_low,instrumentalness_low
"frozenset({'loudness_very_low', 'mode_1', 'key_low'})",frozenset({'acousticness_very_high'}),0.032379400807388686,0.24975143449250709,0.02386228871931863,0.7369589345172031,2.950769576217641,1.0,0.015775486919665467,2.8522107912331265,0.6832278666513137,0.09239332096474953,0.6493947771764585,0.41625154265790126,key_low|loudness_very_low|mode_1,acousticness_very_high
"frozenset({'energy_very_low', 'duration_ms_very_low', 'acousticness_very_high', 'danceability_very_low'})",frozenset({'loudness_very_low'}),0.02638987050635489,0.25000299476515053,0.023850309658716564,0.9037675896504767,3.6150270539737486,1.0,0.01725276300066332,7.793600955341386,0.742984152887017,0.09444075514657052,0.8716896071879784,0.4995838427409067,acousticness_very_high|danceability_very_low|duration_ms_very_low|energy_very_low,loudness_very_low
"frozenset({'energy_very_low', 'loudness_very_low', 'duration_ms_very_low', 'danceability_very_low'})",frozenset({'acousticness_very_high'}),0.027024760718264474,0.24975143449250709,0.023850309658716564,0.8825354609929078,3.5336552231870573,1.0,0.017100836902513256,6.387021750131713,0.7369220552110465,0.09429762243061475,0.8434325043625572,0.4890158239301917,danceability_very_low|duration_ms_very_low|energy_very_low|loudness_very_low,acousticness_very_high
"frozenset({'loudness_very_low', 'duration_ms_very_low', 'acousticness_very_high', 'danceability_very_low'})",frozenset({'energy_very_low'}),0.02555133626421016,0.25050611531043737,0.023850309658716564,0.93342709798406,3.7261649154844747,1.0,0.017449543670178574,11.25824264818899,0.7508117966939047,0.09456635318704282,0.9111761905255381,0.514317795357753,acousticness_very_high|danceability_very_low|duration_ms_very_low|loudness_very_low,energy_very_low
"frozenset({'energy_very_low', 'duration_ms_very_low', 'danceability_very_low'})","frozenset({'loudness_very_low', 'acousticness_very_high'})",0.030474730171659938,0.15069658237401024,0.023850309658716564,0.7826257861635221,5.193387758596555,1.0,0.019257871973077278,3.9071028832559103,0.8328276589807653,0.151602832559202,0.7440558823558113,0.4704464383917769,danceability_very_low|duration_ms_very_low|energy_very_low,acousticness_very_high|loudness_very_low
"frozenset({'duration_ms_very_low', 'acousticness_very_high', 'danceability_very_low'})","frozenset({'energy_very_low', 'loudness_very_low'})",0.030103379292995842,0.17769738497107057,0.023850309658716564,0.7922801432550737,4.4585920236477214,1.0,0.018501017879558927,3.9587097156469353,0.7997903405281279,0.12965616045845274,0.7473924405097282,0.46324941502783346,acousticness_very_high|danceability_very_low|duration_ms_very_low,energy_very_low|loudness_very_low
"frozenset({'loudness_very_low', 'duration_ms_very_low', 'danceability_very_low'})","frozenset({'energy_very_low', 'acousticness_very_high'})",0.03261898201943004,0.17666718575929274,0.023850309658716564,0.7311788468600807,4.138736029090906,1.0,0.018087605903010888,3.062753078111264,0.7839520561333271,0.12861757105943153,0.6734963692807129,0.43309010148808214,danceability_very_low|duration_ms_very_low|loudness_very_low,acousticness_very_high|energy_very_low
"frozenset({'energy_very_low', 'tempo_very_low', 'acousticness_very_high', 'instrumentalness_high'})",frozenset({'valence_very_low'}),0.032762730746654846,0.2507217384012746,0.023838330598114497,0.7276051188299818,2.90204241351209,1.0,0.015624001790540305,2.750706101305389,0.6776156368884948,0.09181084198385236,0.6364569811636964,0.4113419765196254,acousticness_very_high|energy_very_low|instrumentalness_high|tempo_very_low,valence_very_low
"frozenset({'energy_very_low', 'tempo_very_low', 'valence_very_low', 'instrumentalness_high'})",frozenset({'acousticness_very_high'}),0.0282346458390733,0.24975143449250709,0.023838330598114497,0.8442935935511243,3.3805355123053533,1.0,0.016786687297418043,4.818353866215697,0.7246490892370187,0.09379713423831072,0.7924602410355152,0.4698709082437381,energy_very_low|instrumentalness_high|tempo_very_low|valence_very_low,acousticness_very_high
"frozenset({'tempo_very_low', 'valence_very_low', 'acousticness_very_high', 'instrumentalness_high'})",frozenset({'energy_very_low'}),0.025419566597587418,0.25050611531043737,0.023838330598114497,0.937794533459001,3.7435993620229504,1.0,0.01747057371687792,12.048681994782221,0.7519927278760161,0.09456377114616993,0.9170033701252088,0.5164776033783146,acousticness_very_high|instrumentalness_high|tempo_very_low|valence_very_low,energy_very_low
"frozenset({'valence_very_low', 'mode_1', 'acousticness_very_high', 'tempo_very_low'})",frozenset({'loudness_very_low'}),0.028366415505696043,0.25000299476515053,0.023838330598114497,0.8403716216216217,3.3614462195185126,1.0,0.016746641770937883,4.698393937555885,0.7230184407012438,0.09365587349397592,0.7871613122929828,0.4678619008922675,acousticness_very_high|mode_1|tempo_very_low|valence_very_low,loudness_very_low
"frozenset({'loudness_very_low', 'mode_1', 'valence_very_low', 'tempo_very_low'})",frozenset({'acousticness_very_high'}),0.029660154050719343,0.24975143449250709,0.023838330598114497,0.8037156704361874,3.218062278878723,1.0,0.016430664576678595,3.8222540086348817,0.7103222617786288,0.09327396297164285,0.7383742687584622,0.44958194668626966,loudness_very_low|mode_1|tempo_very_low|valence_very_low,acousticness_very_high
"frozenset({'duration_ms_very_low', 'instrumentalness_low', 'tempo_low'})",frozenset({'mode_1'}),0.03355334874639131,0.6337522011523856,0.02382635153751243,0.7101035344519815,1.120475058170626,1.0,0.002561842913453301,1.2633744883893696,0.11125436660351795,0.03702738425451906,0.2084690571242547,0.3738496124202068,duration_ms_very_low|instrumentalness_low|tempo_low,mode_1
"frozenset({'danceability_very_low', 'mode_1', 'acousticness_very_high', 'instrumentalness_high'})",frozenset({'valence_very_low'}),0.03065441608069095,0.2507217384012746,0.023814372476910362,0.7768659632669013,3.098518573700795,1.0,0.01612864398748354,3.3579738553960414,0.6986828409905802,0.09246081577601041,0.7022013740836408,0.43592462042943725,acousticness_very_high|danceability_very_low|instrumentalness_high|mode_1,valence_very_low
"frozenset({'valence_very_low', 'mode_1', 'acousticness_very_high', 'instrumentalness_high'})",frozenset({'danceability_very_low'}),0.03127732723199847,0.2516321470070317,0.023814372476910362,0.7613941018766756,3.0258220618186713,1.0,0.015943991472881086,3.136418080521091,0.691127934446467,0.09191363447223638,0.6811649549495463,0.4280168643249892,acousticness_very_high|instrumentalness_high|mode_1|valence_very_low,danceability_very_low
"frozenset({'energy_very_low', 'valence_very_low', 'mode_1', 'speechiness_low'})",frozenset({'loudness_very_low'}),0.026521640172977635,0.25000299476515053,0.023814372476910362,0.8979223125564589,3.591646225678037,1.0,0.01718388300758223,7.347315794645829,0.7412349071355471,0.09423587409935533,0.8638958732754178,0.49658933069126254,energy_very_low|mode_1|speechiness_low|valence_very_low,loudness_very_low
"frozenset({'loudness_very_low', 'valence_very_low', 'mode_1', 'speechiness_low'})",frozenset({'energy_very_low'}),0.02664143077899831,0.25050611531043737,0.023814372476910362,0.893884892086331,3.568315651610311,1.0,0.017140531146151577,7.0630271167355465,0.7394558972814179,0.09400416114999054,0.8584176467862422,0.4944749632581617,loudness_very_low|mode_1|speechiness_low|valence_very_low,energy_very_low
"frozenset({'energy_very_low', 'instrumentalness_high', 'speechiness_low', 'acousticness_very_high'})",frozenset({'danceability_very_low'}),0.03224763114076594,0.2516321470070317,0.02380239341630829,0.7381129271916791,2.9333013924133193,1.0,0.015687852756466544,2.857597532279533,0.6810494276395915,0.09152042743309843,0.6500556888421267,0.4163524742594595,acousticness_very_high|energy_very_low|instrumentalness_high|speechiness_low,danceability_very_low
"frozenset({'energy_very_low', 'danceability_very_low', 'speechiness_low', 'instrumentalness_high'})",frozenset({'acousticness_very_high'}),0.026557577354783837,0.24975143449250709,0.02380239341630829,0.8962562020748759,3.588592809871388,1.0,0.017169600375305308,7.231743781435263,0.74101890686499,0.09426443379666968,0.8617207646975661,0.49578026660892816,danceability_very_low|energy_very_low|instrumentalness_high|speechiness_low,acousticness_very_high
"frozenset({'danceability_very_low', 'instrumentalness_high', 'speechiness_low', 'acousticness_very_high'})",frozenset({'energy_very_low'}),0.024832592628086105,0.25050611531043737,0.02380239341630829,0.9585142305836951,3.8263107046143974,1.0,0.017581677103959838,18.06628863908678,0.7574613769938474,0.09462805981522047,0.9446482883132687,0.5267657227899347,acousticness_very_high|danceability_very_low|instrumentalness_high|speechiness_low,energy_very_low
"frozenset({'energy_very_low', 'acousticness_very_high', 'tempo_high'})",frozenset({'mode_1'}),0.03357730686759544,0.6337522011523856,0.023790414355706224,0.7085265786657153,1.1179867736591107,1.0,0.002510722219598499,1.2565392658137862,0.10920173551615736,0.03696809500763188,0.20416334991938415,0.37303278181939015,acousticness_very_high|energy_very_low|tempo_high,mode_1
"frozenset({'key_very_low', 'instrumentalness_high', 'danceability_very_low'})",frozenset({'valence_very_low'}),0.032379400807388686,0.2507217384012746,0.023742498113297955,0.733259341472438,2.924594198126022,1.0,0.015624278454477829,2.809014065327815,0.680093231876829,0.0915431157914184,0.6440032065545036,0.413977974606262,danceability_very_low|instrumentalness_high|key_very_low,valence_very_low
"frozenset({'acousticness_very_low', 'duration_ms_low', 'loudness_very_high'})",frozenset({'energy_very_high'}),0.0295283843840966,0.2486014446747086,0.023742498113297955,0.8040567951318458,3.2343206862049514,1.0,0.016401699096501434,3.834777306163236,0.7118354137293658,0.09333207760406856,0.7392286643626463,0.44978052978777033,acousticness_very_low|duration_ms_low|loudness_very_high,energy_very_high
"frozenset({'acousticness_very_low', 'key_high', 'loudness_very_high'})",frozenset({'energy_very_high'}),0.029061201020615962,0.2486014446747086,0.02371853999209382,0.8161582852431988,3.282998963707271,1.0,0.016493883434386576,4.087203800939816,0.7162145058595529,0.093400632105288,0.7553339523294486,0.45578308903898485,acousticness_very_low|key_high|loudness_very_high,energy_very_high
"frozenset({'key_very_low', 'energy_very_high', 'speechiness_very_high'})",frozenset({'mode_1'}),0.03061847889888475,0.6337522011523856,0.02368260281028762,0.773474178403756,1.2204678374249531,1.0,0.004278074412181535,1.6168037544982778,0.18634775556230915,0.03696432577967244,0.3814957460249606,0.4054215235653597,energy_very_high|key_very_low|speechiness_very_high,mode_1
"frozenset({'acousticness_very_low', 'danceability_very_low', 'instrumentalness_high'})",frozenset({'energy_very_high'}),0.03235544268618455,0.2486014446747086,0.02368260281028762,0.7319511292114032,2.944275445257974,1.0,0.015638993015412404,2.8032147761513975,0.6824384629833994,0.092051962564604,0.6432667205853828,0.413607232316394,acousticness_very_low|danceability_very_low|instrumentalness_high,energy_very_high
"frozenset({'danceability_very_low', 'energy_very_high', 'instrumentalness_high'})",frozenset({'acousticness_very_low'}),0.028318499263287774,0.2504581990680291,0.02368260281028762,0.8362944162436549,3.3390578521907437,1.0,0.016590002484495256,4.578596427398398,0.7209299784855557,0.09283869452923223,0.7815924561474814,0.4654257617854968,danceability_very_low|energy_very_high|instrumentalness_high,acousticness_very_low
"frozenset({'acousticness_very_low', 'key_very_low', 'instrumentalness_high'})",frozenset({'mode_1'}),0.029755986535535885,0.6337522011523856,0.02365864468908348,0.7950885668276971,1.2545732628335569,1.0,0.004800722724726866,1.7873468218810875,0.20913936709642178,0.036975324821207925,0.4405114957221603,0.4162098159722079,acousticness_very_low|instrumentalness_high|key_very_low,mode_1
"frozenset({'energy_very_low', 'key_very_low', 'liveness_low'})",frozenset({'mode_1'}),0.031241390050192264,0.6337522011523856,0.023634686567879346,0.7565184049079754,1.1937132581667684,1.0,0.0038353868565097586,1.5042114321174458,0.16751116266253288,0.03685095255883452,0.33519984049561324,0.3969058332072246,energy_very_low|key_very_low|liveness_low,mode_1
"frozenset({'energy_very_low', 'tempo_very_low', 'acousticness_very_high', 'instrumentalness_high'})",frozenset({'danceability_very_low'}),0.032762730746654846,0.2516321470070317,0.02357479126486901,0.7195612431444242,2.8595759790751876,1.0,0.015330634985274962,2.6685607274260343,0.6723250070079964,0.09038717677857898,0.6252661632457763,0.40662438049823324,acousticness_very_high|energy_very_low|instrumentalness_high|tempo_very_low,danceability_very_low
"frozenset({'energy_very_low', 'tempo_very_low', 'danceability_very_low', 'instrumentalness_high'})",frozenset({'acousticness_very_high'}),0.026928928233447932,0.24975143449250709,0.02357479126486901,0.8754448398576513,3.5052645108387392,1.0,0.016849252809219614,6.0234241973601605,0.7344939599634206,0.09314212693454493,0.83398147511539,0.48491892815463983,danceability_very_low|energy_very_low|instrumentalness_high|tempo_very_low,acousticness_very_high
"frozenset({'danceability_very_low', 'tempo_very_low', 'acousticness_very_high', 'instrumentalness_high'})",frozenset({'energy_very_low'}),0.025084152900729524,0.25050611531043737,0.02357479126486901,0.9398280802292264,3.751717115027524,1.0,0.017291057565854216,12.45587455984083,0.7523268655307429,0.09354501378458029,0.919716596759563,0.5169683629914303,acousticness_very_high|danceability_very_low|instrumentalness_high|tempo_very_low,energy_very_low
"frozenset({'loudness_very_low', 'speechiness_very_low', 'tempo_very_low'})",frozenset({'energy_very_low'}),0.026306017082140417,0.25050611531043737,0.02357479126486901,0.8961748633879782,3.577457030449743,1.0,0.016984973116332007,7.218809520957374,0.739936620113467,0.09309366130558183,0.8614730036723038,0.4951417545708063,loudness_very_low|speechiness_very_low|tempo_very_low,energy_very_low
"frozenset({'acousticness_very_low', 'mode_0', 'danceability_very_low'})",frozenset({'energy_very_high'}),0.031720552474274966,0.2486014446747086,0.02357479126486901,0.743202416918429,2.9895337812332454,1.0,0.015689016093884352,2.9260343742667234,0.6873012577783236,0.09182102365511129,0.6582405152876565,0.41901604004982795,acousticness_very_low|danceability_very_low|mode_0,energy_very_high
"frozenset({'mode_0', 'energy_very_high', 'danceability_very_low'})",frozenset({'acousticness_very_low'}),0.02948046814168833,0.2504581990680291,0.02357479126486901,0.7996749288906948,3.1928478758784347,1.0,0.016191166306419345,3.741627529601583,0.707662198724483,0.09195831970468671,0.7327366254153891,0.4469007894883931,danceability_very_low|energy_very_high|mode_0,acousticness_very_low
"frozenset({'liveness_very_high', 'tempo_very_high', 'loudness_very_high'})",frozenset({'energy_very_high'}),0.0295283843840966,0.2486014446747086,0.023562812204266943,0.797971602434077,3.2098429817180323,1.0,0.01622201318747042,3.719271965616151,0.7094058909072297,0.09256035010117172,0.7311301756782566,0.4463765399054209,liveness_very_high|loudness_very_high|tempo_very_high,energy_very_high
"frozenset({'loudness_low', 'energy_low', 'key_very_low'})",frozenset({'mode_1'}),0.03260700295882797,0.6337522011523856,0.023550833143664875,0.7222630418809699,1.139661591025073,1.0,0.0028860732455252974,1.318685857755564,0.1266771062846301,0.03663740891895418,0.24166927694058635,0.37971199537579353,energy_low|key_very_low|loudness_low,mode_1
"frozenset({'energy_very_low', 'speechiness_low', 'instrumentalness_high', 'acousticness_very_high', 'danceability_very_low'})",frozenset({'loudness_very_low'}),0.02380239341630829,0.25000299476515053,0.023550833143664875,0.9894313034725718,3.957677804628022,1.0,0.0176001635070095,70.96400235245989,0.7655484621773407,0.09410751041118184,0.985908348361846,0.5418167537966596,acousticness_very_high|danceability_very_low|energy_very_low|instrumentalness_high|speechiness_low,loudness_very_low
"frozenset({'energy_very_low', 'speechiness_low', 'instrumentalness_high', 'acousticness_very_high', 'loudness_very_low'})",frozenset({'danceability_very_low'}),0.031181494747181925,0.2516321470070317,0.023550833143664875,0.7552823665001922,3.0015336890921427,1.0,0.01570456667354301,3.058087160660435,0.6882991869748534,0.090837684239708,0.6729982019923734,0.42443733673005424,acousticness_very_high|energy_very_low|instrumentalness_high|loudness_very_low|speechiness_low,danceability_very_low
"frozenset({'energy_very_low', 'speechiness_low', 'instrumentalness_high', 'danceability_very_low', 'loudness_very_low'})",frozenset({'acousticness_very_high'}),0.026090393991303203,0.24975143449250709,0.023550833143664875,0.9026629935720846,3.614245481337429,1.0,0.017034719817862212,7.707742338091137,0.7426942641327957,0.09334789421205071,0.8702603231742625,0.4984800410807327,danceability_very_low|energy_very_low|instrumentalness_high|loudness_very_low|speechiness_low,acousticness_very_high
"frozenset({'speechiness_low', 'instrumentalness_high', 'acousticness_very_high', 'danceability_very_low', 'loudness_very_low'})",frozenset({'energy_very_low'}),0.024209681476778593,0.25050611531043737,0.023550833143664875,0.9727857496288966,3.8832814457378855,1.0,0.017486159884014016,27.540493471956527,0.7609071492996395,0.0937663948108933,0.9636898299945763,0.5333993782574475,acousticness_very_high|danceability_very_low|instrumentalness_high|loudness_very_low|speechiness_low,energy_very_low
"frozenset({'energy_very_low', 'instrumentalness_high', 'speechiness_low', 'acousticness_very_high'})","frozenset({'loudness_very_low', 'danceability_very_low'})",0.03224763114076594,0.09570071514991794,0.023550833143664875,0.7303120356612185,7.631207713726732,1.0,0.02046471178160281,3.3531317834936933,0.8979147670397751,0.225588066551922,0.7017713395809095,0.48820020358602295,acousticness_very_high|energy_very_low|instrumentalness_high|speechiness_low,danceability_very_low|loudness_very_low
"frozenset({'energy_very_low', 'danceability_very_low', 'speechiness_low', 'instrumentalness_high'})","frozenset({'loudness_very_low', 'acousticness_very_high'})",0.026557577354783837,0.15069658237401024,0.023550833143664875,0.8867839422643212,5.884565716715681,1.0,0.019548697000165545,7.501616242537133,0.8527098325041494,0.15322266386096173,0.8666953936766849,0.5215318757426535,danceability_very_low|energy_very_low|instrumentalness_high|speechiness_low,acousticness_very_high|loudness_very_low
"frozenset({'danceability_very_low', 'instrumentalness_high', 'speechiness_low', 'acousticness_very_high'})","frozenset({'energy_very_low', 'loudness_very_low'})",0.024832592628086105,0.17769738497107057,0.023550833143664875,0.9483839845634348,5.337073388659227,1.0,0.01913814637160209,15.931152532289483,0.8333250147977875,0.13158423130981864,0.9372299023580882,0.5404586769251042,acousticness_very_high|danceability_very_low|instrumentalness_high|speechiness_low,energy_very_low|loudness_very_low
"frozenset({'loudness_very_low', 'instrumentalness_high', 'speechiness_low', 'acousticness_very_high'})","frozenset({'energy_very_low', 'danceability_very_low'})",0.03271481450424658,0.09933037051234442,0.023550833143664875,0.7198828268033688,7.247358719092912,1.0,0.020301258497715444,3.2153317099748864,0.8911732649674678,0.21706966986860995,0.6889900980052193,0.47848941147211377,acousticness_very_high|instrumentalness_high|loudness_very_low|speechiness_low,danceability_very_low|energy_very_low
"frozenset({'loudness_very_low', 'danceability_very_low', 'speechiness_low', 'instrumentalness_high'})","frozenset({'energy_very_low', 'acousticness_very_high'})",0.028402352687502245,0.17666718575929274,0.023550833143664875,0.8291859974694222,4.693491855353262,1.0,0.01853306942542097,4.82005457423387,0.8099433100791072,0.12974328515805453,0.7925334693624405,0.4812461042405424,danceability_very_low|instrumentalness_high|loudness_very_low|speechiness_low,acousticness_very_high|energy_very_low
"frozenset({'energy_very_low', 'duration_ms_very_low', 'acousticness_very_high', 'tempo_very_low'})",frozenset({'loudness_very_low'}),0.028450268929910517,0.25000299476515053,0.023550833143664875,0.8277894736842105,3.311118230650896,1.0,0.01643818070931333,4.355117084187696,0.7184266582002545,0.09239155975374781,0.7703850480551392,0.46099583890247897,acousticness_very_high|duration_ms_very_low|energy_very_low|tempo_very_low,loudness_very_low
"frozenset({'energy_very_low', 'loudness_very_low', 'duration_ms_very_low', 'tempo_very_low'})",frozenset({'acousticness_very_high'}),0.028174750536062963,0.24975143449250709,0.023550833143664875,0.8358843537414966,3.3468650758303227,1.0,0.016514148780814617,4.571462761848765,0.7215422045093359,0.09258299976453968,0.7812516360527925,0.4650907211654387,duration_ms_very_low|energy_very_low|loudness_very_low|tempo_very_low,acousticness_very_high
"frozenset({'loudness_very_low', 'duration_ms_very_low', 'acousticness_very_high', 'tempo_very_low'})",frozenset({'energy_very_low'}),0.026341954263946622,0.25050611531043737,0.023550833143664875,0.8940427467030468,3.5689457943775653,1.0,0.016952012511318396,7.0735495812547144,0.7392792757387396,0.092977063135493,0.8586282617357974,0.49402787679452265,acousticness_very_high|duration_ms_very_low|loudness_very_low|tempo_very_low,energy_very_low
"frozenset({'loudness_very_low', 'speechiness_low', 'acousticness_very_high', 'instrumentalness_high'})",frozenset({'valence_very_low'}),0.03271481450424658,0.2507217384012746,0.023550833143664875,0.7198828268033688,2.87124216429615,1.0,0.015348517979684942,2.674874421472052,0.6737606381351656,0.09061995851578704,0.6261506738511954,0.4069074908025444,acousticness_very_high|instrumentalness_high|loudness_very_low|speechiness_low,valence_very_low
"frozenset({'valence_very_low', 'speechiness_low', 'acousticness_very_high', 'instrumentalness_high'})",frozenset({'loudness_very_low'}),0.024233639597982727,0.25000299476515053,0.023550833143664875,0.9718240237271379,3.8872495293108646,1.0,0.017492350670109853,26.61831476473863,0.7611952295285818,0.0939456204902757,0.9624318816259283,0.5330131139239427,acousticness_very_high|instrumentalness_high|speechiness_low|valence_very_low,loudness_very_low
"frozenset({'loudness_very_low', 'valence_very_low', 'speechiness_low', 'acousticness_very_high'})",frozenset({'instrumentalness_high'}),0.03279866792846105,0.24979935073491535,0.023550833143664875,0.7180423666910154,2.874476513163539,1.0,0.015357747190165215,2.6606857223935263,0.6742242249727516,0.09091329479768787,0.6241570390732168,0.4061606836572135,acousticness_very_high|loudness_very_low|speechiness_low|valence_very_low,instrumentalness_high
"frozenset({'loudness_very_low', 'valence_very_low', 'speechiness_low', 'instrumentalness_high'})",frozenset({'acousticness_very_high'}),0.03104972508055918,0.24975143449250709,0.023550833143664875,0.7584876543209877,3.0369701614015896,1.0,0.015796119764197245,3.106460514050195,0.6922176235686722,0.09154831199068685,0.6780902266495566,0.42639237145518427,instrumentalness_high|loudness_very_low|speechiness_low|valence_very_low,acousticness_very_high
"frozenset({'acousticness_very_low', 'loudness_very_high', 'liveness_high'})",frozenset({'energy_very_high'}),0.02913307538422837,0.2486014446747086,0.023550833143664875,0.8083881578947368,3.251743604919517,1.0,0.01630830851532851,3.9214619883071,0.7132519001916436,0.09265281115980961,0.7449930656011022,0.4515607247335198,acousticness_very_low|liveness_high|loudness_very_high,energy_very_high
"frozenset({'loudness_low', 'instrumentalness_low', 'liveness_low'})",frozenset({'mode_1'}),0.033469495322176836,0.6337522011523856,0.023538854083062805,0.7032927702219041,1.1097283274804712,1.0,0.0023274877511737617,1.2343743666830331,0.1023025648230537,0.03656902519819853,0.1898730020721636,0.3702174086436994,instrumentalness_low|liveness_low|loudness_low,mode_1
"frozenset({'loudness_very_low', 'danceability_very_low', 'speechiness_low', 'instrumentalness_high'})",frozenset({'valence_very_low'}),0.028402352687502245,0.2507217384012746,0.023526875022460737,0.8283424715309996,3.303831876776699,1.0,0.01640578778196406,4.3649600939817645,0.7177056901426445,0.09204667947696489,0.7709028310754178,0.4610895348577119,danceability_very_low|instrumentalness_high|loudness_very_low|speechiness_low,valence_very_low
"frozenset({'danceability_very_low', 'valence_very_low', 'speechiness_low', 'instrumentalness_high'})",frozenset({'loudness_very_low'}),0.026617472657794176,0.25000299476515053,0.023526875022460737,0.8838883888388838,3.5355112032525717,1.0,0.016872427144932683,6.45927653345672,0.7367663289143668,0.09295721317682695,0.8451839002680314,0.48899738081139205,danceability_very_low|instrumentalness_high|speechiness_low|valence_very_low,loudness_very_low
"frozenset({'loudness_very_low', 'valence_very_low', 'speechiness_low', 'instrumentalness_high'})",frozenset({'danceability_very_low'}),0.03104972508055918,0.2516321470070317,0.023526875022460737,0.7577160493827161,3.0112052787974752,1.0,0.015713766036461553,3.0888048964295765,0.689309949055932,0.09078302671720441,0.6762501894645649,0.42560657272525315,instrumentalness_high|loudness_very_low|speechiness_low|valence_very_low,danceability_very_low
"frozenset({'loudness_very_low', 'valence_very_low', 'speechiness_low', 'danceability_very_low'})",frozenset({'instrumentalness_high'}),0.03157680374705016,0.24979935073491535,0.023526875022460737,0.7450682852807283,2.982667020905861,1.0,0.015639009948163765,2.942751356343397,0.6864040337872459,0.09124274099883857,0.6601819593611267,0.4196256882213357,danceability_very_low|loudness_very_low|speechiness_low|valence_very_low,instrumentalness_high
"frozenset({'energy_very_low', 'mode_1', 'speechiness_low', 'instrumentalness_high'})",frozenset({'loudness_very_low'}),0.02444926268881994,0.25000299476515053,0.02351489596185867,0.9617834394904459,3.8470876734654014,1.0,0.01740250706985383,19.624921636978566,0.7586105807709079,0.093708229902616,0.9490443825204512,0.5279209483029613,energy_very_low|instrumentalness_high|mode_1|speechiness_low,loudness_very_low
"frozenset({'loudness_very_low', 'mode_1', 'speechiness_low', 'instrumentalness_high'})",frozenset({'energy_very_low'}),0.028953389475197357,0.25050611531043737,0.02351489596185867,0.8121638394704178,3.2420918685515976,1.0,0.016261894839356878,3.990146958798838,0.7121771084372026,0.09187494149583449,0.7493826642663226,0.4530166940274813,instrumentalness_high|loudness_very_low|mode_1|speechiness_low,energy_very_low
"frozenset({'loudness_very_low', 'mode_0', 'danceability_very_low'})",frozenset({'valence_very_low'}),0.0317445105954791,0.2507217384012746,0.023502916901256603,0.7403773584905661,2.9529843052763476,1.0,0.015543878020060402,2.8860281878439284,0.683042373506476,0.09075770191507077,0.6535030377693323,0.4170592000288473,danceability_very_low|loudness_very_low|mode_0,valence_very_low
"frozenset({'valence_very_high', 'duration_ms_very_low', 'danceability_very_high'})",frozenset({'instrumentalness_low'}),0.033098144443512736,0.5000539057727093,0.023502916901256603,0.7100977198697069,1.420042342779879,1.0,0.006952060498448764,1.724533156491891,0.30592106609150865,0.04611587730638148,0.42013292337374547,0.3785492432234698,danceability_very_high|duration_ms_very_low|valence_very_high,instrumentalness_low
"frozenset({'energy_very_low', 'duration_ms_very_low', 'speechiness_low'})",frozenset({'acousticness_very_high'}),0.02787527402101127,0.24975143449250709,0.023490937840654535,0.8427159432746025,3.3742186305636026,1.0,0.016529048167035255,4.77002298343152,0.7238115351081098,0.09243459816167807,0.790357404257074,0.46838660610418215,duration_ms_very_low|energy_very_low|speechiness_low,acousticness_very_high
"frozenset({'duration_ms_very_low', 'speechiness_low', 'acousticness_very_high'})",frozenset({'energy_very_low'}),0.02809089711184849,0.25050611531043737,0.023490937840654535,0.8362473347547974,3.338231219299719,1.0,0.016453996329580185,4.576987394783917,0.7206848468597608,0.09208302028549963,0.7815156753239844,0.46501062223585315,acousticness_very_high|duration_ms_very_low|speechiness_low,energy_very_low
"frozenset({'loudness_very_low', 'key_very_low', 'danceability_very_low'})",frozenset({'mode_1'}),0.03275075168605278,0.6337522011523856,0.023490937840654535,0.7172640819312363,1.1317737131752703,1.0,0.0027350768702233824,1.2953706106718985,0.12037347004591899,0.03653265769961623,0.22802015750433938,0.37716526088812075,danceability_very_low|key_very_low|loudness_very_low,mode_1
"frozenset({'speechiness_very_low', 'instrumentalness_low', 'liveness_very_low'})",frozenset({'mode_1'}),0.030582541717078547,0.6337522011523856,0.023478958780052468,0.7677242459851156,1.2113949972704179,1.0,0.004097205650019281,1.5767801525429335,0.18001060555700424,0.03663688362181764,0.36579617749039917,0.4023858920124992,instrumentalness_low|liveness_very_low|speechiness_very_low,mode_1
"frozenset({'instrumentalness_low', 'duration_ms_high', 'energy_very_high'})",frozenset({'loudness_very_high'}),0.03161274092885636,0.2499430994621402,0.023455000658848334,0.7419477074649489,2.9684664592123875,1.0,0.015553614208596318,2.9066081652267433,0.6847732807058065,0.09087533648937156,0.6559563783094271,0.4178945342980148,duration_ms_high|energy_very_high|instrumentalness_low,loudness_very_high
"frozenset({'energy_very_low', 'danceability_high', 'acousticness_very_high'})",frozenset({'mode_1'}),0.032391379867990754,0.6337522011523856,0.023455000658848334,0.724112426035503,1.1425797412913288,1.0,0.0029268923691461238,1.327525533624597,0.12896491439385246,0.03649512590632048,0.24671882033812234,0.3805610802325705,acousticness_very_high|danceability_high|energy_very_low,mode_1
"frozenset({'energy_very_low', 'duration_ms_very_low', 'mode_1', 'instrumentalness_high'})",frozenset({'loudness_very_low'}),0.025826854658057716,0.25000299476515053,0.0234310425376442,0.9072356215213359,3.6288990152841203,1.0,0.016974251527765494,8.08496771643168,0.7436402145731731,0.09283341243474134,0.8763136681464262,0.5004793344789238,duration_ms_very_low|energy_very_low|instrumentalness_high|mode_1,loudness_very_low
"frozenset({'loudness_very_low', 'duration_ms_very_low', 'mode_1', 'instrumentalness_high'})",frozenset({'energy_very_low'}),0.028318499263287774,0.25050611531043737,0.0234310425376442,0.8274111675126904,3.302957959678265,1.0,0.016337085295776495,4.342655743642467,0.7175613355120674,0.09174484052532833,0.769726163197722,0.46047299003025494,duration_ms_very_low|instrumentalness_high|loudness_very_low|mode_1,energy_very_low
"frozenset({'loudness_very_low', 'key_very_low', 'danceability_very_low'})",frozenset({'valence_very_low'}),0.03275075168605278,0.2507217384012746,0.023419063477042132,0.7150694952450622,2.8520442615175607,1.0,0.015207738080366504,2.6296877627867983,0.6713619127755134,0.09005481597494126,0.6197267165512246,0.4042380443258278,danceability_very_low|key_very_low|loudness_very_low,valence_very_low
"frozenset({'tempo_very_high', 'mode_0', 'loudness_very_high'})",frozenset({'energy_very_high'}),0.03289450041327759,0.2486014446747086,0.023419063477042132,0.7119446467589221,2.863799314161233,1.0,0.015241443152448523,2.6085214069826175,0.6729498704691157,0.09074452283698478,0.6166410605935029,0.40307394724107143,loudness_very_high|mode_0|tempo_very_high,energy_very_high
"frozenset({'energy_very_low', 'key_very_low', 'instrumentalness_high'})",frozenset({'acousticness_very_high'}),0.030474730171659938,0.24975143449250709,0.02340708441644006,0.7680817610062892,3.075384782341792,1.0,0.015795976840295906,3.2349700858492563,0.696049352567507,0.09114231074210552,0.6908781307208052,0.43090164121109226,energy_very_low|instrumentalness_high|key_very_low,acousticness_very_high
"frozenset({'key_very_low', 'acousticness_very_high', 'instrumentalness_high'})",frozenset({'energy_very_low'}),0.026557577354783837,0.25050611531043737,0.02340708441644006,0.8813712223725755,3.518362101780806,1.0,0.016754248881236722,6.317976967135968,0.7353047512743381,0.09227863046044864,0.8417214869250599,0.48740519802637955,acousticness_very_high|instrumentalness_high|key_very_low,energy_very_low
"frozenset({'loudness_very_low', 'tempo_very_low', 'mode_1', 'danceability_very_low'})",frozenset({'valence_very_low'}),0.03162471998945843,0.2507217384012746,0.023383126295235927,0.7393939393939394,2.949061952540213,1.0,0.01545412152302537,2.8751375154369696,0.6824927669427533,0.09029512443334257,0.6521905492760341,0.41632859893729457,danceability_very_low|loudness_very_low|mode_1|tempo_very_low,valence_very_low
"frozenset({'tempo_very_low', 'mode_1', 'valence_very_low', 'danceability_very_low'})",frozenset({'loudness_very_low'}),0.03287054229207346,0.25000299476515053,0.023383126295235927,0.7113702623906705,2.8454469637810624,1.0,0.015165392282663026,2.5984744726823563,0.6706044974095577,0.0901117163696796,0.6151588131755943,0.40245082357674394,danceability_very_low|mode_1|tempo_very_low|valence_very_low,loudness_very_low
"frozenset({'loudness_very_low', 'mode_1', 'valence_very_low', 'tempo_very_low'})",frozenset({'danceability_very_low'}),0.029660154050719343,0.2516321470070317,0.023383126295235927,0.7883683360258481,3.133019152770722,1.0,0.01591967805089411,3.5361809236843302,0.7016294984419723,0.09066418950301904,0.7172090394746816,0.44064708337044095,loudness_very_low|mode_1|tempo_very_low|valence_very_low,danceability_very_low
"frozenset({'liveness_very_high', 'key_very_low', 'energy_very_high'})",frozenset({'mode_1'}),0.030330981444435128,0.6337522011523856,0.023311251931623523,0.7685624012638231,1.2127175256611415,1.0,0.004088925678100597,1.5824904892187028,0.1808923075559661,0.03637995176758707,0.3680846698208508,0.40267265701599625,energy_very_high|key_very_low|liveness_very_high,mode_1
"frozenset({'liveness_very_high', 'energy_low', 'mode_1'})",frozenset({'instrumentalness_low'}),0.03319397692832928,0.5000539057727093,0.02328729381041939,0.7015517863587153,1.4029523182598505,1.0,0.006688515999279134,1.6751519070179235,0.29707862168777527,0.04566488924385146,0.4030392134524787,0.37406067662128945,energy_low|liveness_very_high|mode_1,instrumentalness_low
"frozenset({'energy_very_low', 'speechiness_high', 'mode_1'})",frozenset({'loudness_very_low'}),0.03001952586878137,0.25000299476515053,0.02326333568921525,0.7749401436552273,3.0997234428459377,1.0,0.01575836432059,3.3324335019832123,0.6983548558728613,0.0906037137258561,0.6999189933107816,0.4339961858669045,energy_very_low|mode_1|speechiness_high,loudness_very_low
"frozenset({'energy_very_low', 'liveness_low', 'acousticness_very_high', 'danceability_very_low'})",frozenset({'mode_1'}),0.0330023119586962,0.6337522011523856,0.02326333568921525,0.7049001814882032,1.112264667809351,1.0,0.0023480478422738364,1.2410980145451138,0.10437813151432676,0.03615175546371793,0.19426186467108383,0.3708037435179415,acousticness_very_high|danceability_very_low|energy_very_low|liveness_low,mode_1
"frozenset({'energy_very_low', 'liveness_low', 'mode_1', 'danceability_very_low'})",frozenset({'acousticness_very_high'}),0.027563818445357515,0.24975143449250709,0.02326333568921525,0.843980877879183,3.379283404694533,1.0,0.016379232492396183,4.808696237417106,0.7240364837347808,0.09156921916258016,0.79204342494773,0.4685634160607963,danceability_very_low|energy_very_low|liveness_low|mode_1,acousticness_very_high
"frozenset({'liveness_low', 'mode_1', 'acousticness_very_high', 'danceability_very_low'})",frozenset({'energy_very_low'}),0.025144048203739864,0.25050611531043737,0.02326333568921525,0.9252024773701761,3.6933329001714292,1.0,0.016964597850517994,10.020303592123497,0.7480508727033338,0.09217333523185721,0.9002026245206728,0.5090339089222724,acousticness_very_high|danceability_very_low|liveness_low|mode_1,energy_very_low
"frozenset({'energy_very_low', 'speechiness_low', 'acousticness_very_high', 'danceability_very_low', 'mode_1'})",frozenset({'loudness_very_low'}),0.025491440961199822,0.25000299476515053,0.023251356628613183,0.912124060150376,3.6484525355674764,1.0,0.0168784200474342,8.534725278822245,0.7448997620940155,0.09217837298760506,0.8828316123447625,0.502564186280267,acousticness_very_high|danceability_very_low|energy_very_low|mode_1|speechiness_low,loudness_very_low
"frozenset({'energy_very_low', 'speechiness_low', 'danceability_very_low', 'loudness_very_low', 'mode_1'})",frozenset({'acousticness_very_high'}),0.025383629415781213,0.24975143449250709,0.023251356628613183,0.9159981123171307,3.6676390435091255,1.0,0.016911758769395626,8.931329833204364,0.7462885455246386,0.09230988728777285,0.8880345907412065,0.5045480513142083,danceability_very_low|energy_very_low|loudness_very_low|mode_1|speechiness_low,acousticness_very_high
"frozenset({'speechiness_low', 'acousticness_very_high', 'danceability_very_low', 'loudness_very_low', 'mode_1'})",frozenset({'energy_very_low'}),0.023922184022328968,0.25050611531043737,0.023251356628613183,0.971957936905358,3.879976884799272,1.0,0.01725870323943814,26.72748728080458,0.7604583298921229,0.09256962991224721,0.9625853343603237,0.5323877289729545,acousticness_very_high|danceability_very_low|loudness_very_low|mode_1|speechiness_low,energy_very_low
"frozenset({'energy_very_low', 'mode_1', 'speechiness_low', 'danceability_very_low'})","frozenset({'loudness_very_low', 'acousticness_very_high'})",0.02848620611171672,0.15069658237401024,0.023251356628613183,0.8162321278385197,5.41639441970046,1.0,0.01895858272277583,4.621609901864081,0.8392833340070215,0.1491126987785204,0.7836251822992115,0.48526232783022966,danceability_very_low|energy_very_low|mode_1|speechiness_low,acousticness_very_high|loudness_very_low
"frozenset({'danceability_very_low', 'mode_1', 'speechiness_low', 'acousticness_very_high'})","frozenset({'energy_very_low', 'loudness_very_low'})",0.028162771475460896,0.17769738497107057,0.023251356628613183,0.8256061250531688,4.6461354802017985,1.0,0.018246905783885922,4.715203531543932,0.8075090540737782,0.1273287850957754,0.7879200774027748,0.4782270884130614,acousticness_very_high|danceability_very_low|mode_1|speechiness_low,energy_very_low|loudness_very_low
"frozenset({'loudness_very_low', 'mode_1', 'speechiness_low', 'danceability_very_low'})","frozenset({'energy_very_low', 'acousticness_very_high'})",0.027803399657398867,0.17666718575929274,0.023251356628613183,0.8362774666092201,4.7336321287680425,1.0,0.018339408256599642,5.0288301627702126,0.8113027032620896,0.1283051295610788,0.8011465952055271,0.4839442662582309,danceability_very_low|loudness_very_low|mode_1|speechiness_low,acousticness_very_high|energy_very_low
"frozenset({'loudness_very_low', 'mode_0', 'danceability_very_low'})",frozenset({'acousticness_very_high'}),0.0317445105954791,0.24975143449250709,0.023239377568011116,0.7320754716981133,2.931216283845115,1.0,0.01531114050952762,2.800223519147685,0.6804450862473699,0.08998562085439957,0.6428856506767812,0.4125627490391377,danceability_very_low|loudness_very_low|mode_0,acousticness_very_high
"frozenset({'mode_0', 'acousticness_very_high', 'danceability_very_low'})",frozenset({'loudness_very_low'}),0.029204949747840773,0.25000299476515053,0.023239377568011116,0.7957342083675144,3.1828987053335758,1.0,0.015938052669085195,3.671672085868601,0.7064529001929405,0.09078996630475478,0.7276445236357669,0.44434530255462446,acousticness_very_high|danceability_very_low|mode_0,loudness_very_low
"frozenset({'key_very_low', 'instrumentalness_high', 'danceability_very_low'})",frozenset({'mode_1'}),0.032379400807388686,0.6337522011523856,0.02322739850740905,0.7173510913799481,1.1319110057141422,1.0,0.002706881973731135,1.295769372100918,0.12043803011765747,0.03612886396243642,0.22825772739277458,0.37700084575613035,danceability_very_low|instrumentalness_high|key_very_low,mode_1
"frozenset({'danceability_very_low', 'instrumentalness_high', 'liveness_low'})",frozenset({'valence_very_low'}),0.030139316474802048,0.2507217384012746,0.023203440386204914,0.769872813990461,3.070626499718571,1.0,0.01564685856541637,3.25593109876061,0.6952890984173978,0.09005532567762331,0.6928681935620024,0.4312096989206964,danceability_very_low|instrumentalness_high|liveness_low,valence_very_low
"frozenset({'energy_very_low', 'speechiness_low', 'acousticness_very_high', 'instrumentalness_high'})",frozenset({'valence_very_low'}),0.03224763114076594,0.2507217384012746,0.023191461325602847,0.7191679049034176,2.868390708716311,1.0,0.015106279186666932,2.668064920930912,0.6730776175325647,0.08927418611085491,0.6251965264581751,0.4058333552228507,acousticness_very_high|energy_very_low|instrumentalness_high|speechiness_low,valence_very_low
"frozenset({'energy_very_low', 'valence_very_low', 'speechiness_low', 'instrumentalness_high'})",frozenset({'acousticness_very_high'}),0.027264341930305826,0.24975143449250709,0.023191461325602847,0.8506151142355008,3.4058467610564236,1.0,0.016382152818014757,5.022252162044275,0.7261862500907073,0.09136816272594273,0.8008861427632985,0.4717366424455839,energy_very_low|instrumentalness_high|speechiness_low|valence_very_low,acousticness_very_high
"frozenset({'valence_very_low', 'speechiness_low', 'acousticness_very_high', 'instrumentalness_high'})",frozenset({'energy_very_low'}),0.024233639597982727,0.25050611531043737,0.023191461325602847,0.9569945625308947,3.820244313576729,1.0,0.017120786410079004,17.427886537091762,0.7565711083081308,0.09219486642221057,0.942620695982172,0.524786493201178,acousticness_very_high|instrumentalness_high|speechiness_low|valence_very_low,energy_very_low
"frozenset({'energy_very_low', 'acousticness_very_high', 'instrumentalness_high', 'tempo_very_low', 'loudness_very_low'})",frozenset({'valence_very_low'}),0.03107368320176332,0.2507217384012746,0.02317948226500078,0.7459521973785659,2.9752194689424414,1.0,0.015388634394124197,2.949359348387092,0.685181452788348,0.08962897772013524,0.6609433161995443,0.4192016123061009,acousticness_very_high|energy_very_low|instrumentalness_high|loudness_very_low|tempo_very_low,valence_very_low
"frozenset({'energy_very_low', 'acousticness_very_high', 'instrumentalness_high', 'tempo_very_low', 'valence_very_low'})",frozenset({'loudness_very_low'}),0.023838330598114497,0.25000299476515053,0.02317948226500078,0.9723618090452262,3.8894006448148746,1.0,0.017219828225270434,27.13625528031551,0.7610327266948064,0.09247311827956987,0.9631489315799077,0.5325393137224215,acousticness_very_high|energy_very_low|instrumentalness_high|tempo_very_low|valence_very_low,loudness_very_low
"frozenset({'energy_very_low', 'instrumentalness_high', 'tempo_very_low', 'loudness_very_low', 'valence_very_low'})",frozenset({'acousticness_very_high'}),0.026881011991039663,0.24975143449250709,0.02317948226500078,0.8622994652406417,3.4526306805517546,1.0,0.01646591095962834,5.4484070582485895,0.7299886108968,0.09145476888174686,0.8164601159001043,0.4775548359825924,energy_very_low|instrumentalness_high|loudness_very_low|tempo_very_low|valence_very_low,acousticness_very_high
"frozenset({'acousticness_very_high', 'instrumentalness_high', 'tempo_very_low', 'loudness_very_low', 'valence_very_low'})",frozenset({'energy_very_low'}),0.02430551396159513,0.25050611531043737,0.02317948226500078,0.9536717594874323,3.8069799545835576,1.0,0.017090802381857985,16.17790523441623,0.7556920797623183,0.09211653813196229,0.9381873001782306,0.5231011819625379,acousticness_very_high|instrumentalness_high|loudness_very_low|tempo_very_low|valence_very_low,energy_very_low
"frozenset({'energy_very_low', 'tempo_very_low', 'acousticness_very_high', 'instrumentalness_high'})","frozenset({'loudness_very_low', 'valence_very_low'})",0.032762730746654846,0.10355897890487428,0.02317948226500078,0.7074954296160878,6.831811563785008,1.0,0.019786607322741873,3.0647077408689616,0.8825403719568221,0.20487030174695606,0.6737046124611994,0.4656621161961295,acousticness_very_high|energy_very_low|instrumentalness_high|tempo_very_low,loudness_very_low|valence_very_low
"frozenset({'energy_very_low', 'tempo_very_low', 'valence_very_low', 'instrumentalness_high'})","frozenset({'loudness_very_low', 'acousticness_very_high'})",0.0282346458390733,0.15069658237401024,0.02317948226500078,0.8209588459906662,5.44776021498051,1.0,0.018924617632511864,4.743621221195399,0.8401599415739474,0.1488232579603138,0.7891905880824106,0.4873872131384173,energy_very_low|instrumentalness_high|tempo_very_low|valence_very_low,acousticness_very_high|loudness_very_low
"frozenset({'loudness_very_low', 'tempo_very_low', 'acousticness_very_high', 'instrumentalness_high'})","frozenset({'energy_very_low', 'valence_very_low'})",0.03287054229207346,0.10502042429832653,0.02317948226500078,0.7051749271137026,6.71464557323198,1.0,0.01972740396657114,3.0356291170894822,0.8799978172119877,0.2020676691729323,0.6705789932075809,0.4629444842024541,acousticness_very_high|instrumentalness_high|loudness_very_low|tempo_very_low,energy_very_low|valence_very_low
"frozenset({'tempo_very_low', 'valence_very_low', 'acousticness_very_high', 'instrumentalness_high'})","frozenset({'energy_very_low', 'loudness_very_low'})",0.025419566597587418,0.17769738497107057,0.02317948226500078,0.911875589066918,5.131620756351439,1.0,0.01866249175351152,9.331155877494057,0.8261296504807232,0.12881965248651886,0.8928321407198958,0.5211595823182776,acousticness_very_high|instrumentalness_high|tempo_very_low|valence_very_low,energy_very_low|loudness_very_low
"frozenset({'loudness_very_low', 'tempo_very_low', 'valence_very_low', 'instrumentalness_high'})","frozenset({'energy_very_low', 'acousticness_very_high'})",0.030450772050455804,0.17666718575929274,0.02317948226500078,0.7612116443745083,4.308732496659857,1.0,0.017799830062649024,3.4479604840195686,0.7920311452883299,0.12601758384890915,0.709973474280013,0.44620793772834444,instrumentalness_high|loudness_very_low|tempo_very_low|valence_very_low,acousticness_very_high|energy_very_low
"frozenset({'valence_very_high', 'mode_1', 'tempo_very_low'})",frozenset({'instrumentalness_low'}),0.032307526443776276,0.5000539057727093,0.023155524143796645,0.7167222840192808,1.4332900428240118,1.0,0.007000019359731231,1.7648620629986962,0.3123972929231354,0.04547379316834478,0.4333834802359063,0.38151416998970944,mode_1|tempo_very_low|valence_very_high,instrumentalness_low
"frozenset({'energy_very_low', 'loudness_very_low', 'duration_ms_high'})",frozenset({'acousticness_very_high'}),0.0317804477772853,0.24975143449250709,0.023155524143796645,0.7286091217489635,2.9173370844875883,1.0,0.015218311722605432,2.7644575615158047,0.6787940254072767,0.08961936112012611,0.6382653819971535,0.41066170030562954,duration_ms_high|energy_very_low|loudness_very_low,acousticness_very_high
"frozenset({'loudness_very_low', 'duration_ms_high', 'acousticness_very_high'})",frozenset({'energy_very_low'}),0.02585081277926185,0.25050611531043737,0.023155524143796645,0.8957367933271548,3.5757082904627753,1.0,0.01667973745684635,7.188479125155899,0.7394505254743592,0.09145101007711594,0.8608885158335472,0.49408587944858123,acousticness_very_high|duration_ms_high|loudness_very_low,energy_very_low
"frozenset({'energy_very_low', 'duration_ms_very_low', 'key_very_low'})",frozenset({'loudness_very_low'}),0.029911714323362763,0.25000299476515053,0.023143545083194574,0.7737284741690027,3.0948768229589922,1.0,0.015665526923794235,3.3145885346396784,0.6977564551445703,0.09013296011196639,0.6983034275448287,0.4331507727816743,duration_ms_very_low|energy_very_low|key_very_low,loudness_very_low
"frozenset({'loudness_very_low', 'duration_ms_very_low', 'key_very_low'})",frozenset({'energy_very_low'}),0.028905473232789084,0.25050611531043737,0.023143545083194574,0.8006630750103605,3.196181753958965,1.0,0.01590254727243875,3.759935018203564,0.7075796022145695,0.09030991445800025,0.7340379567310225,0.4465251105732751,duration_ms_very_low|key_very_low|loudness_very_low,energy_very_low
"frozenset({'energy_very_low', 'key_very_low', 'tempo_very_low'})",frozenset({'loudness_very_low'}),0.03076222762610956,0.25000299476515053,0.023143545083194574,0.7523364485981308,3.009309745688709,1.0,0.015452896051019937,3.028289794721844,0.688889663368331,0.08983539477355154,0.6697806128914909,0.4224547599962383,energy_very_low|key_very_low|tempo_very_low,loudness_very_low
"frozenset({'loudness_very_low', 'key_very_low', 'tempo_very_low'})",frozenset({'energy_very_low'}),0.028390373626900178,0.25050611531043737,0.023143545083194574,0.8151898734177215,3.25417154949493,1.0,0.016031582873707918,4.0554806089366755,0.7129428392082459,0.09049180327868851,0.7534201007406135,0.4537885097769556,key_very_low|loudness_very_low|tempo_very_low,energy_very_low
"frozenset({'energy_very_low', 'liveness_low', 'speechiness_low', 'acousticness_very_high'})",frozenset({'loudness_very_low'}),0.026509661112375568,0.25000299476515053,0.023107607901388372,0.8716674197921374,3.4866279126414867,1.0,0.01648011323308523,5.844166804875781,0.7326112034952527,0.09118842772052567,0.8288892098073414,0.4820483720906063,acousticness_very_high|energy_very_low|liveness_low|speechiness_low,loudness_very_low
"frozenset({'energy_very_low', 'loudness_very_low', 'speechiness_low', 'liveness_low'})",frozenset({'acousticness_very_high'}),0.026881011991039663,0.24975143449250709,0.023107607901388372,0.8596256684491979,3.4419248489841525,1.0,0.016394036596015932,5.344627876186711,0.7290628412222244,0.09114534114534116,0.812896234655446,0.4760740457934991,energy_very_low|liveness_low|loudness_very_low|speechiness_low,acousticness_very_high
"frozenset({'loudness_very_low', 'liveness_low', 'speechiness_low', 'acousticness_very_high'})",frozenset({'energy_very_low'}),0.02406593274955378,0.25050611531043737,0.023107607901388372,0.960179193628671,3.8329571014215675,1.0,0.017078944576975424,18.82166517926665,0.7573306982384279,0.0918921493902439,0.946869738119581,0.5262114407317036,acousticness_very_high|liveness_low|loudness_very_low|speechiness_low,energy_very_low
"frozenset({'energy_very_low', 'speechiness_low', 'liveness_low'})","frozenset({'loudness_very_low', 'acousticness_very_high'})",0.03223565208016387,0.15069658237401024,0.023107607901388372,0.7168338907469343,4.756802572787228,1.0,0.018249805302310025,2.9993116756319407,0.8160816771288039,0.14458102233548192,0.6665901686295057,0.4350862617486658,energy_very_low|liveness_low|speechiness_low,acousticness_very_high|loudness_very_low
"frozenset({'liveness_low', 'speechiness_low', 'acousticness_very_high'})","frozenset({'energy_very_low', 'loudness_very_low'})",0.030414834868649602,0.17769738497107057,0.023107607901388372,0.7597479322567939,4.27551554785391,1.0,0.017702971280902403,3.4226661304236905,0.7901421196226864,0.12490287490287491,0.7078301061528866,0.4448935158115573,acousticness_very_high|liveness_low|speechiness_low,energy_very_low|loudness_very_low
"frozenset({'loudness_very_low', 'speechiness_low', 'liveness_low'})","frozenset({'energy_very_low', 'acousticness_very_high'})",0.03228356832257214,0.17666718575929274,0.023107607901388372,0.715769944341373,4.051516082429718,1.0,0.0174041607395717,2.8967127080661967,0.7783052870361901,0.12433930643289932,0.654781091264109,0.4232836702992463,liveness_low|loudness_very_low|speechiness_low,acousticness_very_high|energy_very_low
"frozenset({'energy_very_low', 'acousticness_very_high', 'instrumentalness_high', 'tempo_very_low', 'danceability_very_low'})",frozenset({'loudness_very_low'}),0.02357479126486901,0.25000299476515053,0.023083649780184238,0.9791666666666666,3.916619749241335,1.0,0.017189881363003673,35.99985625127271,0.7626572787330361,0.09215245564535411,0.9722221113045515,0.5357500798594473,acousticness_very_high|danceability_very_low|energy_very_low|instrumentalness_high|tempo_very_low,loudness_very_low
"frozenset({'energy_very_low', 'acousticness_very_high', 'instrumentalness_high', 'tempo_very_low', 'loudness_very_low'})",frozenset({'danceability_very_low'}),0.03107368320176332,0.2516321470070317,0.023083649780184238,0.7428681572860447,2.952198938497655,1.0,0.0152645121607082,2.9104440939486653,0.6824764983914485,0.08891247173903012,0.6564098234770498,0.4173019259247514,acousticness_very_high|energy_very_low|instrumentalness_high|loudness_very_low|tempo_very_low,danceability_very_low
"frozenset({'energy_very_low', 'instrumentalness_high', 'tempo_very_low', 'danceability_very_low', 'loudness_very_low'})",frozenset({'acousticness_very_high'}),0.026030498688292863,0.24975143449250709,0.023083649780184238,0.8867924528301887,3.550700137647433,1.0,0.01658249539222777,6.627195661982855,0.7375645774225136,0.09134866082009954,0.8491066129620202,0.48960947405287075,danceability_very_low|energy_very_low|instrumentalness_high|loudness_very_low|tempo_very_low,acousticness_very_high
"frozenset({'acousticness_very_high', 'instrumentalness_high', 'danceability_very_low', 'tempo_very_low', 'loudness_very_low'})",frozenset({'energy_very_low'}),0.024137807113166185,0.25050611531043737,0.023083649780184238,0.9563275434243176,3.817581627654868,1.0,0.017036981488152334,17.161706564198496,0.7563097202359255,0.09176190476190474,0.941730736610651,0.5242377961957089,acousticness_very_high|danceability_very_low|instrumentalness_high|loudness_very_low|tempo_very_low,energy_very_low
"frozenset({'energy_very_low', 'tempo_very_low', 'acousticness_very_high', 'instrumentalness_high'})","frozenset({'loudness_very_low', 'danceability_very_low'})",0.032762730746654846,0.09570071514991794,0.023083649780184238,0.7045703839122487,7.362226946878284,1.0,0.019948233017465164,3.0609635446348697,0.893443171036604,0.21905194952824825,0.6733054852114267,0.47288852153429434,acousticness_very_high|energy_very_low|instrumentalness_high|tempo_very_low,danceability_very_low|loudness_very_low
"frozenset({'energy_very_low', 'tempo_very_low', 'danceability_very_low', 'instrumentalness_high'})","frozenset({'loudness_very_low', 'acousticness_very_high'})",0.026928928233447932,0.15069658237401024,0.023083649780184238,0.8572064056939502,5.688293604207096,1.0,0.01902555232840864,5.947769728421264,0.8470094099590552,0.14936826602588946,0.8318697519136417,0.505193027966212,danceability_very_low|energy_very_low|instrumentalness_high|tempo_very_low,acousticness_very_high|loudness_very_low
"frozenset({'danceability_very_low', 'tempo_very_low', 'acousticness_very_high', 'instrumentalness_high'})","frozenset({'energy_very_low', 'loudness_very_low'})",0.025084152900729524,0.17769738497107057,0.023083649780184238,0.9202483285577842,5.17873872318156,1.0,0.018626261405510106,10.310788478266938,0.8276640411194633,0.12845810279314712,0.9030142067109806,0.5250763012614996,acousticness_very_high|danceability_very_low|instrumentalness_high|tempo_very_low,energy_very_low|loudness_very_low
"frozenset({'loudness_very_low', 'tempo_very_low', 'acousticness_very_high', 'instrumentalness_high'})","frozenset({'energy_very_low', 'danceability_very_low'})",0.03287054229207346,0.09933037051234442,0.023083649780184238,0.7022594752186588,7.0699371360080105,1.0,0.019818606635370894,3.025015254974451,0.8877364036287135,0.21154901745526403,0.6694231546913485,0.46732607142505544,acousticness_very_high|instrumentalness_high|loudness_very_low|tempo_very_low,danceability_very_low|energy_very_low
"frozenset({'danceability_very_low', 'loudness_very_low', 'tempo_very_low', 'instrumentalness_high'})","frozenset({'energy_very_low', 'acousticness_very_high'})",0.029408593778075923,0.17666718575929274,0.023083649780184238,0.784928716904277,4.442979682563883,1.0,0.017888116280273317,3.8281857177290464,0.7984058142439975,0.1261455878502226,0.7387796534089732,0.4577952507765215,danceability_very_low|instrumentalness_high|loudness_very_low|tempo_very_low,acousticness_very_high|energy_very_low
"frozenset({'acousticness_very_high', 'instrumentalness_high', 'danceability_very_low', 'loudness_very_low', 'mode_1'})",frozenset({'valence_very_low'}),0.02938463565687179,0.2507217384012746,0.02307167071958217,0.7851610273134937,3.1316033157717693,1.0,0.015704303785403197,3.487627278371297,0.701281659805415,0.08976091718320361,0.7132721130490198,0.43859102488464935,acousticness_very_high|danceability_very_low|instrumentalness_high|loudness_very_low|mode_1,valence_very_low
"frozenset({'acousticness_very_high', 'instrumentalness_high', 'danceability_very_low', 'mode_1', 'valence_very_low'})",frozenset({'loudness_very_low'}),0.023814372476910362,0.25000299476515053,0.02307167071958217,0.9688128772635815,3.875205087737734,1.0,0.017118006281901806,24.048291071078694,0.7600492370689458,0.09201223007834892,0.9584170036430308,0.5305492273236929,acousticness_very_high|danceability_very_low|instrumentalness_high|mode_1|valence_very_low,loudness_very_low
"frozenset({'acousticness_very_high', 'instrumentalness_high', 'mode_1', 'loudness_very_low', 'valence_very_low'})",frozenset({'danceability_very_low'}),0.02963619592951521,0.2516321470070317,0.02307167071958217,0.778496362166532,3.093787385380364,1.0,0.015614251108717205,3.3785804166142404,0.6974410833068456,0.08935696390461167,0.7040177007235113,0.4350922256419635,acousticness_very_high|instrumentalness_high|loudness_very_low|mode_1|valence_very_low,danceability_very_low
"frozenset({'instrumentalness_high', 'danceability_very_low', 'loudness_very_low', 'mode_1', 'valence_very_low'})",frozenset({'acousticness_very_high'}),0.029444530959882125,0.24975143449250709,0.02307167071958217,0.7835638730675346,3.1373748649721676,1.0,0.015717856874392575,3.4663740113109354,0.7019301932707908,0.09007997755016135,0.7115141076130406,0.4379712022059818,danceability_very_low|instrumentalness_high|loudness_very_low|mode_1|valence_very_low,acousticness_very_high
"frozenset({'danceability_very_low', 'mode_1', 'acousticness_very_high', 'instrumentalness_high'})","frozenset({'loudness_very_low', 'valence_very_low'})",0.03065441608069095,0.10355897890487428,0.02307167071958217,0.7526377491207503,7.2677208396588915,1.0,0.019897130691340657,3.6240009051855084,0.8896778365001855,0.2075878422073723,0.7240618790770387,0.4877127438489813,acousticness_very_high|danceability_very_low|instrumentalness_high|mode_1,loudness_very_low|valence_very_low
"frozenset({'valence_very_low', 'mode_1', 'acousticness_very_high', 'instrumentalness_high'})","frozenset({'loudness_very_low', 'danceability_very_low'})",0.03127732723199847,0.09570071514991794,0.02307167071958217,0.7376484105706625,7.707867275757709,1.0,0.020078408135501914,3.446898441961407,0.8983607492661015,0.2220428867881024,0.7098841126775511,0.4893649488076745,acousticness_very_high|instrumentalness_high|mode_1|valence_very_low,danceability_very_low|loudness_very_low
"frozenset({'energy_very_low', 'tempo_very_low', 'danceability_very_low', 'instrumentalness_high'})",frozenset({'valence_very_low'}),0.026928928233447932,0.2507217384012746,0.023059691658980103,0.8563167259786477,3.4154067829895616,1.0,0.016308023959006872,5.2147911209719355,0.7267805282577968,0.09057544817202276,0.808237765079722,0.4741449850629025,danceability_very_low|energy_very_low|instrumentalness_high|tempo_very_low,valence_very_low
"frozenset({'energy_very_low', 'tempo_very_low', 'valence_very_low', 'instrumentalness_high'})",frozenset({'danceability_very_low'}),0.0282346458390733,0.2516321470070317,0.023059691658980103,0.8167161646160374,3.245674983622879,1.0,0.015954947106510936,4.08310886459358,0.7120007671626222,0.08979382405075101,0.7550885775612215,0.4541783241436847,energy_very_low|instrumentalness_high|tempo_very_low|valence_very_low,danceability_very_low
"frozenset({'danceability_very_low', 'tempo_very_low', 'valence_very_low', 'instrumentalness_high'})",frozenset({'energy_very_low'}),0.02995963056577103,0.25050611531043737,0.023059691658980103,0.7696921231507398,3.0725482377821636,1.0,0.015554620989812962,3.2543128569593693,0.6953702865585105,0.08958488458674607,0.6927154689932488,0.4308722666251021,danceability_very_low|instrumentalness_high|tempo_very_low|valence_very_low,energy_very_low
"frozenset({'speechiness_very_low', 'acousticness_very_high', 'tempo_very_low'})",frozenset({'mode_1'}),0.03046275111105787,0.6337522011523856,0.02303573353777597,0.7561934722768384,1.1932005457366637,1.0,0.003729897967985764,1.502206697531425,0.16700535867634184,0.03592713685193835,0.3343126470922416,0.3962708217635964,acousticness_very_high|speechiness_very_low|tempo_very_low,mode_1
"frozenset({'loudness_very_low', 'speechiness_very_low', 'liveness_low'})",frozenset({'energy_very_low'}),0.026425807688161093,0.25050611531043737,0.0230237544771739,0.8712601994560291,3.477999722187732,1.0,0.016403928049271977,5.821772921215408,0.7318172755016037,0.09067748631817324,0.8282310193934477,0.4815845756270199,liveness_low|loudness_very_low|speechiness_very_low,energy_very_low
"frozenset({'loudness_very_low', 'mode_1', 'key_very_high'})",frozenset({'energy_very_low'}),0.03160076186825429,0.25050611531043737,0.02301177541657183,0.7282031842304776,2.906927774310254,1.0,0.015095591320105248,2.7575521168913055,0.6774005794022663,0.08881594155994267,0.6373595284475209,0.4100321582973352,key_very_high|loudness_very_low|mode_1,energy_very_low
"frozenset({'energy_very_low', 'duration_ms_very_low', 'speechiness_low'})",frozenset({'loudness_very_low'}),0.02787527402101127,0.25000299476515053,0.022999796355969764,0.8250966910184787,3.3003472290144504,1.0,0.016030894370817745,4.2880664156793475,0.7169878104257031,0.09023828547257602,0.7667946568309921,0.45854738719587085,duration_ms_very_low|energy_very_low|speechiness_low,loudness_very_low
"frozenset({'loudness_very_low', 'duration_ms_very_low', 'speechiness_low'})",frozenset({'energy_very_low'}),0.02660549359719211,0.25050611531043737,0.022999796355969764,0.864475461503827,3.4509156011322673,1.0,0.016334957509020455,5.53031866410471,0.7296341078211787,0.09051053599208032,0.8191785933619636,0.47814438721710095,duration_ms_very_low|loudness_very_low|speechiness_low,energy_very_low
"frozenset({'energy_very_low', 'tempo_very_low', 'speechiness_low', 'acousticness_very_high'})",frozenset({'loudness_very_low'}),0.02629403802153835,0.25000299476515053,0.022987817295367696,0.874259681093394,3.4969968336365804,1.0,0.016414229045514376,5.96465009598005,0.7333223531470499,0.09075002364513382,0.832345572010341,0.48310492439911673,acousticness_very_high|energy_very_low|speechiness_low|tempo_very_low,loudness_very_low
"frozenset({'energy_very_low', 'loudness_very_low', 'speechiness_low', 'tempo_very_low'})",frozenset({'acousticness_very_high'}),0.02613831023371147,0.24975143449250709,0.022987817295367696,0.879468377635197,3.521374679678096,1.0,0.016459736819288077,6.224495703183837,0.735237870305935,0.09089617279272451,0.8393444147630307,0.4857555807308797,energy_very_low|loudness_very_low|speechiness_low|tempo_very_low,acousticness_very_high
"frozenset({'loudness_very_low', 'tempo_very_low', 'speechiness_low', 'acousticness_very_high'})",frozenset({'energy_very_low'}),0.024041974628349644,0.25050611531043737,0.022987817295367696,0.9561534628799203,3.8168867123064683,1.0,0.01696515562682773,17.09357075649947,0.7561865901390445,0.09138095238095238,0.9414984724815455,0.5239594781882386,acousticness_very_high|loudness_very_low|speechiness_low|tempo_very_low,energy_very_low
"frozenset({'energy_very_low', 'speechiness_low', 'tempo_very_low'})","frozenset({'loudness_very_low', 'acousticness_very_high'})",0.03104972508055918,0.15069658237401024,0.022987817295367696,0.7403549382716049,4.912884729091837,1.0,0.018308729842074836,3.271017025983009,0.8219757201795801,0.1447974043612767,0.6942846851433069,0.44644932923119196,energy_very_low|speechiness_low|tempo_very_low,acousticness_very_high|loudness_very_low
"frozenset({'tempo_very_low', 'speechiness_low', 'acousticness_very_high'})","frozenset({'energy_very_low', 'loudness_very_low'})",0.03101378789875298,0.17769738497107057,0.022987817295367696,0.7412128234839707,4.171208392316192,1.0,0.017476748287711858,3.177524582552087,0.7845945680773516,0.12377450980392156,0.6852896101918331,0.43528889792238173,acousticness_very_high|speechiness_low|tempo_very_low,energy_very_low|loudness_very_low
"frozenset({'loudness_very_low', 'speechiness_low', 'tempo_very_low'})","frozenset({'energy_very_low', 'acousticness_very_high'})",0.029648174990117276,0.17666718575929274,0.022987817295367696,0.7753535353535354,4.388780700961336,1.0,0.017749957656964632,3.665015674902429,0.795738475617195,0.12539205436487194,0.7271498709138202,0.4527364367844433,loudness_very_low|speechiness_low|tempo_very_low,acousticness_very_high|energy_very_low
"frozenset({'valence_low', 'instrumentalness_low', 'danceability_very_low'})",frozenset({'mode_1'}),0.03249919141340936,0.6337522011523856,0.022987817295367696,0.7073350534463694,1.1161066614998483,1.0,0.002391383201446804,1.2514235242740277,0.10752268498640885,0.035736233449412465,0.2009100191878547,0.37180380873811714,danceability_very_low|instrumentalness_low|valence_low,mode_1
"frozenset({'energy_very_low', 'liveness_very_low', 'instrumentalness_high'})",frozenset({'loudness_very_low'}),0.02509613196133159,0.25000299476515053,0.02297583823476563,0.9155131264916467,3.6620086385431803,1.0,0.01670173008741132,8.877083197553722,0.7456384629332773,0.09112937710837649,0.8873503855100093,0.5037076892640313,energy_very_low|instrumentalness_high|liveness_very_low,loudness_very_low
"frozenset({'loudness_very_low', 'liveness_very_low', 'instrumentalness_high'})",frozenset({'energy_very_low'}),0.032810646989063115,0.25050611531043737,0.02297583823476563,0.7002555677254473,2.795363166514566,1.0,0.01475657051671333,2.5004430574478835,0.6640527286313798,0.08825288731422261,0.6000708766306937,0.3959866208940932,instrumentalness_high|liveness_very_low|loudness_very_low,energy_very_low
"frozenset({'loudness_very_low', 'duration_ms_very_low', 'valence_very_low'})",frozenset({'instrumentalness_high'}),0.03185232214089771,0.24979935073491535,0.02296385917416356,0.720947724708537,2.88610728005294,1.0,0.015007169783967943,2.6883875018812122,0.6750132735703173,0.08877054873813384,0.6280298136707431,0.40643847176298664,duration_ms_very_low|loudness_very_low|valence_very_low,instrumentalness_high
"frozenset({'energy_very_low', 'key_very_low', 'liveness_low'})",frozenset({'loudness_very_low'}),0.031241390050192264,0.25000299476515053,0.022939901052959427,0.7342791411042945,2.937081380941322,1.0,0.015129459979785185,2.822499552168092,0.6807949274725731,0.08880953485136577,0.645704106761734,0.4130188230677198,energy_very_low|key_very_low|liveness_low,loudness_very_low
"frozenset({'loudness_very_low', 'key_very_low', 'liveness_low'})",frozenset({'energy_very_low'}),0.028510164232920854,0.25050611531043737,0.022939901052959427,0.8046218487394958,3.211984856107707,1.0,0.01579793056410785,3.836119237765934,0.7088762060695117,0.08958226130888339,0.7393198860569369,0.4480980322503906,key_very_low|liveness_low|loudness_very_low,energy_very_low
"frozenset({'energy_very_low', 'valence_very_low', 'liveness_very_low'})",frozenset({'loudness_very_low'}),0.027803399657398867,0.25000299476515053,0.022903963871153225,0.8237828522188712,3.2950919367694844,1.0,0.01595303069215115,4.256095474694585,0.7164377358447765,0.08985384651534377,0.7650428647699076,0.4576988051223728,energy_very_low|liveness_very_low|valence_very_low,loudness_very_low
"frozenset({'loudness_very_low', 'valence_very_low', 'liveness_very_low'})",frozenset({'energy_very_low'}),0.026881011991039663,0.25050611531043737,0.022903963871153225,0.8520499108734403,3.4013138155032476,1.0,0.016170105981664594,5.065856256757165,0.7254980835856919,0.09000188288457918,0.8026000049515547,0.47174033416663597,liveness_very_low|loudness_very_low|valence_very_low,energy_very_low
"frozenset({'speechiness_very_low', 'acousticness_low', 'instrumentalness_low'})",frozenset({'mode_1'}),0.030163274596006182,0.6337522011523856,0.022903963871153225,0.7593328038125496,1.1981541088643386,1.0,0.0037879222019704707,1.5218019100631897,0.170526459379507,0.03573097120218273,0.3428842522884749,0.3977365276032789,acousticness_low|instrumentalness_low|speechiness_very_low,mode_1
"frozenset({'energy_very_low', 'loudness_very_low', 'danceability_low', 'acousticness_very_high'})",frozenset({'mode_1'}),0.031588782807652226,0.6337522011523856,0.022903963871153225,0.7250663632916192,1.1440849625029974,1.0,0.002884503235078991,1.3321316490498745,0.13004706918883768,0.03565168748834608,0.24932344283446986,0.38060330734281367,acousticness_very_high|danceability_low|energy_very_low|loudness_very_low,mode_1
"frozenset({'energy_very_low', 'mode_1', 'danceability_low', 'acousticness_very_high'})",frozenset({'loudness_very_low'}),0.03223565208016387,0.25000299476515053,0.022903963871153225,0.7105165366034932,2.8420321015391954,1.0,0.014844954312904803,2.590811220907549,0.6697282162954314,0.08831816712088318,0.6140205075807473,0.40106564731468386,acousticness_very_high|danceability_low|energy_very_low|mode_1,loudness_very_low
"frozenset({'energy_very_low', 'loudness_very_low', 'mode_1', 'danceability_low'})",frozenset({'acousticness_very_high'}),0.028641933899543597,0.24975143449250709,0.022903963871153225,0.7996654119615224,3.2018451208756264,1.0,0.015750599793102643,3.7449777038171517,0.7079573514120101,0.08964741185296325,0.7329757133184726,0.44568622413510917,danceability_low|energy_very_low|loudness_very_low|mode_1,acousticness_very_high
"frozenset({'loudness_very_low', 'mode_1', 'danceability_low', 'acousticness_very_high'})",frozenset({'energy_very_low'}),0.02624612177913008,0.25050611531043737,0.022903963871153225,0.8726608854404382,3.4835911465035547,1.0,0.016329149862298685,5.8858103991212625,0.7321561664729241,0.09022698315322542,0.8300998618390258,0.4820458214501349,acousticness_very_high|danceability_low|loudness_very_low|mode_1,energy_very_low
"frozenset({'energy_very_low', 'acousticness_very_high', 'speechiness_low', 'instrumentalness_high', 'loudness_very_low'})",frozenset({'valence_very_low'}),0.031181494747181925,0.2507217384012746,0.02286802668934702,0.733384556281214,2.925093615566147,1.0,0.015050148120383355,2.8103333068321077,0.6793125814499901,0.08828153903070661,0.6441703204495589,0.4122966737450026,acousticness_very_high|energy_very_low|instrumentalness_high|loudness_very_low|speechiness_low,valence_very_low
"frozenset({'energy_very_low', 'acousticness_very_high', 'speechiness_low', 'instrumentalness_high', 'valence_very_low'})",frozenset({'loudness_very_low'}),0.023191461325602847,0.25000299476515053,0.02286802668934702,0.9860537190082643,3.944167628610009,1.0,0.01707009190496614,53.77756304202425,0.7641836149694406,0.09135282576446378,0.9814048844270137,0.538762365014434,acousticness_very_high|energy_very_low|instrumentalness_high|speechiness_low|valence_very_low,loudness_very_low
"frozenset({'energy_very_low', 'speechiness_low', 'instrumentalness_high', 'loudness_very_low', 'valence_very_low'})",frozenset({'acousticness_very_high'}),0.0264617448699673,0.24975143449250709,0.02286802668934702,0.8641919420552285,3.4602081217721916,1.0,0.016259167948897948,5.524330270686836,0.7303257358320889,0.09026431509764056,0.8189825823220251,0.4778775432852765,energy_very_low|instrumentalness_high|loudness_very_low|speechiness_low|valence_very_low,acousticness_very_high
"frozenset({'energy_very_low', 'speechiness_low', 'acousticness_very_high', 'loudness_very_low', 'valence_very_low'})",frozenset({'instrumentalness_high'}),0.03204398711053079,0.24979935073491535,0.02286802668934702,0.7136448598130841,2.856872356607512,1.0,0.014863459514178433,2.619826027133292,0.6714838813870316,0.08830195661223923,0.6182952647835795,0.4025952203923235,acousticness_very_high|energy_very_low|loudness_very_low|speechiness_low|valence_very_low,instrumentalness_high
"frozenset({'acousticness_very_high', 'speechiness_low', 'instrumentalness_high', 'loudness_very_low', 'valence_very_low'})",frozenset({'energy_very_low'}),0.023550833143664875,0.25050611531043737,0.02286802668934702,0.9710071210579856,3.8761813054131395,1.0,0.016968398966203238,25.85096451402933,0.7599106608164139,0.09103915303543325,0.9613167238128659,0.5311472101081818,acousticness_very_high|instrumentalness_high|loudness_very_low|speechiness_low|valence_very_low,energy_very_low
"frozenset({'energy_very_low', 'acousticness_very_high', 'speechiness_low', 'instrumentalness_high'})","frozenset({'loudness_very_low', 'valence_very_low'})",0.03224763114076594,0.10355897890487428,0.02286802668934702,0.7091381872213968,6.8476745784910324,1.0,0.019528494936308274,3.0820168950039317,0.8824210101850132,0.20248196860415785,0.6755371452956541,0.4649797356002877,acousticness_very_high|energy_very_low|instrumentalness_high|speechiness_low,loudness_very_low|valence_very_low
"frozenset({'energy_very_low', 'valence_very_low', 'speechiness_low', 'instrumentalness_high'})","frozenset({'loudness_very_low', 'acousticness_very_high'})",0.027264341930305826,0.15069658237401024,0.02286802668934702,0.8387521968365553,5.565834232092114,1.0,0.018759383539773508,5.267069696230933,0.8433251184888176,0.14744728508534793,0.8101411111541603,0.4952505022338579,energy_very_low|instrumentalness_high|speechiness_low|valence_very_low,acousticness_very_high|loudness_very_low
"frozenset({'acousticness_very_high', 'valence_very_low', 'speechiness_low', 'instrumentalness_high'})","frozenset({'energy_very_low', 'loudness_very_low'})",0.024233639597982727,0.17769738497107057,0.02286802668934702,0.9436480474542758,5.310421690267998,1.0,0.018561772304454105,14.592264826346689,0.8318497851928841,0.12770939256087768,0.9314705419686137,0.5361694464047704,acousticness_very_high|instrumentalness_high|speechiness_low|valence_very_low,energy_very_low|loudness_very_low
"frozenset({'loudness_very_low', 'valence_very_low', 'speechiness_low', 'instrumentalness_high'})","frozenset({'energy_very_low', 'acousticness_very_high'})",0.03104972508055918,0.17666718575929274,0.02286802668934702,0.7364969135802469,4.168838205096653,1.0,0.0173825591407649,3.1245661120232993,0.7844829968416641,0.1237120082949906,0.6799555637014656,0.43296909687691487,instrumentalness_high|loudness_very_low|speechiness_low|valence_very_low,acousticness_very_high|energy_very_low
"frozenset({'energy_very_low', 'instrumentalness_low', 'danceability_low'})",frozenset({'mode_1'}),0.029684112171923478,0.6337522011523856,0.02286802668934702,0.7703793381759483,1.215584477300633,1.0,0.004055655261136194,1.5950123823275715,0.18277601278280006,0.035699592325242176,0.373045619532609,0.4032314420772946,danceability_low|energy_very_low|instrumentalness_low,mode_1
"frozenset({'loudness_very_low', 'acousticness_very_high', 'instrumentalness_medium'})",frozenset({'mode_1'}),0.03240335892859282,0.6337522011523856,0.02286802668934702,0.7057301293900184,1.1135742457489717,1.0,0.0023323266436205137,1.244598361661805,0.1054062422749267,0.03554868624420402,0.19652794764667203,0.3709068376843297,acousticness_very_high|instrumentalness_medium|loudness_very_low,mode_1
"frozenset({'energy_very_low', 'key_very_low', 'liveness_low'})",frozenset({'acousticness_very_high'}),0.031241390050192264,0.24975143449250709,0.022856047628744953,0.7315950920245399,2.9292928527563227,1.0,0.015053465648169496,2.7952117983479163,0.6798604667572786,0.08854239175831824,0.6422453566520289,0.4115551363043703,energy_very_low|key_very_low|liveness_low,acousticness_very_high
"frozenset({'key_very_low', 'acousticness_very_high', 'liveness_low'})",frozenset({'energy_very_low'}),0.02758777656656165,0.25050611531043737,0.022856047628744953,0.8284845853234911,3.3072429561122663,1.0,0.015945140891003278,4.369833965671046,0.7174255168106404,0.08954803585676067,0.7711583534166526,0.4598620325240256,acousticness_very_high|key_very_low|liveness_low,energy_very_low
"frozenset({'loudness_very_low', 'duration_ms_very_low', 'danceability_very_low'})",frozenset({'mode_1'}),0.03261898201943004,0.6337522011523856,0.022844068568142886,0.7003305178112376,1.105054178175301,1.0,0.002171716913979011,1.2221724954191835,0.09827254365490995,0.035498222296681,0.18178489227331396,0.3681881300898169,danceability_very_low|duration_ms_very_low|loudness_very_low,mode_1
"frozenset({'danceability_very_low', 'loudness_very_high', 'speechiness_very_high'})",frozenset({'acousticness_very_low'}),0.028570059535931194,0.2504581990680291,0.022808131386336684,0.7983228511530398,3.187449459125914,1.0,0.015652525727700987,3.7165430254111236,0.7064529377982973,0.08901771938847072,0.7309327530550033,0.4446942359840194,danceability_very_low|loudness_very_high|speechiness_very_high,acousticness_very_low
"frozenset({'energy_low', 'mode_1', 'speechiness_very_high'})",frozenset({'instrumentalness_low'}),0.03181638495909151,0.5000539057727093,0.02278417326513255,0.7161144578313253,1.4320745214953339,1.0,0.0068742656987707575,1.7610833239624462,0.31162716654415595,0.044755047296343366,0.43216769678450245,0.3808389460486638,energy_low|mode_1|speechiness_very_high,instrumentalness_low
"frozenset({'energy_very_low', 'key_very_low', 'acousticness_very_high', 'danceability_very_low'})",frozenset({'loudness_very_low'}),0.026952886354652067,0.25000299476515053,0.02278417326513255,0.8453333333333334,3.3812928286216257,1.0,0.016045870958904772,4.84911856832877,0.7237626241315738,0.08964087095862003,0.7937769543249906,0.468234467337486,acousticness_very_high|danceability_very_low|energy_very_low|key_very_low,loudness_very_low
"frozenset({'energy_very_low', 'loudness_very_low', 'key_very_low', 'danceability_very_low'})",frozenset({'acousticness_very_high'}),0.026952886354652067,0.24975143449250709,0.02278417326513255,0.8453333333333334,3.3846986106447954,1.0,0.016052651234344677,4.850745035608791,0.724068454208189,0.08972967872812192,0.7938461014423335,0.4682803651653957,danceability_very_low|energy_very_low|key_very_low|loudness_very_low,acousticness_very_high
"frozenset({'loudness_very_low', 'key_very_low', 'acousticness_very_high', 'danceability_very_low'})",frozenset({'energy_very_low'}),0.024533116113034416,0.25050611531043737,0.02278417326513255,0.9287109375,3.707338387125215,1.0,0.0166384776511964,10.51344846468647,0.7486309588859146,0.09032196789818595,0.9048837302661547,0.5098317503108263,acousticness_very_high|danceability_very_low|key_very_low|loudness_very_low,energy_very_low
"frozenset({'key_very_low', 'acousticness_very_high', 'danceability_very_low'})","frozenset({'energy_very_low', 'loudness_very_low'})",0.03131326441380467,0.17769738497107057,0.02278417326513255,0.7276205049732211,4.094717010560841,1.0,0.017219888063891776,3.0189593197831757,0.7802139238048017,0.12234658433037437,0.6687600281835461,0.42791973071230827,acousticness_very_high|danceability_very_low|key_very_low,energy_very_low|loudness_very_low
"frozenset({'acousticness_very_low', 'mode_1', 'loudness_very_high', 'danceability_very_low'})",frozenset({'energy_very_high'}),0.025946645264078392,0.2486014446747086,0.022772194204530482,0.8776546629732226,3.5303683135133066,1.0,0.01632182070741841,6.141619889941819,0.7358359087706577,0.09044628413740603,0.8371765075142947,0.4846279386277475,acousticness_very_low|danceability_very_low|loudness_very_high|mode_1,energy_very_high
"frozenset({'loudness_very_high', 'mode_1', 'energy_very_high', 'danceability_very_low'})",frozenset({'acousticness_very_low'}),0.028366415505696043,0.2504581990680291,0.022772194204530482,0.8027871621621622,3.2052740343473856,1.0,0.015667592862958435,3.80067448523963,0.7081004670209535,0.0889356725146199,0.736888806478003,0.4468546486150394,danceability_very_low|energy_very_high|loudness_very_high|mode_1,acousticness_very_low
"frozenset({'liveness_low', 'mode_1', 'acousticness_very_high', 'instrumentalness_high'})",frozenset({'loudness_very_low'}),0.024497178931228214,0.25000299476515053,0.02272427796212221,0.9276283618581906,3.710468999499755,1.0,0.016599909866017407,10.36313429530585,0.7488366768945514,0.09025597107241412,0.9035040971674982,0.5092621924288557,acousticness_very_high|instrumentalness_high|liveness_low|mode_1,loudness_very_low
"frozenset({'loudness_very_low', 'liveness_low', 'mode_1', 'instrumentalness_high'})",frozenset({'acousticness_very_high'}),0.03060649983828268,0.24975143449250709,0.02272427796212221,0.7424657534246575,2.9728187745281303,1.0,0.015080260722716423,2.913199217130158,0.6845712463846995,0.08820384061003395,0.6567347697610887,0.4167266653832482,instrumentalness_high|liveness_low|loudness_very_low|mode_1,acousticness_very_high
"frozenset({'valence_very_high', 'acousticness_low', 'loudness_very_high'})",frozenset({'instrumentalness_low'}),0.029803902777944154,0.5000539057727093,0.02272427796212221,0.762459807073955,1.524755227930402,1.0,0.007820719970741135,2.1046800041243645,0.3547293471442486,0.044809259477973304,0.524868389474702,0.4039517318236774,acousticness_low|loudness_very_high|valence_very_high,instrumentalness_low
"frozenset({'acousticness_very_low', 'valence_high', 'loudness_very_high'})",frozenset({'energy_very_high'}),0.028102876172450556,0.2486014446747086,0.022700319840918075,0.8077578857630009,3.2492083335233244,1.0,0.01571390422493242,3.9086053454393217,0.7122489679231863,0.0893699302018487,0.7441542669006401,0.44953499260925067,acousticness_very_low|loudness_very_high|valence_high,energy_very_high
"frozenset({'acousticness_low', 'duration_ms_low', 'loudness_very_high'})",frozenset({'instrumentalness_low'}),0.02938463565687179,0.5000539057727093,0.022664382659111873,0.7713004484304933,1.5424346046025574,1.0,0.007970480829185115,2.1860388041703107,0.36232096616704723,0.04472284599929087,0.5425515786397305,0.40831216365564527,acousticness_low|duration_ms_low|loudness_very_high,instrumentalness_low
"frozenset({'energy_very_low', 'key_very_low', 'tempo_very_low'})",frozenset({'acousticness_very_high'}),0.03076222762610956,0.24975143449250709,0.022664382659111873,0.7367601246105919,2.949973545127709,1.0,0.01498147218130598,2.850056680803612,0.6819935500346047,0.08789779326364691,0.6491297851248221,0.41375394114840597,energy_very_low|key_very_low|tempo_very_low,acousticness_very_high
"frozenset({'key_very_low', 'acousticness_very_high', 'tempo_very_low'})",frozenset({'energy_very_low'}),0.030043483989985506,0.25050611531043737,0.022664382659111873,0.7543859649122807,3.011447301306058,1.0,0.015138306194389285,3.051510816236077,0.6886223692490535,0.08788554440728352,0.672293476831433,0.42243016684787715,acousticness_very_high|key_very_low|tempo_very_low,energy_very_low
"frozenset({'energy_very_low', 'mode_1', 'tempo_low', 'acousticness_very_high'})",frozenset({'loudness_very_low'}),0.030594520777680614,0.25000299476515053,0.022664382659111873,0.74079874706343,2.9631594923865867,1.0,0.015015660841287097,2.8934929779000087,0.6834316482060949,0.0878692179082296,0.6543969494179442,0.41572759586041647,acousticness_very_high|energy_very_low|mode_1|tempo_low,loudness_very_low
"frozenset({'energy_very_low', 'loudness_very_low', 'mode_1', 'tempo_low'})",frozenset({'acousticness_very_high'}),0.029911714323362763,0.24975143449250709,0.022664382659111873,0.7577092511013216,3.0338534496948166,1.0,0.015193889098721953,3.0964804430945616,0.6910568843033164,0.0881886827631211,0.677052699547936,0.4242285043937708,energy_very_low|loudness_very_low|mode_1|tempo_low,acousticness_very_high
"frozenset({'loudness_very_low', 'mode_1', 'tempo_low', 'acousticness_very_high'})",frozenset({'energy_very_low'}),0.024988320415912983,0.25050611531043737,0.022664382659111873,0.9069990412272292,3.620666266383314,1.0,0.016404655583589018,8.05899094568262,0.742358019734024,0.08964275561451719,0.875914986536159,0.4987367050053514,acousticness_very_high|loudness_very_low|mode_1|tempo_low,energy_very_low
"frozenset({'speechiness_very_low', 'instrumentalness_low', 'key_very_high'})",frozenset({'mode_1'}),0.030726290444303358,0.6337522011523856,0.022652403598509806,0.7372319688109162,1.163281117557253,1.0,0.00317954939618504,1.3938065341901056,0.1448121002841322,0.035293678493439604,0.28254031282679654,0.3864876411486771,instrumentalness_low|key_very_high|speechiness_very_low,mode_1
"frozenset({'energy_very_low', 'valence_very_low', 'mode_0', 'acousticness_very_high'})",frozenset({'loudness_very_low'}),0.0252039435067502,0.25000299476515053,0.022652403598509806,0.8987642585551331,3.5950139693303282,1.0,0.016351342241930585,7.408421122132035,0.7405004967340648,0.08969311767774983,0.8650184724228778,0.49468639377205625,acousticness_very_high|energy_very_low|mode_0|valence_very_low,loudness_very_low
"frozenset({'energy_very_low', 'loudness_very_low', 'valence_very_low', 'mode_0'})",frozenset({'acousticness_very_high'}),0.029300782232657314,0.24975143449250709,0.022652403598509806,0.7730989370400655,3.095473459886212,1.0,0.015334491204151077,3.3065008851014923,0.6973814645361626,0.0883479723416184,0.6975654824392086,0.43189936539758084,energy_very_low|loudness_very_low|mode_0|valence_very_low,acousticness_very_high
"frozenset({'loudness_very_low', 'valence_very_low', 'mode_0', 'acousticness_very_high'})",frozenset({'energy_very_low'}),0.024401346446411672,0.25050611531043737,0.022652403598509806,0.928325969563083,3.705801626489891,1.0,0.016539717091875072,10.456979747346848,0.7484151903348801,0.08979960110171906,0.9043700930707339,0.5093762594563693,acousticness_very_high|loudness_very_low|mode_0|valence_very_low,energy_very_low
"frozenset({'valence_very_low', 'mode_0', 'acousticness_very_high'})","frozenset({'energy_very_low', 'loudness_very_low'})",0.02873776638436014,0.17769738497107057,0.022652403598509806,0.7882451021258858,4.435884648804558,1.0,0.01754577766209947,3.883275538296067,0.797483725131142,0.1232564202841872,0.7424854378376695,0.4578612594356003,acousticness_very_high|mode_0|valence_very_low,energy_very_low|loudness_very_low
"frozenset({'speechiness_very_low', 'instrumentalness_low', 'danceability_very_low'})",frozenset({'mode_1'}),0.02834245738449191,0.6337522011523856,0.02264042453790774,0.7988165680473374,1.2604556900864508,1.0,0.0046783297844183065,1.8204670001543193,0.2126635407120657,0.03540585601618553,0.4506903998176122,0.41727048986432647,danceability_very_low|instrumentalness_low|speechiness_very_low,mode_1
"frozenset({'instrumentalness_low', 'key_very_low', 'danceability_very_low'})",frozenset({'mode_1'}),0.02948046814168833,0.6337522011523856,0.0226164664167036,0.7671678179601787,1.2105170073811127,1.0,0.003933154840905843,1.5730119248935057,0.17918927489852637,0.0353042372564419,0.36427691095367837,0.4014272130156248,danceability_very_low|instrumentalness_low|key_very_low,mode_1
"frozenset({'energy_very_low', 'acousticness_very_high', 'instrumentalness_high', 'danceability_very_low', 'mode_1'})",frozenset({'valence_very_low'}),0.02862995483894153,0.2507217384012746,0.0226164664167036,0.7899581589958159,3.150736605581066,1.0,0.015438314369134197,3.567280966575605,0.7027331185174022,0.08809257185516983,0.7196744497084159,0.4400818028615009,acousticness_very_high|danceability_very_low|energy_very_low|instrumentalness_high|mode_1,valence_very_low
"frozenset({'energy_very_low', 'acousticness_very_high', 'instrumentalness_high', 'mode_1', 'valence_very_low'})",frozenset({'danceability_very_low'}),0.029192970687238706,0.2516321470070317,0.0226164664167036,0.7747230201066885,3.0787919163803794,1.0,0.015270576525160385,3.3219899048157795,0.6955010171541102,0.08758988633727674,0.6989756053893083,0.4323010511368442,acousticness_very_high|energy_very_low|instrumentalness_high|mode_1|valence_very_low,danceability_very_low
"frozenset({'energy_very_low', 'instrumentalness_high', 'danceability_very_low', 'mode_1', 'valence_very_low'})",frozenset({'acousticness_very_high'}),0.02629403802153835,0.24975143449250709,0.0226164664167036,0.8601366742596811,3.4439709065434276,1.0,0.016049492702223875,5.364155053058459,0.7288006116762404,0.08924182265078465,0.813577350000382,0.47534628811070295,danceability_very_low|energy_very_low|instrumentalness_high|mode_1|valence_very_low,acousticness_very_high
"frozenset({'acousticness_very_high', 'instrumentalness_high', 'danceability_very_low', 'mode_1', 'valence_very_low'})",frozenset({'energy_very_low'}),0.023814372476910362,0.25050611531043737,0.0226164664167036,0.9496981891348087,3.7911177855195435,1.0,0.01665082047895699,14.899938427628474,0.7541860190862295,0.08985341709499332,0.9328856286985902,0.5199906400915053,acousticness_very_high|danceability_very_low|instrumentalness_high|mode_1|valence_very_low,energy_very_low
"frozenset({'danceability_very_low', 'mode_1', 'acousticness_very_high', 'instrumentalness_high'})","frozenset({'energy_very_low', 'valence_very_low'})",0.03065441608069095,0.10502042429832653,0.0226164664167036,0.737788198515045,7.025187752234223,1.0,0.019397126633291992,3.413193344591032,0.8847773839720334,0.20004238186056367,0.7070192341770725,0.47657061345850343,acousticness_very_high|danceability_very_low|instrumentalness_high|mode_1,energy_very_low|valence_very_low
"frozenset({'valence_very_low', 'mode_1', 'acousticness_very_high', 'instrumentalness_high'})","frozenset({'energy_very_low', 'danceability_very_low'})",0.03127732723199847,0.09933037051234442,0.0226164664167036,0.7230945997702029,7.279692968429422,1.0,0.019509677914113354,3.2526257297265113,0.8904835134133633,0.20942872989462008,0.6925560814265334,0.4753919694461241,acousticness_very_high|instrumentalness_high|mode_1|valence_very_low,danceability_very_low|energy_very_low
"frozenset({'energy_very_low', 'duration_ms_very_low', 'key_very_low'})",frozenset({'mode_1'}),0.029911714323362763,0.6337522011523856,0.0226164664167036,0.7561073287945533,1.1930646196094985,1.0,0.00365985162403111,1.5016761144868516,0.1668120680406485,0.0352804873491049,0.3340774416314685,0.3958969684328121,duration_ms_very_low|energy_very_low|key_very_low,mode_1
"frozenset({'speechiness_very_low', 'energy_low', 'loudness_high'})",frozenset({'instrumentalness_low'}),0.029887756202158628,0.5000539057727093,0.0226164664167036,0.7567134268537073,1.513263706408601,1.0,0.0076709771930316625,2.054967883191252,0.349626186884373,0.0445798210195745,0.513374389848344,0.4009707417902113,energy_low|loudness_high|speechiness_very_low,instrumentalness_low
"frozenset({'energy_very_low', 'acousticness_very_high', 'mode_1', 'tempo_very_low', 'valence_very_low'})",frozenset({'loudness_very_low'}),0.025766959355047376,0.25000299476515053,0.0226164664167036,0.8777312877731288,3.5108830940111653,1.0,0.016174649411949845,6.1340059249435805,0.7340865546129172,0.08933894856385748,0.8369743993996553,0.48409803487841874,acousticness_very_high|energy_very_low|mode_1|tempo_very_low|valence_very_low,loudness_very_low
"frozenset({'energy_very_low', 'tempo_very_low', 'loudness_very_low', 'mode_1', 'valence_very_low'})",frozenset({'acousticness_very_high'}),0.026533619233579702,0.24975143449250709,0.0226164664167036,0.8523702031602708,3.4128741037755406,1.0,0.015989656950839093,5.081958937611914,0.7262621932054054,0.08915753683415187,0.8032254860229323,0.4714630525609978,energy_very_low|loudness_very_low|mode_1|tempo_very_low|valence_very_low,acousticness_very_high
"frozenset({'acousticness_very_high', 'mode_1', 'tempo_very_low', 'loudness_very_low', 'valence_very_low'})",frozenset({'energy_very_low'}),0.023838330598114497,0.25050611531043737,0.0226164664167036,0.9487437185929647,3.7873076168908804,1.0,0.016644818823084002,14.622478730708096,0.7539326821900262,0.08984486532787664,0.9316121419345995,0.5195134048205834,acousticness_very_high|loudness_very_low|mode_1|tempo_very_low|valence_very_low,energy_very_low
"frozenset({'energy_very_low', 'mode_1', 'valence_very_low', 'tempo_very_low'})","frozenset({'loudness_very_low', 'acousticness_very_high'})",0.031684615292468764,0.15069658237401024,0.0226164664167036,0.7137996219281664,4.736667618357822,1.0,0.017841703178293256,2.9675132623787888,0.8146943904289309,0.14156107070555593,0.6630175127849673,0.43193955659206407,energy_very_low|mode_1|tempo_very_low|valence_very_low,acousticness_very_high|loudness_very_low
"frozenset({'valence_very_low', 'mode_1', 'acousticness_very_high', 'tempo_very_low'})","frozenset({'energy_very_low', 'loudness_very_low'})",0.028366415505696043,0.17769738497107057,0.0226164664167036,0.7972972972972973,4.48682628293657,1.0,0.017575828560338586,4.056692900809384,0.7998131457853634,0.12328588219929475,0.7534937880556644,0.46228623797047685,acousticness_very_high|mode_1|tempo_very_low|valence_very_low,energy_very_low|loudness_very_low
"frozenset({'loudness_very_low', 'mode_1', 'valence_very_low', 'tempo_very_low'})","frozenset({'energy_very_low', 'acousticness_very_high'})",0.029660154050719343,0.17666718575929274,0.0226164664167036,0.7625201938610662,4.316139358782746,1.0,0.017376490471375926,3.466959265408147,0.7917962653402457,0.12310902451747521,0.7115628066422421,0.4452687760734677,loudness_very_low|mode_1|tempo_very_low|valence_very_low,acousticness_very_high|energy_very_low
"frozenset({'energy_low', 'acousticness_high', 'key_very_low'})",frozenset({'mode_1'}),0.03128930629260054,0.6337522011523856,0.022604487356101533,0.7224349157733536,1.139932791491235,1.0,0.0027748206206347527,1.3195024146068528,0.12672028968722368,0.03518553048666791,0.24213856001320688,0.379051311019651,acousticness_high|energy_low|key_very_low,mode_1
"frozenset({'acousticness_very_low', 'tempo_very_high', 'mode_1', 'loudness_very_high'})",frozenset({'energy_very_high'}),0.026617472657794176,0.2486014446747086,0.0225805292348974,0.8483348334833483,3.412429218154312,1.0,0.01596338707858021,4.9543251926789225,0.7262855134064108,0.08937885253674728,0.7981561643394515,0.4695825374471143,acousticness_very_low|loudness_very_high|mode_1|tempo_very_high,energy_very_high
"frozenset({'key_very_low', 'acousticness_very_high', 'danceability_very_low'})",frozenset({'mode_1'}),0.03131326441380467,0.6337522011523856,0.022544592053091197,0.7199693955623565,1.1360424378064446,1.0,0.00269974180557582,1.3078848991634753,0.12362220841035154,0.03508771929824562,0.23540672375711255,0.3777712964013465,acousticness_very_high|danceability_very_low|key_very_low,mode_1
"frozenset({'energy_very_low', 'mode_0', 'danceability_very_low'})",frozenset({'valence_very_low'}),0.030834101989721967,0.2507217384012746,0.022544592053091197,0.7311577311577312,2.916211956011287,1.0,0.014813812400185904,2.787055267854219,0.677994756579741,0.08704097678290629,0.6411983603145732,0.4105382540165149,danceability_very_low|energy_very_low|mode_0,valence_very_low
"frozenset({'energy_very_low', 'mode_0', 'acousticness_very_high', 'instrumentalness_high'})",frozenset({'loudness_very_low'}),0.02436540926460547,0.25000299476515053,0.02253261299248913,0.9247787610619469,3.699070732855307,1.0,0.01644118770765922,9.97054842253388,0.7478843414744621,0.08947343385815537,0.8997046142677613,0.5074540666833453,acousticness_very_high|energy_very_low|instrumentalness_high|mode_0,loudness_very_low
"frozenset({'energy_very_low', 'loudness_very_low', 'mode_0', 'instrumentalness_high'})",frozenset({'acousticness_very_high'}),0.02977994465674002,0.24975143449250709,0.02253261299248913,0.7566371681415929,3.0295608498869027,1.0,0.015095029095360838,3.0828395600853336,0.690481662446751,0.08767595786333553,0.6756237291919532,0.42342866129272555,energy_very_low|instrumentalness_high|loudness_very_low|mode_0,acousticness_very_high
"frozenset({'loudness_very_low', 'mode_0', 'acousticness_very_high', 'instrumentalness_high'})",frozenset({'energy_very_low'}),0.024844571688688172,0.25050611531043737,0.02253261299248913,0.9069431051108969,3.6204429739648316,1.0,0.016308895852204183,8.054146719410129,0.7422311196558866,0.08912579957356076,0.8758403546846192,0.4984457300611868,acousticness_very_high|instrumentalness_high|loudness_very_low|mode_0,energy_very_low
"frozenset({'mode_0', 'acousticness_very_high', 'instrumentalness_high'})","frozenset({'energy_very_low', 'loudness_very_low'})",0.02862995483894153,0.17769738497107057,0.02253261299248913,0.7870292887029289,4.4290426042626265,1.0,0.01744514488576937,3.8611065813735586,0.7970366949805395,0.12259662386756175,0.7410068904018035,0.4569162892213579,acousticness_very_high|instrumentalness_high|mode_0,energy_very_low|loudness_very_low
"frozenset({'energy_very_low', 'valence_very_low', 'key_very_low', 'acousticness_very_high'})",frozenset({'loudness_very_low'}),0.025886749961068052,0.25000299476515053,0.02253261299248913,0.8704303563165202,3.4816797180137415,1.0,0.01606084797748547,5.788369743973253,0.7317242750512525,0.08893617021276597,0.8272397852536663,0.4802798643106319,acousticness_very_high|energy_very_low|key_very_low|valence_very_low,loudness_very_low
"frozenset({'energy_very_low', 'loudness_very_low', 'valence_very_low', 'key_very_low'})",frozenset({'acousticness_very_high'}),0.028510164232920854,0.24975143449250709,0.02253261299248913,0.7903361344537816,3.164490870932286,1.0,0.015412158577700178,3.5783398515187046,0.7040664504018261,0.08811129848229343,0.7205407978295901,0.4402781444488199,energy_very_low|key_very_low|loudness_very_low|valence_very_low,acousticness_very_high
"frozenset({'loudness_very_low', 'valence_very_low', 'key_very_low', 'acousticness_very_high'})",frozenset({'energy_very_low'}),0.02426957677978893,0.25050611531043737,0.02253261299248913,0.9284304047384008,3.7062185231999307,1.0,0.01645293559315581,10.472238692283128,0.7483452279107765,0.08932896423992023,0.9045094340012618,0.5091893798749387,acousticness_very_high|key_very_low|loudness_very_low|valence_very_low,energy_very_low
"frozenset({'valence_very_low', 'key_very_low', 'acousticness_very_high'})","frozenset({'energy_very_low', 'loudness_very_low'})",0.029264845050851113,0.17769738497107057,0.02253261299248913,0.7699549733933688,4.332956129425983,1.0,0.017332326555369308,3.5745289831239764,0.7924001472268518,0.12217459080280592,0.7202428614451896,0.4483791315665779,acousticness_very_high|key_very_low|valence_very_low,energy_very_low|loudness_very_low
"frozenset({'valence_very_high', 'danceability_very_high', 'loudness_very_high'})",frozenset({'instrumentalness_low'}),0.030917955413936438,0.5000539057727093,0.02253261299248913,0.7287872917473848,1.4574174570664034,1.0,0.007071968629243733,1.843372670286625,0.32386813546909904,0.044317217981340126,0.4575160974668728,0.38692382985222823,danceability_very_high|loudness_very_high|valence_very_high,instrumentalness_low
"frozenset({'energy_very_low', 'duration_ms_very_high', 'valence_very_low'})",frozenset({'danceability_very_low'}),0.03190023838330598,0.2516321470070317,0.022520633931887062,0.7059707097258731,2.8055664513570484,1.0,0.014493508457459657,2.5452153161178472,0.6647721301238012,0.08628206893386574,0.6071059317978352,0.3977344741621844,duration_ms_very_high|energy_very_low|valence_very_low,danceability_very_low
"frozenset({'energy_very_low', 'duration_ms_very_high', 'danceability_very_low'})",frozenset({'valence_very_low'}),0.028174750536062963,0.2507217384012746,0.022520633931887062,0.7993197278911565,3.1880750866997536,1.0,0.015456611498463113,3.7336916764411066,0.7062289255433234,0.08784225773292216,0.7321685648791482,0.44457147407457964,danceability_very_low|duration_ms_very_high|energy_very_low,valence_very_low
"frozenset({'danceability_very_low', 'instrumentalness_high', 'liveness_low'})",frozenset({'energy_very_low'}),0.030139316474802048,0.25050611531043737,0.022508654871284995,0.7468203497615262,2.9812459821032156,1.0,0.014958571783070468,2.9603243545980216,0.6852218981861089,0.08719662165297694,0.6621991781249292,0.4183365329526835,danceability_very_low|instrumentalness_high|liveness_low,energy_very_low
"frozenset({'speechiness_very_low', 'acousticness_very_high', 'danceability_very_low'})",frozenset({'mode_1'}),0.030798164807915765,0.6337522011523856,0.022496675810682928,0.7304550758459744,1.1525878324647216,1.0,0.0029782710722123726,1.3587634788415826,0.13659400706138686,0.03503862084406135,0.2640367396005133,0.3829763329329106,acousticness_very_high|danceability_very_low|speechiness_very_low,mode_1
"frozenset({'energy_very_low', 'duration_ms_very_high', 'danceability_very_low'})",frozenset({'loudness_very_low'}),0.028174750536062963,0.25000299476515053,0.022484696750080857,0.7980442176870748,3.192138631926177,1.0,0.015440924739304085,3.7136693817102433,0.7066397976261153,0.0879362848442258,0.7307245483604484,0.44399096365906204,danceability_very_low|duration_ms_very_high|energy_very_low,loudness_very_low
"frozenset({'loudness_very_low', 'duration_ms_very_high', 'danceability_very_low'})",frozenset({'energy_very_low'}),0.027719546233184393,0.25050611531043737,0.022484696750080857,0.8111495246326706,3.2380428063700606,1.0,0.015540780905037768,3.9687159019946168,0.7108766481034164,0.08791980889034613,0.7480293312258971,0.45045330095443786,danceability_very_low|duration_ms_very_high|loudness_very_low,energy_very_low
"frozenset({'energy_very_low', 'speechiness_very_low', 'danceability_low'})",frozenset({'mode_1'}),0.028665892020747732,0.6337522011523856,0.022460738628876722,0.783535311324697,1.2363433371907075,1.0,0.00429366646273124,1.6919517039427434,0.19680477517697262,0.03509724276060873,0.40896658121522805,0.40948809796458835,danceability_low|energy_very_low|speechiness_very_low,mode_1
"frozenset({'energy_very_low', 'liveness_low', 'mode_1', 'instrumentalness_high'})",frozenset({'acousticness_very_high'}),0.02714455132428515,0.24975143449250709,0.022436780507672588,0.8265666372462489,3.3095571159614185,1.0,0.01565738987577689,4.3258606855979105,0.7173159881082058,0.08817437152810469,0.7688321301401824,0.45820154012055836,energy_very_low|instrumentalness_high|liveness_low|mode_1,acousticness_very_high
"frozenset({'liveness_low', 'mode_1', 'acousticness_very_high', 'instrumentalness_high'})",frozenset({'energy_very_low'}),0.024497178931228214,0.25050611531043737,0.022436780507672588,0.9158924205378972,3.6561679119205777,1.0,0.016300087377545916,8.911133687152057,0.7447334544834824,0.08883513564788466,0.8877808329324263,0.5027291100394153,acousticness_very_high|instrumentalness_high|liveness_low|mode_1,energy_very_low
"frozenset({'energy_very_low', 'valence_very_low', 'mode_1', 'speechiness_low'})",frozenset({'acousticness_very_high'}),0.026521640172977635,0.24975143449250709,0.02242480144707052,0.8455284552845529,3.3854798752313875,1.0,0.015800983768775253,4.8568722924958765,0.7238177330575658,0.088339389363409,0.7941061778492607,0.4676584671741485,energy_very_low|mode_1|speechiness_low|valence_very_low,acousticness_very_high
"frozenset({'valence_very_low', 'mode_1', 'speechiness_low', 'acousticness_very_high'})",frozenset({'energy_very_low'}),0.023670623749685548,0.25050611531043737,0.02242480144707052,0.9473684210526316,3.7818175411750494,1.0,0.016495165444561817,14.240383809101706,0.7534105765704604,0.0890749904834412,0.9297771736067357,0.5184432005798736,acousticness_very_high|mode_1|speechiness_low|valence_very_low,energy_very_low
"frozenset({'acousticness_high', 'danceability_very_high', 'speechiness_very_high'})",frozenset({'instrumentalness_low'}),0.03017525365660825,0.5000539057727093,0.022412822386468453,0.742755061532354,1.4853499851873178,1.0,0.007323568937799271,1.9434632891335573,0.33692478737248166,0.044135685978486515,0.48545464913524344,0.39378793705211035,acousticness_high|danceability_very_high|speechiness_very_high,instrumentalness_low
"frozenset({'energy_very_low', 'liveness_low', 'mode_1', 'danceability_very_low'})",frozenset({'loudness_very_low'}),0.027563818445357515,0.25000299476515053,0.022412822386468453,0.8131247283789657,3.2524599521009905,1.0,0.015521785227966179,4.013356067547416,0.7121705507987613,0.08784037558685447,0.750831976239002,0.4513874719997368,danceability_very_low|energy_very_low|liveness_low|mode_1,loudness_very_low
"frozenset({'loudness_very_low', 'liveness_low', 'mode_1', 'danceability_very_low'})",frozenset({'energy_very_low'}),0.02422166053738066,0.25050611531043737,0.022412822386468453,0.9253214638971315,3.6938078846914997,1.0,0.016345148298881104,10.036269104915865,0.7473794330483488,0.08882875183971893,0.9003613803549576,0.5073958122852146,danceability_very_low|liveness_low|loudness_very_low|mode_1,energy_very_low
"frozenset({'energy_very_low', 'instrumentalness_high', 'tempo_very_low', 'danceability_very_low', 'loudness_very_low'})",frozenset({'valence_very_low'}),0.026030498688292863,0.2507217384012746,0.022412822386468453,0.8610216290842154,3.434172220464463,1.0,0.015886410503887567,5.391330008125931,0.7277527803293226,0.08812170308967596,0.8145170118518477,0.4752074222821937,danceability_very_low|energy_very_low|instrumentalness_high|loudness_very_low|tempo_very_low,valence_very_low
"frozenset({'energy_very_low', 'instrumentalness_high', 'tempo_very_low', 'danceability_very_low', 'valence_very_low'})",frozenset({'loudness_very_low'}),0.023059691658980103,0.25000299476515053,0.022412822386468453,0.9719480519480519,3.8877456362516254,1.0,0.016647830413362465,26.736004353279306,0.7603141354915665,0.08941884916841905,0.9625972532474791,0.5307991337842799,danceability_very_low|energy_very_low|instrumentalness_high|tempo_very_low|valence_very_low,loudness_very_low
"frozenset({'energy_very_low', 'instrumentalness_high', 'tempo_very_low', 'loudness_very_low', 'valence_very_low'})",frozenset({'danceability_very_low'}),0.026881011991039663,0.2516321470070317,0.022412822386468453,0.8337789661319073,3.3134834958452584,1.0,0.01564869562544138,4.502245206745899,0.717489660632821,0.08751578651948175,0.7778885968934658,0.46142437785791784,energy_very_low|instrumentalness_high|loudness_very_low|tempo_very_low|valence_very_low,danceability_very_low
"frozenset({'energy_very_low', 'danceability_very_low', 'tempo_very_low', 'loudness_very_low', 'valence_very_low'})",frozenset({'instrumentalness_high'}),0.031768468716683235,0.24979935073491535,0.022412822386468453,0.7055052790346908,2.8242878812898367,1.0,0.014477079527198513,2.5474162891818244,0.6671218864512423,0.08648423777387447,0.6074453931040935,0.3976142901191773,danceability_very_low|energy_very_low|loudness_very_low|tempo_very_low|valence_very_low,instrumentalness_high
"frozenset({'instrumentalness_high', 'danceability_very_low', 'tempo_very_low', 'loudness_very_low', 'valence_very_low'})",frozenset({'energy_very_low'}),0.025227901627954335,0.25050611531043737,0.022412822386468453,0.8884140550807218,3.546476516071326,1.0,0.016093078752215755,6.716740941090297,0.7366132006367495,0.08847590674800207,0.8511182716780983,0.4889421078770097,danceability_very_low|instrumentalness_high|loudness_very_low|tempo_very_low|valence_very_low,energy_very_low
"frozenset({'energy_very_low', 'tempo_very_low', 'danceability_very_low', 'instrumentalness_high'})","frozenset({'loudness_very_low', 'valence_very_low'})",0.026928928233447932,0.10355897890487428,0.022412822386468453,0.8322953736654805,8.036921399447154,1.0,0.019624090075609946,5.345356539580485,0.8998050317416332,0.20738195522057196,0.8129217400943507,0.5243605266245274,danceability_very_low|energy_very_low|instrumentalness_high|tempo_very_low,loudness_very_low|valence_very_low
"frozenset({'energy_very_low', 'tempo_very_low', 'valence_very_low', 'instrumentalness_high'})","frozenset({'loudness_very_low', 'danceability_very_low'})",0.0282346458390733,0.09570071514991794,0.022412822386468453,0.7938056851930421,8.294668268147447,1.0,0.019710746587664484,4.385665461711202,0.9049927782624216,0.2207669616519174,0.7719844322987145,0.5140013530483923,energy_very_low|instrumentalness_high|tempo_very_low|valence_very_low,danceability_very_low|loudness_very_low
"frozenset({'danceability_very_low', 'loudness_very_low', 'tempo_very_low', 'instrumentalness_high'})","frozenset({'energy_very_low', 'valence_very_low'})",0.029408593778075923,0.10502042429832653,0.022412822386468453,0.7621181262729124,7.25685628643053,1.0,0.019324319389877793,3.7622857163486443,0.8883236317519502,0.20008555234734252,0.7342041313729583,0.4877660324532122,danceability_very_low|instrumentalness_high|loudness_very_low|tempo_very_low,energy_very_low|valence_very_low
"frozenset({'danceability_very_low', 'tempo_very_low', 'valence_very_low', 'instrumentalness_high'})","frozenset({'energy_very_low', 'loudness_very_low'})",0.02995963056577103,0.17769738497107057,0.022412822386468453,0.7481007596961216,4.209970562132434,1.0,0.017089074380231585,3.264410857440242,0.7860174400028069,0.12099068804966373,0.6936660109064394,0.43711496121519033,danceability_very_low|instrumentalness_high|tempo_very_low|valence_very_low,energy_very_low|loudness_very_low
"frozenset({'loudness_very_low', 'tempo_very_low', 'valence_very_low', 'instrumentalness_high'})","frozenset({'energy_very_low', 'danceability_very_low'})",0.030450772050455804,0.09933037051234442,0.022412822386468453,0.7360346184107003,7.409965498107435,1.0,0.019388135916309737,3.4120748109651577,0.8922152482527816,0.20874707129309386,0.7069231903162362,0.480836894347656,instrumentalness_high|loudness_very_low|tempo_very_low|valence_very_low,danceability_very_low|energy_very_low
"frozenset({'valence_high', 'instrumentalness_low', 'acousticness_very_high'})",frozenset({'mode_1'}),0.03121743192898813,0.6337522011523856,0.022364906144060184,0.7164236377590176,1.130447573130801,1.0,0.002580789944739193,1.2915314801040365,0.11911302724233375,0.0348035194989188,0.22572541559773118,0.3758566539612591,acousticness_very_high|instrumentalness_low|valence_high,mode_1
"frozenset({'duration_ms_very_low', 'valence_very_low', 'danceability_very_low'})",frozenset({'instrumentalness_high'}),0.031684615292468764,0.24979935073491535,0.022352927083458114,0.7054820415879016,2.824194856841531,1.0,0.014438130755113847,2.547215298210717,0.6670520713841165,0.0862610946745562,0.6074144181285159,0.3974827845689472,danceability_very_low|duration_ms_very_low|valence_very_low,instrumentalness_high
"frozenset({'loudness_very_low', 'duration_ms_very_low', 'key_very_low'})",frozenset({'mode_1'}),0.028905473232789084,0.6337522011523856,0.02232896896225398,0.7724823870700372,1.2189028861207758,1.0,0.004010061675622532,1.6097558080497145,0.18493575123284803,0.034871104126912855,0.3787877670641604,0.40385767590908533,duration_ms_very_low|key_very_low|loudness_very_low,mode_1
"frozenset({'energy_very_low', 'danceability_very_low', 'speechiness_low', 'instrumentalness_high'})",frozenset({'valence_very_low'}),0.026557577354783837,0.2507217384012746,0.022316989901651912,0.8403247631935048,3.351623072462044,1.0,0.015658427939534186,4.692513858656427,0.7207792444557476,0.08753053937229845,0.7868946091325294,0.4646678761022469,danceability_very_low|energy_very_low|instrumentalness_high|speechiness_low,valence_very_low
"frozenset({'energy_very_low', 'valence_very_low', 'speechiness_low', 'instrumentalness_high'})",frozenset({'danceability_very_low'}),0.027264341930305826,0.2516321470070317,0.022316989901651912,0.8185413005272407,3.25292817417469,1.0,0.015456405004995219,4.124177320610158,0.7119967902949256,0.08697885055324714,0.7575273994639851,0.45361512327133247,energy_very_low|instrumentalness_high|speechiness_low|valence_very_low,danceability_very_low
"frozenset({'energy_very_low', 'valence_very_low', 'speechiness_low', 'danceability_very_low'})",frozenset({'instrumentalness_high'}),0.03164867811066256,0.24979935073491535,0.022316989901651912,0.7051476154428463,2.822856077761155,1.0,0.014411170657990077,2.544326207135242,0.6668538985740913,0.08612241124260356,0.6069686358629542,0.39724363940031826,danceability_very_low|energy_very_low|speechiness_low|valence_very_low,instrumentalness_high
"frozenset({'danceability_very_low', 'valence_very_low', 'speechiness_low', 'instrumentalness_high'})",frozenset({'energy_very_low'}),0.026617472657794176,0.25050611531043737,0.022316989901651912,0.8384338433843384,3.3469595835826884,1.0,0.01564915022676611,4.638928723621747,0.7203965039626199,0.08758403460110008,0.7844329888260774,0.46376072429354637,danceability_very_low|instrumentalness_high|speechiness_low|valence_very_low,energy_very_low
"frozenset({'energy_very_low', 'speechiness_high', 'mode_1'})",frozenset({'acousticness_very_high'}),0.03001952586878137,0.24975143449250709,0.022305010841049844,0.7430167597765363,2.9750249934953943,1.0,0.014807591192536773,2.919445504909591,0.68441415865996,0.08663285720932397,0.6574692014910661,0.4161627997645212,energy_very_low|mode_1|speechiness_high,acousticness_very_high
"frozenset({'speechiness_high', 'mode_1', 'acousticness_very_high'})",frozenset({'energy_very_low'}),0.031552845625846024,0.25050611531043737,0.022305010841049844,0.7069096431283218,2.821925693320064,1.0,0.014400830056329231,2.5572110003527295,0.6666673088276295,0.08586976572588083,0.608948968285345,0.39797471444862914,acousticness_very_high|mode_1|speechiness_high,energy_very_low
"frozenset({'energy_very_low', 'key_very_low', 'tempo_very_low'})",frozenset({'mode_1'}),0.03076222762610956,0.6337522011523856,0.022293031780447777,0.7246884735202492,1.1434886888006217,1.0,0.0027974023100501184,1.3303031788411228,0.12946592042599062,0.034712377825859876,0.2482916556877375,0.37993236642650774,energy_very_low|key_very_low|tempo_very_low,mode_1
"frozenset({'instrumentalness_low', 'tempo_low', 'acousticness_very_high'})",frozenset({'mode_1'}),0.029899735262760695,0.6337522011523856,0.022293031780447777,0.7455929487179487,1.176473939439101,1.0,0.0033440087437995834,1.439613395155347,0.15462568838539908,0.03475905864774,0.30536906410759596,0.39038460402535746,acousticness_very_high|instrumentalness_low|tempo_low,mode_1
"frozenset({'valence_very_low', 'mode_1', 'acousticness_very_high', 'tempo_very_low'})",frozenset({'danceability_very_low'}),0.028366415505696043,0.2516321470070317,0.022269073659243643,0.7850506756756757,3.119834587961998,1.0,0.015131171622651794,3.481601327872984,0.6993070195433909,0.08640483383685803,0.7127758448406468,0.4367745999534239,acousticness_very_high|mode_1|tempo_very_low|valence_very_low,danceability_very_low
"frozenset({'energy_very_low', 'loudness_very_low', 'duration_ms_high'})",frozenset({'mode_1'}),0.0317804477772853,0.6337522011523856,0.022257094598641575,0.7003392385978139,1.10506793873749,1.0,0.002116165866178573,1.2222080633241776,0.0981990722432436,0.034599627560521415,0.1818087034377872,0.3677293962576065,duration_ms_high|energy_very_low|loudness_very_low,mode_1
"frozenset({'loudness_very_low', 'duration_ms_high', 'mode_1'})",frozenset({'energy_very_low'}),0.03065441608069095,0.25050611531043737,0.022257094598641575,0.7260648690894882,2.8983917945065696,1.0,0.014577975909157883,2.7360268914701735,0.675694090084587,0.08596677925322721,0.6345065163220449,0.4074566885615765,duration_ms_high|loudness_very_low|mode_1,energy_very_low
"frozenset({'duration_ms_very_low', 'key_very_low', 'acousticness_very_high'})",frozenset({'mode_1'}),0.02931276129325938,0.6337522011523856,0.022257094598641575,0.7592970984879445,1.1980977692973276,1.0,0.0036800676071839927,1.5215761694059635,0.1703366122233097,0.03473286723744719,0.34278676276166403,0.39720832620267177,acousticness_very_high|duration_ms_very_low|key_very_low,mode_1
"frozenset({'energy_very_low', 'duration_ms_very_low', 'valence_very_low', 'acousticness_very_high'})",frozenset({'loudness_very_low'}),0.024029995567747577,0.25000299476515053,0.022245115538039508,0.9257228315054836,3.7028469693936876,1.0,0.01623754468190932,10.09727511745711,0.7479097987677229,0.08834863694752365,0.9009633798854201,0.5073511138840308,acousticness_very_high|duration_ms_very_low|energy_very_low|valence_very_low,loudness_very_low
"frozenset({'energy_very_low', 'loudness_very_low', 'duration_ms_very_low', 'valence_very_low'})",frozenset({'acousticness_very_high'}),0.026617472657794176,0.24975143449250709,0.022245115538039508,0.8357335733573358,3.346261354036023,1.0,0.015597363559190327,4.567266609746985,0.7203324561428448,0.08753653247855189,0.7810506621474859,0.46240129672711144,duration_ms_very_low|energy_very_low|loudness_very_low|valence_very_low,acousticness_very_high
"frozenset({'loudness_very_low', 'duration_ms_very_low', 'valence_very_low', 'acousticness_very_high'})",frozenset({'energy_very_low'}),0.023994058385941375,0.25050611531043737,0.022245115538039508,0.927109335996006,3.7009449244266728,1.0,0.016234457181245512,10.28244007556982,0.7477400535774625,0.08818501282173045,0.9027468195631975,0.5079550122979265,acousticness_very_high|duration_ms_very_low|loudness_very_low|valence_very_low,energy_very_low
"frozenset({'energy_very_low', 'duration_ms_very_low', 'valence_very_low'})","frozenset({'loudness_very_low', 'acousticness_very_high'})",0.029851819020352423,0.15069658237401024,0.022245115538039508,0.7451845906902087,4.9449335807812345,1.0,0.017746548434024925,3.333014357045617,0.8223205797291213,0.14052213393870602,0.6999712893867042,0.44639992650567667,duration_ms_very_low|energy_very_low|valence_very_low,acousticness_very_high|loudness_very_low
"frozenset({'duration_ms_very_low', 'valence_very_low', 'acousticness_very_high'})","frozenset({'energy_very_low', 'loudness_very_low'})",0.02689299105164173,0.17769738497107057,0.022245115538039508,0.8271714922048998,4.654944654022707,1.0,0.01746630135411237,4.757910749329761,0.8068739279277352,0.12199448167126528,0.7898237161886931,0.47617843856570996,acousticness_very_high|duration_ms_very_low|valence_very_low,energy_very_low|loudness_very_low
"frozenset({'acousticness_very_low', 'speechiness_very_high', 'loudness_very_high', 'danceability_very_low'})",frozenset({'energy_very_high'}),0.022808131386336684,0.2486014446747086,0.02223313647743744,0.9747899159663866,3.9210951378093766,1.0,0.016563002064463577,29.80547602790333,0.7623571496507339,0.08922647949617808,0.9664491183075278,0.5321113845239345,acousticness_very_low|danceability_very_low|loudness_very_high|speechiness_very_high,energy_very_high
"frozenset({'loudness_very_high', 'speechiness_very_high', 'energy_very_high', 'danceability_very_low'})",frozenset({'acousticness_very_low'}),0.02714455132428515,0.2504581990680291,0.02223313647743744,0.8190644307149162,3.270263995200425,1.0,0.015434561038247299,4.142589563199626,0.713584212566614,0.08706257622666293,0.7586050983946315,0.45391713978829795,danceability_very_low|energy_very_high|loudness_very_high|speechiness_very_high,acousticness_very_low
"frozenset({'speechiness_very_high', 'loudness_very_high', 'danceability_very_low'})","frozenset({'acousticness_very_low', 'energy_very_high'})",0.028570059535931194,0.1469471364055631,0.02223313647743744,0.7781970649895178,5.295762027248712,1.0,0.018034848041695903,3.8459944795325742,0.8350265201494562,0.14504532666458267,0.7399892263699932,0.4647486506980686,danceability_very_low|loudness_very_high|speechiness_very_high,acousticness_very_low|energy_very_high
"frozenset({'acousticness_very_low', 'mode_0', 'speechiness_very_high'})",frozenset({'energy_very_high'}),0.029204949747840773,0.2486014446747086,0.02223313647743744,0.7612797374897458,3.0622498533179052,1.0,0.014972743778471957,3.1476111303832663,0.6937022538400104,0.08699320365596439,0.6822987470252605,0.425356295285614,acousticness_very_low|mode_0|speechiness_very_high,energy_very_high
"frozenset({'loudness_very_low', 'liveness_low', 'acousticness_very_high', 'danceability_very_low'})",frozenset({'valence_very_low'}),0.0295643215659028,0.2507217384012746,0.02223313647743744,0.7520259319286873,2.9994444706868073,1.0,0.014820718379779997,3.0215992640942075,0.6869130479939081,0.08615727416210196,0.6690494295907989,0.42035123638957056,acousticness_very_high|danceability_very_low|liveness_low|loudness_very_low,valence_very_low
"frozenset({'liveness_low', 'valence_very_low', 'acousticness_very_high', 'danceability_very_low'})",frozenset({'loudness_very_low'}),0.025036236658321255,0.25000299476515053,0.02223313647743744,0.8880382775119617,3.552110559100194,1.0,0.01597400233520808,6.6986912006018615,0.7369271127039534,0.08794541319181198,0.850717107259676,0.48848487905305804,acousticness_very_high|danceability_very_low|liveness_low|valence_very_low,loudness_very_low
"frozenset({'loudness_very_low', 'valence_very_low', 'acousticness_very_high', 'liveness_low'})",frozenset({'danceability_very_low'}),0.03175648965608117,0.2516321470070317,0.02223313647743744,0.7001131648434554,2.782288245642522,1.0,0.014242182803871144,2.495500853187874,0.6615934960017271,0.08513370946286869,0.5992788386657727,0.3942344363682192,acousticness_very_high|liveness_low|loudness_very_low|valence_very_low,danceability_very_low
"frozenset({'loudness_very_low', 'liveness_low', 'valence_very_low', 'danceability_very_low'})",frozenset({'acousticness_very_high'}),0.026114352112507337,0.24975143449250709,0.02223313647743744,0.8513761467889909,3.408893920945761,1.0,0.0157110395764963,5.047968743229429,0.7255982439873927,0.08765881074953953,0.8019005166501384,0.47019860147737713,danceability_very_low|liveness_low|loudness_very_low|valence_very_low,acousticness_very_high
"frozenset({'energy_very_low', 'duration_ms_very_low', 'key_very_low'})",frozenset({'acousticness_very_high'}),0.029911714323362763,0.24975143449250709,0.02222115741683537,0.7428914697637163,2.974523334663786,1.0,0.01475066385644545,2.9180228474644996,0.6842796585657683,0.0863152017123447,0.657302203487231,0.41593228099917795,duration_ms_very_low|energy_very_low|key_very_low,acousticness_very_high
"frozenset({'duration_ms_very_low', 'key_very_low', 'acousticness_very_high'})",frozenset({'energy_very_low'}),0.02931276129325938,0.25050611531043737,0.02222115741683537,0.7580711074785451,3.0261580901492664,1.0,0.01487813145623881,3.097992459181351,0.6897669723637847,0.08626302083333333,0.6772103182380723,0.42338807860537814,acousticness_very_high|duration_ms_very_low|key_very_low,energy_very_low
"frozenset({'energy_high', 'mode_1', 'tempo_very_low'})",frozenset({'instrumentalness_low'}),0.03121743192898813,0.5000539057727093,0.02222115741683537,0.7118188795088257,1.4234842909763623,1.0,0.006610758652551174,1.7348329181841802,0.3070847929916271,0.04365219437580892,0.4235756138137598,0.37812820173218215,energy_high|mode_1|tempo_very_low,instrumentalness_low
"frozenset({'energy_very_low', 'liveness_very_low', 'acousticness_very_high', 'mode_1'})",frozenset({'loudness_very_low'}),0.02916901256603457,0.25000299476515053,0.022209178356233303,0.7613963039014373,3.0455487327929123,1.0,0.014916837860382351,3.143274884245883,0.6918320022945437,0.08642953708451821,0.6818604681976727,0.4251159765793722,acousticness_very_high|energy_very_low|liveness_very_low|mode_1,loudness_very_low
"frozenset({'energy_very_low', 'loudness_very_low', 'liveness_very_low', 'mode_1'})",frozenset({'acousticness_very_high'}),0.029899735262760695,0.24975143449250709,0.022209178356233303,0.7427884615384615,2.9741108916863745,1.0,0.01474167658341262,2.916854235991747,0.6842231501141696,0.08626867060630032,0.6571649046905513,0.4158567949209886,energy_very_low|liveness_very_low|loudness_very_low|mode_1,acousticness_very_high
"frozenset({'loudness_very_low', 'liveness_very_low', 'acousticness_very_high', 'mode_1'})",frozenset({'energy_very_low'}),0.023478958780052468,0.25050611531043737,0.022209178356233303,0.9459183673469387,3.7760290449385563,1.0,0.016327555600708473,13.858566169731512,0.7528476065030232,0.08821010562375106,0.9278424630836558,0.517287798822666,acousticness_very_high|liveness_very_low|loudness_very_low|mode_1,energy_very_low
"frozenset({'loudness_high', 'energy_high', 'key_very_low'})",frozenset({'mode_1'}),0.03046275111105787,0.6337522011523856,0.022197199295631236,0.7286669288242233,1.1497663085023597,1.0,0.0028913637258410306,1.3498089166224396,0.13435073536012893,0.034574120720216435,0.25915439757039777,0.38184598685800525,energy_high|key_very_low|loudness_high,mode_1
"frozenset({'duration_ms_very_high', 'energy_very_high', 'instrumentalness_high'})",frozenset({'acousticness_very_low'}),0.028366415505696043,0.2504581990680291,0.022197199295631236,0.7825168918918919,3.1243412865048423,1.0,0.015092597954059189,3.446436863314383,0.6997828650301613,0.08649582224711759,0.7098452576791684,0.4355716275032446,duration_ms_very_high|energy_very_high|instrumentalness_high,acousticness_very_low
"frozenset({'liveness_very_high', 'mode_0', 'loudness_very_high'})",frozenset({'energy_very_high'}),0.030295044262628926,0.2486014446747086,0.02218522023502917,0.7323052589956504,2.9456999332962894,1.0,0.014653828464855375,2.806923111399795,0.6811578154661773,0.0864209052729818,0.6437380147896868,0.41077268442964227,liveness_very_high|loudness_very_high|mode_0,energy_very_high
"frozenset({'energy_very_low', 'acousticness_very_high', 'instrumentalness_high', 'danceability_very_low', 'loudness_very_low', 'mode_1'})",frozenset({'valence_very_low'}),0.02804298086944022,0.2507217384012746,0.0221732411744271,0.7906877402819308,3.1536465299089964,1.0,0.015142256260887362,3.5797151232706454,0.702610038597493,0.08641456582633052,0.7206481617770916,0.43956269479457266,acousticness_very_high|danceability_very_low|energy_very_low|instrumentalness_high|loudness_very_low|mode_1,valence_very_low
"frozenset({'energy_very_low', 'acousticness_very_high', 'instrumentalness_high', 'danceability_very_low', 'mode_1', 'valence_very_low'})",frozenset({'loudness_very_low'}),0.0226164664167036,0.25000299476515053,0.0221732411744271,0.9804025423728814,3.9215631928483834,1.0,0.016519056839245747,38.27011745630804,0.7622387947166951,0.08853494045056678,0.9738699521593663,0.5345472223124589,acousticness_very_high|danceability_very_low|energy_very_low|instrumentalness_high|mode_1|valence_very_low,loudness_very_low
"frozenset({'energy_very_low', 'acousticness_very_high', 'instrumentalness_high', 'loudness_very_low', 'mode_1', 'valence_very_low'})",frozenset({'danceability_very_low'}),0.028246624899675367,0.2516321470070317,0.0221732411744271,0.7849872773536896,3.1195826395414956,1.0,0.015065482305219507,3.4805747482394853,0.6991941745305256,0.08604099846604378,0.7126911293872339,0.4365524790081787,acousticness_very_high|energy_very_low|instrumentalness_high|loudness_very_low|mode_1|valence_very_low,danceability_very_low
"frozenset({'energy_very_low', 'instrumentalness_high', 'danceability_very_low', 'loudness_very_low', 'mode_1', 'valence_very_low'})",frozenset({'acousticness_very_high'}),0.025539357203608094,0.24975143449250709,0.0221732411744271,0.8681988742964352,3.4762518023594473,1.0,0.015794750076809437,5.692277372462539,0.7310031937468966,0.08760056791292001,0.8243233885900068,0.47849005540328976,danceability_very_low|energy_very_low|instrumentalness_high|loudness_very_low|mode_1|valence_very_low,acousticness_very_high
"frozenset({'acousticness_very_high', 'instrumentalness_high', 'danceability_very_low', 'loudness_very_low', 'mode_1', 'valence_very_low'})",frozenset({'energy_very_low'}),0.02307167071958217,0.25050611531043737,0.0221732411744271,0.9610591900311526,3.83646997535437,1.0,0.01639364656874301,19.24700295882794,0.7568044612723733,0.0881974555677324,0.948043858976946,0.5247864810140461,acousticness_very_high|danceability_very_low|instrumentalness_high|loudness_very_low|mode_1|valence_very_low,energy_very_low
"frozenset({'energy_very_low', 'acousticness_very_high', 'instrumentalness_high', 'danceability_very_low', 'mode_1'})","frozenset({'loudness_very_low', 'valence_very_low'})",0.02862995483894153,0.10355897890487428,0.0221732411744271,0.7744769874476988,7.478607800479635,1.0,0.019208352285213653,3.9749425610711513,0.8918179815884048,0.20154616724738672,0.7484240376719999,0.4942945955167933,acousticness_very_high|danceability_very_low|energy_very_low|instrumentalness_high|mode_1,loudness_very_low|valence_very_low
"frozenset({'energy_very_low', 'acousticness_very_high', 'instrumentalness_high', 'mode_1', 'valence_very_low'})","frozenset({'loudness_very_low', 'danceability_very_low'})",0.029192970687238706,0.09570071514991794,0.0221732411744271,0.7595404185473944,7.936622180487913,1.0,0.019379453002307766,3.760712213617151,0.9002837714617993,0.21586005830903787,0.7340929209155906,0.4956169986090333,acousticness_very_high|energy_very_low|instrumentalness_high|mode_1|valence_very_low,danceability_very_low|loudness_very_low
"frozenset({'energy_very_low', 'instrumentalness_high', 'danceability_very_low', 'mode_1', 'valence_very_low'})","frozenset({'loudness_very_low', 'acousticness_very_high'})",0.02629403802153835,0.15069658237401024,0.0221732411744271,0.8432801822323462,5.59588126650032,1.0,0.01821081950776899,5.419247097933277,0.8434755148531653,0.14322191272051996,0.8154725219336527,0.49520924850885994,danceability_very_low|energy_very_low|instrumentalness_high|mode_1|valence_very_low,acousticness_very_high|loudness_very_low
"frozenset({'acousticness_very_high', 'instrumentalness_high', 'danceability_very_low', 'loudness_very_low', 'mode_1'})","frozenset({'energy_very_low', 'valence_very_low'})",0.02938463565687179,0.10502042429832653,0.0221732411744271,0.7545862209539339,7.185137805294108,1.0,0.01908725426989069,3.646818769428911,0.886884605528372,0.1975664425232148,0.7257884026530337,0.4828594387534583,acousticness_very_high|danceability_very_low|instrumentalness_high|loudness_very_low|mode_1,energy_very_low|valence_very_low
"frozenset({'acousticness_very_high', 'instrumentalness_high', 'danceability_very_low', 'mode_1', 'valence_very_low'})","frozenset({'energy_very_low', 'loudness_very_low'})",0.023814372476910362,0.17769738497107057,0.0221732411744271,0.9310865191146881,5.2397311264106134,1.0,0.017941489460553094,11.932391231222708,0.8288900079124322,0.12363903546857255,0.9161945011169793,0.5279337139189457,acousticness_very_high|danceability_very_low|instrumentalness_high|mode_1|valence_very_low,energy_very_low|loudness_very_low
"frozenset({'acousticness_very_high', 'instrumentalness_high', 'mode_1', 'loudness_very_low', 'valence_very_low'})","frozenset({'energy_very_low', 'danceability_very_low'})",0.02963619592951521,0.09933037051234442,0.0221732411744271,0.748181083265966,7.532248993000431,1.0,0.01922946685217192,3.5766559604373347,0.8937241103131376,0.207627593942793,0.7204092283235077,0.4857041451062102,acousticness_very_high|instrumentalness_high|loudness_very_low|mode_1|valence_very_low,danceability_very_low|energy_very_low
"frozenset({'instrumentalness_high', 'danceability_very_low', 'loudness_very_low', 'mode_1', 'valence_very_low'})","frozenset({'energy_very_low', 'acousticness_very_high'})",0.029444530959882125,0.17666718575929274,0.0221732411744271,0.7530512611879577,4.26254178415443,1.0,0.01697135875374236,3.3340231588198663,0.7886187019524741,0.12054705307717357,0.7000620714482478,0.439279902359642,danceability_very_low|instrumentalness_high|loudness_very_low|mode_1|valence_very_low,acousticness_very_high|energy_very_low
"frozenset({'danceability_very_low', 'mode_1', 'acousticness_very_high', 'instrumentalness_high'})","frozenset({'energy_very_low', 'loudness_very_low', 'valence_very_low'})",0.03065441608069095,0.08420081697193306,0.0221732411744271,0.7233294255568582,8.590527403053203,1.0,0.01959211429663536,3.3100707759446664,0.9115352938772991,0.23924001550988752,0.6978916561943881,0.49333351346131427,acousticness_very_high|danceability_very_low|instrumentalness_high|mode_1,energy_very_low|loudness_very_low|valence_very_low
"frozenset({'valence_very_low', 'mode_1', 'acousticness_very_high', 'instrumentalness_high'})","frozenset({'energy_very_low', 'loudness_very_low', 'danceability_very_low'})",0.03127732723199847,0.07985241797338252,0.0221732411744271,0.708923783990808,8.877925077073007,1.0,0.0196756709672073,3.161191232462497,0.9160114580144172,0.24925935900888768,0.6836635538745872,0.49330077588379284,acousticness_very_high|instrumentalness_high|mode_1|valence_very_low,danceability_very_low|energy_very_low|loudness_very_low
"frozenset({'energy_very_low', 'key_very_low', 'acousticness_very_high', 'instrumentalness_high'})",frozenset({'loudness_very_low'}),0.02340708441644006,0.25000299476515053,0.022149283053222966,0.9462640736949848,3.7850109539043424,1.0,0.016297441850392266,13.957087125989517,0.7534357051533696,0.08815256257449343,0.9283518121673183,0.517430072305087,acousticness_very_high|energy_very_low|instrumentalness_high|key_very_low,loudness_very_low
"frozenset({'energy_very_low', 'loudness_very_low', 'key_very_low', 'instrumentalness_high'})",frozenset({'acousticness_very_high'}),0.02773152529378646,0.24975143449250709,0.022149283053222966,0.7987041036717063,3.19799606074202,1.0,0.015223294830434553,3.7270931956005287,0.7069078120485923,0.08674642270701384,0.7316943935879032,0.44369470615980156,energy_very_low|instrumentalness_high|key_very_low|loudness_very_low,acousticness_very_high
"frozenset({'loudness_very_low', 'key_very_low', 'acousticness_very_high', 'instrumentalness_high'})",frozenset({'energy_very_low'}),0.024006037446543442,0.25050611531043737,0.022149283053222966,0.9226546906187625,3.6831623430644447,1.0,0.016135623868492478,9.690230612373444,0.7464125919303883,0.08776759861394597,0.8968032815727728,0.5055364118740331,acousticness_very_high|instrumentalness_high|key_very_low|loudness_very_low,energy_very_low
"frozenset({'energy_very_low', 'key_very_low', 'instrumentalness_high'})","frozenset({'loudness_very_low', 'acousticness_very_high'})",0.030474730171659938,0.15069658237401024,0.022149283053222966,0.726808176100629,4.822990439801622,1.0,0.01755684536758368,3.1088171143029038,0.8175751408389034,0.1392843691148776,0.6783342463603776,0.43689375418703946,energy_very_low|instrumentalness_high|key_very_low,acousticness_very_high|loudness_very_low
"frozenset({'key_very_low', 'acousticness_very_high', 'instrumentalness_high'})","frozenset({'energy_very_low', 'loudness_very_low'})",0.026557577354783837,0.17769738497107057,0.022149283053222966,0.8340099233198016,4.693428231684894,1.0,0.017430071006110957,4.953926351954178,0.8084054156551146,0.12162873306143929,0.7981399138875915,0.47932800332094977,acousticness_very_high|instrumentalness_high|key_very_low,energy_very_low|loudness_very_low
"frozenset({'valence_very_high', 'energy_high', 'loudness_very_high'})",frozenset({'instrumentalness_low'}),0.0277914205967968,0.5000539057727093,0.022101366810814697,0.7952586206896552,1.5903457837426154,1.0,0.00820415839441434,2.4418419760153998,0.38181717035692037,0.04370070347473886,0.5904730896502153,0.41972829462999434,energy_high|loudness_very_high|valence_very_high,instrumentalness_low
"frozenset({'key_high', 'instrumentalness_low', 'liveness_high'})",frozenset({'mode_1'}),0.03148097126223361,0.6337522011523856,0.022089387750212627,0.7016742770167428,1.1071745009182623,1.0,0.002138252918357078,1.2276775706269523,0.09994641866988069,0.03434595540986049,0.18545388143784497,0.3682646028312142,instrumentalness_low|key_high|liveness_high,mode_1
"frozenset({'speechiness_very_low', 'valence_low', 'acousticness_very_high'})",frozenset({'energy_very_low'}),0.02739611159692857,0.25050611531043737,0.022065429629008492,0.8054219501530389,3.2151787957548548,1.0,0.015202536138250693,3.8518932905281558,0.708382224828342,0.08624806854895349,0.7403874083274814,0.4467526736228086,acousticness_very_high|speechiness_very_low|valence_low,energy_very_low
"frozenset({'energy_very_low', 'mode_0', 'tempo_very_low'})",frozenset({'loudness_very_low'}),0.02931276129325938,0.25000299476515053,0.022053450568406425,0.7523498161013485,3.009363215061067,1.0,0.014725172460255592,3.028453253811347,0.6878670701991029,0.08572359843546283,0.6697984363002839,0.4202812808345746,energy_very_low|mode_0|tempo_very_low,loudness_very_low
"frozenset({'loudness_very_low', 'mode_0', 'tempo_very_low'})",frozenset({'energy_very_low'}),0.02828256208148157,0.25050611531043737,0.022053450568406425,0.7797543413807708,3.1127157930434852,1.0,0.0149684958103482,3.402990503369341,0.6984922843404648,0.08589958939902947,0.7061408196673226,0.43389495951976564,loudness_very_low|mode_0|tempo_very_low,energy_very_low
"frozenset({'energy_very_low', 'duration_ms_very_high', 'instrumentalness_high'})",frozenset({'loudness_very_low'}),0.023706560931491753,0.25000299476515053,0.022053450568406425,0.9302678120262758,3.721026673701077,1.0,0.01612673933995097,10.755391835940333,0.7490134995984444,0.08763328255902511,0.9070233781108384,0.5092402787970383,duration_ms_very_high|energy_very_low|instrumentalness_high,loudness_very_low
"frozenset({'danceability_high', 'speechiness_very_high', 'mode_1'})",frozenset({'instrumentalness_low'}),0.03142107595922328,0.5000539057727093,0.022005534325998156,0.7003431185665269,1.4005352432640643,1.0,0.006293302569007578,1.6683951719569765,0.295264802433235,0.043193040206912774,0.40062161722331613,0.37217472141434815,danceability_high|mode_1|speechiness_very_high,instrumentalness_low
"frozenset({'mode_0', 'energy_very_high', 'instrumentalness_high'})",frozenset({'acousticness_very_low'}),0.029157033505432504,0.2504581990680291,0.021969597144191954,0.7534921939194742,3.008454890769265,1.0,0.014666979042255147,3.04064123911403,0.6876533918007909,0.08527059698716756,0.6711220031037346,0.42060490698460795,energy_very_high|instrumentalness_high|mode_0,acousticness_very_low
"frozenset({'liveness_low', 'valence_very_low', 'acousticness_very_high', 'instrumentalness_high'})",frozenset({'loudness_very_low'}),0.022999796355969764,0.25000299476515053,0.021969597144191954,0.9552083333333334,3.820787563887558,1.0,0.01621957917621092,16.74411918663854,0.7556537370575427,0.08751670166062225,0.940277539304786,0.5215428346110845,acousticness_very_high|instrumentalness_high|liveness_low|valence_very_low,loudness_very_low
"frozenset({'loudness_very_low', 'liveness_low', 'valence_very_low', 'instrumentalness_high'})",frozenset({'acousticness_very_high'}),0.02995963056577103,0.24975143449250709,0.021969597144191954,0.7333066773290684,2.9361460078062884,1.0,0.014487136433525078,2.8131509180423384,0.6797835460944696,0.08523889198735825,0.6445267143023041,0.4106362635050541,instrumentalness_high|liveness_low|loudness_very_low|valence_very_low,acousticness_very_high
"frozenset({'energy_very_low', 'speechiness_low', 'instrumentalness_high', 'danceability_very_low', 'loudness_very_low'})",frozenset({'valence_very_low'}),0.026090393991303203,0.2507217384012746,0.021969597144191954,0.8420569329660239,3.358531806357893,1.0,0.015428168207118245,4.743976900471001,0.7210636827749036,0.08620851743912757,0.7892063935006268,0.46484117551311227,danceability_very_low|energy_very_low|instrumentalness_high|loudness_very_low|speechiness_low,valence_very_low
"frozenset({'energy_very_low', 'speechiness_low', 'instrumentalness_high', 'danceability_very_low', 'valence_very_low'})",frozenset({'loudness_very_low'}),0.022316989901651912,0.25000299476515053,0.021969597144191954,0.9844337090713904,3.9376876664863723,1.0,0.016390282834635353,48.180842094915114,0.7630733501695414,0.08775539499497582,0.9792448625528374,0.536155522480113,danceability_very_low|energy_very_low|instrumentalness_high|speechiness_low|valence_very_low,loudness_very_low
"frozenset({'energy_very_low', 'speechiness_low', 'instrumentalness_high', 'loudness_very_low', 'valence_very_low'})",frozenset({'danceability_very_low'}),0.0264617448699673,0.2516321470070317,0.021969597144191954,0.8302399275690358,3.299419161836406,1.0,0.015310971469009775,4.408385566030578,0.7158592351866679,0.08577709181048597,0.7731595875583938,0.458774157824316,energy_very_low|instrumentalness_high|loudness_very_low|speechiness_low|valence_very_low,danceability_very_low
"frozenset({'energy_very_low', 'speechiness_low', 'danceability_very_low', 'loudness_very_low', 'valence_very_low'})",frozenset({'instrumentalness_high'}),0.02962421686891314,0.24979935073491535,0.021969597144191954,0.741609381318237,2.968820291711749,1.0,0.014569487004307123,2.9033586942606484,0.6834113974782379,0.08533407779638937,0.6555713209060949,0.4147791787423679,danceability_very_low|energy_very_low|loudness_very_low|speechiness_low|valence_very_low,instrumentalness_high
"frozenset({'speechiness_low', 'instrumentalness_high', 'danceability_very_low', 'loudness_very_low', 'valence_very_low'})",frozenset({'energy_very_low'}),0.023526875022460737,0.25050611531043737,0.021969597144191954,0.9338085539714869,3.727687656703603,1.0,0.016075971076921155,11.323122996386951,0.7493674552341693,0.08715901530272786,0.9116851419595914,0.5107546977967611,danceability_very_low|instrumentalness_high|loudness_very_low|speechiness_low|valence_very_low,energy_very_low
"frozenset({'energy_very_low', 'danceability_very_low', 'speechiness_low', 'instrumentalness_high'})","frozenset({'loudness_very_low', 'valence_very_low'})",0.026557577354783837,0.10355897890487428,0.021969597144191954,0.8272440234551196,7.988143879006354,1.0,0.019219321551143326,5.189059383205991,0.8986812705148796,0.20314576871953924,0.8072868460059589,0.519694886221487,danceability_very_low|energy_very_low|instrumentalness_high|speechiness_low,loudness_very_low|valence_very_low
"frozenset({'energy_very_low', 'valence_very_low', 'speechiness_low', 'instrumentalness_high'})","frozenset({'loudness_very_low', 'danceability_very_low'})",0.027264341930305826,0.09570071514991794,0.021969597144191954,0.8057996485061512,8.419996101845662,1.0,0.019360380123369793,4.656527539182775,0.9059348160004671,0.21753054204720676,0.7852476997965955,0.5176826506393567,energy_very_low|instrumentalness_high|speechiness_low|valence_very_low,danceability_very_low|loudness_very_low
"frozenset({'loudness_very_low', 'danceability_very_low', 'speechiness_low', 'instrumentalness_high'})","frozenset({'energy_very_low', 'valence_very_low'})",0.028402352687502245,0.10502042429832653,0.021969597144191954,0.7735132855335303,7.365360506792925,1.0,0.01898677001387975,3.951576487874616,0.8894930149275501,0.19711951848667242,0.7469364434502298,0.4913534261590316,danceability_very_low|instrumentalness_high|loudness_very_low|speechiness_low,energy_very_low|valence_very_low
"frozenset({'danceability_very_low', 'valence_very_low', 'speechiness_low', 'instrumentalness_high'})","frozenset({'energy_very_low', 'loudness_very_low'})",0.026617472657794176,0.17769738497107057,0.021969597144191954,0.8253825382538255,4.644877235465222,1.0,0.017239741858362957,4.709166006686294,0.8061671901727206,0.12048351070818551,0.7876481740970369,0.4745087155338158,danceability_very_low|instrumentalness_high|speechiness_low|valence_very_low,energy_very_low|loudness_very_low
"frozenset({'loudness_very_low', 'valence_very_low', 'speechiness_low', 'instrumentalness_high'})","frozenset({'energy_very_low', 'danceability_very_low'})",0.03104972508055918,0.09933037051234442,0.021969597144191954,0.7075617283950618,7.123317115857618,1.0,0.018885416447633578,3.0798623741847018,0.8871621043447407,0.20265193370165752,0.6753101669795492,0.4643693832520413,instrumentalness_high|loudness_very_low|speechiness_low|valence_very_low,danceability_very_low|energy_very_low
"frozenset({'acousticness_low', 'loudness_very_high', 'speechiness_very_high'})",frozenset({'instrumentalness_low'}),0.030558583595874413,0.5000539057727093,0.021969597144191954,0.7189337514700118,1.4377125009334304,1.0,0.006688658062193112,1.7787482376203891,0.31404749345972766,0.04319257671745839,0.43780689203223,0.38143410455830984,acousticness_low|loudness_very_high|speechiness_very_high,instrumentalness_low
"frozenset({'instrumentalness_low', 'danceability_low', 'liveness_low'})",frozenset({'mode_1'}),0.030738269504905425,0.6337522011523856,0.021957618083589883,0.7143413873733436,1.1271619823559087,1.0,0.002477172125240821,1.2821171239331217,0.11639381192257925,0.03417353368880271,0.22004005614376115,0.3744941980813415,danceability_low|instrumentalness_low|liveness_low,mode_1
"frozenset({'tempo_very_high', 'danceability_low', 'energy_very_high'})",frozenset({'loudness_very_high'}),0.030474730171659938,0.2499430994621402,0.021945639022987816,0.720125786163522,2.8811589026189623,1.0,0.014328690508610731,2.6799785884386447,0.6734403557979434,0.08490522315428464,0.6268626905028372,0.40396416315125533,danceability_low|energy_very_high|tempo_very_high,loudness_very_high
"frozenset({'loudness_very_high', 'danceability_low', 'tempo_very_high'})",frozenset({'energy_very_high'}),0.030187232717210317,0.2486014446747086,0.021945639022987816,0.726984126984127,2.924295665036763,1.0,0.014441049358757702,2.752215638691474,0.6785199538436917,0.08544377594328621,0.6366563775230037,0.40763026037926053,danceability_low|loudness_very_high|tempo_very_high,energy_very_high
"frozenset({'loudness_very_low', 'danceability_high', 'acousticness_very_high'})",frozenset({'energy_very_low'}),0.026425807688161093,0.25050611531043737,0.02193365996238575,0.8300090661831369,3.313328559482693,1.0,0.015313833534483824,4.409022692333799,0.7171396956417085,0.08601493869497813,0.773192367156841,0.4587832247518592,acousticness_very_high|danceability_high|loudness_very_low,energy_very_low
"frozenset({'energy_very_low', 'liveness_low', 'danceability_very_low', 'instrumentalness_high'})",frozenset({'loudness_very_low'}),0.022508654871284995,0.25000299476515053,0.02193365996238575,0.974454497072911,3.897771296653068,1.0,0.016306428836429306,29.35925776742239,0.7605623668090938,0.08753226885935557,0.9659391934250593,0.5310940429782379,danceability_very_low|energy_very_low|instrumentalness_high|liveness_low,loudness_very_low
"frozenset({'loudness_very_low', 'liveness_low', 'danceability_very_low', 'instrumentalness_high'})",frozenset({'energy_very_low'}),0.023886246840522766,0.25050611531043737,0.02193365996238575,0.9182547642928786,3.6655981956965,1.0,0.01595000905702018,9.168655251969243,0.7449882031743703,0.08688018979833927,0.8909327515847844,0.50290607380673,danceability_very_low|instrumentalness_high|liveness_low|loudness_very_low,energy_very_low
"frozenset({'liveness_low', 'danceability_very_low', 'instrumentalness_high'})","frozenset({'energy_very_low', 'loudness_very_low'})",0.030139316474802048,0.17769738497107057,0.02193365996238575,0.7277424483306836,4.095403252271614,1.0,0.01657798223999792,3.0203115027923886,0.7793117235494016,0.11798440621174043,0.668908323172804,0.4255875515214157,danceability_very_low|instrumentalness_high|liveness_low,energy_very_low|loudness_very_low
"frozenset({'energy_very_low', 'speechiness_very_high'})",frozenset({'loudness_very_low'}),0.030953892595742643,0.25000299476515053,0.021909701841181614,0.7078173374613003,2.8312354343043546,1.0,0.014171135992607133,2.5668771675852327,0.6674577143061641,0.08457803468208092,0.6104215610204904,0.397727547504009,energy_very_low|speechiness_very_high,loudness_very_low
"frozenset({'energy_very_low', 'valence_high', 'acousticness_very_high'})",frozenset({'mode_1'}),0.030953892595742643,0.6337522011523856,0.021897722780579547,0.7074303405572755,1.1162570153932672,1.0,0.0022806252137931166,1.2518311008230627,0.10747576044425314,0.03406570880155047,0.20117019033756792,0.37099142016050146,acousticness_very_high|energy_very_low|valence_high,mode_1
"frozenset({'energy_very_low', 'key_low', 'mode_1', 'acousticness_very_high'})",frozenset({'loudness_very_low'}),0.029540363444698667,0.25000299476515053,0.021897722780579547,0.7412814274128142,2.965090190656172,1.0,0.014512543452953903,2.8988912459390885,0.682915708938412,0.08499163102101542,0.6550405257869367,0.4144356346455542,acousticness_very_high|energy_very_low|key_low|mode_1,loudness_very_low
"frozenset({'energy_very_low', 'loudness_very_low', 'mode_1', 'key_low'})",frozenset({'acousticness_very_high'}),0.026377891445752824,0.24975143449250709,0.021897722780579547,0.8301544050862852,3.323922470247878,1.0,0.015309806553115146,4.417238880340908,0.7180923873565369,0.08613296894878199,0.7736142357049018,0.45891623559029115,energy_very_low|key_low|loudness_very_low|mode_1,acousticness_very_high
"frozenset({'loudness_very_low', 'key_low', 'mode_1', 'acousticness_very_high'})",frozenset({'energy_very_low'}),0.02386228871931863,0.25050611531043737,0.021897722780579547,0.9176706827309237,3.663266589694662,1.0,0.015920073531086966,9.10360864818054,0.7447920368766988,0.08673372556462328,0.8901534502804157,0.5025423038750257,acousticness_very_high|key_low|loudness_very_low|mode_1,energy_very_low
"frozenset({'loudness_very_low', 'duration_ms_very_high', 'danceability_very_low'})",frozenset({'valence_very_low'}),0.027719546233184393,0.2507217384012746,0.021897722780579547,0.7899740708729472,3.1508000698711305,1.0,0.014947829961301052,3.567551229093519,0.7020816795244201,0.08535674262233843,0.7196956859806354,0.43865640954063034,danceability_very_low|duration_ms_very_high|loudness_very_low,valence_very_low
"frozenset({'energy_very_low', 'valence_low', 'liveness_low'})",frozenset({'mode_1'}),0.02942057283867799,0.6337522011523856,0.021897722780579547,0.744299674267101,1.1744332767818415,1.0,0.0032523699849032785,1.4323321560027722,0.1530276501707068,0.03414716156389517,0.30183791810503446,0.3894260870154142,energy_very_low|liveness_low|valence_low,mode_1
"frozenset({'energy_high', 'mode_0', 'loudness_very_high'})",frozenset({'instrumentalness_low'}),0.030810143868517832,0.5000539057727093,0.021873764659375412,0.7099533437013996,1.4197536215707443,1.0,0.00646703188050398,1.7236747377380583,0.30505110792696677,0.04297481760414215,0.41984413990293856,0.37684807851992175,energy_high|loudness_very_high|mode_0,instrumentalness_low
"frozenset({'speechiness_very_low', 'instrumentalness_low', 'valence_very_low'})",frozenset({'mode_1'}),0.02809089711184849,0.6337522011523856,0.021861785598773345,0.7782515991471216,1.228006147721436,1.0,0.004059117721794174,1.6516367082647232,0.19103826546376357,0.034160037435657466,0.394539976620742,0.40637369674774093,instrumentalness_low|speechiness_very_low|valence_very_low,mode_1
"frozenset({'danceability_very_low', 'valence_very_low', 'speechiness_very_high'})",frozenset({'energy_very_high'}),0.027060697900070676,0.2486014446747086,0.021861785598773345,0.8078795927401505,3.2496979001761206,1.0,0.015134457006909921,3.911081420460446,0.7115336866214881,0.08613772596403454,0.7443162408308361,0.4479093429416553,danceability_very_low|speechiness_very_high|valence_very_low,energy_very_high
"frozenset({'tempo_very_low', 'mode_1', 'acousticness_very_high', 'instrumentalness_high'})",frozenset({'loudness_very_low'}),0.02380239341630829,0.25000299476515053,0.021849806538171278,0.9179667840966282,3.671823151394462,1.0,0.0158991369015159,9.142601530071465,0.7453979849275916,0.08672086720867207,0.8906219420467094,0.502682481650614,acousticness_very_high|instrumentalness_high|mode_1|tempo_very_low,loudness_very_low
"frozenset({'loudness_very_low', 'tempo_very_low', 'mode_1', 'instrumentalness_high'})",frozenset({'acousticness_very_high'}),0.02762371374836785,0.24975143449250709,0.021849806538171278,0.7909800520381614,3.167069104709755,1.0,0.014950744403506017,3.589363469004728,0.7036891615071212,0.08550935258543903,0.7213990701595668,0.43923313120398166,instrumentalness_high|loudness_very_low|mode_1|tempo_very_low,acousticness_very_high
"frozenset({'energy_very_low', 'instrumentalness_low', 'danceability_very_low'})",frozenset({'mode_1'}),0.028965368535799424,0.6337522011523856,0.02183782747756921,0.7539288668320927,1.1896272162229709,1.0,0.003480961410816271,1.4883818111151794,0.16415535666939104,0.03407476635514019,0.32812938687369225,0.3941934287851041,danceability_very_low|energy_very_low|instrumentalness_low,mode_1
"frozenset({'key_very_low', 'tempo_very_high', 'danceability_very_low'})",frozenset({'mode_1'}),0.02837839456629811,0.6337522011523856,0.02183782747756921,0.7695230054875476,1.2142332667062656,1.0,0.003852957456006882,1.5890861455494485,0.18158819825280786,0.03410600362949244,0.37070749575112794,0.40199049811283155,danceability_very_low|key_very_low|tempo_very_high,mode_1
"frozenset({'speechiness_very_low', 'valence_very_low', 'acousticness_very_high'})",frozenset({'mode_1'}),0.03022316989901652,0.6337522011523856,0.02182584841696714,0.7221561632976615,1.139492946903421,1.0,0.0026718479676628958,1.318178596993625,0.1262318084293352,0.03398873260455919,0.24137745652925646,0.3782976261153273,acousticness_very_high|speechiness_very_low|valence_very_low,mode_1
"frozenset({'loudness_high', 'energy_high', 'acousticness_high'})",frozenset({'instrumentalness_low'}),0.028713808263156004,0.5000539057727093,0.02182584841696714,0.7601168126825197,1.520069744296763,1.0,0.007467396445367288,2.0841231093266357,0.3522498845269216,0.043053947399513216,0.5201818954336664,0.40188190193344075,acousticness_high|energy_high|loudness_high,instrumentalness_low
"frozenset({'acousticness_very_low', 'danceability_very_low', 'instrumentalness_medium'})",frozenset({'energy_very_high'}),0.028857556990380815,0.2486014446747086,0.02182584841696714,0.7563304275633042,3.0423412404258214,1.0,0.014651818059375734,3.083678227902259,0.6912536658092633,0.08537956888472353,0.6757119497904708,0.4220624816465391,acousticness_very_low|danceability_very_low|instrumentalness_medium,energy_very_high
"frozenset({'danceability_very_low', 'energy_very_high', 'instrumentalness_medium'})",frozenset({'acousticness_very_low'}),0.02610237305190527,0.2504581990680291,0.02182584841696714,0.8361633776961909,3.3385346569112455,1.0,0.015288295070985093,4.574934409609984,0.7192412943887946,0.08568069597930873,0.7814176312780731,0.4616535273788014,danceability_very_low|energy_very_high|instrumentalness_medium,acousticness_very_low
"frozenset({'energy_very_low', 'tempo_very_low', 'mode_1', 'instrumentalness_high'})",frozenset({'acousticness_very_high'}),0.026126331173109404,0.24975143449250709,0.021801890295763005,0.8344795965153599,3.341240454578432,1.0,0.015276801607252626,4.5326651561546845,0.719508062726223,0.0858085808580858,0.7793792469664016,0.4608869755803333,energy_very_low|instrumentalness_high|mode_1|tempo_very_low,acousticness_very_high
"frozenset({'tempo_very_low', 'mode_1', 'acousticness_very_high', 'instrumentalness_high'})",frozenset({'energy_very_low'}),0.02380239341630829,0.25050611531043737,0.021801890295763005,0.9159536990437847,3.656412530722843,1.0,0.015839245185952887,8.917630831605761,0.7442221524609981,0.08634185682432752,0.8878625927801572,0.5014925342961846,acousticness_very_high|instrumentalness_high|mode_1|tempo_very_low,energy_very_low
"frozenset({'energy_very_low', 'loudness_very_low', 'key_high', 'acousticness_very_high'})",frozenset({'mode_1'}),0.030247128020220653,0.6337522011523856,0.021801890295763005,0.7207920792079208,1.137340553448597,1.0,0.0026327063344101648,1.3117385703407465,0.1245223172459627,0.03394889013243797,0.23765297246673706,0.37759668226533455,acousticness_very_high|energy_very_low|key_high|loudness_very_low,mode_1
"frozenset({'energy_very_low', 'key_high', 'mode_1', 'acousticness_very_high'})",frozenset({'loudness_very_low'}),0.028318499263287774,0.25000299476515053,0.021801890295763005,0.769881556683587,3.0794893373449526,1.0,0.014722180672686352,3.2591781624543814,0.6949507990622457,0.08499112729989726,0.693174183749767,0.4285440366072463,acousticness_very_high|energy_very_low|key_high|mode_1,loudness_very_low
"frozenset({'energy_very_low', 'loudness_very_low', 'key_high', 'mode_1'})",frozenset({'acousticness_very_high'}),0.029336719414463516,0.24975143449250709,0.021801890295763005,0.7431604736627195,2.975600421166011,1.0,0.01447500253869656,2.9210790730172502,0.6839996785887197,0.08473787131017786,0.6576607565206797,0.41522741415401315,energy_very_low|key_high|loudness_very_low|mode_1,acousticness_very_high
"frozenset({'loudness_very_low', 'key_high', 'mode_1', 'acousticness_very_high'})",frozenset({'energy_very_low'}),0.024089890870757916,0.25050611531043737,0.021801890295763005,0.9050223769269019,3.6127755835635442,1.0,0.01576722531547707,7.891268073878055,0.7410564762973071,0.08624366203857271,0.8732776544101658,0.4960268732377432,acousticness_very_high|key_high|loudness_very_low|mode_1,energy_very_low
"frozenset({'key_very_low', 'acousticness_very_high', 'tempo_very_low'})",frozenset({'mode_1'}),0.030043483989985506,0.6337522011523856,0.021801890295763005,0.7256778309409888,1.1450497996242852,1.0,0.002761766186823233,1.3351009876596174,0.13059919295485103,0.03395965891067863,0.2509929891124094,0.38003955813186857,acousticness_very_high|key_very_low|tempo_very_low,mode_1
"frozenset({'speechiness_very_low', 'energy_low', 'loudness_high'})",frozenset({'mode_1'}),0.029887756202158628,0.6337522011523856,0.02177793217455887,0.7286573146292584,1.1497511382276886,1.0,0.0028365008939349734,1.3497610902877364,0.1342592751075956,0.033929304617222204,0.2591281470509539,0.381510398170881,energy_low|loudness_high|speechiness_very_low,mode_1
"frozenset({'instrumentalness_low', 'duration_ms_low', 'acousticness_very_high'})",frozenset({'mode_1'}),0.029396614717473856,0.6337522011523856,0.021765953113956803,0.7404237978810105,1.1683175167433868,1.0,0.0031357838303291315,1.4109452093752677,0.1484316876318264,0.0339359754958724,0.29125525686233006,0.38738418889419585,acousticness_very_high|duration_ms_low|instrumentalness_low,mode_1
"frozenset({'energy_very_low', 'valence_low', 'liveness_low'})",frozenset({'acousticness_very_high'}),0.02942057283867799,0.24975143449250709,0.02174199499275267,0.7390065146579805,2.958968048210157,1.0,0.014394164722701549,2.874587327435886,0.6821124797777891,0.08445788738948348,0.6521239795167421,0.4130305248238341,energy_very_low|liveness_low|valence_low,acousticness_very_high
"frozenset({'valence_low', 'acousticness_very_high', 'liveness_low'})",frozenset({'energy_very_low'}),0.02580289653685358,0.25050611531043737,0.02174199499275267,0.8426183844011141,3.363663930347198,1.0,0.01527821161754834,4.762270877938989,0.7213172125920637,0.08540774551785797,0.7900161444758517,0.4647053283903046,acousticness_very_high|liveness_low|valence_low,energy_very_low
"frozenset({'instrumentalness_low', 'danceability_low', 'tempo_high'})",frozenset({'mode_1'}),0.030558583595874413,0.6337522011523856,0.0217300159321506,0.71109368874951,1.1220374263891946,1.0,0.002363446314166011,1.2677043892269526,0.11219257794806275,0.033816785354759335,0.21117256633480547,0.37269078162076197,danceability_low|instrumentalness_low|tempo_high,mode_1
"frozenset({'loudness_very_low', 'speechiness_very_low', 'instrumentalness_low'})",frozenset({'energy_very_low'}),0.02545550377939362,0.25050611531043737,0.021718036871548534,0.8531764705882353,3.4058109500877625,1.0,0.015341277506502483,5.104725977452952,0.7248352182607765,0.08542216358839051,0.8041030988897547,0.46993655205004725,instrumentalness_low|loudness_very_low|speechiness_very_low,energy_very_low
"frozenset({'speechiness_very_low', 'loudness_low', 'acousticness_high'})",frozenset({'mode_1'}),0.02932474035386145,0.6337522011523856,0.021694078750344396,0.7397875816993463,1.1673136288191992,1.0,0.003109460002862517,1.407495465587064,0.1476623588871146,0.033823913936722565,0.28951813739385535,0.38700937538799657,acousticness_high|loudness_low|speechiness_very_low,mode_1
"frozenset({'acousticness_very_low', 'key_very_high', 'loudness_very_high'})",frozenset({'energy_very_high'}),0.026653409839600378,0.2486014446747086,0.021694078750344396,0.8139325842696629,3.274046075374509,1.0,0.01506800255871265,4.038313491784476,0.7135870519501893,0.08555770775263381,0.7523718745376269,0.4505985380751774,acousticness_very_low|key_very_high|loudness_very_high,energy_very_high
"frozenset({'valence_low', 'key_high', 'instrumentalness_low'})",frozenset({'mode_1'}),0.030642437020088883,0.6337522011523856,0.021670120629140262,0.7071931196247068,1.1158827035847443,1.0,0.0022504087189855852,1.2508169151564719,0.10713122474362989,0.033716032355462784,0.20052248423990635,0.3706932425455544,instrumentalness_low|key_high|valence_low,mode_1
"frozenset({'energy_very_low', 'liveness_low', 'valence_very_low', 'instrumentalness_high'})",frozenset({'acousticness_very_high'}),0.026593514536590042,0.24975143449250709,0.021658141568538194,0.8144144144144143,3.260899846558631,1.0,0.015016373164827491,4.042601493753964,0.7122781607200053,0.08503833309816095,0.7526345345824828,0.45056660094311773,energy_very_low|instrumentalness_high|liveness_low|valence_very_low,acousticness_very_high
"frozenset({'liveness_low', 'valence_very_low', 'acousticness_very_high', 'instrumentalness_high'})",frozenset({'energy_very_low'}),0.022999796355969764,0.25050611531043737,0.021658141568538194,0.9416666666666667,3.759056602269829,1.0,0.015896551930473055,12.848466594678214,0.7512545074324282,0.08599695585996954,0.9221697007474654,0.5140621015047182,acousticness_very_high|instrumentalness_high|liveness_low|valence_very_low,energy_very_low
"frozenset({'energy_low', 'instrumentalness_low', 'acousticness_very_high'})",frozenset({'mode_1'}),0.030127337414199977,0.6337522011523856,0.021646162507936127,0.7184890656063618,1.1337066195587087,1.0,0.002552896106826269,1.3010073645504947,0.12160110130591015,0.03370451196538154,0.23136484293038137,0.3763223137312596,acousticness_very_high|energy_low|instrumentalness_low,mode_1
"frozenset({'energy_very_low', 'acousticness_very_high', 'danceability_very_low', 'loudness_very_low', 'liveness_low'})",frozenset({'valence_very_low'}),0.028498185172318787,0.2507217384012746,0.021646162507936127,0.7595628415300546,3.0295053248011192,1.0,0.014501047980250934,3.1163164061946986,0.689564442157741,0.08403869407496975,0.6791083222447589,0.42294912262838136,acousticness_very_high|danceability_very_low|energy_very_low|liveness_low|loudness_very_low,valence_very_low
"frozenset({'energy_very_low', 'acousticness_very_high', 'danceability_very_low', 'liveness_low', 'valence_very_low'})",frozenset({'loudness_very_low'}),0.023946142143533106,0.25000299476515053,0.021646162507936127,0.9039519759879939,3.615764590488823,1.0,0.01565955525898087,7.808562570127411,0.7411817662670588,0.08579432152692051,0.8719354566196832,0.49526779441469654,acousticness_very_high|danceability_very_low|energy_very_low|liveness_low|valence_very_low,loudness_very_low
"frozenset({'energy_very_low', 'acousticness_very_high', 'loudness_very_low', 'liveness_low', 'valence_very_low'})",frozenset({'danceability_very_low'}),0.030726290444303358,0.2516321470070317,0.021646162507936127,0.7044834307992203,2.7996559230547517,1.0,0.013914440073874431,2.532405729455097,0.6631906382693389,0.08302701709244624,0.6051185683365312,0.3952532359175574,acousticness_very_high|energy_very_low|liveness_low|loudness_very_low|valence_very_low,danceability_very_low
"frozenset({'energy_very_low', 'danceability_very_low', 'loudness_very_low', 'liveness_low', 'valence_very_low'})",frozenset({'acousticness_very_high'}),0.024593011416044752,0.24975143449250709,0.021646162507936127,0.8801753531417438,3.5242053961782163,1.0,0.015504022628288348,6.261220751979198,0.7343069117822626,0.08566010903057596,0.840286736466863,0.4834230883412206,danceability_very_low|energy_very_low|liveness_low|loudness_very_low|valence_very_low,acousticness_very_high
"frozenset({'acousticness_very_high', 'danceability_very_low', 'loudness_very_low', 'liveness_low', 'valence_very_low'})",frozenset({'energy_very_low'}),0.02223313647743744,0.25050611531043737,0.021646162507936127,0.9735991379310344,3.88652842556163,1.0,0.016076625857806493,28.388992856812695,0.7595890146771338,0.08620771909737128,0.9647750800796715,0.5300044274199931,acousticness_very_high|danceability_very_low|liveness_low|loudness_very_low|valence_very_low,energy_very_low
"frozenset({'energy_very_low', 'liveness_low', 'valence_very_low', 'danceability_very_low'})","frozenset({'loudness_very_low', 'acousticness_very_high'})",0.028402352687502245,0.15069658237401024,0.021646162507936127,0.762125685364825,5.0573521533044685,1.0,0.017366025026548253,3.570387239700747,0.8257204745268621,0.13747717589774802,0.719918335781467,0.4528831924439387,danceability_very_low|energy_very_low|liveness_low|valence_very_low,acousticness_very_high|loudness_very_low
"frozenset({'loudness_very_low', 'liveness_low', 'acousticness_very_high', 'danceability_very_low'})","frozenset({'energy_very_low', 'valence_very_low'})",0.0295643215659028,0.10502042429832653,0.021646162507936127,0.7321717990275527,6.971708635909783,1.0,0.01854130491299285,3.3416181434670653,0.8826583341893414,0.19166313109885447,0.7007437842785773,0.4691428175016855,acousticness_very_high|danceability_very_low|liveness_low|loudness_very_low,energy_very_low|valence_very_low
"frozenset({'liveness_low', 'valence_very_low', 'acousticness_very_high', 'danceability_very_low'})","frozenset({'energy_very_low', 'loudness_very_low'})",0.025036236658321255,0.17769738497107057,0.021646162507936127,0.8645933014354067,4.865537563066355,1.0,0.017197288724235586,6.072835566821422,0.814874248625261,0.11953429913342595,0.8353322778137711,0.49320402566714383,acousticness_very_high|danceability_very_low|liveness_low|valence_very_low,energy_very_low|loudness_very_low
"frozenset({'loudness_very_low', 'liveness_low', 'valence_very_low', 'danceability_very_low'})","frozenset({'energy_very_low', 'acousticness_very_high'})",0.026114352112507337,0.17666718575929274,0.021646162507936127,0.8288990825688073,4.691867813517865,1.0,0.017032613412292216,4.811971943819682,0.8079647414100811,0.11950267839428609,0.7921849895063576,0.4757120853581764,danceability_very_low|liveness_low|loudness_very_low|valence_very_low,acousticness_very_high|energy_very_low
"frozenset({'valence_very_low', 'mode_1', 'acousticness_very_high', 'liveness_low'})",frozenset({'loudness_very_low'}),0.026258100839732148,0.25000299476515053,0.021610225326129925,0.822992700729927,3.2919313686743448,1.0,0.015045621479351574,4.237096483182449,0.7150015423984171,0.08486216953617462,0.7639893252445108,0.4547162832830277,acousticness_very_high|liveness_low|mode_1|valence_very_low,loudness_very_low
"frozenset({'loudness_very_low', 'mode_1', 'valence_very_low', 'liveness_low'})",frozenset({'acousticness_very_high'}),0.027827357778603002,0.24975143449250709,0.021610225326129925,0.7765820060266897,3.1094196019522293,1.0,0.0146603028027876,3.3580489743235193,0.6978149183871767,0.08442530887308125,0.7022080357832033,0.4315544688870079,liveness_low|loudness_very_low|mode_1|valence_very_low,acousticness_very_high
"frozenset({'valence_very_high', 'danceability_very_high', 'duration_ms_low'})",frozenset({'instrumentalness_low'}),0.03028306520202686,0.5000539057727093,0.021598246265527858,0.7132120253164557,1.4262702822295996,1.0,0.006455081232484708,1.7432603120090908,0.3082039803143515,0.042454496220772804,0.4263622058558142,0.37820193063446395,danceability_very_high|duration_ms_low|valence_very_high,instrumentalness_low
"frozenset({'acousticness_very_low', 'loudness_very_high', 'tempo_high'})",frozenset({'energy_very_high'}),0.027551839384755448,0.2486014446747086,0.021598246265527858,0.7839130434782609,3.1532923893664404,1.0,0.01474881919103212,3.477297137320262,0.7022185595253075,0.08484705882352943,0.7124203194292915,0.4353960244616284,acousticness_very_low|loudness_very_high|tempo_high,energy_very_high
"frozenset({'energy_very_low', 'acousticness_very_high', 'instrumentalness_high', 'liveness_low', 'mode_1'})",frozenset({'loudness_very_low'}),0.022436780507672588,0.25000299476515053,0.021598246265527858,0.9626268019220502,3.850461082781544,1.0,0.015988983945721357,20.067777011498187,0.7572818092217481,0.08610315186246417,0.9501688702526926,0.5245093760448775,acousticness_very_high|energy_very_low|instrumentalness_high|liveness_low|mode_1,loudness_very_low
"frozenset({'energy_very_low', 'instrumentalness_high', 'loudness_very_low', 'liveness_low', 'mode_1'})",frozenset({'acousticness_very_high'}),0.025299775991566742,0.24975143449250709,0.021598246265527858,0.8536931818181819,3.418171285193535,1.0,0.015279590919294973,5.127912525410439,0.7258087046576646,0.08521599395027886,0.8049888731438608,0.47008607481719206,energy_very_low|instrumentalness_high|liveness_low|loudness_very_low|mode_1,acousticness_very_high
"frozenset({'acousticness_very_high', 'instrumentalness_high', 'loudness_very_low', 'liveness_low', 'mode_1'})",frozenset({'energy_very_low'}),0.02272427796212221,0.25050611531043737,0.021598246265527858,0.9504480759093306,3.7941112724194244,1.0,0.01590567567000204,15.125424460171292,0.7535577208075803,0.08583261925164239,0.9338861529054454,0.5183332575415054,acousticness_very_high|instrumentalness_high|liveness_low|loudness_very_low|mode_1,energy_very_low
"frozenset({'energy_very_low', 'liveness_low', 'mode_1', 'instrumentalness_high'})","frozenset({'loudness_very_low', 'acousticness_very_high'})",0.02714455132428515,0.15069658237401024,0.021598246265527858,0.79567519858782,5.279981709293531,1.0,0.017507655150882172,4.156634005055061,0.8332228653479772,0.13823506861918272,0.7594207238876801,0.46949896654351253,energy_very_low|instrumentalness_high|liveness_low|mode_1,acousticness_very_high|loudness_very_low
"frozenset({'liveness_low', 'mode_1', 'acousticness_very_high', 'instrumentalness_high'})","frozenset({'energy_very_low', 'loudness_very_low'})",0.024497178931228214,0.17769738497107057,0.021598246265527858,0.8816625916870415,4.961595759164254,1.0,0.017245161630280198,6.948796891463472,0.8185029532539927,0.11959405677898648,0.8560901958109483,0.5016038453918557,acousticness_very_high|instrumentalness_high|liveness_low|mode_1,energy_very_low|loudness_very_low
"frozenset({'loudness_very_low', 'liveness_low', 'mode_1', 'instrumentalness_high'})","frozenset({'energy_very_low', 'acousticness_very_high'})",0.03060649983828268,0.17666718575929274,0.021598246265527858,0.7056751467710373,3.9943758867168038,1.0,0.01619108207315621,2.797360824980063,0.7733165096216899,0.11632258064516131,0.6425201957966481,0.4139645058509377,instrumentalness_high|liveness_low|loudness_very_low|mode_1,acousticness_very_high|energy_very_low
"frozenset({'energy_very_low', 'duration_ms_very_low', 'danceability_very_low'})",frozenset({'mode_1'}),0.030474730171659938,0.6337522011523856,0.021550330023119586,0.7071540880503144,1.1158211155155884,1.0,0.0022369026973050807,1.2506502017024577,0.10706167525852048,0.03353215284249767,0.20041591274783147,0.37057921773274627,danceability_very_low|duration_ms_very_low|energy_very_low,mode_1
"frozenset({'duration_ms_very_high', 'valence_very_low', 'acousticness_very_high'})",frozenset({'energy_very_low'}),0.024533116113034416,0.25050611531043737,0.02153835096251752,0.8779296875,3.5046237750005975,1.0,0.01539265534858137,6.139853903376897,0.7326365242394084,0.08496361402513937,0.8371296751132786,0.48195451475229534,acousticness_very_high|duration_ms_very_high|valence_very_low,energy_very_low
"frozenset({'energy_very_low', 'instrumentalness_low', 'danceability_very_low'})",frozenset({'acousticness_very_high'}),0.028965368535799424,0.24975143449250709,0.02152637190191545,0.7431761786600496,2.9756633036770244,1.0,0.014292229559495415,2.9212576995122665,0.6837454116202891,0.08369818351187705,0.6576816895794713,0.41468368144475454,danceability_very_low|energy_very_low|instrumentalness_low,acousticness_very_high
"frozenset({'instrumentalness_low', 'acousticness_very_high', 'danceability_very_low'})",frozenset({'energy_very_low'}),0.027959127445225745,0.25050611531043737,0.02152637190191545,0.7699228791773779,3.0734693970375058,1.0,0.014522439498142517,3.2575767725613396,0.6940395349490304,0.08378012960977202,0.6930233514608072,0.4279272008740753,acousticness_very_high|danceability_very_low|instrumentalness_low,energy_very_low
"frozenset({'instrumentalness_low', 'valence_very_low', 'danceability_very_low'})",frozenset({'mode_1'}),0.03017525365660825,0.6337522011523856,0.021502413780711317,0.7125843588725684,1.1243895604257281,1.0,0.0023787803555042654,1.274279289084448,0.11407063703524281,0.03347069682447929,0.21524267986927262,0.3732565495336285,danceability_very_low|instrumentalness_low|valence_very_low,mode_1
"frozenset({'danceability_very_low', 'speechiness_low', 'tempo_very_low'})",frozenset({'energy_very_low'}),0.02862995483894153,0.25050611531043737,0.021502413780711317,0.7510460251046025,2.9981145337465143,1.0,0.014330435012494815,3.010572074635386,0.686100052176241,0.08346119867949969,0.667837216579141,0.41844095440386975,danceability_very_low|speechiness_low|tempo_very_low,energy_very_low
"frozenset({'energy_very_low', 'mode_0', 'liveness_low'})",frozenset({'loudness_very_low'}),0.028617975778339463,0.25000299476515053,0.021502413780711317,0.7513604018417748,3.0054056054312177,1.0,0.01434783413200991,3.016402096811541,0.6869246007823075,0.0836284010436079,0.6684792120198296,0.4186845133310455,energy_very_low|liveness_low|mode_0,loudness_very_low
"frozenset({'loudness_very_low', 'mode_0', 'liveness_low'})",frozenset({'energy_very_low'}),0.028785682626768408,0.25050611531043737,0.021502413780711317,0.7469829379941739,2.9818950210795543,1.0,0.014291424249320415,2.9622266528108865,0.6843420410520284,0.08341078066914498,0.6624161088243905,0.41640941084865546,liveness_low|loudness_very_low|mode_0,energy_very_low
"frozenset({'mode_1', 'speechiness_low', 'acousticness_very_high', 'instrumentalness_high'})",frozenset({'loudness_very_low'}),0.02286802668934702,0.25000299476515053,0.02149043472010925,0.9397590361445783,3.758991115395939,1.0,0.015773359563403103,12.449950286898506,0.7511484551572819,0.08548963545389564,0.919678394133643,0.5128598726482355,acousticness_very_high|instrumentalness_high|mode_1|speechiness_low,loudness_very_low
"frozenset({'loudness_very_low', 'mode_1', 'speechiness_low', 'instrumentalness_high'})",frozenset({'acousticness_very_high'}),0.028953389475197357,0.24975143449250709,0.02149043472010925,0.7422424493173355,2.971924669123788,1.0,0.014259284165258453,2.910675413854912,0.6833016139400517,0.08355067064083457,0.6564371295954312,0.4141448708767118,instrumentalness_high|loudness_very_low|mode_1|speechiness_low,acousticness_very_high
"frozenset({'duration_ms_very_low', 'mode_1', 'acousticness_very_high', 'instrumentalness_high'})",frozenset({'loudness_very_low'}),0.023982079325339307,0.25000299476515053,0.021466476598905115,0.8951048951048951,3.580376690870222,1.0,0.015470884946874888,7.149971449905565,0.738408346834076,0.08500948766603415,0.8601393016732665,0.4904848864599703,acousticness_very_high|duration_ms_very_low|instrumentalness_high|mode_1,loudness_very_low
"frozenset({'loudness_very_low', 'duration_ms_very_low', 'mode_1', 'instrumentalness_high'})",frozenset({'acousticness_very_high'}),0.028318499263287774,0.24975143449250709,0.021466476598905115,0.7580372250423012,3.0351666511250546,1.0,0.014393890785223988,3.1006776378666316,0.6900705622969153,0.08365622519957051,0.6774898532541317,0.4219942948080708,duration_ms_very_low|instrumentalness_high|loudness_very_low|mode_1,acousticness_very_high
"frozenset({'acousticness_very_low', 'speechiness_very_high', 'mode_1', 'danceability_very_low'})",frozenset({'energy_very_high'}),0.02301177541657183,0.2486014446747086,0.021454497538303047,0.9323269130661115,3.7502875909914675,1.0,0.015733736925213345,11.103358652152973,0.7506270436296126,0.08576353972130442,0.9099371612384963,0.5093138444287817,acousticness_very_low|danceability_very_low|mode_1|speechiness_very_high,energy_very_high
"frozenset({'mode_1', 'speechiness_very_high', 'energy_very_high', 'danceability_very_low'})",frozenset({'acousticness_very_low'}),0.0264617448699673,0.2504581990680291,0.021454497538303047,0.8107741059302852,3.2371633627776104,1.0,0.014826936573973382,3.9610953068390526,0.7098720225685804,0.08398199381037233,0.7475445747863111,0.4482175484692559,danceability_very_low|energy_very_high|mode_1|speechiness_very_high,acousticness_very_low
"frozenset({'energy_very_low', 'mode_0', 'acousticness_very_high', 'danceability_very_low'})",frozenset({'loudness_very_low'}),0.0247607182644737,0.25000299476515053,0.02143053941709891,0.8655055636187711,3.461980783197479,1.0,0.015240285698444322,5.576416582087887,0.7292036266986623,0.08459428787592208,0.820673368770167,0.47561334721427295,acousticness_very_high|danceability_very_low|energy_very_low|mode_0,loudness_very_low
"frozenset({'energy_very_low', 'loudness_very_low', 'mode_0', 'danceability_very_low'})",frozenset({'acousticness_very_high'}),0.02570706405203704,0.24975143449250709,0.02143053941709891,0.8336439888164026,3.3378946972231027,1.0,0.015010163293511897,4.509897539437197,0.7188905265675302,0.08436291615580495,0.7782654724956807,0.4597257307984358,danceability_very_low|energy_very_low|loudness_very_low|mode_0,acousticness_very_high
"frozenset({'loudness_very_low', 'mode_0', 'acousticness_very_high', 'danceability_very_low'})",frozenset({'energy_very_low'}),0.023239377568011116,0.25050611531043737,0.02143053941709891,0.9221649484536082,3.6812073322474537,1.0,0.015608933220303926,9.629259180779805,0.7456791107398969,0.0849356691829274,0.8961498510709919,0.5038569577769189,acousticness_very_high|danceability_very_low|loudness_very_low|mode_0,energy_very_low
"frozenset({'mode_0', 'acousticness_very_high', 'danceability_very_low'})","frozenset({'energy_very_low', 'loudness_very_low'})",0.029204949747840773,0.17769738497107057,0.02143053941709891,0.7337981952420016,4.1294822394908355,1.0,0.016240896218696076,3.0890196848082123,0.7806373657251201,0.11554608280049085,0.676272700715377,0.42719975826546625,acousticness_very_high|danceability_very_low|mode_0,energy_very_low|loudness_very_low
"frozenset({'acousticness_very_high', 'speechiness_low', 'liveness_low'})",frozenset({'mode_1'}),0.030414834868649602,0.6337522011523856,0.021406581295894775,0.7038204017329657,1.1105608792413995,1.0,0.0021311127502017593,1.236573352758102,0.10267699522219947,0.033304135527517376,0.19131364284248845,0.3687989637433376,acousticness_very_high|liveness_low|speechiness_low,mode_1
"frozenset({'acousticness_very_low', 'mode_0', 'tempo_very_high'})",frozenset({'energy_very_high'}),0.030127337414199977,0.2486014446747086,0.021370644114088573,0.7093439363817098,2.85333794946315,1.0,0.013880944508716058,2.585181076119163,0.6697098519454918,0.08303854030906722,0.6131799009216075,0.3976537057709638,acousticness_very_low|mode_0|tempo_very_high,energy_very_high
"frozenset({'tempo_very_high', 'key_very_low', 'energy_very_high'})",frozenset({'mode_1'}),0.027827357778603002,0.6337522011523856,0.02134668599288444,0.7671114937580715,1.2104281332091495,1.0,0.003711036748439825,1.5726314911700712,0.17882218524808102,0.03334206488792426,0.3641231238120643,0.40039725524308456,energy_very_high|key_very_low|tempo_very_high,mode_1
"frozenset({'acousticness_very_low', 'speechiness_high', 'danceability_very_low'})",frozenset({'energy_very_high'}),0.027659650930174057,0.2486014446747086,0.02133470693228237,0.7713295799047206,3.102675372277077,1.0,0.014458477751842953,3.2859455762236696,0.6969756115242429,0.08368967623701894,0.6956735962896753,0.4285742488257762,acousticness_very_low|danceability_very_low|speechiness_high,energy_very_high
"frozenset({'speechiness_high', 'energy_very_high', 'danceability_very_low'})",frozenset({'acousticness_very_low'}),0.02725236286970376,0.2504581990680291,0.02133470693228237,0.7828571428571428,3.125699800486485,1.0,0.014509129207587942,3.451837241134076,0.699124436356916,0.08321652182039063,0.7102992029625772,0.4340199240208806,danceability_very_low|energy_very_high|speechiness_high,acousticness_very_low
"frozenset({'speechiness_very_low', 'instrumentalness_low', 'key_low'})",frozenset({'mode_1'}),0.02858203859653326,0.6337522011523856,0.0212867906898741,0.7447611064543168,1.1751613723787906,1.0,0.0031728608158987023,1.4349215895737402,0.15343862647651305,0.033206263781440364,0.3030978087819688,0.3891748070784012,instrumentalness_low|key_low|speechiness_very_low,mode_1
"frozenset({'loudness_very_low', 'key_very_low', 'liveness_low'})",frozenset({'mode_1'}),0.028510164232920854,0.6337522011523856,0.0212867906898741,0.7466386554621849,1.1781239640738632,1.0,0.0032184113520444917,1.4455551596307168,0.15562992223813263,0.03320998729161994,0.3082242532651185,0.3901135815823352,key_very_low|liveness_low|loudness_very_low,mode_1
"frozenset({'energy_very_low', 'liveness_low', 'acousticness_very_high', 'tempo_very_low'})",frozenset({'mode_1'}),0.03006744211118964,0.6337522011523856,0.0212867906898741,0.7079681274900398,1.1171055914325874,1.0,0.00223148306888573,1.2541363916882837,0.10807913709070563,0.033129497744136614,0.20263855938840297,0.3707783175962627,acousticness_very_high|energy_very_low|liveness_low|tempo_very_low,mode_1
"frozenset({'energy_very_low', 'liveness_low', 'mode_1', 'tempo_very_low'})",frozenset({'acousticness_very_high'}),0.026713305142610718,0.24975143449250709,0.0212867906898741,0.7968609865470851,3.1906162547826815,1.0,0.014615104410471005,3.693276602829379,0.7054251610961345,0.0834193972396958,0.7292377182814007,0.44104644607703436,energy_very_low|liveness_low|mode_1|tempo_very_low,acousticness_very_high
"frozenset({'liveness_low', 'mode_1', 'acousticness_very_high', 'tempo_very_low'})",frozenset({'energy_very_low'}),0.024341451143401336,0.25050611531043737,0.0212867906898741,0.8745078740157479,3.4909641743955917,1.0,0.015189108322921826,5.972437543879177,0.7313482647111091,0.08395143383568761,0.8325641762424381,0.4797415039550813,acousticness_very_high|liveness_low|mode_1|tempo_very_low,energy_very_low
"frozenset({'acousticness_very_low', 'loudness_very_high', 'key_very_low', 'energy_very_high'})",frozenset({'mode_1'}),0.02798308556642988,0.6337522011523856,0.0212867906898741,0.7607020547945205,1.200314655177994,1.0,0.00355244861711361,1.5305095851664166,0.17168952252542108,0.03323731856950471,0.34662284399135784,0.397145281248503,acousticness_very_low|energy_very_high|key_very_low|loudness_very_high,mode_1
"frozenset({'acousticness_very_low', 'mode_1', 'key_very_low', 'loudness_very_high'})",frozenset({'energy_very_high'}),0.02600654056708873,0.2486014446747086,0.0212867906898741,0.8185168125287885,3.292486146248289,1.0,0.014821527133904425,4.1403204660182915,0.7148694256890831,0.08403083179647232,0.7584728022365643,0.45207149352888615,acousticness_very_low|key_very_low|loudness_very_high|mode_1,energy_very_high
"frozenset({'instrumentalness_low', 'duration_ms_very_high', 'key_very_low'})",frozenset({'mode_1'}),0.02807891805124642,0.6337522011523856,0.0212867906898741,0.7581058020477816,1.1962180181296052,1.0,0.003491714568919224,1.5140826111090089,0.168770890786627,0.03323234590065829,0.3395340566869483,0.39584715487513356,duration_ms_very_high|instrumentalness_low|key_very_low,mode_1
"frozenset({'loudness_low', 'key_high', 'instrumentalness_low'})",frozenset({'mode_1'}),0.029696091232525545,0.6337522011523856,0.02127481162927203,0.7164179104477612,1.130438535984664,1.0,0.0024548484450369057,1.2915053959363243,0.11891898148148139,0.03312938367407849,0.22570977779383314,0.3749937581725622,instrumentalness_low|key_high|loudness_low,mode_1
"frozenset({'acousticness_high', 'mode_0', 'speechiness_very_high'})",frozenset({'instrumentalness_low'}),0.02853412235412499,0.5000539057727093,0.021250853508067897,0.744752308984047,1.4893440494844592,1.0,0.006982254177091323,1.95867038889705,0.33821411326720124,0.04188704193426521,0.4894495747377324,0.39362471715971226,acousticness_high|mode_0|speechiness_very_high,instrumentalness_low
"frozenset({'valence_very_high', 'acousticness_high', 'mode_0'})",frozenset({'instrumentalness_low'}),0.029684112171923478,0.5000539057727093,0.021250853508067897,0.7158999192897498,1.4316454906666594,1.0,0.006407197277102343,1.7597534396239014,0.3107267023733072,0.04179231059178289,0.4317385734369002,0.3791985223125637,acousticness_high|mode_0|valence_very_high,instrumentalness_low
"frozenset({'speechiness_very_low', 'valence_low', 'acousticness_very_high'})",frozenset({'mode_1'}),0.02739611159692857,0.6337522011523856,0.021214916326261695,0.7743769129864451,1.2218922657441726,1.0,0.003852570298691814,1.6232727053575462,0.18671243697590256,0.033151756799760394,0.38396056515979093,0.40392600492909814,acousticness_very_high|speechiness_very_low|valence_low,mode_1
"frozenset({'valence_very_low', 'mode_1', 'speechiness_low', 'acousticness_very_high'})",frozenset({'loudness_very_low'}),0.023670623749685548,0.25000299476515053,0.021214916326261695,0.8962550607287451,3.584977298254667,1.0,0.01529718950088121,7.229239426068606,0.738539905966125,0.0840332147093713,0.8616728619619369,0.49055685475344774,acousticness_very_high|mode_1|speechiness_low|valence_very_low,loudness_very_low
"frozenset({'loudness_very_low', 'valence_very_low', 'mode_1', 'speechiness_low'})",frozenset({'acousticness_very_high'}),0.02664143077899831,0.24975143449250709,0.021214916326261695,0.7963129496402878,3.1884219254171224,1.0,0.014561180772274036,3.683339535736565,0.7051514668549607,0.08313773354614591,0.7285072444997859,0.4406285358302643,loudness_very_low|mode_1|speechiness_low|valence_very_low,acousticness_very_high
"frozenset({'duration_ms_very_high', 'key_very_low', 'instrumentalness_high'})",frozenset({'mode_1'}),0.029204949747840773,0.6337522011523856,0.021214916326261695,0.7264150943396227,1.146213130335079,1.0,0.0027062151390227947,1.338698850960246,0.1313994183159174,0.03305831404465019,0.25300600707716897,0.37994509560568696,duration_ms_very_high|instrumentalness_high|key_very_low,mode_1
"frozenset({'loudness_very_low', 'duration_ms_very_low', 'speechiness_low'})",frozenset({'acousticness_very_high'}),0.02660549359719211,0.24975143449250709,0.021202937265659628,0.7969383160738406,3.190925880739035,1.0,0.014558177074379685,3.694683068718717,0.7053782727068819,0.08309859154929579,0.7293407901569238,0.4409172370814788,duration_ms_very_low|loudness_very_low|speechiness_low,acousticness_very_high
"frozenset({'duration_ms_very_low', 'speechiness_low', 'acousticness_very_high'})",frozenset({'loudness_very_low'}),0.02809089711184849,0.25000299476515053,0.021202937265659628,0.7547974413646056,3.0191535988344946,1.0,0.014180128862057788,3.0586834387403865,0.6881109983498039,0.0825367218465843,0.6730619496825682,0.4198040872371662,acousticness_very_high|duration_ms_very_low|speechiness_low,loudness_very_low
"frozenset({'valence_very_high', 'energy_high', 'key_very_low'})",frozenset({'mode_1'}),0.028066938990644354,0.6337522011523856,0.02119095820505756,0.7550149381135297,1.191340932213956,1.0,0.003403473840126986,1.4949801266549838,0.16524771645683872,0.033078404607416,0.3310947870340599,0.3942261156875181,energy_high|key_very_low|valence_very_high,mode_1
"frozenset({'energy_very_low', 'tempo_very_low', 'danceability_very_low', 'loudness_very_low', 'mode_1'})",frozenset({'valence_very_low'}),0.028174750536062963,0.2507217384012746,0.021167000083853423,0.7512755102040816,2.9964514245736513,1.0,0.014102977650429473,3.0124828568892337,0.6855881897889122,0.08212874738554496,0.6680479035048766,0.41784989079243734,danceability_very_low|energy_very_low|loudness_very_low|mode_1|tempo_very_low,valence_very_low
"frozenset({'energy_very_low', 'tempo_very_low', 'danceability_very_low', 'mode_1', 'valence_very_low'})",frozenset({'loudness_very_low'}),0.024149786173768253,0.25000299476515053,0.021167000083853423,0.8764880952380952,3.5059103834394323,1.0,0.015129481217473333,6.072264909853239,0.73245603788127,0.08366873431507173,0.8353168027341269,0.48057754067127567,danceability_very_low|energy_very_low|mode_1|tempo_very_low|valence_very_low,loudness_very_low
"frozenset({'energy_very_low', 'tempo_very_low', 'loudness_very_low', 'mode_1', 'valence_very_low'})",frozenset({'danceability_very_low'}),0.026533619233579702,0.2516321470070317,0.021167000083853423,0.7977426636568848,3.1702732466634815,1.0,0.014490288508240691,3.700077666025501,0.7032289862615496,0.08236226344737578,0.7297354028046211,0.44093074342512906,energy_very_low|loudness_very_low|mode_1|tempo_very_low|valence_very_low,danceability_very_low
"frozenset({'tempo_very_low', 'danceability_very_low', 'loudness_very_low', 'mode_1', 'valence_very_low'})",frozenset({'energy_very_low'}),0.023383126295235927,0.25050611531043737,0.021167000083853423,0.9052254098360656,3.613586074392928,1.0,0.015309383951820531,7.908173313048792,0.7405837525024346,0.08375598426316537,0.8735485477600797,0.4948611746961506,danceability_very_low|loudness_very_low|mode_1|tempo_very_low|valence_very_low,energy_very_low
"frozenset({'loudness_very_low', 'mode_1', 'valence_very_low', 'tempo_very_low'})","frozenset({'energy_very_low', 'danceability_very_low'})",0.029660154050719343,0.09933037051234442,0.021167000083853423,0.7136510500807753,7.184620840532205,1.0,0.018220845992542256,3.1453568443038566,0.8871261071950488,0.1963115209421175,0.682071049645458,0.4633740055034846,loudness_very_low|mode_1|tempo_very_low|valence_very_low,danceability_very_low|energy_very_low
"frozenset({'energy_very_low', 'duration_ms_very_low', 'mode_1', 'instrumentalness_high'})",frozenset({'acousticness_very_high'}),0.025826854658057716,0.24975143449250709,0.021107104780843086,0.8172541743970315,3.2722701915914336,1.0,0.014656810781563683,4.105421084350645,0.7128114409541314,0.08294497010780022,0.7564196267681591,0.45088331051857905,duration_ms_very_low|energy_very_low|instrumentalness_high|mode_1,acousticness_very_high
"frozenset({'duration_ms_very_low', 'mode_1', 'acousticness_very_high', 'instrumentalness_high'})",frozenset({'energy_very_low'}),0.023982079325339307,0.25050611531043737,0.021107104780843086,0.8801198801198801,3.513366845472813,1.0,0.015099447251985582,6.252028154785433,0.7329504087537528,0.0833018154311649,0.8400519039194377,0.4821888612535131,acousticness_very_high|duration_ms_very_low|instrumentalness_high|mode_1,energy_very_low
"frozenset({'energy_very_low', 'mode_1', 'speechiness_low', 'instrumentalness_high'})",frozenset({'acousticness_very_high'}),0.02444926268881994,0.24975143449250709,0.02109512572024102,0.8628123468887801,3.4546842489293716,1.0,0.014988887291424106,5.46877615071712,0.7283454549559683,0.0833451654124663,0.8171437315332664,0.47363841479889146,energy_very_low|instrumentalness_high|mode_1|speechiness_low,acousticness_very_high
"frozenset({'mode_1', 'speechiness_low', 'acousticness_very_high', 'instrumentalness_high'})",frozenset({'energy_very_low'}),0.02286802668934702,0.25050611531043737,0.02109512572024102,0.9224724986904139,3.6824350477322616,1.0,0.015366545189477294,9.667458282921466,0.7454884086625638,0.08361823361823362,0.8965601949618338,0.503341260821871,acousticness_very_high|instrumentalness_high|mode_1|speechiness_low,energy_very_low
"frozenset({'tempo_very_low', 'danceability_very_low', 'acousticness_very_high', 'instrumentalness_high'})",frozenset({'valence_very_low'}),0.025084152900729524,0.2507217384012746,0.02109512572024102,0.8409742120343839,3.3542133896998725,1.0,0.014805983298646738,4.711677717080273,0.7199262470355899,0.08281992193011334,0.787761375024674,0.46255590678164493,acousticness_very_high|danceability_very_low|instrumentalness_high|tempo_very_low,valence_very_low
"frozenset({'tempo_very_low', 'valence_very_low', 'acousticness_very_high', 'instrumentalness_high'})",frozenset({'danceability_very_low'}),0.025419566597587418,0.2516321470070317,0.02109512572024102,0.8298774740810556,3.2979787517286705,1.0,0.014698745601301869,4.398993307620716,0.7149578971969064,0.08241681097018769,0.7726752622542931,0.45685533229902536,acousticness_very_high|instrumentalness_high|tempo_very_low|valence_very_low,danceability_very_low
"frozenset({'tempo_very_low', 'danceability_very_low', 'valence_very_low', 'instrumentalness_high'})",frozenset({'acousticness_very_high'}),0.02995963056577103,0.24975143449250709,0.02109512572024102,0.7041183526589364,2.8192765102218504,1.0,0.013612665009574143,2.535637381532756,0.6652290877469837,0.08156931770809209,0.6056218419545801,0.39429141768396964,danceability_very_low|instrumentalness_high|tempo_very_low|valence_very_low,acousticness_very_high
"frozenset({'energy_high', 'duration_ms_low', 'loudness_very_high'})",frozenset({'instrumentalness_low'}),0.026617472657794176,0.5000539057727093,0.02109512572024102,0.7925292529252925,1.5848876366651614,1.0,0.007784954555912745,2.409718484540217,0.3791319787889571,0.041724914109702645,0.5850137655433209,0.4173574781299517,duration_ms_low|energy_high|loudness_very_high,instrumentalness_low
"frozenset({'duration_ms_very_low', 'acousticness_very_high', 'danceability_very_low'})",frozenset({'mode_1'}),0.030103379292995842,0.6337522011523856,0.02109512572024102,0.7007560684440908,1.105725656131637,1.0,0.002017042831179757,1.2239105299256052,0.09858425441246693,0.032819576196954726,0.1829468122471464,0.36702107363230907,acousticness_very_high|danceability_very_low|duration_ms_very_low,mode_1
"frozenset({'liveness_very_high', 'instrumentalness_low', 'danceability_very_low'})",frozenset({'mode_1'}),0.02977994465674002,0.6337522011523856,0.02109512572024102,0.7083668543845535,1.1177347441105405,1.0,0.0022220202438358073,1.2558510730140267,0.10856645213266482,0.032836099198209956,0.20372724004605683,0.3708264666025404,danceability_very_low|instrumentalness_low|liveness_very_high,mode_1
"frozenset({'speechiness_very_high', 'loudness_very_high', 'instrumentalness_medium'})",frozenset({'energy_very_high'}),0.024652906719055092,0.2486014446747086,0.02109512572024102,0.8556851311953353,3.44199581106613,1.0,0.014966377494453093,5.206660696496464,0.7274034945758084,0.08365795724465559,0.8079383201073781,0.47027016642646347,instrumentalness_medium|loudness_very_high|speechiness_very_high,energy_very_high
"frozenset({'speechiness_very_low', 'loudness_low', 'acousticness_very_high'})",frozenset({'mode_1'}),0.027096635081876878,0.6337522011523856,0.021059188538434817,0.7771883289124669,1.22632840958858,1.0,0.0038866364114723932,1.6437550019708413,0.18969792341177089,0.032915800707745885,0.3916368322523656,0.40520885115881355,acousticness_very_high|loudness_low|speechiness_very_low,mode_1
"frozenset({'danceability_very_low', 'speechiness_low', 'tempo_very_low'})",frozenset({'acousticness_very_high'}),0.02862995483894153,0.24975143449250709,0.021059188538434817,0.7355648535564854,2.945187702529706,1.0,0.013908816247953475,2.837174163865361,0.679929415327596,0.08183976537405149,0.6475366183944091,0.40994272223605843,danceability_very_low|speechiness_low|tempo_very_low,acousticness_very_high
"frozenset({'energy_very_low', 'acousticness_very_high', 'mode_1', 'liveness_low', 'valence_very_low'})",frozenset({'loudness_very_low'}),0.02466488577965716,0.25000299476515053,0.02104720947783275,0.8533268576979117,3.4132665430648763,1.0,0.014880914167378086,5.11339017807469,0.7249052217280998,0.0829869639146042,0.804435029369004,0.46875734355906606,acousticness_very_high|energy_very_low|liveness_low|mode_1|valence_very_low,loudness_very_low
"frozenset({'energy_very_low', 'loudness_very_low', 'liveness_low', 'mode_1', 'valence_very_low'})",frozenset({'acousticness_very_high'}),0.02501227853711712,0.24975143449250709,0.02104720947783275,0.8414750957854407,3.369250300785304,1.0,0.014800357033261602,4.732685815044246,0.7212378701021811,0.08295561850802644,0.7887034890798786,0.46287386138497416,energy_very_low|liveness_low|loudness_very_low|mode_1|valence_very_low,acousticness_very_high
"frozenset({'acousticness_very_high', 'mode_1', 'loudness_very_low', 'liveness_low', 'valence_very_low'})",frozenset({'energy_very_low'}),0.021610225326129925,0.25050611531043737,0.02104720947783275,0.9739467849223947,3.8879162040233637,1.0,0.015633715880400714,28.76780782936114,0.7591992779243775,0.08383033541676606,0.9652389224117599,0.5289827650702257,acousticness_very_high|liveness_low|loudness_very_low|mode_1|valence_very_low,energy_very_low
"frozenset({'valence_very_low', 'mode_1', 'acousticness_very_high', 'liveness_low'})","frozenset({'energy_very_low', 'loudness_very_low'})",0.026258100839732148,0.17769738497107057,0.02104720947783275,0.801551094890511,4.510764719587769,1.0,0.016381213624305675,4.143649039410147,0.7992960977889153,0.1150697491649748,0.7586668198756642,0.4599976048808764,acousticness_very_high|liveness_low|mode_1|valence_very_low,energy_very_low|loudness_very_low
"frozenset({'loudness_very_low', 'mode_1', 'valence_very_low', 'liveness_low'})","frozenset({'energy_very_low', 'acousticness_very_high'})",0.027827357778603002,0.17666718575929274,0.02104720947783275,0.7563495479982781,4.281211277281548,1.0,0.016131028491969995,3.3791557022635397,0.7883591984834509,0.11473161812720388,0.7040680903427603,0.43774217296849083,liveness_low|loudness_very_low|mode_1|valence_very_low,acousticness_very_high|energy_very_low
"frozenset({'energy_very_low', 'acousticness_very_high', 'instrumentalness_high', 'liveness_low', 'valence_very_low'})",frozenset({'loudness_very_low'}),0.021658141568538194,0.25000299476515053,0.02103523041723068,0.9712389380530972,3.884909214649473,1.0,0.015620630164048535,26.076818951242366,0.7590329710272358,0.08393079055539622,0.9616517642788498,0.527689425902447,acousticness_very_high|energy_very_low|instrumentalness_high|liveness_low|valence_very_low,loudness_very_low
"frozenset({'energy_very_low', 'instrumentalness_high', 'loudness_very_low', 'liveness_low', 'valence_very_low'})",frozenset({'acousticness_very_high'}),0.025239880688556402,0.24975143449250709,0.02103523041723068,0.8334124347413384,3.3369675591046186,1.0,0.014731534008843989,4.503628853345549,0.7184605835098897,0.08283018867924527,0.7779568360174389,0.4588185488973611,energy_very_low|instrumentalness_high|liveness_low|loudness_very_low|valence_very_low,acousticness_very_high
"frozenset({'acousticness_very_high', 'instrumentalness_high', 'loudness_very_low', 'liveness_low', 'valence_very_low'})",frozenset({'energy_very_low'}),0.021969597144191954,0.25050611531043737,0.02103523041723068,0.9574700109051253,3.822142264745072,1.0,0.015531711981703875,17.62271518616223,0.7549526249188979,0.08365888518342066,0.9432550552263805,0.520720468344682,acousticness_very_high|instrumentalness_high|liveness_low|loudness_very_low|valence_very_low,energy_very_low
"frozenset({'energy_very_low', 'liveness_low', 'valence_very_low', 'instrumentalness_high'})","frozenset({'loudness_very_low', 'acousticness_very_high'})",0.026593514536590042,0.15069658237401024,0.02103523041723068,0.7909909909909909,5.248898007705638,1.0,0.017027678663253,4.063477558469173,0.8315989585425562,0.13462128181539404,0.7539053715417273,0.4652888182299947,energy_very_low|instrumentalness_high|liveness_low|valence_very_low,acousticness_very_high|loudness_very_low
"frozenset({'liveness_low', 'valence_very_low', 'acousticness_very_high', 'instrumentalness_high'})","frozenset({'energy_very_low', 'loudness_very_low'})",0.022999796355969764,0.17769738497107057,0.02103523041723068,0.9145833333333333,5.1468587085973665,1.0,0.016948226749907695,9.626957444241121,0.8246740673025085,0.11708227763701826,0.8961250212445674,0.5164800177520111,acousticness_very_high|instrumentalness_high|liveness_low|valence_very_low,energy_very_low|loudness_very_low
"frozenset({'loudness_very_low', 'liveness_low', 'valence_very_low', 'instrumentalness_high'})","frozenset({'energy_very_low', 'acousticness_very_high'})",0.02995963056577103,0.17666718575929274,0.02103523041723068,0.7021191523390643,3.9742476754890665,1.0,0.015742346798787825,2.763966937471152,0.7714937170988988,0.11334150906861164,0.6382011714963081,0.41059307223679553,instrumentalness_high|liveness_low|loudness_very_low|valence_very_low,acousticness_very_high|energy_very_low
"frozenset({'key_very_low', 'loudness_very_high', 'speechiness_very_high'})",frozenset({'mode_1'}),0.027767462475592666,0.6337522011523856,0.02103523041723068,0.7575496117342536,1.1953404033260326,1.0,0.003437539952907555,1.5106092486277045,0.16808553060497666,0.032842688013167,0.3380154391955177,0.39537059076458453,key_very_low|loudness_very_high|speechiness_very_high,mode_1
"frozenset({'instrumentalness_low', 'danceability_low', 'speechiness_low'})",frozenset({'mode_1'}),0.029767965596137952,0.6337522011523856,0.021011272296026545,0.7058350100603621,1.113739737356185,1.0,0.0021457585756456295,1.2450421068896327,0.10525746251626268,0.032701916623163546,0.19681431297275356,0.36949438812251634,danceability_low|instrumentalness_low|speechiness_low,mode_1
"frozenset({'speechiness_very_low', 'liveness_very_high', 'instrumentalness_low'})",frozenset({'mode_1'}),0.02689299105164173,0.6337522011523856,0.021011272296026545,0.7812917594654788,1.2328032282094075,1.0,0.003967780021477189,1.6745953328164849,0.19405937782565952,0.03284890253951606,0.40284080553472573,0.4072227628250747,instrumentalness_low|liveness_very_high|speechiness_very_low,mode_1
"frozenset({'valence_very_high', 'instrumentalness_low', 'danceability_low'})",frozenset({'mode_1'}),0.02837839456629811,0.6337522011523856,0.020999293235424477,0.7399746728577459,1.1676088406670782,1.0,0.003014423213862149,1.4085081744642831,0.1477414591875997,0.032753498626707275,0.2900289695653748,0.38655476861864707,danceability_low|instrumentalness_low|valence_very_high,mode_1
"frozenset({'energy_very_low', 'liveness_very_low', 'valence_very_low'})",frozenset({'acousticness_very_high'}),0.027803399657398867,0.24975143449250709,0.02098731417482241,0.7548470486859112,3.0223932455873754,1.0,0.014043375226618563,3.060328507105256,0.6882726908704269,0.08180035484172192,0.6732376940324316,0.41943992800739993,energy_very_low|liveness_very_low|valence_very_low,acousticness_very_high
"frozenset({'liveness_very_low', 'valence_very_low', 'acousticness_very_high'})",frozenset({'energy_very_low'}),0.02238886426526432,0.25050611531043737,0.02098731417482241,0.9373996789727126,3.7420231350881346,1.0,0.015378766761518375,11.97268436311787,0.7495463724060137,0.08331351942555518,0.9164765419624255,0.5105896635108398,acousticness_very_high|liveness_very_low|valence_very_low,energy_very_low
"frozenset({'speechiness_very_low', 'energy_low', 'key_very_low'})",frozenset({'mode_1'}),0.02728830005150996,0.6337522011523856,0.020963356053618275,0.7682177348551361,1.2121736752286534,1.0,0.00366933583026708,1.5801372836645182,0.1799461301496991,0.032751296015570905,0.36714359547235914,0.4006479469096586,energy_low|key_very_low|speechiness_very_low,mode_1
"frozenset({'valence_very_low', 'loudness_very_high', 'speechiness_very_high'})",frozenset({'energy_very_high'}),0.02262844547730567,0.2486014446747086,0.02093939793241414,0.9253573319216516,3.722252431527372,1.0,0.015313933696013075,10.06660901425159,0.7482778279969362,0.08366038097061357,0.9006616827390166,0.5047930590606186,loudness_very_high|speechiness_very_high|valence_very_low,energy_very_high
"frozenset({'energy_very_low', 'duration_ms_very_high', 'danceability_very_low'})",frozenset({'acousticness_very_high'}),0.028174750536062963,0.24975143449250709,0.02093939793241414,0.7431972789115646,2.9757477886833184,1.0,0.013902713569563883,2.9214977252874554,0.6831989756208724,0.08148044562532047,0.6577098139271675,0.4135191152579791,danceability_very_low|duration_ms_very_high|energy_very_low,acousticness_very_high
"frozenset({'duration_ms_very_high', 'acousticness_very_high', 'danceability_very_low'})",frozenset({'energy_very_low'}),0.024928425112902646,0.25050611531043737,0.02093939793241414,0.8399807784718886,3.3531348224012425,1.0,0.014694674996573748,4.683774096213154,0.7197129194781153,0.08227818310190632,0.7864969617538763,0.461784574392792,acousticness_very_high|danceability_very_low|duration_ms_very_high,energy_very_low
"frozenset({'key_very_low', 'acousticness_very_high', 'liveness_low'})",frozenset({'mode_1'}),0.02758777656656165,0.6337522011523856,0.020927418871812074,0.7585757707338255,1.1969595835004068,1.0,0.0034436047478534244,1.5170300013418279,0.16921825862737064,0.032678026972933545,0.34081725535059276,0.39579861214131973,acousticness_very_high|key_very_low|liveness_low,mode_1
"frozenset({'acousticness_very_low', 'speechiness_very_high', 'instrumentalness_medium'})",frozenset({'energy_very_high'}),0.02534769223397501,0.2486014446747086,0.020927418871812074,0.8256143667296787,3.321036077686448,1.0,0.014625945963275995,4.30883290804422,0.7170650941847873,0.08270997064671907,0.7679185938881301,0.4548974835624012,acousticness_very_low|instrumentalness_medium|speechiness_very_high,energy_very_high
"frozenset({'acousticness_very_low', 'key_very_low', 'danceability_very_low'})",frozenset({'mode_1'}),0.02753986032415338,0.6337522011523856,0.020915439811210006,0.7594606350587212,1.1983558142721291,1.0,0.00346199271134855,1.5226106501820353,0.17021088853500227,0.03266115455123649,0.34323328167943307,0.39623159340120634,acousticness_very_low|danceability_very_low|key_very_low,mode_1
"frozenset({'energy_very_low', 'mode_0', 'tempo_very_low'})",frozenset({'acousticness_very_high'}),0.02931276129325938,0.24975143449250709,0.0208795026294038,0.7123007764609726,2.852038779710563,1.0,0.013558598447475832,2.6077531815295947,0.6689833817308073,0.08087041247158168,0.6165281257893267,0.39795095420487353,energy_very_low|mode_0|tempo_very_low,acousticness_very_high
"frozenset({'mode_0', 'acousticness_very_high', 'tempo_very_low'})",frozenset({'energy_very_low'}),0.029216928808442844,0.25050611531043737,0.0208795026294038,0.7146371463714636,2.8527732565963757,1.0,0.01356048329229918,2.6264591735026475,0.669010331270081,0.0806645686782673,0.619259263540579,0.39899320975803476,acousticness_very_high|mode_0|tempo_very_low,energy_very_low
"frozenset({'speechiness_very_low', 'loudness_low', 'key_very_low'})",frozenset({'mode_1'}),0.026773200445621054,0.6337522011523856,0.020867523568801734,0.7794183445190156,1.229847159665493,1.0,0.00389994885449536,1.660372881185432,0.1920321478054146,0.032622944679576014,0.3977256486590863,0.4061726445211088,key_very_low|loudness_low|speechiness_very_low,mode_1
"frozenset({'energy_very_low', 'acousticness_very_high', 'instrumentalness_high', 'tempo_very_low', 'mode_1'})",frozenset({'loudness_very_low'}),0.021801890295763005,0.25000299476515053,0.020867523568801734,0.9571428571428572,3.8285255664316518,1.0,0.01541698570331971,17.499930122146505,0.7552691361400421,0.0831582967347718,0.942856914683649,0.520305975768362,acousticness_very_high|energy_very_low|instrumentalness_high|mode_1|tempo_very_low,loudness_very_low
"frozenset({'energy_very_low', 'instrumentalness_high', 'tempo_very_low', 'loudness_very_low', 'mode_1'})",frozenset({'acousticness_very_high'}),0.024185723355574455,0.24975143449250709,0.020867523568801734,0.8628033680039624,3.4546482976451043,1.0,0.014827104466508083,5.468418244619598,0.7281456628357956,0.08245763514153176,0.8171317636532457,0.47317826801080654,energy_very_low|instrumentalness_high|loudness_very_low|mode_1|tempo_very_low,acousticness_very_high
"frozenset({'acousticness_very_high', 'instrumentalness_high', 'tempo_very_low', 'loudness_very_low', 'mode_1'})",frozenset({'energy_very_low'}),0.021849806538171278,0.25050611531043737,0.020867523568801734,0.9550438596491228,3.8124572666243837,1.0,0.015394013412639851,16.671668849680007,0.7541806799504593,0.08297608840621129,0.9400180024557532,0.5191726566799554,acousticness_very_high|instrumentalness_high|loudness_very_low|mode_1|tempo_very_low,energy_very_low
"frozenset({'energy_very_low', 'tempo_very_low', 'mode_1', 'instrumentalness_high'})","frozenset({'loudness_very_low', 'acousticness_very_high'})",0.026126331173109404,0.15069658237401024,0.020867523568801734,0.7987161852361302,5.300161242235843,1.0,0.01693037475104258,4.219432241098596,0.8330921357800908,0.13380443966510483,0.7630012895432504,0.4685949765608314,energy_very_low|instrumentalness_high|mode_1|tempo_very_low,acousticness_very_high|loudness_very_low
"frozenset({'tempo_very_low', 'mode_1', 'acousticness_very_high', 'instrumentalness_high'})","frozenset({'energy_very_low', 'loudness_very_low'})",0.02380239341630829,0.17769738497107057,0.020867523568801734,0.8766985405133367,4.933660338648567,1.0,0.016637900502671124,6.66904202474483,0.8167513699583142,0.11552490218184229,0.850053426520691,0.49706573243814334,acousticness_very_high|instrumentalness_high|mode_1|tempo_very_low,energy_very_low|loudness_very_low
"frozenset({'loudness_very_low', 'tempo_very_low', 'mode_1', 'instrumentalness_high'})","frozenset({'energy_very_low', 'acousticness_very_high'})",0.02762371374836785,0.17666718575929274,0.020867523568801734,0.7554206418039896,4.275953333140443,1.0,0.0159873198006573,3.3663217546792037,0.7878987123969877,0.11376698014629048,0.7029398634845302,0.4367691763400203,instrumentalness_high|loudness_very_low|mode_1|tempo_very_low,acousticness_very_high|energy_very_low
"frozenset({'liveness_very_low', 'key_very_low', 'danceability_very_high'})",frozenset({'mode_1'}),0.027767462475592666,0.6337522011523856,0.020867523568801734,0.7515099223468507,1.1858103545523626,1.0,0.0032698331044786096,1.4738930516124478,0.16117011740819723,0.03257231540173145,0.3215247205989647,0.3922184334350263,danceability_very_high|key_very_low|liveness_very_low,mode_1
"frozenset({'loudness_very_low', 'duration_ms_very_low', 'instrumentalness_low'})",frozenset({'energy_very_low'}),0.027719546233184393,0.25050611531043737,0.020855544508199667,0.7523768366464996,3.0034270249815003,1.0,0.013911628663156577,3.0267519182751275,0.686064406777622,0.08103327903188269,0.669612830188648,0.4178152354617349,duration_ms_very_low|instrumentalness_low|loudness_very_low,energy_very_low
"frozenset({'duration_ms_very_low', 'key_high', 'instrumentalness_low'})",frozenset({'mode_1'}),0.029288803172055247,0.6337522011523856,0.020855544508199667,0.7120654396728017,1.12357075585381,1.0,0.0022937010287906803,1.27198276730457,0.11329878097559183,0.03247589024231006,0.21382582712258164,0.3724867411954406,duration_ms_very_low|instrumentalness_low|key_high,mode_1
"frozenset({'valence_very_low', 'key_very_low', 'acousticness_very_high'})",frozenset({'mode_1'}),0.029264845050851113,0.6337522011523856,0.0208435654475976,0.7122390503479329,1.1238446967960511,1.0,0.0022969054802372095,1.2727501743737155,0.11351947027374813,0.03245784211311744,0.21429985229263723,0.372564095630445,acousticness_very_high|key_very_low|valence_very_low,mode_1
"frozenset({'energy_very_low', 'key_very_low', 'speechiness_low'})",frozenset({'loudness_very_low'}),0.02540758753698535,0.25000299476515053,0.0208435654475976,0.8203677510608203,3.2814316957741356,1.0,0.014491592473593547,4.175180178748333,0.713380241097033,0.08187849983530185,0.7604893783770099,0.45187050705891996,energy_very_low|key_very_low|speechiness_low,loudness_very_low
"frozenset({'loudness_very_low', 'key_very_low', 'speechiness_low'})",frozenset({'energy_very_low'}),0.02684507480923346,0.25050611531043737,0.0208435654475976,0.7764390896921017,3.099481578443332,1.0,0.014118710041918444,3.352526538102415,0.6960509393005312,0.0812590482417223,0.701717499135438,0.429822452267627,key_very_low|loudness_very_low|speechiness_low,energy_very_low
"frozenset({'danceability_very_low', 'tempo_very_high', 'speechiness_very_high'})",frozenset({'energy_very_high'}),0.025299775991566742,0.2486014446747086,0.020831586386995532,0.8233901515151515,3.3120891658234153,1.0,0.01454202552554553,4.2545676912788615,0.7161953430135758,0.08231563002934775,0.7649584934211225,0.4535926327372895,danceability_very_low|speechiness_very_high|tempo_very_high,energy_very_high
"frozenset({'energy_very_low', 'instrumentalness_low', 'tempo_low'})",frozenset({'mode_1'}),0.027659650930174057,0.6337522011523856,0.020831586386995532,0.7531398873971415,1.1883822825824777,1.0,0.0033022217268910935,1.483624855331827,0.16302926797371084,0.03251986909770921,0.3259751638655714,0.3930050632524882,energy_very_low|instrumentalness_low|tempo_low,mode_1
"frozenset({'energy_very_low', 'speechiness_low', 'acousticness_very_high', 'mode_1', 'valence_very_low'})",frozenset({'loudness_very_low'}),0.02242480144707052,0.25000299476515053,0.020819607326393465,0.9284188034188035,3.713630727867671,1.0,0.015213339807611952,10.47757010298238,0.7474839241534298,0.08274614359169681,0.9045580234566643,0.505848117569488,acousticness_very_high|energy_very_low|mode_1|speechiness_low|valence_very_low,loudness_very_low
"frozenset({'energy_very_low', 'speechiness_low', 'mode_1', 'loudness_very_low', 'valence_very_low'})",frozenset({'acousticness_very_high'}),0.023814372476910362,0.24975143449250709,0.020819607326393465,0.8742454728370221,3.5004622680685777,1.0,0.014871933638746223,5.965976592915584,0.7317496030787193,0.08237357220721363,0.8323828489056645,0.47880339256508886,energy_very_low|loudness_very_low|mode_1|speechiness_low|valence_very_low,acousticness_very_high
"frozenset({'speechiness_low', 'acousticness_very_high', 'mode_1', 'loudness_very_low', 'valence_very_low'})",frozenset({'energy_very_low'}),0.021214916326261695,0.25050611531043737,0.020819607326393465,0.9813664596273292,3.9175349408583497,1.0,0.015505141050865673,40.22283847833979,0.7608794329669158,0.08297923132012414,0.9751385024570429,0.5322383178014228,acousticness_very_high|loudness_very_low|mode_1|speechiness_low|valence_very_low,energy_very_low
"frozenset({'energy_very_low', 'valence_very_low', 'mode_1', 'speechiness_low'})","frozenset({'loudness_very_low', 'acousticness_very_high'})",0.026521640172977635,0.15069658237401024,0.020819607326393465,0.7850045167118338,5.209172659029187,1.0,0.01682288679337248,3.9503314424872715,0.8300450932064803,0.13311887254901958,0.7468566841646169,0.4615801597867595,energy_very_low|mode_1|speechiness_low|valence_very_low,acousticness_very_high|loudness_very_low
"frozenset({'valence_very_low', 'mode_1', 'speechiness_low', 'acousticness_very_high'})","frozenset({'energy_very_low', 'loudness_very_low'})",0.023670623749685548,0.17769738497107057,0.020819607326393465,0.8795546558704455,4.949733255858765,1.0,0.016613399385440226,6.827184736542715,0.8173152733073413,0.11531316348195329,0.8535267407299718,0.49835896471559216,acousticness_very_high|mode_1|speechiness_low|valence_very_low,energy_very_low|loudness_very_low
"frozenset({'loudness_very_low', 'valence_very_low', 'mode_1', 'speechiness_low'})","frozenset({'energy_very_low', 'acousticness_very_high'})",0.02664143077899831,0.17666718575929274,0.020819607326393465,0.7814748201438849,4.423429380986668,1.0,0.01611294072606683,3.7676793803936897,0.7951140335242891,0.1140869108572929,0.7345846344559422,0.4496606539016143,loudness_very_low|mode_1|speechiness_low|valence_very_low,acousticness_very_high|energy_very_low
"frozenset({'speechiness_very_low', 'valence_low', 'danceability_low'})",frozenset({'mode_1'}),0.02793516932402161,0.6337522011523856,0.020807628265791397,0.7448542024013722,1.1753082688264653,1.0,0.0031036532171281016,1.4354451544750197,0.15344593181954935,0.03246728971962617,0.3033519971957923,0.38884331894948115,danceability_low|speechiness_very_low|valence_low,mode_1
"frozenset({'energy_very_low', 'instrumentalness_low', 'danceability_low'})",frozenset({'acousticness_very_high'}),0.029684112171923478,0.24975143449250709,0.020807628265791397,0.7009685230024213,2.806664652104136,1.0,0.01339397866921702,2.5089284012517776,0.6633975754878312,0.08045391384900419,0.601423460509646,0.3921409356822265,danceability_low|energy_very_low|instrumentalness_low,acousticness_very_high
"frozenset({'energy_very_low', 'loudness_very_low', 'tempo_very_high'})",frozenset({'acousticness_very_high'}),0.028594017657135328,0.24975143449250709,0.020807628265791397,0.7276916631755341,2.913663597785525,1.0,0.013666231338017773,2.7551435782559777,0.6761225393130459,0.08079445555607238,0.6370425091845827,0.40550250576878294,energy_very_low|loudness_very_low|tempo_very_high,acousticness_very_high
"frozenset({'energy_very_low', 'tempo_very_high', 'acousticness_very_high'})",frozenset({'loudness_very_low'}),0.028426310808706383,0.25000299476515053,0.020807628265791397,0.731984829329962,2.9279042437774745,1.0,0.013700965433489833,2.798337882739461,0.677723967871295,0.08076815772342602,0.6426450121809308,0.40760717269085545,acousticness_very_high|energy_very_low|tempo_very_high,loudness_very_low
"frozenset({'loudness_very_low', 'tempo_very_high', 'acousticness_very_high'})",frozenset({'energy_very_low'}),0.023814372476910362,0.25050611531043737,0.020807628265791397,0.8737424547283702,3.4879086829700463,1.0,0.014841982328044784,5.936230449254384,0.7306963206118731,0.08207721022539337,0.8315429280334619,0.4784024056350344,acousticness_very_high|loudness_very_low|tempo_very_high,energy_very_low
"frozenset({'loudness_very_low', 'speechiness_low', 'tempo_very_low'})",frozenset({'danceability_very_low'}),0.029648174990117276,0.2516321470070317,0.020807628265791397,0.7018181818181818,2.789064076930401,1.0,0.013347194338188007,2.5097702386959297,0.6610558859371879,0.0798841059602649,0.6015571526899621,0.39225442081483214,loudness_very_low|speechiness_low|tempo_very_low,danceability_very_low
"frozenset({'danceability_very_low', 'speechiness_low', 'tempo_very_low'})",frozenset({'loudness_very_low'}),0.02862995483894153,0.25000299476515053,0.020807628265791397,0.7267782426778243,2.9070781466460036,1.0,0.013650053816065003,2.7450120099713486,0.6753471577705196,0.08070436277470613,0.635702868924629,0.4050038793647866,danceability_very_low|speechiness_low|tempo_very_low,loudness_very_low
"frozenset({'energy_very_low', 'speechiness_very_low', 'acousticness_very_high', 'liveness_low'})",frozenset({'mode_1'}),0.02689299105164173,0.6337522011523856,0.02079564920518933,0.7732739420935413,1.2201518837922074,1.0,0.0037521569306399744,1.6153758514988106,0.1854163000577839,0.032500842475755416,0.38094902243823947,0.40304373789300446,acousticness_very_high|energy_very_low|liveness_low|speechiness_very_low,mode_1
"frozenset({'energy_very_low', 'speechiness_very_low', 'mode_1', 'liveness_low'})",frozenset({'acousticness_very_high'}),0.028558080475329126,0.24975143449250709,0.02079564920518933,0.7281879194630873,2.9156505985351364,1.0,0.013663227640123423,2.7601737348300355,0.676338299252484,0.08075545424943016,0.6377039650145149,0.4057266519469976,energy_very_low|liveness_low|mode_1|speechiness_very_low,acousticness_very_high
"frozenset({'speechiness_very_low', 'mode_1', 'acousticness_very_high', 'liveness_low'})",frozenset({'energy_very_low'}),0.025036236658321255,0.25050611531043737,0.02079564920518933,0.830622009569378,3.3157753795352956,1.0,0.014523918817920506,4.424978019777363,0.716346025088706,0.08163265306122448,0.7740101768798584,0.45681827333862934,acousticness_very_high|liveness_low|mode_1|speechiness_very_low,energy_very_low
"frozenset({'key_high', 'instrumentalness_low', 'tempo_low'})",frozenset({'mode_1'}),0.028869536050982882,0.6337522011523856,0.020783670144587263,0.7199170124481328,1.135959782291989,1.0,0.0024875381260287092,1.3076402892188899,0.12324517525061279,0.032381485628966034,0.23526369732968133,0.376355822167739,instrumentalness_low|key_high|tempo_low,mode_1
"frozenset({'speechiness_very_low', 'key_very_low', 'acousticness_very_high'})",frozenset({'mode_1'}),0.026306017082140417,0.6337522011523856,0.020783670144587263,0.790072859744991,1.2466589596191684,1.0,0.004112173915228518,1.7446424431005672,0.20320142373741656,0.0325113368062062,0.4268166500507654,0.4114337458161681,acousticness_very_high|key_very_low|speechiness_very_low,mode_1
"frozenset({'energy_very_low', 'acousticness_very_high', 'tempo_very_low', 'danceability_very_low', 'mode_1'})",frozenset({'valence_very_low'}),0.028713808263156004,0.2507217384012746,0.020783670144587263,0.7238214434710054,2.8869512794799834,1.0,0.013584494220727907,2.7130211375410043,0.6729363954816582,0.08035383475361245,0.6314072212108276,0.4033584044875333,acousticness_very_high|danceability_very_low|energy_very_low|mode_1|tempo_very_low,valence_very_low
"frozenset({'energy_very_low', 'acousticness_very_high', 'mode_1', 'tempo_very_low', 'valence_very_low'})",frozenset({'danceability_very_low'}),0.025766959355047376,0.2516321470070317,0.020783670144587263,0.8066015806601582,3.205479070357486,1.0,0.014299874840233772,3.869565509105471,0.7062315916024541,0.08099150406124547,0.7415730531898477,0.4445985147897573,acousticness_very_high|energy_very_low|mode_1|tempo_very_low|valence_very_low,danceability_very_low
"frozenset({'energy_very_low', 'tempo_very_low', 'danceability_very_low', 'mode_1', 'valence_very_low'})",frozenset({'acousticness_very_high'}),0.024149786173768253,0.24975143449250709,0.020783670144587263,0.8606150793650794,3.4458864314987516,1.0,0.014752226405001328,5.382566220865146,0.7273646093321978,0.08211074301940371,0.8142150121398287,0.4719162499324318,danceability_very_low|energy_very_low|mode_1|tempo_very_low|valence_very_low,acousticness_very_high
"frozenset({'acousticness_very_high', 'tempo_very_low', 'mode_1', 'danceability_very_low', 'valence_very_low'})",frozenset({'energy_very_low'}),0.022269073659243643,0.25050611531043737,0.020783670144587263,0.9332974717590102,3.7256474581565806,1.0,0.015205131010648153,11.236363964821752,0.7482531828456467,0.08247765734930596,0.911003238847482,0.5081320947165365,acousticness_very_high|danceability_very_low|mode_1|tempo_very_low|valence_very_low,energy_very_low
"frozenset({'valence_very_low', 'mode_1', 'acousticness_very_high', 'tempo_very_low'})","frozenset({'energy_very_low', 'danceability_very_low'})",0.028366415505696043,0.09933037051234442,0.020783670144587263,0.7326858108108109,7.3762516643361895,1.0,0.017966023582299363,3.369329672396159,0.8896664360437935,0.1943977591036415,0.7032050593942527,0.4709618151979766,acousticness_very_high|mode_1|tempo_very_low|valence_very_low,danceability_very_low|energy_very_low
"frozenset({'tempo_very_low', 'valence_very_low', 'liveness_low'})",frozenset({'energy_very_low'}),0.027204446627295487,0.25050611531043737,0.020771691083985192,0.7635402906208718,3.0479906236007914,1.0,0.01395681084021127,3.169647322402228,0.6907052554864453,0.08084292974031422,0.6845074867060871,0.4232295944305583,liveness_low|tempo_very_low|valence_very_low,energy_very_low
"frozenset({'energy_very_low', 'loudness_very_low', 'acousticness_very_high', 'instrumentalness_medium'})",frozenset({'mode_1'}),0.029348698475065587,0.6337522011523856,0.020747732962781058,0.706938775510204,1.1154813730425541,1.0,0.0021479307032505786,1.249731347042695,0.10665626599572003,0.03229957294444548,0.19982802514608233,0.369838350991091,acousticness_very_high|energy_very_low|instrumentalness_medium|loudness_very_low,mode_1
"frozenset({'energy_very_low', 'mode_1', 'acousticness_very_high', 'instrumentalness_medium'})",frozenset({'loudness_very_low'}),0.027096635081876878,0.25000299476515053,0.020747732962781058,0.7656940760389036,3.062739615412153,1.0,0.0139734930442534,3.2009306147947725,0.692252651572594,0.08093457943925232,0.6875908539291736,0.4243420068742673,acousticness_very_high|energy_very_low|instrumentalness_medium|mode_1,loudness_very_low
"frozenset({'energy_very_low', 'loudness_very_low', 'mode_1', 'instrumentalness_medium'})",frozenset({'acousticness_very_high'}),0.027575797505959582,0.24975143449250709,0.020747732962781058,0.7523892267593397,3.0125521732765566,1.0,0.013860637978392753,3.029951224207454,0.6870001175829932,0.0808627853774686,0.6699616838678416,0.4177313777328763,energy_very_low|instrumentalness_medium|loudness_very_low|mode_1,acousticness_very_high
"frozenset({'loudness_very_low', 'mode_1', 'acousticness_very_high', 'instrumentalness_medium'})",frozenset({'energy_very_low'}),0.02286802668934702,0.25050611531043737,0.020747732962781058,0.9072812991094814,3.6217930168496744,1.0,0.015019152432017333,8.083524439956923,0.740835100755072,0.08212812366636633,0.8762915845151661,0.4950522792410452,acousticness_very_high|instrumentalness_medium|loudness_very_low|mode_1,energy_very_low
"frozenset({'energy_very_low', 'loudness_very_low', 'valence_high'})",frozenset({'acousticness_very_high'}),0.029097138202422167,0.24975143449250709,0.020723774841576923,0.7122272540139974,2.8517443972293393,1.0,0.013456722835895257,2.6070869322141625,0.6687975309610495,0.08028587339892335,0.616430128338408,0.3976024274290813,energy_very_low|loudness_very_low|valence_high,acousticness_very_high
"frozenset({'loudness_very_low', 'valence_high', 'acousticness_very_high'})",frozenset({'energy_very_low'}),0.024604990476646823,0.25050611531043737,0.020723774841576923,0.8422590068159688,3.3622293243109342,1.0,0.014560074260021821,4.751421108494942,0.7203012950319543,0.0814654360519872,0.7895366507901971,0.462493313660471,acousticness_very_high|loudness_very_low|valence_high,energy_very_low
"frozenset({'instrumentalness_low', 'acousticness_very_high', 'danceability_very_low'})",frozenset({'mode_1'}),0.027959127445225745,0.6337522011523856,0.020723774841576923,0.7412167952013711,1.1695687902204943,1.0,0.0030046162808650308,1.4152688121031989,0.149154247178301,0.03233100973667981,0.2934204502719715,0.3869584590315522,acousticness_very_high|danceability_very_low|instrumentalness_low,mode_1
"frozenset({'valence_very_high', 'danceability_high', 'acousticness_high'})",frozenset({'instrumentalness_low'}),0.027923190263419544,0.5000539057727093,0.020723774841576923,0.7421707421707421,1.4841814724432585,1.0,0.006760674488719495,1.9390588113873783,0.3355989384699505,0.04085488251269336,0.4842858844056878,0.3918069119056087,acousticness_high|danceability_high|valence_very_high,instrumentalness_low
"frozenset({'energy_high', 'key_very_low', 'acousticness_low'})",frozenset({'mode_1'}),0.028701829202553937,0.6337522011523856,0.020723774841576923,0.7220367278797997,1.1393044893049389,1.0,0.0025339274073585445,1.3176122012595857,0.12588463730057806,0.03229359168206679,0.24105135103937322,0.3773684253707665,acousticness_low|energy_high|key_very_low,mode_1
"frozenset({'instrumentalness_high', 'speechiness_low', 'liveness_low'})",frozenset({'loudness_very_low'}),0.02922890786904491,0.25000299476515053,0.020711795780974856,0.7086065573770491,2.8343922761513505,1.0,0.013404481279998954,2.5738293850534917,0.666676922423181,0.08011676938047356,0.6114738584433338,0.3957263740407047,instrumentalness_high|liveness_low|speechiness_low,loudness_very_low
"frozenset({'loudness_very_low', 'duration_ms_very_low', 'instrumentalness_low'})",frozenset({'mode_1'}),0.027719546233184393,0.6337522011523856,0.02069981672037279,0.7467588591184097,1.1783136338785696,1.0,0.0031324932801468607,1.4462413080774397,0.155643895836328,0.03230449982240003,0.3085524563467561,0.3897105891849491,duration_ms_very_low|instrumentalness_low|loudness_very_low,mode_1
"frozenset({'energy_very_low', 'instrumentalness_low', 'acousticness_high'})",frozenset({'mode_1'}),0.027779441536194733,0.6337522011523856,0.02069981672037279,0.7451487710219922,1.1757730697693014,1.0,0.003094534500025368,1.4371043071533292,0.1537673140504353,0.03230148048452221,0.3041562849527339,0.38890554513674036,acousticness_high|energy_very_low|instrumentalness_low,mode_1
"frozenset({'speechiness_very_low', 'loudness_very_low', 'instrumentalness_low'})",frozenset({'mode_1'}),0.02545550377939362,0.6337522011523856,0.02069981672037279,0.8131764705882353,1.2831142347270634,1.0,0.004567335168739212,1.9603943892976838,0.2264095334040805,0.03241904618963641,0.4898985604839175,0.4229193949198619,instrumentalness_low|loudness_very_low|speechiness_very_low,mode_1
"frozenset({'acousticness_very_low', 'liveness_very_high', 'mode_1', 'loudness_very_high'})",frozenset({'energy_very_high'}),0.023299272871021456,0.2486014446747086,0.02068783765977072,0.887917737789203,3.5716515603963224,1.0,0.014895604764164542,6.703991697741702,0.7371935550412615,0.08235181917886607,0.8508351374693888,0.48556731104754325,acousticness_very_low|liveness_very_high|loudness_very_high|mode_1,energy_very_high
"frozenset({'loudness_low', 'instrumentalness_low', 'tempo_very_high'})",frozenset({'mode_1'}),0.029516405323494532,0.6337522011523856,0.020675858599168654,0.700487012987013,1.1053011125062444,1.0,0.001969771755298,1.2228110790792979,0.09816669144642179,0.032175679958242456,0.182212185423656,0.36655576431412834,instrumentalness_low|loudness_low|tempo_very_high,mode_1
"frozenset({'acousticness_very_low', 'instrumentalness_high', 'speechiness_very_high'})",frozenset({'energy_very_high'}),0.026377891445752824,0.2486014446747086,0.02065190047796452,0.7829246139872843,3.1493164290003617,1.0,0.01409431855707773,3.4614636377119075,0.7009606402578424,0.0812020159201168,0.7111048664197384,0.43299847043989087,acousticness_very_low|instrumentalness_high|speechiness_very_high,energy_very_high
"frozenset({'instrumentalness_high', 'energy_very_high', 'speechiness_very_high'})",frozenset({'acousticness_very_low'}),0.025168006324944,0.2504581990680291,0.02065190047796452,0.8205616373155641,3.2762418653848275,1.0,0.014348366939686281,4.177154704928572,0.7127097121000284,0.08099600657740194,0.7606025941964483,0.4515090566528079,energy_very_high|instrumentalness_high|speechiness_very_high,acousticness_very_low
"frozenset({'energy_very_low', 'mode_1', 'speechiness_low', 'danceability_very_low'})",frozenset({'valence_very_low'}),0.02848620611171672,0.2507217384012746,0.02065190047796452,0.7249789739276704,2.8915680728384134,1.0,0.013509789361177891,2.724439917556223,0.6733480131660184,0.07987398072646404,0.6329520817999967,0.4036743890183025,danceability_very_low|energy_very_low|mode_1|speechiness_low,valence_very_low
"frozenset({'energy_very_low', 'valence_very_low', 'mode_1', 'speechiness_low'})",frozenset({'danceability_very_low'}),0.026521640172977635,0.2516321470070317,0.02065190047796452,0.7786811201445348,3.0945216237525295,1.0,0.013978203219090215,3.3814008704621066,0.6952884657524587,0.08020096762188314,0.7042645819561352,0.43037645457859897,energy_very_low|mode_1|speechiness_low|valence_very_low,danceability_very_low
"frozenset({'valence_very_low', 'mode_1', 'speechiness_low', 'danceability_very_low'})",frozenset({'energy_very_low'}),0.027491944081745108,0.25050611531043737,0.02065190047796452,0.7511982570806102,2.9987222313902184,1.0,0.013765000363714783,3.0124141249781915,0.6853666947277738,0.08024949960433832,0.6680403296119721,0.416819480491338,danceability_very_low|mode_1|speechiness_low|valence_very_low,energy_very_low
"frozenset({'speechiness_very_low', 'energy_high', 'instrumentalness_low'})",frozenset({'mode_1'}),0.02883359886917668,0.6337522011523856,0.02065190047796452,0.7162442874948068,1.1301645756691991,1.0,0.002378543727478862,1.2907151564073323,0.11859256639682554,0.03217138165260879,0.22523571910050963,0.3744154997629029,energy_high|instrumentalness_low|speechiness_very_low,mode_1
"frozenset({'speechiness_very_low', 'energy_low', 'danceability_low'})",frozenset({'mode_1'}),0.028222666778471232,0.6337522011523856,0.02065190047796452,0.7317487266553481,1.1546290889795257,1.0,0.0027657232847180663,1.3653161615268663,0.13781038234941737,0.03220202850365168,0.2675689132093217,0.3821677193431735,danceability_low|energy_low|speechiness_very_low,mode_1
"frozenset({'energy_high', 'duration_ms_low', 'acousticness_low'})",frozenset({'instrumentalness_low'}),0.02858203859653326,0.5000539057727093,0.02063992141736245,0.7221290863369656,1.4441024817536305,1.0,0.006347361382219667,1.7992026860125423,0.31657677932874145,0.04063008465583512,0.4441982508284067,0.38170223960389865,acousticness_low|duration_ms_low|energy_high,instrumentalness_low
"frozenset({'energy_very_low', 'duration_ms_very_low', 'acousticness_very_high', 'liveness_low'})",frozenset({'mode_1'}),0.02918099162663664,0.6337522011523856,0.02062794235676038,0.7068965517241379,1.1154147479705,1.0,0.0021344246815700775,1.2495513137153902,0.10658268435034332,0.0321154814524702,0.19971273766531394,0.36972273007244605,acousticness_very_high|duration_ms_very_low|energy_very_low|liveness_low,mode_1
"frozenset({'energy_very_low', 'duration_ms_very_low', 'mode_1', 'liveness_low'})",frozenset({'acousticness_very_high'}),0.025299775991566742,0.24975143449250709,0.02062794235676038,0.8153409090909091,3.2646095136457385,1.0,0.014309287010527496,4.062884539363653,0.7116902558198799,0.08107726352464806,0.7538694515407952,0.44896739924304196,duration_ms_very_low|energy_very_low|liveness_low|mode_1,acousticness_very_high
"frozenset({'duration_ms_very_low', 'mode_1', 'acousticness_very_high', 'liveness_low'})",frozenset({'energy_very_low'}),0.023694581870889686,0.25050611531043737,0.02062794235676038,0.8705763397371081,3.47526980991364,1.0,0.014692304698378691,5.7910113434216965,0.7295386712155801,0.08134920634920635,0.8273185907093842,0.47646070238576904,acousticness_very_high|duration_ms_very_low|liveness_low|mode_1,energy_very_low
"frozenset({'speechiness_high', 'key_very_low', 'energy_very_high'})",frozenset({'mode_1'}),0.02722840474849962,0.6337522011523856,0.02062794235676038,0.7575890893092829,1.195402695141284,1.0,0.003371880913530679,1.5108552573151137,0.16803720069773947,0.03221340915893445,0.3381232284440907,0.39506899886501856,energy_very_high|key_very_low|speechiness_high,mode_1
"frozenset({'energy_very_low', 'tempo_very_high', 'acousticness_very_high'})",frozenset({'mode_1'}),0.028426310808706383,0.6337522011523856,0.02062794235676038,0.7256637168141592,1.1450275288900709,1.0,0.0026127053111008602,1.3350322990251746,0.13036432900516207,0.03215326013892,0.25095445201573874,0.3791063126174567,acousticness_very_high|energy_very_low|tempo_very_high,mode_1
"frozenset({'duration_ms_very_high', 'key_very_low', 'valence_very_low'})",frozenset({'mode_1'}),0.028965368535799424,0.6337522011523856,0.020615963296158314,0.7117452440033084,1.123065517893435,1.0,0.0022590972294053747,1.2705698387568598,0.11284870288106127,0.03210701093242789,0.21295156748061042,0.3721376253094701,duration_ms_very_high|key_very_low|valence_very_low,mode_1
"frozenset({'energy_very_low', 'acousticness_very_high', 'speechiness_low', 'instrumentalness_high', 'mode_1'})",frozenset({'loudness_very_low'}),0.02109512572024102,0.25000299476515053,0.020615963296158314,0.9772856331629756,3.909095705357548,1.0,0.015342118691150706,33.018618155464225,0.7602233679040683,0.08230511716881875,0.9697140566182504,0.5298742492599736,acousticness_very_high|energy_very_low|instrumentalness_high|mode_1|speechiness_low,loudness_very_low
"frozenset({'energy_very_low', 'speechiness_low', 'instrumentalness_high', 'loudness_very_low', 'mode_1'})",frozenset({'acousticness_very_high'}),0.02351489596185867,0.24975143449250709,0.020615963296158314,0.8767193071828834,3.5103674538020972,1.0,0.01474308429774205,6.085693942525657,0.7323506877615155,0.0815987862121284,0.8356802018891892,0.4796326163234672,energy_very_low|instrumentalness_high|loudness_very_low|mode_1|speechiness_low,acousticness_very_high
"frozenset({'acousticness_very_high', 'speechiness_low', 'instrumentalness_high', 'loudness_very_low', 'mode_1'})",frozenset({'energy_very_low'}),0.02149043472010925,0.25050611531043737,0.020615963296158314,0.9593088071348941,3.8294825894612576,1.0,0.0152324779780912,18.419068892233906,0.7550954462653032,0.08201096020967358,0.9457084391262778,0.5208030263677531,acousticness_very_high|instrumentalness_high|loudness_very_low|mode_1|speechiness_low,energy_very_low
"frozenset({'energy_very_low', 'mode_1', 'speechiness_low', 'instrumentalness_high'})","frozenset({'loudness_very_low', 'acousticness_very_high'})",0.02444926268881994,0.15069658237401024,0.020615963296158314,0.8432141107300343,5.5954428258849385,1.0,0.016931542967388746,5.416963360545765,0.8418661414645257,0.13341085271317826,0.8153947270008398,0.49000928112018405,energy_very_low|instrumentalness_high|mode_1|speechiness_low,acousticness_very_high|loudness_very_low
"frozenset({'acousticness_very_high', 'mode_1', 'speechiness_low', 'instrumentalness_high'})","frozenset({'energy_very_low', 'loudness_very_low'})",0.02286802668934702,0.17769738497107057,0.020615963296158314,0.9015191199580932,5.073339262166757,1.0,0.0165523747540127,8.349870702607582,0.8216813954099662,0.11456530422047663,0.8802376664721635,0.5087681888047173,acousticness_very_high|instrumentalness_high|mode_1|speechiness_low,energy_very_low|loudness_very_low
"frozenset({'loudness_very_low', 'mode_1', 'speechiness_low', 'instrumentalness_high'})","frozenset({'energy_very_low', 'acousticness_very_high'})",0.028953389475197357,0.17666718575929274,0.020615963296158314,0.7120397186594951,4.030401659477624,1.0,0.01550084945938247,2.8591888103732592,0.7743045111588175,0.11143486143486143,0.6502504499276308,0.41436675382391625,instrumentalness_high|loudness_very_low|mode_1|speechiness_low,acousticness_very_high|energy_very_low
"frozenset({'valence_very_high', 'instrumentalness_low', 'acousticness_very_high'})",frozenset({'mode_1'}),0.027072676960672743,0.6337522011523856,0.020603984235556247,0.7610619469026548,1.2008825302993427,1.0,0.0034466156206424195,1.5328148618437192,0.17193379255684535,0.03218261764430723,0.34760549046532097,0.39678652585658214,acousticness_very_high|instrumentalness_low|valence_very_high,mode_1
"frozenset({'speechiness_very_low', 'key_very_low', 'acousticness_very_high'})",frozenset({'energy_very_low'}),0.026306017082140417,0.25050611531043737,0.02059200517495418,0.7827868852459017,3.1248214610483274,1.0,0.014002187026417177,3.450500148382138,0.698352591775371,0.08036841367057833,0.7101869418933723,0.432494245989439,acousticness_very_high|key_very_low|speechiness_very_low,energy_very_low
"frozenset({'loudness_very_low', 'key_very_low', 'tempo_very_low'})",frozenset({'mode_1'}),0.028390373626900178,0.6337522011523856,0.02059200517495418,0.7253164556962025,1.1444795842559927,1.0,0.002599543397367555,1.333344521150301,0.12992915809305547,0.032097244006273805,0.2500062930942399,0.37890432935079477,key_very_low|loudness_very_low|tempo_very_low,mode_1
"frozenset({'acousticness_very_low', 'instrumentalness_low', 'energy_very_high', 'mode_1'})",frozenset({'loudness_very_high'}),0.026964865415254134,0.2499430994621402,0.020580026114352112,0.7632163482896491,3.053560390072927,1.0,0.013840344075884024,3.1676887112771537,0.6911502083874002,0.08028787737171698,0.6843124147773919,0.42277759662265824,acousticness_very_low|energy_very_high|instrumentalness_low|mode_1,loudness_very_high
"frozenset({'acousticness_very_low', 'instrumentalness_low', 'loudness_very_high', 'mode_1'})",frozenset({'energy_very_high'}),0.026916949172845865,0.2486014446747086,0.020580026114352112,0.7645749888740543,3.0755050111413857,1.0,0.013888433663746928,3.1916683436974096,0.6935175236744129,0.08072549572408609,0.6866842377358221,0.4236791004698899,acousticness_very_low|instrumentalness_low|loudness_very_high|mode_1,energy_very_high
"frozenset({'liveness_low', 'mode_1', 'acousticness_very_high', 'danceability_very_low'})",frozenset({'loudness_very_low'}),0.025144048203739864,0.25000299476515053,0.020580026114352112,0.8184849928537399,3.273900753159432,1.0,0.014293938762897843,4.131873265060234,0.71246830360221,0.08084325443508539,0.7579790240770073,0.45040205560272045,acousticness_very_high|danceability_very_low|liveness_low|mode_1,loudness_very_low
"frozenset({'loudness_very_low', 'liveness_low', 'mode_1', 'danceability_very_low'})",frozenset({'acousticness_very_high'}),0.02422166053738066,0.24975143449250709,0.020580026114352112,0.8496538081107814,3.4019977095918232,1.0,0.014530631649350742,4.990140129789968,0.7235814069209802,0.0812177941663121,0.7996048259185681,0.46602792089073053,danceability_very_low|liveness_low|loudness_very_low|mode_1,acousticness_very_high
"frozenset({'tempo_very_high', 'key_very_low', 'loudness_very_high'})",frozenset({'mode_1'}),0.027168509445489285,0.6337522011523856,0.020568047053750045,0.7570546737213404,1.194559438759735,1.0,0.003349944390641832,1.5075317745669499,0.16741983914475989,0.032119874289134986,0.336664064485634,0.39475453655824133,key_very_low|loudness_very_high|tempo_very_high,mode_1
"frozenset({'energy_very_low', 'mode_0', 'speechiness_low'})",frozenset({'loudness_very_low'}),0.02531175505216881,0.25000299476515053,0.020568047053750045,0.812588736393753,3.2503160098425536,1.0,0.014240032487945913,4.0018779597505985,0.7103169768171201,0.08073920812564657,0.7501173174050711,0.4474299695385152,energy_very_low|mode_0|speechiness_low,loudness_very_low
"frozenset({'loudness_very_low', 'mode_0', 'speechiness_low'})",frozenset({'energy_very_low'}),0.027947148384623678,0.25050611531043737,0.020568047053750045,0.7359622803257608,2.9379014536779926,1.0,0.013567115477913602,2.838586417176542,0.6785855161216275,0.07975659606094387,0.6477119759508077,0.4090341240955506,loudness_very_low|mode_0|speechiness_low,energy_very_low
"frozenset({'acousticness_very_high', 'instrumentalness_high', 'tempo_very_low', 'danceability_very_low', 'loudness_very_low'})",frozenset({'valence_very_low'}),0.024137807113166185,0.2507217384012746,0.02054408893254591,0.8511166253101737,3.3946662572512176,1.0,0.014492215971938234,5.032652323738107,0.7228686967274389,0.08078191238812998,0.801297618895074,0.4665282123206387,acousticness_very_high|danceability_very_low|instrumentalness_high|loudness_very_low|tempo_very_low,valence_very_low
"frozenset({'acousticness_very_high', 'instrumentalness_high', 'tempo_very_low', 'danceability_very_low', 'valence_very_low'})",frozenset({'loudness_very_low'}),0.02109512572024102,0.25000299476515053,0.02054408893254591,0.9738784781374219,3.895467248511444,1.0,0.015270244327538303,28.711841874316715,0.7593091066147485,0.08199464524765729,0.9651711651109879,0.5280269247419261,acousticness_very_high|danceability_very_low|instrumentalness_high|tempo_very_low|valence_very_low,loudness_very_low
"frozenset({'acousticness_very_high', 'instrumentalness_high', 'tempo_very_low', 'loudness_very_low', 'valence_very_low'})",frozenset({'danceability_very_low'}),0.02430551396159513,0.2516321470070317,0.02054408893254591,0.8452439625431247,3.3590460225239225,1.0,0.014428040270280343,4.835790999116984,0.7197913259489536,0.08044090056285179,0.7932085981005796,0.46344365127061027,acousticness_very_high|instrumentalness_high|loudness_very_low|tempo_very_low|valence_very_low,danceability_very_low
"frozenset({'acousticness_very_high', 'tempo_very_low', 'danceability_very_low', 'loudness_very_low', 'valence_very_low'})",frozenset({'instrumentalness_high'}),0.029145054444830436,0.24979935073491535,0.02054408893254591,0.7048910809699959,2.8218291156329682,1.0,0.013263673255093509,2.542114456353692,0.6650014327967942,0.07950489082564555,0.6066266813830403,0.3935667220895632,acousticness_very_high|danceability_very_low|loudness_very_low|tempo_very_low|valence_very_low,instrumentalness_high
"frozenset({'instrumentalness_high', 'tempo_very_low', 'danceability_very_low', 'loudness_very_low', 'valence_very_low'})",frozenset({'acousticness_very_high'}),0.025227901627954335,0.24975143449250709,0.02054408893254591,0.8143399810066477,3.2606018166077004,1.0,0.01424338431172846,4.040980764600461,0.7112515347477203,0.08074387947269303,0.7525353229195905,0.448299061441978,danceability_very_low|instrumentalness_high|loudness_very_low|tempo_very_low|valence_very_low,acousticness_very_high
"frozenset({'tempo_very_low', 'danceability_very_low', 'acousticness_very_high', 'instrumentalness_high'})","frozenset({'loudness_very_low', 'valence_very_low'})",0.025084152900729524,0.10355897890487428,0.02054408893254591,0.8190066857688635,7.90860140211671,1.0,0.01794639967145262,4.952895773544047,0.8960315858234921,0.19004875886524825,0.7980979116617976,0.5086936262852415,acousticness_very_high|danceability_very_low|instrumentalness_high|tempo_very_low,loudness_very_low|valence_very_low
"frozenset({'tempo_very_low', 'valence_very_low', 'acousticness_very_high', 'instrumentalness_high'})","frozenset({'loudness_very_low', 'danceability_very_low'})",0.025419566597587418,0.09570071514991794,0.02054408893254591,0.8081998114985862,8.445075987494114,1.0,0.01811141823035583,4.714798728382982,0.904581882586309,0.20426393520724156,0.7879018686460522,0.5114349914921896,acousticness_very_high|instrumentalness_high|tempo_very_low|valence_very_low,danceability_very_low|loudness_very_low
"frozenset({'loudness_low', 'instrumentalness_low', 'tempo_high'})",frozenset({'mode_1'}),0.028665892020747732,0.6337522011523856,0.020532109871943843,0.7162557459256165,1.130182655970599,1.0,0.002365037705798361,1.2907672792965266,0.11858666357982695,0.03198716034637206,0.2252670051064479,0.3743267199526958,instrumentalness_low|loudness_low|tempo_high,mode_1
"frozenset({'energy_very_low', 'key_very_low', 'speechiness_low'})",frozenset({'acousticness_very_high'}),0.02540758753698535,0.24975143449250709,0.020532109871943843,0.8081093823668081,3.235654617996008,1.0,0.014186528437587807,3.9097720084555085,0.7089564000565316,0.08063605570191945,0.744230610419907,0.44515978015649627,energy_very_low|key_very_low|speechiness_low,acousticness_very_high
"frozenset({'key_very_low', 'speechiness_low', 'acousticness_very_high'})",frozenset({'energy_very_low'}),0.026066435870099068,0.25050611531043737,0.020532109871943843,0.7876838235294118,3.144369639652437,1.0,0.014002308282136685,3.530083751265127,0.7002235655030075,0.0801908861233274,0.71672060198526,0.43482316654664926,acousticness_very_high|key_very_low|speechiness_low,energy_very_low
"frozenset({'instrumentalness_low', 'acousticness_very_high', 'liveness_high'})",frozenset({'mode_1'}),0.027971106505827813,0.6337522011523856,0.020496172690137638,0.732762312633833,1.156228430136277,1.0,0.002769422373401449,1.3704945678031724,0.13900718555745764,0.03196398214052196,0.27033640009026433,0.38255165059912044,acousticness_very_high|instrumentalness_low|liveness_high,mode_1
"frozenset({'energy_very_low', 'duration_ms_very_low', 'mode_0'})",frozenset({'loudness_very_low'}),0.027575797505959582,0.25000299476515053,0.020496172690137638,0.7432667245873154,2.9730312842273356,1.0,0.013602140730610373,2.9213081320653527,0.6824624059840462,0.07972601463119146,0.6576875992560893,0.41262521663002566,duration_ms_very_low|energy_very_low|mode_0,loudness_very_low
"frozenset({'loudness_very_low', 'duration_ms_very_low', 'mode_0'})",frozenset({'energy_very_low'}),0.026533619233579702,0.25050611531043737,0.020496172690137638,0.7724604966139954,3.083599359068464,1.0,0.013849338810807282,3.293906655927343,0.6941212032240108,0.07989353754202465,0.6964091261661854,0.42713977393821423,duration_ms_very_low|loudness_very_low|mode_0,energy_very_low
"frozenset({'energy_high', 'danceability_very_high', 'loudness_very_high'})",frozenset({'instrumentalness_low'}),0.027671629990776124,0.5000539057727093,0.02048419362953557,0.7402597402597402,1.4803598806329739,1.0,0.006646886973550731,1.9247924627750688,0.3337232497152897,0.040383525410920086,0.48046346848311616,0.3906118555649027,danceability_very_high|energy_high|loudness_very_high,instrumentalness_low
"frozenset({'loudness_high', 'acousticness_very_high'})",frozenset({'instrumentalness_low'}),0.026413828627559026,0.5000539057727093,0.020472214568933503,0.7750566893424037,1.5499462765814134,1.0,0.007263876397311611,2.2225426164741457,0.3644426737672432,0.04045928030303031,0.5500648704831561,0.4079983523369742,acousticness_very_high|loudness_high,instrumentalness_low
"frozenset({'valence_very_high', 'duration_ms_very_low', 'acousticness_high'})",frozenset({'instrumentalness_low'}),0.027024760718264474,0.5000539057727093,0.020460235508331436,0.7570921985815603,1.5140211682011806,1.0,0.006946398358590398,2.0581722419284088,0.3489371975341487,0.04038588858412939,0.5141320149847868,0.3990041291872922,acousticness_high|duration_ms_very_low|valence_very_high,instrumentalness_low
"frozenset({'acousticness_very_low', 'liveness_very_high', 'tempo_very_high'})",frozenset({'energy_very_high'}),0.025719043112639107,0.2486014446747086,0.0204362773871273,0.7945971122496507,3.196269085601532,1.0,0.014042486113674105,3.6581693838625866,0.7052742052908175,0.08049447956968954,0.7266392298805693,0.438401047330916,acousticness_very_low|liveness_very_high|tempo_very_high,energy_very_high
"frozenset({'energy_very_low', 'loudness_very_low', 'duration_ms_very_low', 'liveness_low'})",frozenset({'mode_1'}),0.029157033505432504,0.6337522011523856,0.0204362773871273,0.7009038619556286,1.1059588600736021,1.0,0.001957943223985594,1.2245153054877655,0.09868458443296053,0.03180877444856711,0.18335034644449272,0.3665751707472123,duration_ms_very_low|energy_very_low|liveness_low|loudness_very_low,mode_1
"frozenset({'energy_very_low', 'duration_ms_very_low', 'mode_1', 'liveness_low'})",frozenset({'loudness_very_low'}),0.025299775991566742,0.25000299476515053,0.0204362773871273,0.8077651515151515,3.231021901453442,1.0,0.014111257622348161,3.9014622538325168,0.7084233476991798,0.08018424515886444,0.7436858452192708,0.4447546409228848,duration_ms_very_low|energy_very_low|liveness_low|mode_1,loudness_very_low
"frozenset({'loudness_very_low', 'duration_ms_very_low', 'mode_1', 'liveness_low'})",frozenset({'energy_very_low'}),0.022604487356101533,0.25050611531043737,0.0204362773871273,0.9040805511393747,3.609015891763765,1.0,0.014773715070966406,7.813784311653067,0.7396352301969241,0.08087991276726875,0.8720210387035314,0.4928302526163591,duration_ms_very_low|liveness_low|loudness_very_low|mode_1,energy_very_low
"frozenset({'acousticness_low', 'danceability_very_high', 'key_very_low'})",frozenset({'mode_1'}),0.027408090657530637,0.6337522011523856,0.0204003402053211,0.7443181818181819,1.1744624799168322,1.0,0.0030304024217269222,1.432435835492892,0.15273277478485614,0.031837726677883725,0.3018884509714138,0.38825397797080535,acousticness_low|danceability_very_high|key_very_low,mode_1
"frozenset({'speechiness_low', 'instrumentalness_low', 'acousticness_very_high'})",frozenset({'mode_1'}),0.027420069718132704,0.6337522011523856,0.020388361144719033,0.743556138051551,1.1732600481694626,1.0,0.0030108316051005585,1.4281792360514303,0.15183743026939622,0.031817841920287145,0.29980777289217714,0.3878635051849287,acousticness_very_high|instrumentalness_low|speechiness_low,mode_1
"frozenset({'danceability_very_low', 'instrumentalness_high', 'speechiness_low', 'acousticness_very_high'})",frozenset({'valence_very_low'}),0.024832592628086105,0.2507217384012746,0.020364403023514895,0.8200675349734684,3.27082741290254,1.0,0.01413833223079047,4.164219400252434,0.7119464384038754,0.07980096699995304,0.7598589546123865,0.450645329837427,acousticness_very_high|danceability_very_low|instrumentalness_high|speechiness_low,valence_very_low
"frozenset({'valence_very_low', 'instrumentalness_high', 'speechiness_low', 'acousticness_very_high'})",frozenset({'danceability_very_low'}),0.024233639597982727,0.2516321470070317,0.020364403023514895,0.8403361344537814,3.339542043609789,1.0,0.014266440261679881,4.687146026640167,0.7179564427420939,0.07970368981199305,0.7866505557291504,0.4606326963804659,acousticness_very_high|instrumentalness_high|speechiness_low|valence_very_low,danceability_very_low
"frozenset({'danceability_very_low', 'valence_very_low', 'speechiness_low', 'acousticness_very_high'})",frozenset({'instrumentalness_high'}),0.02907318008121803,0.24979935073491535,0.020364403023514895,0.7004532344458179,2.8040634708820042,1.0,0.013101941515427356,2.5044525113705096,0.6626397360009986,0.07877664504170527,0.6007111352841061,0.39098813834696783,acousticness_very_high|danceability_very_low|speechiness_low|valence_very_low,instrumentalness_high
"frozenset({'danceability_very_low', 'valence_very_low', 'speechiness_low', 'instrumentalness_high'})",frozenset({'acousticness_very_high'}),0.026617472657794176,0.24975143449250709,0.020364403023514895,0.765076507650765,3.063351804987204,1.0,0.013716651044665714,3.193586805665993,0.6919789136718718,0.07954704974030227,0.6868724538109248,0.42330759528060813,danceability_very_low|instrumentalness_high|speechiness_low|valence_very_low,acousticness_very_high
"frozenset({'energy_very_low', 'duration_ms_very_low', 'mode_0'})",frozenset({'acousticness_very_high'}),0.027575797505959582,0.24975143449250709,0.020352423962912827,0.7380538662033015,2.955153661891957,1.0,0.013465328978524522,2.864132998007046,0.6803698626917921,0.07920007458512027,0.6508542024075588,0.40977229259131454,duration_ms_very_low|energy_very_low|mode_0,acousticness_very_high
"frozenset({'duration_ms_very_low', 'mode_0', 'acousticness_very_high'})",frozenset({'energy_very_low'}),0.027575797505959582,0.25050611531043737,0.020352423962912827,0.7380538662033015,2.946250894069692,1.0,0.013444518053107646,2.8612519445362743,0.6793183379580889,0.07896816174761793,0.6505026403181454,0.40964954212995985,acousticness_very_high|duration_ms_very_low|mode_0,energy_very_low
"frozenset({'liveness_very_high', 'key_very_low', 'speechiness_very_high'})",frozenset({'mode_1'}),0.025874770900465985,0.6337522011523856,0.020352423962912827,0.7865740740740741,1.241138212449289,1.0,0.003954230950428815,1.7160417473120329,0.19944864896406608,0.031836749990630735,0.417263594218278,0.40934412048850666,key_very_low|liveness_very_high|speechiness_very_high,mode_1
"frozenset({'key_very_low', 'loudness_very_high', 'speechiness_very_high'})",frozenset({'energy_very_high'}),0.027767462475592666,0.2486014446747086,0.020328465841708693,0.7320966350301984,2.944860742817228,1.0,0.013425434555325595,2.804737280586192,0.6792874580310868,0.07939552727612986,0.6434603672430241,0.40693397260111086,key_very_low|loudness_very_high|speechiness_very_high,energy_very_high
"frozenset({'energy_very_low', 'liveness_low', 'mode_1', 'tempo_very_low'})",frozenset({'loudness_very_low'}),0.026713305142610718,0.25000299476515053,0.020316486781106625,0.7605381165919282,3.042116024675494,1.0,0.013638080495378648,3.1320099656811116,0.6897057600941154,0.07923752569613156,0.6807162138826298,0.42090154511915523,energy_very_low|liveness_low|mode_1|tempo_very_low,loudness_very_low
"frozenset({'loudness_very_low', 'liveness_low', 'mode_1', 'tempo_very_low'})",frozenset({'energy_very_low'}),0.022245115538039508,0.25050611531043737,0.020316486781106625,0.9133010231556273,3.645823264728797,1.0,0.014743949303040498,8.644783502288929,0.7422243956609922,0.08048213353580412,0.8843233032110955,0.49720139145539594,liveness_low|loudness_very_low|mode_1|tempo_very_low,energy_very_low
"frozenset({'acousticness_very_low', 'speechiness_high', 'tempo_very_high'})",frozenset({'energy_very_high'}),0.02743204877873477,0.2486014446747086,0.020316486781106625,0.7406113537117904,2.9791112223055247,1.0,0.013496839824326087,2.896805878274272,0.6830673542540037,0.07944910291844288,0.654792194568545,0.4111672390396759,acousticness_very_low|speechiness_high|tempo_very_high,energy_very_high
"frozenset({'liveness_low', 'danceability_very_low', 'acousticness_very_high', 'instrumentalness_high'})",frozenset({'loudness_very_low'}),0.020975335114220343,0.25000299476515053,0.020304507720504558,0.9680182752712736,3.872026717842388,1.0,0.015060611125746852,23.450799217253984,0.7576288380422403,0.08099971327535124,0.9573575300894543,0.5246176666246162,acousticness_very_high|danceability_very_low|instrumentalness_high|liveness_low,loudness_very_low
"frozenset({'loudness_very_low', 'liveness_low', 'danceability_very_low', 'instrumentalness_high'})",frozenset({'acousticness_very_high'}),0.023886246840522766,0.24975143449250709,0.020304507720504558,0.8500501504513541,3.4035846567954624,1.0,0.014338883307441881,5.003329898401142,0.7234731766510404,0.08014942311329677,0.8001331072892959,0.46567450685309325,danceability_very_low|instrumentalness_high|liveness_low|loudness_very_low,acousticness_very_high
"frozenset({'key_high', 'instrumentalness_low', 'tempo_high'})",frozenset({'mode_1'}),0.028318499263287774,0.6337522011523856,0.02025659147809629,0.7153130287648054,1.1286951389898345,1.0,0.00230968023665545,1.2864930111081134,0.11734417989251154,0.03156146179401994,0.22269301786672308,0.37363799061338276,instrumentalness_low|key_high|tempo_high,mode_1
"frozenset({'acousticness_very_low', 'tempo_very_high', 'instrumentalness_medium'})",frozenset({'energy_very_high'}),0.02747996502114304,0.2486014446747086,0.02024461241749422,0.7367044463818657,2.963395676746098,1.0,0.013413053413627599,2.853821665424203,0.6812705731266853,0.07913096408671629,0.649592680539358,0.4090692279613275,acousticness_very_low|instrumentalness_medium|tempo_very_high,energy_very_high
"frozenset({'valence_high', 'energy_low', 'acousticness_high'})",frozenset({'instrumentalness_low'}),0.028114855233052623,0.5000539057727093,0.02024461241749422,0.7200681721346399,1.4399810976817653,1.0,0.00618566924797196,1.7859565953598953,0.3143853379998466,0.03985755052946865,0.4400759779951505,0.38027651611714747,acousticness_high|energy_low|valence_high,instrumentalness_low
"frozenset({'energy_very_low', 'speechiness_very_low', 'acousticness_very_high', 'danceability_very_low'})",frozenset({'mode_1'}),0.02768360905137819,0.6337522011523856,0.02024461241749422,0.7312851579402855,1.1538976221471902,1.0,0.0027000642453411834,1.3629608102042456,0.137169332187926,0.03157344094458767,0.2663031889741968,0.3816146042985616,acousticness_very_high|danceability_very_low|energy_very_low|speechiness_very_low,mode_1
"frozenset({'energy_very_low', 'speechiness_very_low', 'mode_1', 'danceability_very_low'})",frozenset({'acousticness_very_high'}),0.027995064627031947,0.24975143449250709,0.02024461241749422,0.7231493367565254,2.8954762090794754,1.0,0.013252804868182547,2.709939563510062,0.6734880075093717,0.07861927800521026,0.6309880805220819,0.40210419017786936,danceability_very_low|energy_very_low|mode_1|speechiness_very_low,acousticness_very_high
"frozenset({'speechiness_very_low', 'mode_1', 'acousticness_very_high', 'danceability_very_low'})",frozenset({'energy_very_low'}),0.022496675810682928,0.25050611531043737,0.02024461241749422,0.8998935037273694,3.5923015396737314,1.0,0.014609057552761755,7.486965507696793,0.7382347602916167,0.0800947867298578,0.8664345389367729,0.49035417343981325,acousticness_very_high|danceability_very_low|mode_1|speechiness_very_low,energy_very_low
"frozenset({'acousticness_very_low', 'key_very_low', 'danceability_very_low'})",frozenset({'energy_very_high'}),0.02753986032415338,0.2486014446747086,0.02024461241749422,0.7351022183558068,2.9569507100720087,1.0,0.01339816335477,2.8365603919422733,0.6805561969820881,0.0791124426551821,0.6474603527424736,0.40826811394829804,acousticness_very_low|danceability_very_low|key_very_low,energy_very_high
"frozenset({'key_very_low', 'energy_very_high', 'danceability_very_low'})",frozenset({'acousticness_very_low'}),0.02545550377939362,0.2504581990680291,0.02024461241749422,0.7952941176470587,3.1753566886865707,1.0,0.013869072784537886,3.6615547746676724,0.7029691844234556,0.07918287026191256,0.7268919730715317,0.43806221091842124,danceability_very_low|energy_very_high|key_very_low,acousticness_very_low
"frozenset({'loudness_very_low', 'key_very_low', 'tempo_very_low'})",frozenset({'acousticness_very_high'}),0.028390373626900178,0.24975143449250709,0.02024461241749422,0.7130801687763713,2.8551594517378627,1.0,0.013154075878397658,2.6148369121364086,0.6687427197282406,0.07849876910214129,0.6175669712483267,0.3970696061877923,key_very_low|loudness_very_low|tempo_very_low,acousticness_very_high
"frozenset({'danceability_very_high', 'key_very_low', 'speechiness_very_high'})",frozenset({'mode_1'}),0.0264976820517735,0.6337522011523856,0.02023263335689215,0.7635623869801085,1.2048279841737544,1.0,0.003439669031144635,1.5490251071719368,0.17463337797927284,0.03161263756831624,0.35443267163970943,0.3977437679159119,danceability_very_high|key_very_low|speechiness_very_high,mode_1
"frozenset({'loudness_very_low', 'mode_1', 'speechiness_low', 'danceability_very_low'})",frozenset({'valence_very_low'}),0.027803399657398867,0.2507217384012746,0.020220654296290084,0.7272727272727272,2.9007166746297175,1.0,0.013249737600721637,2.7473536258619924,0.6739970181621034,0.07828224273060334,0.6360133655214311,0.40396125613516914,danceability_very_low|loudness_very_low|mode_1|speechiness_low,valence_very_low
"frozenset({'valence_very_low', 'mode_1', 'speechiness_low', 'danceability_very_low'})",frozenset({'loudness_very_low'}),0.027491944081745108,0.25000299476515053,0.020220654296290084,0.7355119825708061,2.9420126877349455,1.0,0.01334758594393775,2.8356558929390103,0.6787569883963781,0.07859570703543325,0.6473479019474567,0.40819681543489994,danceability_very_low|mode_1|speechiness_low|valence_very_low,loudness_very_low
"frozenset({'loudness_very_low', 'valence_very_low', 'mode_1', 'speechiness_low'})",frozenset({'danceability_very_low'}),0.02664143077899831,0.2516321470070317,0.020220654296290084,0.7589928057553956,3.0162791788848273,1.0,0.013516813870031522,3.105168106448435,0.6867620249982428,0.07835855538018754,0.6779562440038844,0.4196753993548948,loudness_very_low|mode_1|speechiness_low|valence_very_low,danceability_very_low
"frozenset({'energy_low', 'acousticness_high', 'tempo_very_low'})",frozenset({'instrumentalness_low'}),0.028617975778339463,0.5000539057727093,0.02019669617508595,0.7057346169945584,1.411317077713893,1.0,0.005886165611818511,1.698963327324321,0.30002820409407005,0.03972012156336137,0.41140577673628237,0.3730618274700657,acousticness_high|energy_low|tempo_very_low,instrumentalness_low
"frozenset({'speechiness_high', 'energy_very_high', 'instrumentalness_high'})",frozenset({'acousticness_very_low'}),0.026869032930437596,0.2504581990680291,0.02019669617508595,0.7516718680338832,3.0011869079587017,1.0,0.01346712657662898,3.018352350970217,0.6852094073024909,0.0785464709993012,0.6686934182225078,0.4161554289471119,energy_very_high|instrumentalness_high|speechiness_high,acousticness_very_low
"frozenset({'tempo_very_high', 'loudness_very_high', 'instrumentalness_medium'})",frozenset({'energy_very_high'}),0.024748739203871634,0.2486014446747086,0.020184717114483882,0.8155856727976766,3.2806956285586297,1.0,0.014032144794523797,4.074512901055253,0.7128281957317602,0.0797293460774108,0.7545718901169729,0.44838937665807793,instrumentalness_medium|loudness_very_high|tempo_very_high,energy_very_high
"frozenset({'valence_very_high', 'energy_high', 'duration_ms_low'})",frozenset({'instrumentalness_low'}),0.027300279112112028,0.5000539057727093,0.020172738053881815,0.7389205792014041,1.4776818472392204,1.0,0.0065211268551850846,1.9149195777210006,0.33233723950715527,0.03977420345308109,0.47778485758126304,0.389630853034968,duration_ms_low|energy_high|valence_very_high,instrumentalness_low
"frozenset({'liveness_very_high', 'instrumentalness_low', 'energy_very_high', 'mode_1'})",frozenset({'loudness_very_high'}),0.028785682626768408,0.2499430994621402,0.020172738053881815,0.7007906783187682,2.8038008643840135,1.0,0.012977955318013837,2.506796567444335,0.6624091905087968,0.0780207561156412,0.6010845024335204,0.39075000007479266,energy_very_high|instrumentalness_low|liveness_very_high|mode_1,loudness_very_high
"frozenset({'danceability_very_high', 'tempo_low', 'key_very_low'})",frozenset({'mode_1'}),0.02753986032415338,0.6337522011523856,0.020160758993279747,0.7320574162679426,1.155116171489114,1.0,0.002707311893418291,1.366889106413418,0.1380891652053776,0.031445600792212404,0.26841175680746987,0.38193457714446183,danceability_very_high|key_very_low|tempo_low,mode_1
"frozenset({'speechiness_very_low', 'danceability_high', 'tempo_low'})",frozenset({'mode_1'}),0.028426310808706383,0.6337522011523856,0.02014877993267768,0.7088074167720185,1.11842990917137,1.0,0.002133542887018159,1.2577511239730663,0.1089875471018637,0.0313829390253004,0.20493014799212847,0.37030012649393856,danceability_high|speechiness_very_low|tempo_low,mode_1
"frozenset({'energy_very_low', 'duration_ms_very_low', 'speechiness_low', 'acousticness_very_high'})",frozenset({'loudness_very_low'}),0.023490937840654535,0.25000299476515053,0.020112842750871475,0.8561958184599694,3.4247422486449346,1.0,0.014240037940865842,5.215404706615389,0.7250390706504878,0.07937783661119516,0.8082603256595663,0.46832311287157546,acousticness_very_high|duration_ms_very_low|energy_very_low|speechiness_low,loudness_very_low
"frozenset({'energy_very_low', 'loudness_very_low', 'duration_ms_very_low', 'speechiness_low'})",frozenset({'acousticness_very_high'}),0.022999796355969764,0.24975143449250709,0.020112842750871475,0.8744791666666667,3.50139797372376,1.0,0.01436861061793249,5.9770840073626,0.7312176459751609,0.07961119013750592,0.8326943374447815,0.4775053035117592,duration_ms_very_low|energy_very_low|loudness_very_low|speechiness_low,acousticness_very_high
"frozenset({'loudness_very_low', 'duration_ms_very_low', 'speechiness_low', 'acousticness_very_high'})",frozenset({'energy_very_low'}),0.021202937265659628,0.25050611531043737,0.020112842750871475,0.9485875706214688,3.7866842869122794,1.0,0.014801377303280175,14.578067867038714,0.7518583267333948,0.07994096081512164,0.9314038040486134,0.5144382000008645,acousticness_very_high|duration_ms_very_low|loudness_very_low|speechiness_low,energy_very_low
"frozenset({'energy_very_low', 'duration_ms_very_low', 'speechiness_low'})","frozenset({'loudness_very_low', 'acousticness_very_high'})",0.02787527402101127,0.15069658237401024,0.020112842750871475,0.7215298667812634,4.787964367967654,1.0,0.015912134223166043,3.049890513604441,0.8138286708913974,0.1269277290595706,0.6721193775516311,0.4274978427705999,duration_ms_very_low|energy_very_low|speechiness_low,acousticness_very_high|loudness_very_low
"frozenset({'duration_ms_very_low', 'speechiness_low', 'acousticness_very_high'})","frozenset({'energy_very_low', 'loudness_very_low'})",0.02809089711184849,0.17769738497107057,0.020112842750871475,0.7159914712153518,4.029274101765292,1.0,0.0151211637926046,2.8953447931574163,0.7735459377910143,0.10832258064516129,0.6546179914864353,0.4145886977217382,acousticness_very_high|duration_ms_very_low|speechiness_low,energy_very_low|loudness_very_low
"frozenset({'loudness_very_low', 'duration_ms_very_low', 'speechiness_low'})","frozenset({'energy_very_low', 'acousticness_very_high'})",0.02660549359719211,0.17666718575929274,0.020112842750871475,0.7559657811796487,4.279039018653099,1.0,0.015412525071318663,3.373841661307399,0.7872477843973792,0.10981033355134073,0.7036019765039924,0.4349058631962795,duration_ms_very_low|loudness_very_low|speechiness_low,acousticness_very_high|energy_very_low
"frozenset({'valence_very_low', 'speechiness_low', 'tempo_very_low'})",frozenset({'danceability_very_low'}),0.025239880688556402,0.2516321470070317,0.020112842750871475,0.7968675842429995,3.1667956329154223,1.0,0.013761677383008711,3.6841380052714583,0.7019402754962051,0.07833348884949146,0.7285660855893163,0.43839856409141315,speechiness_low|tempo_very_low|valence_very_low,danceability_very_low
"frozenset({'danceability_very_low', 'speechiness_low', 'tempo_very_low'})",frozenset({'valence_very_low'}),0.02862995483894153,0.2507217384012746,0.020112842750871475,0.702510460251046,2.8019527334590095,1.0,0.012934690703302072,2.5186709496778534,0.6620608136130485,0.07758421514717434,0.6029652066587327,0.3913651202354131,danceability_very_low|speechiness_low|tempo_very_low,valence_very_low
"frozenset({'energy_high', 'acousticness_high', 'loudness_very_high'})",frozenset({'instrumentalness_low'}),0.023419063477042132,0.5000539057727093,0.020112842750871475,0.8588235294117645,1.717461896602259,1.0,0.008402048589637553,3.541284834109972,0.4277632672923277,0.03995716325559257,0.7176166146343523,0.449522439293847,acousticness_high|energy_high|loudness_very_high,instrumentalness_low
"frozenset({'acousticness_very_low', 'speechiness_high', 'key_very_low'})",frozenset({'mode_1'}),0.026162268354915606,0.6337522011523856,0.020100863690269408,0.7683150183150182,1.2123271791686874,1.0,0.003520468533202238,1.5808007760537344,0.17984532413733845,0.031416749358746325,0.36740921743701865,0.4000161236551937,acousticness_very_low|key_very_low|speechiness_high,mode_1
"frozenset({'valence_very_high', 'duration_ms_low', 'loudness_very_high'})",frozenset({'instrumentalness_low'}),0.025443524718791553,0.5000539057727093,0.020100863690269408,0.7900188323917137,1.579867336844286,1.0,0.007377729778013218,2.3809092021048546,0.37661794945254207,0.03977245792841906,0.5799923831131633,0.4151081130145613,duration_ms_low|loudness_very_high|valence_very_high,instrumentalness_low
"frozenset({'energy_high', 'danceability_very_high', 'speechiness_very_high'})",frozenset({'instrumentalness_low'}),0.027971106505827813,0.5000539057727093,0.020100863690269408,0.7186295503211991,1.437104164221526,1.0,0.006113802633245772,1.7768251598488947,0.31290861596923236,0.039574538336359995,0.43719842413474025,0.37941347197930403,danceability_very_high|energy_high|speechiness_very_high,instrumentalness_low
"frozenset({'energy_very_low', 'liveness_very_low', 'danceability_very_low'})",frozenset({'loudness_very_low'}),0.02436540926460547,0.25000299476515053,0.02008888462966734,0.8244837758112094,3.2978955975536146,1.0,0.01399745934483743,4.273092181085947,0.7141775604793165,0.07900315635746925,0.7659774332914429,0.4524191758787719,danceability_very_low|energy_very_low|liveness_very_low,loudness_very_low
"frozenset({'loudness_very_low', 'liveness_very_low', 'danceability_very_low'})",frozenset({'energy_very_low'}),0.02238886426526432,0.25050611531043737,0.02008888462966734,0.8972712680577848,3.5818337885518274,1.0,0.014480337216363305,7.2958545337749525,0.7373211831041611,0.07946360879454131,0.8629358637332111,0.48873222928520454,danceability_very_low|liveness_very_low|loudness_very_low,energy_very_low
"frozenset({'valence_very_low', 'speechiness_low', 'tempo_very_low'})",frozenset({'energy_very_low'}),0.025239880688556402,0.25050611531043737,0.020076905569065273,0.7954437588989084,3.1753466693344476,1.0,0.013754161106876082,3.6639991068234536,0.7028126637709816,0.07852691749051209,0.727074169276487,0.4377945649888574,speechiness_low|tempo_very_low|valence_very_low,energy_very_low
"frozenset({'energy_very_low', 'mode_1', 'duration_ms_low', 'acousticness_very_high'})",frozenset({'loudness_very_low'}),0.027743504354388528,0.25000299476515053,0.020064926508463206,0.7232297063903281,2.892884171526507,1.0,0.01312896733458608,2.709817572736211,0.6729954701438288,0.07786713774348007,0.6309714683153892,0.40174422549990774,acousticness_very_high|duration_ms_low|energy_very_low|mode_1,loudness_very_low
"frozenset({'energy_very_low', 'loudness_very_low', 'mode_1', 'duration_ms_low'})",frozenset({'acousticness_very_high'}),0.0252039435067502,0.24975143449250709,0.020064926508463206,0.7961026615969582,3.187579936085782,1.0,0.013770205462784235,3.6795407501812707,0.7040266244812803,0.07871980449290347,0.7282269533363,0.43822112311465733,duration_ms_low|energy_very_low|loudness_very_low|mode_1,acousticness_very_high
"frozenset({'loudness_very_low', 'mode_1', 'duration_ms_low', 'acousticness_very_high'})",frozenset({'energy_very_low'}),0.02192168090178368,0.25050611531043737,0.020064926508463206,0.9153005464480874,3.653805198782512,1.0,0.01457341138468237,8.848863283754193,0.7425915773799132,0.07950823562918306,0.8869911345747741,0.497699049046538,acousticness_very_high|duration_ms_low|loudness_very_low|mode_1,energy_very_low
"frozenset({'speechiness_low', 'instrumentalness_high', 'acousticness_very_high', 'danceability_very_low', 'loudness_very_low'})",frozenset({'valence_very_low'}),0.024209681476778593,0.2507217384012746,0.02005294744786114,0.8283028203859475,3.3036737287624702,1.0,0.013983054021862073,4.363952065391999,0.7146070804627479,0.0786765051464022,0.7708499119570019,0.45414185453124417,acousticness_very_high|danceability_very_low|instrumentalness_high|loudness_very_low|speechiness_low,valence_very_low
"frozenset({'speechiness_low', 'instrumentalness_high', 'acousticness_very_high', 'danceability_very_low', 'valence_very_low'})",frozenset({'loudness_very_low'}),0.020364403023514895,0.25000299476515053,0.02005294744786114,0.9847058823529412,3.938776346571211,1.0,0.014961785705377928,49.0382657268941,0.7616240629175963,0.08011102603369065,0.9796077617106356,0.5324583556470025,acousticness_very_high|danceability_very_low|instrumentalness_high|speechiness_low|valence_very_low,loudness_very_low
"frozenset({'speechiness_low', 'instrumentalness_high', 'acousticness_very_high', 'loudness_very_low', 'valence_very_low'})",frozenset({'danceability_very_low'}),0.023550833143664875,0.2516321470070317,0.02005294744786114,0.8514750762970498,3.3838088114920226,1.0,0.014126800740116385,5.0386684896718315,0.721466158376479,0.0785989294769462,0.8015348693707909,0.4655832965032807,acousticness_very_high|instrumentalness_high|loudness_very_low|speechiness_low|valence_very_low,danceability_very_low
"frozenset({'speechiness_low', 'acousticness_very_high', 'danceability_very_low', 'loudness_very_low', 'valence_very_low'})",frozenset({'instrumentalness_high'}),0.02719246756669342,0.24979935073491535,0.02005294744786114,0.7374449339207049,2.9521491218897293,1.0,0.013260286704820878,2.857307841999568,0.6797477423512437,0.07804559653130681,0.6500202094779568,0.4088605765848669,acousticness_very_high|danceability_very_low|loudness_very_low|speechiness_low|valence_very_low,instrumentalness_high
"frozenset({'speechiness_low', 'instrumentalness_high', 'danceability_very_low', 'loudness_very_low', 'valence_very_low'})",frozenset({'acousticness_very_high'}),0.023526875022460737,0.24975143449250709,0.02005294744786114,0.8523421588594705,3.412761814927802,1.0,0.014177076661875634,5.080993733299022,0.7240160224412084,0.07919012252235204,0.8031881060103744,0.4663168897803516,danceability_very_low|instrumentalness_high|loudness_very_low|speechiness_low|valence_very_low,acousticness_very_high
"frozenset({'danceability_very_low', 'instrumentalness_high', 'speechiness_low', 'acousticness_very_high'})","frozenset({'loudness_very_low', 'valence_very_low'})",0.024832592628086105,0.10355897890487428,0.02005294744786114,0.8075253256150506,7.797733563564929,1.0,0.017481309511735835,4.657449214862645,0.8939568754762294,0.1850950906678461,0.7852901977312293,0.5005816333107064,acousticness_very_high|danceability_very_low|instrumentalness_high|speechiness_low,loudness_very_low|valence_very_low
"frozenset({'valence_very_low', 'instrumentalness_high', 'speechiness_low', 'acousticness_very_high'})","frozenset({'loudness_very_low', 'danceability_very_low'})",0.024233639597982727,0.09570071514991794,0.02005294744786114,0.8274839347503707,8.646580471776968,1.0,0.017733770807648822,5.241826513615232,0.9063105467938712,0.20076757016070998,0.8092268034047715,0.5185110248291847,acousticness_very_high|instrumentalness_high|speechiness_low|valence_very_low,danceability_very_low|loudness_very_low
"frozenset({'loudness_very_low', 'danceability_very_low', 'speechiness_low', 'instrumentalness_high'})","frozenset({'valence_very_low', 'acousticness_very_high'})",0.028402352687502245,0.08774661891014507,0.02005294744786114,0.7060312104597216,8.04624974989312,1.0,0.017560737030439345,3.1032320897619026,0.9013180517337858,0.20867614061331338,0.6777553302251634,0.46728181683395636,danceability_very_low|instrumentalness_high|loudness_very_low|speechiness_low,acousticness_very_high|valence_very_low
"frozenset({'danceability_very_low', 'valence_very_low', 'speechiness_low', 'instrumentalness_high'})","frozenset({'loudness_very_low', 'acousticness_very_high'})",0.026617472657794176,0.15069658237401024,0.02005294744786114,0.7533753375337533,4.999286152780619,1.0,0.016041785286897894,3.443708383147716,0.8218469302282627,0.12751371115173674,0.7096153655478947,0.44322185000694025,danceability_very_low|instrumentalness_high|speechiness_low|valence_very_low,acousticness_very_high|loudness_very_low
"frozenset({'duration_ms_very_high', 'valence_very_low', 'acousticness_very_high'})",frozenset({'loudness_very_low'}),0.024533116113034416,0.25000299476515053,0.02005294744786114,0.8173828125,3.269492084556181,1.0,0.013919594948681367,4.106935472515967,0.7115998567264848,0.07879871963848614,0.7565094444039595,0.44879682072053184,acousticness_very_high|duration_ms_very_high|valence_very_low,loudness_very_low
"frozenset({'acousticness_very_low', 'duration_ms_very_high', 'loudness_very_high'})",frozenset({'energy_very_high'}),0.024676864840259227,0.2486014446747086,0.02005294744786114,0.812621359223301,3.2687716689925286,1.0,0.013918243198530172,4.010054466243784,0.711635621819858,0.07919012252235204,0.7506268285336535,0.44664219794634913,acousticness_very_low|duration_ms_very_high|loudness_very_high,energy_very_high
"frozenset({'energy_very_low', 'duration_ms_very_low', 'acousticness_very_high', 'tempo_very_low'})",frozenset({'mode_1'}),0.028450268929910517,0.6337522011523856,0.02005294744786114,0.7048421052631578,1.112173029113754,1.0,0.002022526890153021,1.240853812072873,0.10381283538070676,0.031227847628996754,0.19410329382034255,0.36824186351901866,acousticness_very_high|duration_ms_very_low|energy_very_low|tempo_very_low,mode_1
"frozenset({'energy_very_low', 'duration_ms_very_low', 'mode_1', 'tempo_very_low'})",frozenset({'acousticness_very_high'}),0.025072173840127457,0.24975143449250709,0.02005294744786114,0.7998088867654085,3.2024195912652664,1.0,0.013791136065443795,3.7476616887999583,0.7054225874243663,0.07870979875869852,0.7331669496773038,0.4400502537333206,duration_ms_very_low|energy_very_low|mode_1|tempo_very_low,acousticness_very_high
"frozenset({'duration_ms_very_low', 'mode_1', 'acousticness_very_high', 'tempo_very_low'})",frozenset({'energy_very_low'}),0.025191964446148133,0.25050611531043737,0.02005294744786114,0.7960057061340942,3.1775899169074235,1.0,0.013742206297417917,3.6740923997719124,0.7030061878344799,0.07844056042359776,0.7278239382161211,0.4380277191726324,acousticness_very_high|duration_ms_very_low|mode_1|tempo_very_low,energy_very_low
"frozenset({'speechiness_very_low', 'danceability_low', 'acousticness_very_high'})",frozenset({'mode_1'}),0.025766959355047376,0.6337522011523856,0.02005294744786114,0.7782426778242678,1.2279920707322947,1.0,0.0037230802395958086,1.6515702627279216,0.19057298045985036,0.0313588850174216,0.39451561791365386,0.40494214979957366,acousticness_very_high|danceability_low|speechiness_very_low,mode_1
"frozenset({'energy_very_low', 'mode_0', 'liveness_low'})",frozenset({'acousticness_very_high'}),0.028617975778339463,0.24975143449250709,0.02004096838725907,0.7002930096274592,2.8039599093812977,1.0,0.012893587884346969,2.5032734958064253,0.6623156533474683,0.07757941108277301,0.600523074416265,0.39026833319878407,energy_very_low|liveness_low|mode_0,acousticness_very_high
"frozenset({'mode_0', 'acousticness_very_high', 'liveness_low'})",frozenset({'energy_very_low'}),0.025132069143137797,0.25050611531043737,0.02004096838725907,0.7974261201143946,3.1832600937753224,1.0,0.013745231376498308,3.6998545178322404,0.7035380127712135,0.07840839855649809,0.72971910241868,0.43871401644587366,acousticness_very_high|liveness_low|mode_0,energy_very_low
"frozenset({'energy_very_low', 'valence_very_high'})",frozenset({'mode_1'}),0.02679715856682519,0.6337522011523856,0.02004096838725907,0.747876620473849,1.1800773537574225,1.0,0.0030582101609041012,1.4526530603228964,0.15679971020145364,0.031289158203819036,0.31160438282646813,0.389749670221803,energy_very_low|valence_very_high,mode_1
"frozenset({'energy_very_low', 'duration_ms_very_low', 'acousticness_very_high', 'instrumentalness_high', 'mode_1'})",frozenset({'loudness_very_low'}),0.021107104780843086,0.25000299476515053,0.02004096838725907,0.9494892167990919,3.7979113717858834,1.0,0.014764128981226473,14.848255317121398,0.7525822155554843,0.07982251061596449,0.9326520201436118,0.514826065035866,acousticness_very_high|duration_ms_very_low|energy_very_low|instrumentalness_high|mode_1,loudness_very_low
"frozenset({'energy_very_low', 'duration_ms_very_low', 'instrumentalness_high', 'loudness_very_low', 'mode_1'})",frozenset({'acousticness_very_high'}),0.0234310425376442,0.24975143449250709,0.02004096838725907,0.8553169734151329,3.424672915905889,1.0,0.014189031901827479,5.185463583507618,0.7249885490274769,0.07916903274654552,0.807153211300046,0.4677803150926209,duration_ms_very_low|energy_very_low|instrumentalness_high|loudness_very_low|mode_1,acousticness_very_high
"frozenset({'duration_ms_very_low', 'acousticness_very_high', 'instrumentalness_high', 'loudness_very_low', 'mode_1'})",frozenset({'energy_very_low'}),0.021466476598905115,0.25050611531043737,0.02004096838725907,0.93359375,3.726830176752582,1.0,0.014663484725064941,11.286496145913414,0.7477265117442623,0.07954923684085397,0.9113985432616235,0.5067978313886764,acousticness_very_high|duration_ms_very_low|instrumentalness_high|loudness_very_low|mode_1,energy_very_low
"frozenset({'energy_very_low', 'duration_ms_very_low', 'mode_1', 'instrumentalness_high'})","frozenset({'loudness_very_low', 'acousticness_very_high'})",0.025826854658057716,0.15069658237401024,0.02004096838725907,0.775974025974026,5.149247672041789,1.0,0.016148949656819487,3.7910935163594903,0.8271598090922827,0.12807165275970298,0.7362238637256621,0.45448144859909567,duration_ms_very_low|energy_very_low|instrumentalness_high|mode_1,acousticness_very_high|loudness_very_low
"frozenset({'duration_ms_very_low', 'mode_1', 'acousticness_very_high', 'instrumentalness_high'})","frozenset({'energy_very_low', 'loudness_very_low'})",0.023982079325339307,0.17769738497107057,0.02004096838725907,0.8356643356643356,4.702738511320148,1.0,0.0157794156049775,5.003798891452633,0.8067043896619335,0.110334366550155,0.800151840293147,0.4742228918445717,acousticness_very_high|duration_ms_very_low|instrumentalness_high|mode_1,energy_very_low|loudness_very_low
"frozenset({'loudness_very_low', 'duration_ms_very_low', 'mode_1', 'instrumentalness_high'})","frozenset({'energy_very_low', 'acousticness_very_high'})",0.028318499263287774,0.17666718575929274,0.02004096838725907,0.7076988155668359,4.005830582092751,1.0,0.015038018817487415,2.816727601830727,0.77223234197874,0.10836194054019044,0.6449780946691288,0.4105689629773426,duration_ms_very_low|instrumentalness_high|loudness_very_low|mode_1,acousticness_very_high|energy_very_low
"frozenset({'energy_very_low', 'liveness_very_low', 'danceability_very_low'})",frozenset({'acousticness_very_high'}),0.02436540926460547,0.24975143449250709,0.02004096838725907,0.8225172074729596,3.2933432760628905,1.0,0.013955672471426834,4.227162277679335,0.7137479530023618,0.07887788778877888,0.7634346792692831,0.4513804321215343,danceability_very_low|energy_very_low|liveness_very_low,acousticness_very_high
"frozenset({'liveness_very_low', 'acousticness_very_high', 'danceability_very_low'})",frozenset({'energy_very_low'}),0.021550330023119586,0.25050611531043737,0.02004096838725907,0.9299610894941635,3.712328892018136,1.0,0.014642478929509496,10.701107131400983,0.7467193640659128,0.07952276832398517,0.9065517251887301,0.5049815011357581,acousticness_very_high|danceability_very_low|liveness_very_low,energy_very_low
"frozenset({'danceability_very_low', 'valence_very_low', 'speechiness_very_high'})",frozenset({'acousticness_very_low'}),0.027060697900070676,0.2504581990680291,0.020028989326657004,0.740150509074812,2.9551857828130967,1.0,0.013251415665081307,2.8845228761589827,0.680013437423785,0.0777855315189579,0.6533222155160733,0.4100599493910505,danceability_very_low|speechiness_very_high|valence_very_low,acousticness_very_low
"frozenset({'energy_very_low', 'loudness_very_low', 'key_very_low', 'danceability_very_low'})",frozenset({'valence_very_low'}),0.026952886354652067,0.2507217384012746,0.020017010266054937,0.7426666666666667,2.962115177576047,1.0,0.013259335744284577,2.9117030891142184,0.6807516255050636,0.07768840950299875,0.656558388889777,0.41125211020863195,danceability_very_low|energy_very_low|key_very_low|loudness_very_low,valence_very_low
"frozenset({'energy_very_low', 'valence_very_low', 'key_very_low', 'danceability_very_low'})",frozenset({'loudness_very_low'}),0.023131566022592507,0.25000299476515053,0.020017010266054937,0.8653547384774729,3.461377489859174,1.0,0.01423404948679901,5.570170065801905,0.7279359753814557,0.07908187411263606,0.8204722677787692,0.472710910206633,danceability_very_low|energy_very_low|key_very_low|valence_very_low,loudness_very_low
"frozenset({'energy_very_low', 'loudness_very_low', 'valence_very_low', 'key_very_low'})",frozenset({'danceability_very_low'}),0.028510164232920854,0.2516321470070317,0.020017010266054937,0.7021008403361345,2.7901873774359793,1.0,0.01284293642860198,2.5121516080723056,0.6604301017996866,0.07695141607183976,0.6019348526630732,0.3908247703537285,energy_very_low|key_very_low|loudness_very_low|valence_very_low,danceability_very_low
"frozenset({'loudness_very_low', 'valence_very_low', 'key_very_low', 'danceability_very_low'})",frozenset({'energy_very_low'}),0.023419063477042132,0.25050611531043737,0.020017010266054937,0.8547314578005115,3.412018332332101,1.0,0.014150391650212568,5.159368114676392,0.7238707132418863,0.07883562936403095,0.8061778152337317,0.46731886585511423,danceability_very_low|key_very_low|loudness_very_low|valence_very_low,energy_very_low
"frozenset({'instrumentalness_low', 'energy_very_high', 'tempo_high'})",frozenset({'loudness_very_high'}),0.026317996142742488,0.2499430994621402,0.02000503120545287,0.760127446517979,3.041201970183291,1.0,0.013427029677903162,3.1268975530961627,0.6893242746072039,0.0780665669409125,0.6801941915206563,0.4200828941192819,energy_very_high|instrumentalness_low|tempo_high,loudness_very_high
"frozenset({'tempo_very_high', 'speechiness_high', 'loudness_very_high'})",frozenset({'energy_very_high'}),0.02703673977886654,0.2486014446747086,0.02000503120545287,0.7399202481169694,2.9763312481355224,1.0,0.013283658637132486,2.889108244240516,0.6824675904894061,0.07825679475164013,0.6538724355539408,0.4101952707842593,loudness_very_high|speechiness_high|tempo_very_high,energy_very_high
